time,cpu,memory,obstacle_distance,cmd_vel_frequency,distance_travelled
0.236451,0,115.438,0.268,0,0
0.486328,96.0471,115.438,0.3,0,0.0237487
0.736454,115.942,115.441,0.361,0,0.100227
0.98645,124.002,115.441,0.431,50.2112,0.171412
1.23638,100.026,115.441,0.489,50.0074,0.229849
1.48663,91.9108,115.453,0.51,50.0114,0.284916
1.73637,108.113,115.453,0.538,50.828,0.345604
1.98647,99.9569,115.453,0.589,49.99,0.414544
2.23641,104.029,115.453,0.621,50.0277,0.479472
2.48677,107.845,115.453,0.684,50.0292,0.551504
2.7363,112.207,115.453,0.733,50.0095,0.62054
2.98643,91.9552,115.453,0.783,50.0672,0.684124
3.2364,92.0104,115.453,0.805,50.0496,0.746012
3.48643,91.9871,115.453,0.848,50.0709,0.802596
3.73641,92.01,115.453,0.862,49.9816,0.862823
3.98643,95.9896,115.457,0.881,49.9959,0.925395
4.2364,88.0131,115.457,0.889,49.9946,0.988091
4.48646,87.9772,115.457,0.893,50.0379,1.05868
4.73677,99.8742,115.457,0.892,50.0067,1.13566
4.98665,96.0497,115.457,0.887,50.0118,1.20675
5.23639,96.1,115.457,0.885,49.9943,1.28038
5.48643,87.9826,115.457,0.881,50.019,1.3428
5.7364,88.0127,115.457,0.879,50.064,1.40588
5.98643,87.9877,115.457,0.85,50.0664,1.47446
6.23639,92.0167,115.457,0.843,49.9184,1.54341
6.48645,87.9776,115.457,0.832,50.0364,1.61136
6.7364,92.018,115.457,0.83,49.9676,1.6704
6.98658,95.9332,115.457,0.818,50.0201,1.73016
7.2364,96.0691,115.457,0.798,50.008,1.79028
7.48643,91.987,115.457,0.756,50.055,1.84775
7.73638,92.0178,115.457,0.707,50.0198,1.90794
7.98653,87.9473,115.457,0.642,50.0447,1.97148
8.23642,92.0429,115.457,0.605,49.9945,2.03526
8.48654,95.9524,115.461,0.541,49.9983,2.10544
8.73641,88.0466,115.461,0.51,49.9792,2.18192
8.98642,91.9945,115.461,0.467,49.995,2.24984
9.23642,92.0024,115.461,0.45,50.0003,2.31661
9.48642,91.9992,115.461,0.42,49.9708,2.37661
9.73641,100.005,115.461,0.399,49.9869,2.4371
9.98656,95.9422,115.461,0.368,50.0287,2.50151
10.1875,89.5988,115.461,0.361,49.9847,2.54753
10.4364,92.3848,115.461,0.343,49.9971,2.61433
10.6865,87.9553,115.461,0.32,49.9904,2.68092
10.9364,92.0563,115.465,0.314,50.0123,2.75017
11.1864,91.9804,115.465,0.305,50.0058,2.8258
11.4364,92.0103,115.465,0.316,49.9731,2.89413
11.6865,99.9846,115.465,0.342,49.9628,2.9583
11.9364,92.0293,115.469,0.374,49.998,3.02154
12.1864,95.9794,115.469,0.422,49.9716,3.07643
12.4365,95.984,115.469,0.465,49.99,3.13311
12.6864,100.009,115.469,0.503,50.0256,3.18577
12.9364,99.9976,115.469,0.516,49.8876,3.24045
13.1866,91.9309,115.469,0.497,49.9681,3.29807
13.4364,88.0834,115.469,0.473,49.9919,3.35425
13.6864,95.9857,115.469,0.446,50.0307,3.41458
13.9364,92.0234,115.469,0.434,50.0008,3.48115
14.1864,95.9754,115.469,0.428,50.0245,3.55017
14.4364,100.01,115.469,0.425,50.0446,3.62189
14.6866,95.9194,115.469,0.424,50.0031,3.69132
14.9364,88.077,115.469,0.423,50.035,3.76577
15.1864,91.9869,115.469,0.425,50.0448,3.83986
15.4364,88.0106,115.469,0.429,49.9609,3.91155
15.6865,87.9798,115.469,0.433,50.0641,3.98563
15.9364,92.0251,115.469,0.41,49.9808,4.06144
16.1864,87.9908,115.469,0.383,50.0171,4.13181
16.4364,84.0095,115.469,0.373,50.0061,4.20676
16.6864,91.9882,115.469,0.373,50.0134,4.27497
16.9364,92.0204,115.469,0.369,50.0283,4.34291
17.1864,87.9769,115.469,0.362,50.0104,4.41929
17.4364,88.0113,115.469,0.356,50.0433,4.49041
17.6865,83.9839,115.469,0.351,50.0264,4.56184
17.9364,84.022,115.469,0.348,50.003,4.63321
18.1865,91.9642,115.469,0.339,49.9798,4.70995
18.4364,92.0404,115.469,0.337,50.0483,4.78801
18.6865,83.949,115.469,0.331,50.0311,4.85967
18.9364,108.06,115.469,0.32,50.013,4.93034
19.1864,91.9781,115.473,0.322,50.1022,5.00563
19.4364,96.0147,115.473,0.346,49.9235,5.07853
19.6864,87.9955,115.512,0.373,50.0005,5.14818
19.9364,92.0077,115.512,0.404,50.0624,5.21474
20.1865,91.9461,115.512,0.447,50.085,5.27401
20.4364,92.0642,115.512,0.473,49.9856,5.33208
20.6865,99.9671,115.516,0.503,50.0112,5.38598
20.9364,108.031,115.516,0.529,50.0248,5.44032
21.1866,103.925,115.516,0.557,50.0082,5.498
21.4364,108.05,115.516,0.563,49.9813,5.55401
21.6864,100.002,115.516,0.56,50.0258,5.61323
21.9364,96.0036,115.516,0.537,49.9637,5.67316
22.1864,99.9945,115.516,0.51,50.0139,5.73446
22.4364,108.014,115.762,0.509,49.9504,5.80021
22.6865,95.9859,115.762,0.515,50.0477,5.86382
22.9364,112.039,115.762,0.542,49.9751,5.93224
23.1865,111.934,115.762,0.571,49.931,6.00802
23.4364,96.0408,115.762,0.571,49.9764,6.07605
23.6865,95.9767,115.762,0.578,50.0382,6.1474
23.9364,100.031,115.762,0.605,50.0134,6.22377
24.1865,91.968,115.762,0.633,50.0257,6.28533
24.4364,104.029,115.762,0.659,49.9639,6.35514
24.6864,87.9895,115.762,0.708,50.0287,6.41617
24.9366,119.946,115.762,0.725,49.9783,6.4749
25.1866,99.9907,115.762,0.758,50.0284,6.53674
25.4364,96.0697,115.762,0.784,49.9068,6.59478
25.6864,91.9876,115.762,0.819,50.0091,6.65428
25.9364,104.014,115.762,0.831,49.8998,6.71202
26.1864,99.9885,115.762,0.843,50.0311,6.77635
26.4364,100.01,115.762,0.843,49.9898,6.84356
26.6864,103.982,115.762,0.808,50.0076,6.90434
26.9366,111.947,115.762,0.785,50.0293,6.96892
27.1865,96.0411,115.762,0.759,50.022,7.03924
27.4364,104.019,115.762,0.748,49.9014,7.107
27.6864,99.9908,115.762,0.746,49.9832,7.17529
27.9364,88.0096,115.762,0.739,49.9368,7.25131
28.1864,99.9881,115.762,0.724,50.0515,7.32224
28.4364,104.018,115.762,0.725,50.0099,7.39713
28.6864,111.978,115.762,0.738,49.9745,7.46827
28.9364,112.018,115.762,0.743,49.9981,7.54265
29.1864,95.9891,115.762,0.758,50.0425,7.61785
29.4364,104,115.762,0.773,49.9564,7.68452
29.6864,99.9984,115.762,0.784,50.0349,7.75634
29.9364,95.9951,115.762,0.74,49.9853,7.83337
30.1865,99.9897,115.762,0.676,49.9445,7.8931
30.4365,100.003,115.762,0.645,49.9981,7.95837
30.6867,111.907,115.762,0.61,50.0207,8.02101
30.9364,108.106,115.762,0.6,50.016,8.08745
31.1864,95.998,115.762,0.597,50.0297,8.15547
31.4364,108.001,115.762,0.604,49.9537,8.21909
31.6864,95.993,115.762,0.623,50.0848,8.28754
31.9364,107.997,115.762,0.651,49.9144,8.35055
32.1865,111.96,115.762,0.696,50.0362,8.41472
32.4365,124.032,115.762,0.732,50.0183,8.47837
32.6864,104.013,115.762,0.785,49.9923,8.53772
32.9364,96.0212,115.762,0.841,50.0927,8.60308
33.1864,99.9786,115.762,0.904,50.0057,8.67168
33.4364,96.01,115.762,0.958,50.0358,8.74159
33.6866,99.9178,115.762,0.985,50.031,8.81333
33.9364,108.092,115.762,0.993,50.0125,8.87897
34.1864,107.984,115.762,1.015,50.001,8.94489
34.4364,112.024,115.762,1.045,49.9955,9.01845
34.6864,111.984,115.762,1.08,50.0412,9.08639
34.9364,100.009,115.762,1.098,50.0479,9.15844
35.1864,95.9904,115.762,1.124,50.0574,9.23515
35.4364,104.001,115.762,1.143,50.0547,9.30417
35.6864,99.9996,115.762,1.162,49.9835,9.37263
35.9364,92.0107,115.762,1.178,49.9997,9.43786
36.1864,111.979,115.762,1.199,50.0185,9.51458
36.4364,112.032,115.766,1.211,49.8963,9.58754
36.6864,103.977,115.766,1.231,49.9874,9.65593
36.9364,100.007,115.766,1.249,50.0035,9.72887
37.1864,107.987,115.766,1.276,49.9727,9.80658
37.4364,100.027,115.766,1.298,49.9946,9.87747
37.6864,111.969,115.766,1.326,50.0379,9.95223
37.9364,108.018,115.766,1.348,49.9864,10.0271
38.1864,99.9895,115.766,1.376,50.0508,10.0956
38.4364,104.007,115.766,1.391,49.9683,10.1646
38.6864,95.9915,115.766,1.404,49.9431,10.2291
38.9364,104.01,115.766,1.395,49.996,10.2915
39.1865,115.952,115.766,1.391,50.0255,10.3516
39.4364,100.033,115.766,1.393,50.0156,10.3764
39.6864,95.9961,115.766,1.394,50.004,10.3774
39.9364,100.016,115.766,1.393,49.9459,10.3784
40.1865,95.9803,115.766,1.4,49.9764,10.3797
40.3898,122.943,115.766,1.411,49.1218,10.3803
40.6365,105.386,115.766,1.416,47.9188,10.3805
40.8864,92.0307,115.766,1.416,47.9629,10.3805
41.1366,103.936,115.766,1.416,47.9175,10.3805
41.3864,96.0656,115.766,1.414,48.7694,10.3805
41.6375,107.527,115.766,1.413,50.0155,10.3805
41.8865,120.498,115.766,1.413,49.9394,10.3805
42.1365,108.001,115.766,1.413,49.9571,10.3805
42.337,109.703,115.766,1.413,49.9019,10.3805
42.5864,100.238,115.922,1.413,50.0026,10.3805
42.8368,107.82,115.922,1.415,50.0284,10.381
43.0864,92.1556,115.922,1.416,50.0503,10.3816
43.3369,99.7984,115.922,1.407,49.9804,10.3842
43.5864,104.218,115.922,1.405,50.051,10.3877
43.8364,92.0111,115.922,1.407,50.0029,10.3912
44.0864,107.975,115.926,1.414,49.9392,10.3943
44.3365,119.955,115.93,1.41,49.956,10.4028
44.5865,104.013,115.93,1.381,49.8484,10.4436
44.8364,104.042,115.93,1.362,50.0343,10.4988
45.0866,99.9183,115.93,1.355,49.9742,10.5548
45.3364,108.09,115.93,1.354,50.0527,10.6153
45.5868,95.8344,115.93,1.357,50.0042,10.682
45.8365,100.12,115.93,1.365,50.0199,10.7478
46.0864,104.036,115.93,1.375,49.9855,10.8146
46.3364,108.007,115.93,1.371,50.0095,10.8839
46.5864,107.993,115.93,1.361,50.0621,10.9544
46.8364,112.023,115.93,1.328,50.0115,11.0308
47.0864,103.989,115.93,1.324,49.9482,11.1018
47.3364,99.9933,115.93,1.295,50.0474,11.1737
47.5864,100.002,115.93,1.268,49.9931,11.2483
47.8365,107.966,115.93,1.233,50.0598,11.3116
48.0864,108.034,115.93,1.223,50.0113,11.3786
48.3365,103.979,115.93,1.199,50.0132,11.4401
48.5866,119.942,115.93,1.18,49.5429,11.5021
48.8364,112.088,115.93,1.127,47.8017,11.5904
49.0864,104,115.93,1.09,47.783,11.6561
49.3371,99.7076,115.93,1.06,47.7818,11.725
49.5864,104.299,115.93,1.029,48.2194,11.7993
49.8365,95.9667,115.93,1.008,50.0594,11.8681
50.0864,116.047,115.93,1,49.9629,11.9358
50.3364,115.977,115.93,1,49.9996,12.0011
50.5864,104.015,115.93,1.004,49.9569,12.0716
50.8364,99.9853,115.93,0.996,50.0113,12.1396
51.0864,100.014,115.93,0.959,49.9703,12.2044
51.3365,103.972,115.93,0.908,50.0986,12.2789
51.5864,96.0341,115.93,0.877,49.9191,12.3575
51.8365,99.975,115.93,0.834,49.9928,12.4307
52.0864,108.026,115.93,0.806,49.986,12.5053
52.3368,115.821,115.93,0.771,50.0019,12.5799
52.5864,112.171,115.93,0.754,49.9892,12.6499
52.8365,99.9552,115.93,0.743,50.061,12.7235
53.0864,104.044,115.93,0.739,50.001,12.7928
53.3365,103.976,115.93,0.747,50.0694,12.8675
53.5864,104.031,115.93,0.753,49.9598,12.9407
53.8367,107.853,115.93,0.782,50.001,13.0064
54.0865,136.148,115.93,0.805,47.8023,13.069
54.3364,112.013,115.93,0.766,47.7674,13.1285
54.5864,104.018,115.93,0.746,47.7874,13.1951
54.8364,99.9804,115.93,0.731,47.7548,13.2576
55.0864,103.995,115.93,0.723,50.0086,13.3263
55.3368,95.8595,115.93,0.732,50.0885,13.397
55.5864,92.1377,115.93,0.74,50.0801,13.4643
55.8364,92.0051,115.93,0.754,50.0111,13.5405
56.0864,103.991,115.93,0.767,50.0425,13.611
56.3364,116.007,115.93,0.783,49.9796,13.6811
56.5865,99.9808,115.93,0.79,49.9508,13.7436
56.8364,96.0218,115.93,0.803,49.9626,13.8087
57.0864,99.9954,115.93,0.81,50.0273,13.8685
57.3364,100.011,115.93,0.811,49.8642,13.9292
57.5864,103.988,115.93,0.806,50.1006,13.9927
57.8364,96.006,115.93,0.794,50.0048,14.0526
58.0864,111.994,115.93,0.784,50.0799,14.1143
58.3364,116.014,115.93,0.766,50.0151,14.1725
58.5864,103.984,115.93,0.752,50.0221,14.2344
58.8364,100.009,115.93,0.708,49.9886,14.297
59.0864,103.987,115.93,0.692,50.0322,14.3575
59.3364,108.007,115.93,0.669,50.0055,14.4206
59.5864,99.9942,115.93,0.641,50.0187,14.4919
59.8364,108.003,115.93,0.607,49.9409,14.5607
60.0865,99.9923,115.93,0.59,50.0885,14.6292
60.3365,103.994,115.93,0.565,49.962,14.7021
60.5864,108.012,115.93,0.561,49.876,14.7764
60.8364,92.0067,115.93,0.538,50.0082,14.8458
61.0864,103.992,115.93,0.53,50.0392,14.9163
61.3364,100.012,115.93,0.53,49.9546,14.9828
61.5865,103.982,115.93,0.54,50.0286,15.0487
61.8364,100.011,115.93,0.563,49.9818,15.1168
62.0864,115.992,115.93,0.568,50.0491,15.1745
62.3364,108.008,115.93,0.584,49.9491,15.2279
62.5864,107.997,115.93,0.577,50.03,15.2858
62.8364,100.005,115.93,0.56,49.9632,15.3419
63.0864,104,115.93,0.548,50.015,15.3963
63.3364,95.9992,115.93,0.498,50.0259,15.4531
63.5864,99.9926,115.93,0.454,49.9833,15.5076
63.8364,92.0213,115.93,0.4,50.0014,15.5721
64.0864,111.972,115.93,0.366,50.0674,15.6409
64.3364,96.0049,115.93,0.329,49.979,15.7075
64.5864,99.9995,115.93,0.31,50.0336,15.7829
64.8364,91.9952,115.93,0.302,49.9696,15.8596
65.0864,92.0076,115.93,0.309,49.9818,15.9278
65.3365,95.9915,115.93,0.32,50.0268,16.0026
65.5864,100.003,115.93,0.326,49.8603,16.0679
65.8364,88.0092,115.93,0.342,50.0062,16.1417
66.0864,91.9925,115.93,0.351,50.0571,16.2141
66.3364,88.0183,115.93,0.363,50.0062,16.2837
66.5864,87.9855,115.93,0.367,50.0231,16.3597
66.8364,80.0125,115.93,0.371,50.002,16.4369
67.0865,87.9701,115.93,0.373,49.999,16.5084
67.3364,104.03,115.93,0.378,49.8428,16.5821
67.5864,83.9878,115.93,0.382,50.0044,16.6527
67.8364,88.0191,115.93,0.406,49.9966,16.7288
68.0865,83.9741,115.93,0.426,50.0552,16.8035
68.3364,92.0202,115.93,0.446,50.034,16.8755
68.5864,83.9843,115.93,0.446,50.0292,16.942
68.8365,87.9967,115.93,0.447,49.9706,17.0178
69.0866,87.9645,115.93,0.451,50.0217,17.089
69.3364,96.0457,115.93,0.456,49.9824,17.1619
69.5864,92.0025,115.93,0.458,49.9917,17.2289
69.8364,92.0002,115.93,0.464,50.0134,17.303
70.0865,95.9845,115.93,0.469,50.025,17.3763
70.3364,88.0177,115.93,0.48,49.9939,17.4443
70.5865,95.9866,115.93,0.488,50.0145,17.5177
70.8364,88.0146,115.93,0.493,49.9858,17.5919
71.0865,87.9784,115.93,0.495,50.0275,17.6627
71.3365,92.0095,115.93,0.491,50.0143,17.734
71.5864,104.007,115.93,0.47,50.005,17.8016
71.8365,99.9874,115.93,0.456,49.9528,17.8754
72.0864,96.0091,115.93,0.459,49.9781,17.9484
72.3364,92.021,115.93,0.46,50.0082,18.0182
72.5864,83.9867,115.93,0.447,50.0094,18.0903
72.8364,91.9967,115.93,0.447,50.0292,18.1619
73.0865,91.9939,115.93,0.445,50.0152,18.2255
73.3364,84.0073,115.93,0.445,49.9903,18.2997
73.5864,95.9928,115.93,0.446,50.0198,18.3712
73.8364,88.0155,115.93,0.446,50.0106,18.4466
74.0865,91.9823,115.93,0.446,50.0298,18.5179
74.3364,80.0127,115.93,0.451,49.9848,18.587
74.5865,91.9841,115.93,0.455,49.9952,18.664
74.8364,88.0124,115.93,0.458,49.9602,18.7409
75.0866,95.9247,115.93,0.464,49.9992,18.8101
75.3364,92.0651,115.93,0.47,49.9403,18.8805
75.5864,79.9976,115.93,0.472,50.0014,18.9511
75.8364,88.0158,115.93,0.47,50.0006,19.0271
76.0864,87.9844,115.93,0.466,50.0453,19.1007
76.3364,80.0089,115.93,0.463,50.0199,19.1681
76.5864,87.9895,115.93,0.461,50.0256,19.2434
76.8364,88.0038,115.93,0.461,49.9894,19.3194
77.0864,91.9973,115.93,0.46,49.9971,19.3924
77.3364,88.0072,115.93,0.46,49.9999,19.4682
77.5864,91.9934,115.93,0.46,49.9999,19.5428
77.8364,84.014,115.93,0.46,50.0118,19.6099
78.0864,91.9886,115.93,0.46,50.0664,19.6806
78.3364,96.01,115.93,0.467,50.011,19.7475
78.5865,91.9783,115.93,0.47,50.0002,19.8188
78.8364,96.0171,115.93,0.478,50.0099,19.8852
79.0865,87.9821,115.93,0.481,50.0045,19.9451
79.3364,100.021,115.93,0.485,49.947,20.0049
79.5864,99.9958,115.93,0.489,50.0181,20.062
79.8364,108.015,115.93,0.5,49.9955,20.1218
80.0864,95.9787,115.93,0.502,50.085,20.1843
80.3364,96.028,115.93,0.506,50.0253,20.2421
80.5864,91.9756,115.93,0.498,50.0358,20.3061
80.8364,96.0137,115.93,0.474,49.9603,20.3714
81.0864,91.9869,115.93,0.461,50.0101,20.4342
81.3364,92.0112,115.93,0.446,49.9887,20.5019
81.5864,91.9923,115.93,0.444,49.9942,20.5698
81.8364,84.0091,115.93,0.429,50.0288,20.644
82.0864,95.9851,115.93,0.431,50.0422,20.717
82.3364,88.0098,115.93,0.461,50.0305,20.7878
82.5864,95.9895,115.93,0.477,49.9715,20.8645
82.8364,92.0155,115.93,0.494,50.0729,20.941
83.0865,87.9646,115.93,0.494,49.9838,21.0118
83.3364,88.0365,115.93,0.495,49.9725,21.0858
83.5864,87.9894,115.93,0.495,50.0161,21.157
83.8364,84.0078,115.93,0.469,49.9849,21.2333
84.0864,87.9847,115.93,0.455,50.0616,21.3105
84.3364,88.0185,115.93,0.45,50.0329,21.3796
84.5864,91.9851,115.93,0.456,49.9999,21.4562
84.8364,88.0055,115.93,0.465,49.9679,21.532
85.0864,99.9975,115.93,0.465,49.9865,21.6035
85.3364,96.0161,115.93,0.462,49.8338,21.6782
85.5864,83.9842,115.93,0.461,50.0308,21.7498
85.8364,87.997,115.93,0.461,50.0102,21.8279
86.0865,87.9839,115.93,0.46,50.0472,21.9015
86.3364,88.0353,115.93,0.46,50.0373,21.9736
86.5864,87.9798,115.93,0.46,50.0497,22.0501
86.8364,84.0107,115.93,0.46,50.0255,22.1273
87.0865,95.9501,115.93,0.453,49.997,22.1974
87.3364,96.0513,115.93,0.454,49.986,22.2742
87.5864,83.9933,115.93,0.467,50.0153,22.3465
87.8364,84.0033,115.93,0.488,49.9714,22.4226
88.0865,87.9868,115.93,0.489,50.0764,22.4971
88.3364,84.0193,115.93,0.491,49.992,22.5678
88.5865,91.966,115.93,0.492,50.0007,22.6457
88.8364,88.0368,115.93,0.448,50.0211,22.721
89.0864,83.9802,115.93,0.413,50.0312,22.7935
89.3364,88.0096,115.93,0.361,50.0186,22.8689
89.5864,95.9969,115.93,0.335,49.9951,22.9406
89.8365,95.9762,115.93,0.313,49.9998,23.018
90.0864,88.0206,115.93,0.315,50.0465,23.091
90.3364,92.0159,115.93,0.326,50.0153,23.1596
90.5864,87.9808,115.93,0.337,50.0297,23.2293
90.8364,92.0101,115.93,0.352,49.979,23.2971
91.0864,95.9952,115.93,0.367,49.9867,23.3601
91.3364,100.005,115.93,0.402,49.9969,23.4348
91.5864,91.9915,115.93,0.425,50.0273,23.5007
91.8364,104.016,115.93,0.453,50.0139,23.5711
92.0864,87.9878,115.93,0.466,50.0292,23.6395
92.3364,96.013,115.93,0.485,49.9728,23.7042
92.5864,95.987,115.93,0.493,50.0284,23.7754
92.8364,92.0128,115.93,0.502,49.9841,23.8451
93.0864,91.9821,115.93,0.509,50.0391,23.9103
93.3364,92.0113,115.93,0.529,50.0122,23.9815
93.5864,91.9966,115.93,0.538,49.9977,24.0533
93.8365,95.9722,115.93,0.537,49.9473,24.1298
94.0864,104.028,115.93,0.538,49.9593,24.2001
94.3364,83.9987,115.93,0.544,50.0007,24.2666
94.5865,91.9836,115.93,0.548,50.0395,24.3398
94.8364,92.0261,115.93,0.556,50.0978,24.4153
95.0865,87.9714,115.93,0.558,50.0239,24.4855
95.3364,96.029,115.93,0.56,49.9866,24.5599
95.587,87.7952,115.93,0.561,49.9686,24.6305
95.8364,100.238,115.93,0.559,50.0048,24.7072
96.0865,87.9717,115.93,0.558,50.0362,24.7809
96.3364,84.0227,115.93,0.556,50.0172,24.8526
96.5868,87.8693,115.93,0.555,50.0131,24.9286
96.8364,88.1344,115.93,0.555,50.0013,24.9976
97.0864,87.9931,115.93,0.555,50.0318,25.0456
97.3364,92.003,115.93,0.554,49.9795,25.0544
97.5864,96.0114,115.93,0.559,50.0635,25.055
97.8364,87.996,115.93,0.563,49.9983,25.0561
98.0864,91.9974,115.93,0.564,50.0427,25.0572
98.3364,91.9864,115.93,0.563,49.9812,25.0583
98.5864,96.0209,115.93,0.557,50.0166,25.0595
98.8364,88.0028,115.93,0.559,49.9924,25.0615
99.0864,87.9853,115.93,0.56,50.035,25.0626
99.3364,91.9986,115.93,0.561,49.983,25.0636
99.5864,96.0152,115.93,0.563,49.991,25.0647
99.8364,95.9769,115.93,0.563,49.9877,25.0678
100.086,91.9938,115.93,0.541,50.0206,25.1102
100.336,88.0197,115.93,0.521,50.0161,25.1641
100.586,88.0143,115.93,0.511,50.0234,25.2241
100.836,91.9844,115.93,0.506,49.9956,25.2907
101.086,88.0148,115.93,0.507,50.0502,25.3573
101.336,83.9925,115.93,0.508,49.9723,25.4276
101.586,91.9951,115.93,0.512,50.0634,25.4991
101.836,91.9939,115.93,0.515,49.9777,25.5728
102.086,95.9961,115.93,0.524,50.0464,25.6407
102.336,92.0162,115.93,0.529,50.0011,25.7055
102.586,87.9892,115.93,0.528,50.0178,25.7748
102.836,87.9934,115.93,0.513,49.9945,25.8436
103.086,96.0014,115.93,0.504,50.0031,25.9219
103.336,84.0161,115.93,0.503,49.983,25.9941
103.586,95.9683,115.93,0.495,50.0362,26.0628
103.836,92.0167,115.93,0.488,50.0023,26.1343
104.086,103.992,115.93,0.488,50.0732,26.2026
104.336,96.0131,115.93,0.491,49.9678,26.2693
104.586,95.9744,115.93,0.502,50.0547,26.3473
104.836,88.0276,115.93,0.513,50.0041,26.4165
105.086,95.9901,115.93,0.547,49.9996,26.4761
105.336,100.002,115.93,0.524,50.0097,26.5373
105.586,87.9941,115.93,0.462,50.0574,26.591
105.836,96.0059,115.93,0.414,50.0107,26.6542
106.086,107.996,115.93,0.358,50.077,26.7181
106.336,92.0189,115.93,0.32,50.0123,26.7839
106.586,95.9744,115.93,0.281,50.0248,26.8552
106.836,88.0054,115.93,0.248,49.9991,26.9249
107.086,99.9906,115.93,0.217,50.0355,26.9996
107.336,88.0126,115.93,0.201,49.9929,27.0758
107.586,95.9896,115.93,0.214,49.9649,27.1437
107.836,96.0068,115.93,0.232,49.9856,27.2171
108.086,103.994,115.93,0.264,49.9483,27.2864
108.336,88.0154,115.93,0.296,49.9858,27.3512
108.586,91.9801,115.93,0.35,50.089,27.4201
108.836,84.0159,115.93,0.386,50.0087,27.4924
109.086,87.9879,115.93,0.451,50.0562,27.5574
109.336,88.0032,115.93,0.483,50.0035,27.6284
109.586,91.9953,115.93,0.483,50.0186,27.6978
109.836,88.006,115.93,0.482,50.0084,27.7756
110.086,99.9933,115.93,0.467,49.999,27.8471
110.336,88.0101,115.93,0.446,49.9813,27.912
110.586,91.9845,115.93,0.425,50.0527,27.9806
110.836,84.015,115.93,0.402,50.0015,28.0482
111.086,87.9882,115.93,0.385,50.0288,28.1229
111.336,88.014,115.93,0.373,50.007,28.197
111.586,91.9909,115.93,0.346,50.0108,28.2682
111.836,88.002,115.93,0.332,49.96,28.3416
112.086,103.99,115.93,0.313,50.0061,28.4077
112.336,84.0203,115.93,0.296,49.9786,28.471
112.586,91.9789,115.93,0.295,49.9985,28.5419
112.836,92.0106,115.93,0.294,50.0105,28.6095
113.086,87.9918,115.93,0.29,50.0062,28.6841
113.336,84.0191,115.93,0.288,50.0349,28.7586
113.586,87.9911,115.93,0.283,50.0107,28.8296
113.836,87.9829,115.93,0.269,50.0024,28.9029
114.086,100.005,115.93,0.272,50.0313,28.9737
114.336,84.005,115.93,0.268,50.0093,29.0452
114.586,87.9877,115.93,0.293,50.0503,29.1202
114.836,84.0142,115.93,0.29,50.0117,29.1906
115.086,87.9877,115.93,0.285,49.9919,29.2643
115.336,88.0074,115.93,0.28,49.9923,29.3382
115.587,83.9638,115.93,0.277,50.0021,29.4086
115.836,88.0449,115.93,0.258,50,29.483
116.086,95.9864,115.93,0.237,49.9746,29.5577
116.336,88.0157,115.93,0.223,49.9817,29.629
116.586,91.9837,115.93,0.239,50.0184,29.7072
116.836,88.0165,115.93,0.242,50.0044,29.7793
117.086,95.9851,115.93,0.245,50.0133,29.8568
117.337,83.9742,115.93,0.246,49.9623,29.9265
117.586,96.0313,115.93,0.247,49.9819,29.988
117.836,95.9901,115.93,0.253,50.0025,30.0491
118.086,104.008,115.93,0.276,49.837,30.1081
118.336,91.9971,115.93,0.294,50.0101,30.1633
118.586,92.0008,115.93,0.333,50.0973,30.2203
118.836,88.0164,115.93,0.367,50.0854,30.2733
119.086,99.986,115.93,0.42,50.0155,30.3302
119.336,99.9996,115.93,0.46,49.9647,30.3894
119.586,91.9913,115.93,0.447,49.9641,30.4435
119.836,92.0109,115.93,0.439,50.0028,30.5059
120.086,107.992,115.93,0.426,49.9855,30.5711
120.336,100.003,115.93,0.421,49.969,30.6401
120.586,104.006,115.93,0.419,49.8935,30.7177
120.836,87.9966,115.93,0.423,49.9931,30.7854
121.086,96.0014,115.93,0.432,49.956,30.8609
121.336,92.0081,115.93,0.439,50.0616,30.9344
121.586,91.9923,115.93,0.443,50.0049,31.0099
121.836,96.0017,115.93,0.445,50.0144,31.079
122.086,99.9986,115.93,0.445,49.995,31.1563
122.336,88.0166,115.93,0.446,50.0004,31.2278
122.586,91.9796,115.93,0.446,50.0437,31.304
122.836,84.0114,115.93,0.446,50.0104,31.3762
123.086,91.9872,115.93,0.446,50.0332,31.4522
123.336,88.0155,115.93,0.446,50.0006,31.5235
123.586,91.9725,115.93,0.446,49.9798,31.5938
123.836,84.0186,115.93,0.448,49.9679,31.6706
124.086,95.9797,115.93,0.452,50.0075,31.7441
124.336,87.9991,115.93,0.455,50.0085,31.8145
124.586,84.0115,115.93,0.456,50.0552,31.8926
124.836,92.0067,115.93,0.455,50.0191,31.9634
125.086,83.994,115.93,0.456,50.0554,32.0414
125.336,88.0128,115.93,0.456,50.0064,32.1169
125.586,87.9938,115.93,0.456,49.9566,32.1877
125.836,100.008,115.93,0.457,49.8581,32.2636
126.086,87.9874,115.93,0.456,49.9487,32.3353
126.336,88.0193,115.93,0.457,50.0032,32.4095
126.586,87.9792,115.93,0.456,50.0591,32.4832
126.836,88.0244,115.93,0.451,50.0304,32.5519
127.086,87.9759,115.93,0.436,50.0028,32.6243
127.336,92.0072,115.93,0.439,49.9973,32.6983
127.586,95.997,115.93,0.435,49.9921,32.7698
127.836,95.9987,115.93,0.442,49.9333,32.8434
128.086,95.9963,115.93,0.475,50.0283,32.9084
128.336,91.9988,115.93,0.496,49.9768,32.9801
128.586,96.002,115.93,0.511,50.0513,33.0542
128.836,92.0119,115.93,0.481,50.0167,33.1314
129.086,91.9839,115.93,0.438,50.0294,33.2028
129.336,92.028,115.93,0.419,49.9966,33.2771
129.587,87.9541,115.93,0.399,49.991,33.3477
129.836,96.0286,115.93,0.4,50.0388,33.4245
130.086,95.9992,115.93,0.411,49.9772,33.4959
130.336,88.0167,115.93,0.416,50.0166,33.568
130.586,91.9797,115.93,0.42,50.0541,33.6415
130.836,88.0255,115.93,0.425,49.9984,33.7101
131.086,87.9701,115.93,0.396,50.0179,33.7859
131.336,88.0108,115.93,0.371,49.9708,33.8607
131.586,87.989,115.93,0.366,49.9608,33.9292
131.836,84.0163,115.93,0.361,49.9816,34.0043
132.086,91.9857,115.93,0.361,50.0398,34.0734
132.336,84.0199,115.93,0.36,50.0193,34.1424
132.587,99.9059,115.93,0.354,50.0962,34.2187
132.836,88.0673,115.93,0.351,50.0079,34.2903
133.086,95.9904,115.93,0.345,50.0265,34.3676
133.336,84.0136,115.93,0.34,50,34.4419
133.586,87.9917,115.93,0.335,49.9936,34.5138
133.836,84.0084,115.93,0.327,50.0002,34.5904
134.086,91.9919,115.93,0.324,49.9824,34.6603
134.336,95.997,115.93,0.324,49.9775,34.7327
134.586,92.0021,115.93,0.335,50.0174,34.8108
134.836,100.01,115.93,0.351,50.0292,34.8806
135.086,103.991,115.93,0.373,50.0539,34.9456
135.336,100.02,115.93,0.403,49.9065,35.0067
135.586,99.96,115.93,0.457,50.0679,35.0634
135.836,92.0274,115.93,0.474,49.9842,35.1226
136.086,103.987,115.93,0.501,49.9991,35.1809
136.337,95.9656,115.93,0.522,50.0288,35.238
136.586,104.035,115.93,0.548,50.0469,35.2968
136.836,99.9974,115.93,0.565,50.0136,35.3515
137.086,104.005,115.93,0.588,50.0278,35.4114
137.336,116.012,115.93,0.562,50.0262,35.4685
137.586,95.9818,115.93,0.539,50.0085,35.5276
137.836,96.0142,115.93,0.529,50.0305,35.5932
138.086,95.9815,115.93,0.528,50.0637,35.6542
138.336,92.0056,115.93,0.526,50.0256,35.7211
138.586,96.0042,115.93,0.531,50.0757,35.7982
138.836,96.0071,115.93,0.539,50.0475,35.8657
139.086,95.9962,115.93,0.547,50.0292,35.9377
139.337,95.9729,115.93,0.552,50.04,36.0076
139.586,96.0338,115.93,0.557,49.9217,36.0773
139.837,91.964,115.93,0.566,49.9662,36.1491
140.086,92.0285,115.93,0.574,50.0518,36.2192
140.336,88.0069,115.93,0.572,50.0817,36.2817
140.586,91.9914,115.93,0.575,50.0995,36.3494
140.836,84.02,115.93,0.586,50.0218,36.4058
141.086,103.968,115.93,0.593,50.0421,36.4418
141.336,92.0119,115.93,0.6,49.9948,36.4449
141.587,95.9673,115.93,0.601,49.9973,36.4469
141.836,96.0547,115.93,0.591,49.9978,36.4486
142.086,91.9707,115.93,0.592,50.0385,36.4507
142.336,88.0116,115.93,0.592,50.0647,36.4513
142.586,91.9897,115.93,0.592,50.0659,36.4537
142.836,80.0206,115.93,0.591,50.0266,36.4575
143.086,95.981,115.93,0.591,50.0223,36.4619
143.336,92.0101,115.93,0.592,49.9985,36.4662
143.586,91.9803,115.93,0.593,50.0272,36.4699
143.836,92.0025,115.93,0.607,50.014,36.5118
144.086,96.0055,115.93,0.616,49.9394,36.5685
144.336,88.0202,115.93,0.58,49.9948,36.6282
144.586,91.9709,115.93,0.557,50.0969,36.6952
144.836,88.0279,115.93,0.541,49.9922,36.7628
145.086,91.9794,115.93,0.539,50.0302,36.8386
145.336,88.0029,115.93,0.545,50.0307,36.9108
145.586,95.9926,115.93,0.553,50.0221,36.9803
145.836,100.002,115.93,0.559,49.987,37.0542
146.086,95.9868,115.93,0.566,49.9553,37.1218
146.336,92.0389,115.93,0.57,50.0037,37.1936
146.586,91.9676,115.93,0.57,50.068,37.2689
146.837,99.958,115.93,0.571,49.5977,37.3355
147.086,104.05,115.93,0.571,50.1082,37.413
147.336,96.0275,115.93,0.573,49.9946,37.4789
147.586,91.9774,115.93,0.575,50.0167,37.5369
147.836,100.019,115.93,0.586,51.0931,37.5953
148.086,99.9819,115.93,0.596,50.0166,37.6492
148.336,100.003,115.93,0.592,50.0173,37.7044
148.586,111.993,115.93,0.587,50.0566,37.7616
148.836,100.008,115.93,0.552,49.9392,37.8153
149.086,103.993,115.93,0.505,50.0218,37.8735
149.336,95.9996,115.93,0.445,50.006,37.9327
149.586,92.0028,115.93,0.408,50.0206,37.9906
149.837,99.9197,115.93,0.352,50.0046,38.0573
150.086,100.078,115.93,0.317,50.0191,38.1241
150.336,107.993,115.93,0.288,49.998,38.1958
150.586,100.008,115.93,0.279,50.0569,38.2726
150.836,92.0082,115.93,0.286,50.0663,38.3438
151.086,95.9874,115.93,0.301,50.0628,38.4185
151.336,84.0041,115.93,0.334,50.0273,38.4911
151.587,87.9577,115.93,0.36,50.0909,38.5575
151.836,88.046,115.93,0.362,49.9858,38.6332
152.086,87.9953,115.93,0.366,50.0448,38.7048
152.336,92.001,115.93,0.37,49.9572,38.7803
152.586,95.9983,115.93,0.374,50.0217,38.8558
152.836,92.0107,115.93,0.38,49.9949,38.9286
153.086,87.9865,115.93,0.384,49.8902,39.0048
153.336,92.0129,115.93,0.392,50.0019,39.0808
153.586,87.9881,115.93,0.405,50.0514,39.1516
153.836,84.005,115.93,0.426,49.9721,39.2267
154.086,91.9976,115.93,0.434,50.0666,39.2986
154.336,91.999,115.93,0.434,49.9558,39.3732
154.586,95.9998,115.93,0.434,50.0509,39.4505
154.836,96.0018,115.93,0.434,49.982,39.5155
155.086,95.9969,115.93,0.438,50.0307,39.5918
155.336,92.0044,115.93,0.443,49.9648,39.6627
155.586,91.9977,115.93,0.45,50.0628,39.7331
155.836,84.0159,115.93,0.463,50.0141,39.8097
156.086,91.9819,115.93,0.475,50.0926,39.8775
156.336,95.9911,115.93,0.485,49.9508,39.9476
156.586,92.0074,115.93,0.491,50.0429,40.0188
156.836,92.0072,115.93,0.494,49.9982,40.0873
157.086,95.9948,115.93,0.496,50.0605,40.1642
157.336,91.9971,115.93,0.478,50.0134,40.2325
157.586,100.013,115.93,0.464,50.0364,40.2991
157.836,103.977,115.93,0.457,49.9773,40.3726
158.086,87.9918,115.93,0.459,50.0585,40.4427
158.336,88.029,115.93,0.448,49.9915,40.5135
158.586,91.9829,115.93,0.447,50.0378,40.5852
158.836,88.0188,115.93,0.445,50.0208,40.6529
159.086,91.9865,115.93,0.44,50.0354,40.7275
159.336,88.0157,115.93,0.437,49.9902,40.7939
159.586,91.9838,115.93,0.438,50.0335,40.8626
159.836,79.9982,115.93,0.443,49.9931,40.94
160.086,96.0016,115.93,0.446,50.0311,41.0095
160.336,91.9785,115.93,0.453,50.0054,41.0823
160.586,96.021,115.93,0.456,49.963,41.1596
160.836,84.0106,115.93,0.459,50.0004,41.2315
161.086,83.988,115.93,0.461,50.0912,41.3078
161.336,91.992,115.93,0.469,50.0148,41.3842
161.586,88.0098,115.93,0.471,50.047,41.4505
161.836,88.0056,115.93,0.473,49.9868,41.5247
162.086,87.9849,115.93,0.468,50.006,41.595
162.336,88.0101,115.93,0.464,49.9674,41.6674
162.586,91.9937,115.93,0.462,50.0702,41.742
162.837,91.9766,115.93,0.462,50.0111,41.807
163.086,88.0251,115.93,0.461,50.0278,41.8808
163.336,88.0162,115.93,0.461,50.0173,41.9532
163.586,87.9804,115.93,0.461,50.0184,42.0226
163.836,88.0187,115.93,0.461,50.0218,42.0983
164.086,87.9887,115.93,0.461,50.028,42.1647
164.336,99.9999,115.93,0.467,49.9752,42.2334
164.586,91.9991,115.93,0.47,50.0564,42.3073
164.836,103.979,115.93,0.488,49.9902,42.3708
165.086,100,115.93,0.493,50.0154,42.4256
165.336,92.0235,115.93,0.494,49.9439,42.4423
165.587,95.9581,115.93,0.492,50.0318,42.4432
165.836,84.0502,115.93,0.49,50.0567,42.4446
166.086,91.9777,115.93,0.487,50.0956,42.4457
166.336,99.9942,115.93,0.482,49.9087,42.4465
166.586,100.009,115.93,0.483,50.0228,42.4482
166.886,103.328,115.93,0.481,50.0388,42.4501
167.136,96.0114,115.93,0.483,49.9123,42.4513
167.386,91.9889,115.93,0.482,50.084,42.4518
167.636,96.0123,115.93,0.483,50.0815,42.4523
167.886,87.9872,115.93,0.485,50.1608,42.4539
168.136,95.9981,115.93,0.487,50.0214,42.4549
168.386,100.007,115.93,0.493,50.0166,42.4855
168.636,92.0033,115.93,0.499,50.0136,42.54
168.886,95.9975,115.93,0.466,50.0243,42.5917
169.136,100.002,115.93,0.448,50.0528,42.6533
169.386,104.001,115.93,0.446,50.0735,42.7204
169.636,96.0112,115.93,0.446,49.9829,42.787
169.886,91.9863,115.93,0.446,50.0518,42.8628
170.136,88.0064,115.93,0.448,50.0656,42.935
170.386,91.9977,115.93,0.453,50.091,43.0085
170.636,87.9867,115.93,0.458,49.9804,43.0808
170.886,92.0015,115.93,0.457,50.0361,43.1521
171.136,88.0135,115.93,0.457,50.0175,43.2261
171.386,99.99,115.93,0.456,49.9815,43.3032
171.636,87.9974,115.93,0.457,50.0491,43.3725
171.886,92.0102,115.93,0.454,50.038,43.4495
172.136,87.9851,115.93,0.45,49.9894,43.5197
172.386,84.016,115.93,0.449,50.0021,43.5936
172.636,87.9814,115.93,0.448,50.0106,43.67
172.886,88.0133,115.93,0.447,50.0367,43.7394
173.136,92.0086,115.93,0.447,50.0797,43.8138
173.386,87.9891,115.93,0.448,50.0696,43.8908
173.636,96.0026,115.93,0.453,50.002,43.9624
173.886,92.0005,115.93,0.456,50.0632,44.0394
174.136,88.0173,115.93,0.459,50.0069,44.1056
174.386,87.9773,115.93,0.46,49.9981,44.1805
174.636,88.0121,115.93,0.46,49.9756,44.257
174.886,87.9929,115.93,0.46,50.0185,44.328
175.136,88.0082,115.93,0.461,50.0033,44.3974
175.386,87.986,115.93,0.456,50.0301,44.4714
175.636,92.0117,115.93,0.438,50.0174,44.5372
175.886,103.993,115.93,0.438,50.0339,44.6048
176.136,92.0071,115.93,0.434,49.9475,44.668
176.386,91.9902,115.93,0.435,50.0072,44.727
176.636,96.0114,115.93,0.435,50.0024,44.7869
176.886,91.9897,115.93,0.433,49.9958,44.842
177.136,95.9959,115.93,0.422,49.9794,44.8988
177.386,100.007,115.93,0.419,50.0193,44.956
177.636,92.0075,115.93,0.413,49.9897,45.0102
177.886,99.9968,115.93,0.386,50.0646,45.0746
178.136,99.9926,115.93,0.341,50.0561,45.1352
178.386,100.006,115.93,0.313,50.0639,45.2011
178.636,83.9896,115.93,0.295,50.0121,45.2735
178.886,96.0111,115.93,0.296,50.0585,45.3432
179.136,88.0185,115.93,0.306,50.1163,45.4179
179.386,95.9767,115.93,0.312,50.1078,45.4909
179.636,91.9887,115.93,0.333,50.0642,45.5529
179.886,92.0156,115.93,0.35,50.0371,45.6209
180.136,100.01,115.93,0.384,50.0059,45.6829
180.386,95.9863,115.93,0.411,50.0321,45.7497
180.636,92.016,115.93,0.449,50.0018,45.816
180.886,95.9806,115.93,0.486,50.0138,45.8812
181.136,88.0195,115.93,0.542,50.0284,45.954
181.386,91.9857,115.93,0.583,50.0409,46.0308
181.636,95.9831,115.93,0.646,50.0025,46.1005
181.886,96.0158,115.93,0.696,50.0518,46.1721
182.136,104.006,115.93,0.755,50.0104,46.2313
182.386,95.9838,115.93,0.791,50.0267,46.2865
182.636,96.0182,115.93,0.835,50.0014,46.345
182.886,91.988,115.93,0.858,50.0274,46.4004
183.136,88.0095,115.93,0.889,49.9947,46.458
183.386,87.9893,115.93,0.903,50.0845,46.519
183.636,88.0188,115.93,0.916,50.0209,46.581
183.886,91.9828,115.93,0.924,50.0598,46.6559
184.136,92.0109,115.93,0.924,50.0123,46.7227
184.386,87.9934,115.93,0.91,50.0242,46.7912
184.636,108.018,115.93,0.884,49.9812,46.8601
184.886,91.9715,115.93,0.876,49.9808,46.9242
185.136,92.0294,115.93,0.875,50.0179,46.995
185.386,87.9844,115.93,0.874,50.0356,47.0696
185.636,87.9904,115.93,0.873,50.014,47.1414
185.886,91.9945,115.93,0.872,50.0551,47.2113
186.136,88.0224,115.93,0.872,49.9917,47.2704
186.386,99.9929,115.93,0.86,50.0454,47.3315
186.636,92.0019,115.93,0.812,49.9942,47.3892
186.886,91.9791,115.93,0.77,50.0437,47.4478
187.136,88.0253,115.93,0.705,50.0115,47.5135
187.386,92.0142,115.93,0.641,50.0632,47.5853
187.636,87.9889,115.93,0.604,49.9871,47.6521
187.886,88.0025,115.93,0.539,50.0688,47.7266
188.136,91.9667,115.93,0.498,49.9944,47.7931
188.386,100.031,115.93,0.433,49.9978,47.8561
188.636,95.9966,115.93,0.396,49.9857,47.911
188.886,96.0063,115.93,0.383,50.0353,47.9256
189.136,87.9984,115.93,0.382,49.9838,47.9269
189.386,87.9944,115.93,0.381,50.0116,47.9282
189.636,88.0001,115.93,0.369,50.0439,47.9294
189.886,95.9954,115.93,0.369,50.0871,47.9308
190.136,99.9915,115.93,0.367,50.0054,47.9322
190.386,88.0209,115.93,0.359,50.0459,47.9333
190.636,83.9954,115.93,0.357,50.023,47.9342
190.886,88.0012,115.93,0.344,50.0419,47.9355
191.136,83.983,115.93,0.345,50.0528,47.9368
191.386,96.0012,115.93,0.344,50.0483,47.9382
191.636,88.0183,115.93,0.344,50.0086,47.9404
191.886,87.9795,115.93,0.354,50.0913,47.9653
192.136,84.0116,115.93,0.415,50.0138,48.0276
192.386,96.0194,115.93,0.481,50.1248,48.0908
192.637,91.946,115.93,0.51,49.952,48.153
192.887,92.0067,115.93,0.548,50.0514,48.2141
193.136,92.0308,115.93,0.579,50.0085,48.2795
193.386,87.9784,115.93,0.627,50.0291,48.342
193.636,92.0128,115.93,0.671,50.0792,48.4157
193.886,95.9934,115.93,0.728,50.0828,48.4906
194.136,88.0175,115.93,0.759,50.0059,48.5513
194.386,91.9765,115.93,0.805,50.0572,48.6133
194.636,92.0205,115.93,0.836,50.0651,48.6759
194.886,99.9949,115.93,0.858,49.9855,48.7341
195.136,95.9961,115.93,0.869,49.9804,48.8006
195.386,87.994,115.93,0.883,50.0584,48.8753
195.636,92.0229,115.93,0.894,49.9614,48.9351
195.886,87.9875,115.93,0.904,50.1143,49.0041
196.136,91.9935,115.93,0.904,50.0267,49.0772
196.386,100.006,115.93,0.883,50.0182,49.1465
196.637,95.9711,115.93,0.883,50.0137,49.2189
196.886,88.0232,115.93,0.866,49.9926,49.2843
197.136,88.0164,115.93,0.844,50.0677,49.3535
197.386,91.9828,115.93,0.807,50.0416,49.4244
197.636,84.0115,115.93,0.791,50.0297,49.5004
197.886,87.9831,115.93,0.768,50.0384,49.5685
198.136,84.0001,115.93,0.758,49.9897,49.6267
198.386,92.0044,115.93,0.734,50.0577,49.6885
198.637,99.9677,115.93,0.721,49.9976,49.7548
198.886,92.0353,115.93,0.648,50.0291,49.8112
199.136,96.0044,115.93,0.607,49.9921,49.8758
199.386,95.9958,115.93,0.553,50.0389,49.9461
199.636,88.0131,115.93,0.511,50.0301,50.015
199.886,91.9888,115.93,0.465,50.033,50.0906
200.136,91.9877,115.93,0.441,49.9954,50.1528
200.386,92.0087,115.93,0.418,50.0236,50.2153
200.636,92.0059,115.93,0.399,49.9826,50.2784
200.886,103.998,115.93,0.369,50.0214,50.3382
201.136,91.9835,115.93,0.357,50.0379,50.4003
201.386,84.0122,115.93,0.334,50.0316,50.4682
201.636,92.0097,115.93,0.319,49.9967,50.5335
201.886,91.9931,115.93,0.309,50.0623,50.603
202.136,91.989,115.93,0.311,50.0381,50.6733
202.386,91.9995,115.93,0.319,50.0211,50.7388
202.636,92.0246,115.93,0.337,49.9886,50.8045
202.886,99.9817,115.93,0.386,50.0029,50.8614
203.136,100.009,115.93,0.419,49.9483,50.9187
203.386,95.9903,115.93,0.48,50.0532,50.9758
203.636,88.0112,115.93,0.502,50.0139,51.0282
203.886,99.9879,115.93,0.513,50.0739,51.085
204.136,95.9845,115.93,0.498,49.9845,51.1386
204.386,92.0114,115.93,0.473,50.036,51.1974
204.636,92.0071,115.93,0.447,49.9791,51.2606
204.886,111.972,115.93,0.436,50.028,51.3211
205.136,88.0075,115.93,0.434,50.0484,51.385
205.386,92.0098,115.93,0.438,50.0148,51.4514
205.636,92.0175,115.93,0.441,50.0059,51.5288
205.886,87.9793,115.93,0.451,50.1036,51.5994
206.136,92.0109,115.93,0.455,50.0256,51.6655
206.386,87.9983,115.93,0.459,50.0531,51.7388
206.636,88.0021,115.93,0.424,50.0034,51.8136
206.886,96.0035,115.93,0.395,50.0153,51.8853
207.136,87.9857,115.93,0.383,49.9421,51.9598
207.386,92.0067,115.93,0.377,50.0642,52.0283
207.636,87.9964,115.93,0.375,50.0093,52.1043
207.886,84.0046,115.93,0.374,50.0637,52.1821
208.136,91.9948,115.93,0.372,50.0739,52.2541
208.387,95.9057,115.93,0.366,50.0258,52.3281
208.636,92.0988,115.93,0.359,50.0253,52.4055
208.886,83.9913,115.93,0.353,50.0485,52.4767
209.136,88.0089,115.93,0.346,50.0041,52.5507
209.386,91.9924,115.93,0.339,49.9873,52.6233
209.636,87.9928,115.93,0.334,49.9764,52.6957
209.886,92.0109,115.93,0.318,50.0062,52.7745
210.136,108.001,115.93,0.322,50.0132,52.8451
210.386,99.9919,115.93,0.35,50.0254,52.9193
210.636,92.0145,115.93,0.371,50.0549,52.995
210.887,103.954,115.93,0.408,49.9425,53.0569
211.136,92.0364,115.93,0.44,50.0432,53.1173
211.386,91.9901,115.93,0.474,50.0589,53.1719
211.636,96.0002,115.93,0.494,49.9936,53.2317
211.886,100.006,115.93,0.534,50.066,53.2921
212.136,104.001,115.93,0.551,49.9617,53.3459
212.386,107.995,115.93,0.564,50.0353,53.4036
212.636,99.9931,115.93,0.563,50.0253,53.4668
212.886,116.041,115.93,0.531,50.0255,53.5265
213.136,91.9898,115.93,0.514,50.0272,53.5873
213.386,103.982,115.93,0.508,50.0203,53.6454
213.636,96.0175,115.93,0.52,50.0269,53.7105
213.886,103.989,115.93,0.549,50.1282,53.784
214.136,96.0059,115.93,0.573,50.0195,53.8483
214.386,103.99,115.93,0.573,50.0545,53.922
214.636,104.011,115.93,0.579,49.9706,53.9976
214.886,107.999,115.93,0.616,49.9871,54.0642
215.136,104.004,115.93,0.638,49.9946,54.1341
215.386,99.9838,115.93,0.676,50.0583,54.2027
215.636,96.0047,115.93,0.706,50.02,54.2681
215.886,99.9896,115.93,0.733,50.0649,54.3301
216.136,100.026,115.93,0.749,49.9696,54.3859
216.386,103.979,115.93,0.785,50.0356,54.4435
216.636,100.013,115.93,0.819,50.0037,54.5073
216.886,111.961,115.977,0.833,50.1469,54.5671
217.136,112.034,115.977,0.838,49.93,54.6318
217.386,99.9901,115.977,0.831,50.0618,54.6926
217.636,96.0096,115.977,0.81,50.0078,54.7566
217.886,103.982,115.977,0.778,50.107,54.8242
218.136,96.0086,115.977,0.766,50.0278,54.8894
218.386,103.982,115.977,0.748,50.1309,54.9605
218.636,100.03,115.977,0.744,49.9264,55.0289
218.886,103.976,115.977,0.73,50.057,55.0997
219.136,104.018,115.977,0.729,49.971,55.1745
219.386,103.995,115.977,0.728,50.0046,55.2467
219.637,107.945,115.977,0.732,50.0119,55.3219
219.887,99.6773,115.977,0.744,50.0427,55.3987
220.136,100.39,115.977,0.749,50.005,55.4684
220.387,99.9251,115.977,0.777,50.0682,55.5374
220.636,96.0702,115.977,0.797,50.0428,55.6118
220.886,99.9891,115.977,0.736,50.143,55.6816
221.136,100.01,115.977,0.692,50.019,55.749
221.386,107.976,115.977,0.641,50.0687,55.8118
221.636,112.015,115.977,0.62,49.9636,55.8794
221.886,107.997,115.977,0.6,50.0484,55.9466
222.136,104.012,115.977,0.596,49.9883,56.0082
222.386,99.9883,115.977,0.604,50.0595,56.0736
222.636,100.01,115.977,0.614,50.0785,56.1434
222.886,112.067,115.977,0.66,50.0081,56.195
223.136,99.9412,115.977,0.689,50.023,56.268
223.386,107.99,115.977,0.735,50.0154,56.3258
223.636,108.007,115.977,0.771,50.0038,56.3887
223.886,111.993,115.977,0.842,50.1916,56.4538
224.136,100.011,115.977,0.885,50.0536,56.514
224.386,103.984,115.977,0.961,50.062,56.5845
224.636,104.016,115.977,0.977,49.9921,56.6553
224.886,99.988,115.977,0.997,50.0363,56.7196
225.136,112.024,115.977,1.023,50.0033,56.7906
225.386,111.978,115.977,1.054,50.0538,56.8582
225.636,96.0102,115.977,1.069,50.0212,56.9334
225.886,107.989,115.977,1.095,50.1007,57.0064
226.136,96.0012,115.977,1.111,50.0176,57.0755
226.386,107.993,115.977,1.138,50.0436,57.15
226.636,95.9808,115.977,1.154,50.02,57.2185
226.886,116.012,115.977,1.177,50.0283,57.2862
227.136,104.035,115.977,1.189,49.9989,57.3589
227.386,103.982,115.977,1.206,50.0071,57.4284
227.636,100.011,115.977,1.219,50.0231,57.4989
227.886,103.988,115.977,1.239,50.034,57.5726
228.136,96.0138,115.977,1.261,50.0319,57.6457
228.386,111.983,115.977,1.289,50.0312,57.717
228.636,116.016,115.977,1.309,49.977,57.7928
228.886,99.9656,115.977,1.34,50.0361,57.862
229.136,100.028,115.977,1.363,50.0042,57.9354
229.387,99.9215,115.977,1.391,50.0951,58.0035
229.636,100.083,115.977,1.401,50.0027,58.0667
229.886,103.988,115.977,1.4,50.0698,58.1336
230.136,116.032,115.977,1.399,49.7179,58.1901
230.386,99.9729,115.977,1.398,50.0558,58.2336
230.636,96.002,115.977,1.401,50.0318,58.2386
230.886,99.9918,115.977,1.404,50.0652,58.2394
231.136,96.032,115.977,1.409,50.0172,58.2405
231.386,95.9694,115.977,1.408,50.0317,58.2416
231.636,104.033,116.074,1.403,50.046,58.2435
231.886,107.967,116.074,1.403,50.0603,58.2447
232.136,104.026,116.074,1.404,50.0055,58.2454
232.386,111.977,116.074,1.405,50.0519,58.2468
232.636,100.02,116.074,1.404,50.0022,58.2482
232.886,103.957,116.074,1.403,50.1215,58.2496
233.136,104.049,116.074,1.404,50.0068,58.2517
233.386,103.966,116.074,1.404,50.0805,58.2586
233.636,112.034,116.074,1.385,49.9994,58.3081
233.886,115.962,116.074,1.375,50.1308,58.3655
234.136,96.0269,116.074,1.367,50.0208,58.422
234.386,103.978,116.074,1.366,50.1142,58.4851
234.636,100.029,116.074,1.369,50.0129,58.5537
234.886,107.962,116.074,1.375,50.1062,58.6197
235.136,100.032,116.074,1.392,50.0199,58.6885
235.386,107.972,116.074,1.385,50.0269,58.7542
235.636,116.024,116.074,1.361,49.9863,58.8281
235.886,99.9793,116.074,1.337,50.0872,58.9039
236.136,108.025,116.074,1.309,49.9326,58.9749
236.386,103.998,116.074,1.289,50.0504,59.0482
236.636,91.9988,116.074,1.249,50.0254,59.1188
236.886,107.977,116.074,1.228,50.0079,59.1838
237.136,104.017,116.074,1.203,49.8916,59.2518
237.386,115.986,116.074,1.191,50.105,59.3225
237.636,108.001,116.074,1.167,50.0235,59.3992
237.886,107.993,116.074,1.139,50.0147,59.4683
238.136,104.006,116.074,1.103,50.0706,59.5336
238.386,108.001,116.074,1.074,50.0514,59.6026
238.636,96.0047,116.074,1.06,50.0021,59.6775
238.886,103.989,116.074,1.049,50.04,59.7479
239.136,104.006,116.074,1.038,49.9699,59.8194
239.386,112.002,116.074,1.035,50.0274,59.8889
239.636,111.998,116.074,1.013,49.9993,59.9579
239.886,112,116.074,0.993,49.998,60.0305
240.136,104.013,116.074,0.945,50.0131,60.0967
240.386,111.979,116.074,0.921,50.0514,60.1665
240.636,100.007,116.074,0.871,50.0105,60.2336
240.886,115.998,116.074,0.849,50.0179,60.3031
241.136,99.9993,116.074,0.821,49.9798,60.3728
241.386,108.004,116.074,0.813,50.037,60.4396
241.636,112,116.074,0.785,50.0013,60.5169
241.886,107.996,116.074,0.762,50.1181,60.5911
242.136,100.005,116.074,0.739,49.9931,60.6633
242.386,108,116.074,0.736,50.0218,60.7354
242.636,104,116.074,0.734,49.9564,60.8084
242.886,107.99,116.074,0.737,49.9764,60.8786
243.136,104.011,116.074,0.747,49.977,60.9438
243.387,139.953,116.074,0.753,48.1005,61.003
243.636,108.034,116.074,0.754,47.9934,61.0628
243.886,115.994,116.074,0.736,48.0491,61.1306
244.136,100.024,116.074,0.734,47.975,61.1924
244.386,99.9741,116.074,0.742,49.9845,61.2576
244.636,96.0137,116.074,0.755,49.9825,61.3311
244.886,103.983,116.074,0.769,49.9922,61.3991
245.136,96.0109,116.074,0.797,49.97,61.4701
245.386,99.9966,116.074,0.797,50.0534,61.5401
245.636,96.0015,116.074,0.796,49.9687,61.6102
245.886,99.9958,116.074,0.797,50.0117,61.6747
246.136,104.012,116.074,0.803,49.9667,61.7355
246.386,107.983,116.074,0.814,50.0338,61.7959
246.636,104.011,116.074,0.839,49.9208,61.8555
246.886,103.992,116.074,0.845,50.0348,61.9133
247.136,100.006,116.074,0.775,49.9491,61.9732
247.387,107.954,116.074,0.743,50.0267,62.0308
247.636,96.0408,116.074,0.693,50.0185,62.0912
247.886,103.994,116.074,0.658,50.1191,62.1556
248.136,116.017,116.074,0.626,50.019,62.2163
248.386,107.985,116.074,0.604,49.9512,62.2798
248.636,96.0066,116.074,0.577,50.0157,62.3465
248.886,95.9925,116.074,0.565,50.0093,62.4104
249.136,96.0075,116.074,0.561,49.9941,62.4794
249.386,103.981,116.074,0.551,50.0471,62.5504
249.636,104.022,116.074,0.544,49.985,62.6218
249.887,111.707,116.074,0.511,50.0387,62.6988
250.136,100.264,116.074,0.473,50.0032,62.7628
250.386,103.987,116.074,0.463,50.0193,62.8273
250.636,104.01,116.074,0.458,49.962,62.8935
250.886,103.992,116.074,0.471,50.1025,62.9538
251.136,100.007,116.074,0.5,50.0021,63.0189
251.386,111.983,116.074,0.528,50.026,63.0825
251.636,104.017,116.074,0.578,49.9624,63.1476
251.886,111.992,116.074,0.579,50.0674,63.2112
252.136,103.995,116.074,0.569,49.9875,63.2662
252.386,104.007,116.074,0.555,50.0997,63.3241
252.636,95.9844,116.074,0.523,50.0196,63.3809
252.886,100.011,116.074,0.5,50.0907,63.4421
253.136,96.0184,116.074,0.445,50.055,63.501
253.386,99.9903,116.074,0.41,49.9789,63.5627
253.636,91.999,116.074,0.362,50.0076,63.6353
253.887,115.962,116.074,0.346,50.0198,63.704
254.136,96.0316,116.074,0.315,49.9617,63.7741
254.386,99.9907,116.074,0.31,50.0491,63.8436
254.636,92.0109,116.074,0.32,50.0216,63.9176
254.886,91.9925,116.074,0.324,50.1227,63.9861
255.137,99.9539,116.074,0.331,50.0171,64.0595
255.386,100.047,116.074,0.337,50.0279,64.1318
255.636,80.0069,116.074,0.345,49.9624,64.21
255.887,95.943,116.074,0.351,50.079,64.2827
256.136,84.0491,116.074,0.362,50.0601,64.3581
256.386,87.9944,116.074,0.366,50.1292,64.4341
256.636,92.0069,116.074,0.372,50.0878,64.5062
256.886,95.9769,116.074,0.377,50.0411,64.5818
257.136,92.0292,116.074,0.394,50.0321,64.657
257.387,83.8682,116.074,0.409,50.0455,64.7282
257.636,88.1423,116.074,0.447,50.0163,64.8054
257.886,87.9806,116.074,0.447,50.049,64.8835
258.136,88.0071,116.074,0.445,49.9872,64.9551
258.386,95.9866,116.074,0.444,50.0304,65.0279
258.636,88.0211,116.074,0.44,50.0167,65.0994
258.886,95.9959,116.074,0.442,50.0056,65.1639
259.136,99.9965,116.074,0.446,50.0498,65.2311
259.386,91.9914,116.074,0.453,50.1292,65.3003
259.636,96.0049,116.074,0.465,49.9825,65.3748
259.886,91.9955,116.074,0.479,50.0687,65.4411
260.136,88.0123,116.074,0.489,49.988,65.5103
260.386,95.9774,116.074,0.493,50.0541,65.5821
260.636,84.0161,116.074,0.496,50.0108,65.6516
260.886,108.005,116.074,0.485,50.0132,65.7285
261.136,95.992,116.074,0.458,49.9344,65.8039
261.386,99.994,116.074,0.447,50.002,65.8757
261.636,84.0049,116.074,0.436,50.0475,65.9506
261.886,91.9876,116.074,0.439,50.07,66.0264
262.136,84.0178,116.074,0.444,50.0321,66.0986
262.387,95.6725,116.074,0.445,50.0715,66.1725
262.636,92.3169,116.074,0.446,50.015,66.2431
262.886,87.9844,116.074,0.446,50.0291,66.3185
263.137,83.9806,116.074,0.446,50.0613,66.3921
263.386,96.0178,116.074,0.444,50.0591,66.4645
263.636,96.0181,116.074,0.437,49.9583,66.5398
263.886,91.9898,116.074,0.435,50.0972,66.6086
264.136,80.0072,116.074,0.433,50.016,66.6846
264.386,91.9904,116.074,0.429,50.0502,66.7565
264.636,88.0037,116.074,0.426,49.9735,66.827
264.886,91.9971,116.074,0.425,50.0503,66.9028
265.136,88.0074,116.074,0.424,50.0643,66.9755
265.386,87.992,116.074,0.424,50.0089,67.0472
265.588,94.2057,116.074,0.424,50.0711,67.1096
265.836,92.6339,116.074,0.424,49.9917,67.1806
266.087,91.9659,116.074,0.424,50.0274,67.2576
266.336,100.017,116.074,0.424,50.0841,67.3321
266.586,88.0102,116.074,0.422,49.9986,67.4008
266.836,84.0084,116.074,0.423,50.0313,67.4719
267.086,91.9943,116.074,0.423,50.0407,67.5435
267.336,88.0089,116.074,0.426,49.9985,67.6085
267.586,91.9883,116.074,0.433,50.1079,67.678
267.836,100.017,116.074,0.453,49.9698,67.7466
268.086,91.9866,116.074,0.464,50.0279,67.8201
268.336,96.0173,116.074,0.48,50.0083,67.8874
268.586,91.9841,116.074,0.485,50.0528,67.9496
268.836,96.0045,116.074,0.488,50.0012,68.0138
269.086,95.9833,116.074,0.49,50.0577,68.0701
269.336,96.0048,116.074,0.499,50.0035,68.1316
269.586,104.007,116.074,0.506,50.0307,68.1914
269.836,88.0101,116.074,0.508,50.0291,68.248
270.086,91.9853,116.074,0.491,50.0237,68.3127
270.336,92.01,116.074,0.462,50.0054,68.3788
270.586,95.9922,116.074,0.461,50.0401,68.4431
270.836,88.0055,116.074,0.442,49.963,68.5132
271.086,91.9957,116.074,0.444,50.0979,68.5879
271.336,103.998,116.074,0.43,49.9946,68.6564
271.586,88.0067,116.074,0.442,50.0424,68.7328
271.836,83.9991,116.074,0.47,49.9913,68.8028
272.086,91.9948,116.074,0.489,50.0211,68.8753
272.336,92.0074,116.074,0.494,49.9926,68.9507
272.586,87.9897,116.074,0.494,50.0634,69.0201
272.836,88.0102,116.074,0.495,50.0938,69.0955
273.086,91.9943,116.074,0.486,50.0191,69.1675
273.336,91.9959,116.074,0.461,50.0362,69.2444
273.586,88.0029,116.074,0.451,50.0777,69.319
273.836,88.0143,116.074,0.456,50.0053,69.3913
274.086,83.9855,116.074,0.46,50.0563,69.4676
274.336,84.0153,116.074,0.461,49.9972,69.5412
274.586,87.9856,116.074,0.461,50.0165,69.6117
274.836,96.0024,116.074,0.461,49.9386,69.6872
275.086,91.9961,116.074,0.461,50.0502,69.7589
275.336,92.0106,116.074,0.461,49.9603,69.8368
275.586,83.9912,116.074,0.461,50.0843,69.9129
275.787,89.7555,116.074,0.461,49.9345,69.9699
276.036,88.2003,116.074,0.461,50.0059,70.0475
276.286,87.9893,116.074,0.461,50.1107,70.1172
276.536,84.0044,116.074,0.456,49.9969,70.1935
276.786,88.0211,116.074,0.463,50.0992,70.2688
277.036,79.9809,116.074,0.477,49.9739,70.3478
277.286,91.9727,116.074,0.491,50.0496,70.4186
277.537,79.9981,116.074,0.493,50.0466,70.4889
277.786,100.042,116.074,0.492,50.0266,70.5575
278.036,91.9869,116.074,0.489,49.9959,70.6347
278.286,100.025,116.074,0.433,50.056,70.7068
278.536,87.9867,116.074,0.387,50.0371,70.7812
278.786,87.996,116.074,0.351,50.0998,70.8579
279.036,84.0077,116.074,0.324,50.0867,70.9268
279.286,91.9994,116.074,0.312,50.0854,71.0045
279.536,92.0024,116.074,0.318,49.9771,71.0761
279.787,87.9571,116.074,0.33,50.0312,71.1442
280.036,92.0329,116.074,0.338,49.9898,71.2114
280.286,100.005,116.074,0.353,50.0474,71.2738
280.536,100.002,116.074,0.366,49.9648,71.3455
280.786,99.9988,116.074,0.403,50.1672,71.4149
281.036,92.0072,116.074,0.424,50.0017,71.4797
281.286,91.9758,116.074,0.455,50.028,71.5481
281.536,96.0143,116.074,0.469,49.9587,71.6148
281.786,96.0033,116.074,0.488,50.066,71.6799
282.036,84,116.074,0.493,49.9693,71.7517
282.286,91.9849,116.074,0.502,50.0578,71.817
282.536,96.0153,116.074,0.509,50.085,71.8873
282.786,100.019,116.074,0.527,50.0614,71.9566
283.036,95.9887,116.074,0.541,50.0122,72.0285
283.286,95.9769,116.074,0.541,50.0925,72.1021
283.536,88.0143,116.074,0.543,50.0112,72.1733
283.786,91.9917,116.074,0.55,50.0323,72.2408
284.036,88.0165,116.074,0.553,50.0725,72.3147
284.286,91.975,116.074,0.56,50.048,72.3825
284.536,88.0168,116.074,0.561,50.0674,72.4584
284.786,99.9717,116.074,0.562,50.086,72.5336
285.036,92.0096,116.074,0.563,49.9842,72.6052
285.287,87.9785,116.074,0.56,50.069,72.6802
285.536,92.0376,116.074,0.559,50.0305,72.7059
285.786,83.9995,116.074,0.558,50.0916,72.7067
286.036,83.9988,116.074,0.558,50.0966,72.7068
286.286,83.9881,116.074,0.557,50.0409,72.7069
286.536,80.023,116.074,0.557,50.0369,72.7069
286.786,83.979,116.074,0.557,50.0506,72.707
287.036,92.0142,116.074,0.557,50.0206,72.7071
287.286,91.977,116.074,0.557,50.0263,72.7071
287.536,92.0243,116.074,0.557,50.0065,72.7072
287.787,83.9014,116.074,0.557,50.0535,72.7072
288.036,84.0951,116.074,0.557,49.9862,72.7072
288.286,87.992,116.074,0.557,50.0345,72.7073
288.536,88.0084,116.074,0.557,49.9923,72.7073
288.786,87.9958,116.074,0.557,50.0575,72.7073
289.036,80.0049,116.074,0.557,50.0052,72.7073
289.286,87.9888,116.074,0.557,50.0473,72.7073
289.536,92.0013,116.074,0.557,50.0507,72.7073
289.786,91.998,116.074,0.557,50.0209,72.7073
290.036,84.0077,116.074,0.557,50.0508,72.7074
290.286,83.9786,116.074,0.557,50.0223,72.7318
290.536,88.0323,116.074,0.559,50.0728,72.8012
290.786,91.9842,116.074,0.562,50.0605,72.8763
291.036,76.007,116.074,0.56,50.0549,72.9461
291.286,87.9931,116.074,0.558,50.0048,73.0031
291.536,88.0067,116.074,0.557,50.0164,73.022
291.786,92.0017,116.074,0.561,50.0277,73.0232
292.036,95.9994,116.074,0.564,50.0541,73.0241
292.286,87.9879,116.074,0.564,50.0326,73.0253
292.536,84.0223,116.074,0.564,49.9848,73.0265
292.886,88.5574,116.074,0.557,50.0249,73.0291
293.136,79.9936,116.074,0.557,49.9665,73.0301
293.386,96.0283,116.074,0.557,50.0242,73.0311
293.636,91.984,116.074,0.557,49.9885,73.0335
293.886,95.9951,116.074,0.561,50.0284,73.0369
294.136,91.9917,116.074,0.564,49.9871,73.0415
294.386,92.0066,116.074,0.543,50.0252,73.079
294.636,84.005,116.074,0.528,50.0408,73.1308
294.886,91.9966,116.074,0.512,50.0086,73.194
295.136,92.0088,116.074,0.509,49.999,73.2536
295.386,92.0175,116.074,0.506,50.054,73.3224
295.636,95.966,116.074,0.506,49.9769,73.3957
295.886,95.9821,116.074,0.511,50.0166,73.4669
296.136,84.0299,116.074,0.513,50.01,73.5417
296.386,91.9874,116.074,0.521,50.0104,73.6138
296.636,88.0148,116.074,0.524,50.091,73.6857
296.886,91.9932,116.074,0.527,50.1013,73.7632
297.136,99.9866,116.074,0.529,49.9926,73.8347
297.386,96.0127,116.074,0.533,50.0961,73.9013
297.636,88.0001,116.074,0.532,49.9573,73.9733
297.886,95.9932,116.074,0.529,50.0522,74.0366
298.136,92.0157,116.074,0.532,49.9713,74.1063
298.386,87.987,116.074,0.54,50.1015,74.1782
298.636,92.0189,116.074,0.542,50.0027,74.2477
298.886,91.9797,116.074,0.542,50.0154,74.3183
299.136,88.0066,116.074,0.547,50.0052,74.3833
299.386,95.9929,116.074,0.556,50.0069,74.4443
299.636,100.009,116.074,0.546,49.9791,74.5092
299.886,99.9941,116.074,0.484,50.0437,74.5691
300.136,92.0069,116.074,0.45,50.0118,74.6388
300.386,91.9906,116.074,0.396,50.0388,74.7071
300.636,92.0112,116.074,0.356,50.0168,74.7768
300.886,99.9774,116.074,0.321,50.0184,74.8517
301.136,88.0284,116.074,0.298,50.0129,74.9221
301.386,100.005,116.074,0.295,50.0016,74.9929
301.636,95.9919,116.074,0.296,50.0461,75.0594
301.887,99.8278,116.074,0.299,50.0569,75.1254
302.136,88.1421,116.074,0.304,49.9951,75.1964
302.386,95.9918,116.074,0.327,49.9978,75.2681
302.636,88.0102,116.074,0.359,50.0827,75.3375
302.886,91.9797,116.074,0.406,50.0931,75.4118
303.136,84.0102,116.074,0.44,50.1053,75.487
303.386,88.0136,116.074,0.473,50.0306,75.5583
303.636,99.9758,116.074,0.471,50.0066,75.6343
303.886,92.0205,116.074,0.469,49.991,75.7046
304.136,87.9949,116.074,0.457,50.0739,75.7818
304.386,87.9909,116.074,0.434,50.0041,75.8549
304.636,84.0213,116.074,0.428,50.0726,75.9259
304.886,87.979,116.074,0.43,50.0281,76.0027
305.136,88.0083,116.074,0.437,50.0093,76.0731
305.387,87.9566,116.074,0.443,50.0336,76.1491
305.636,84.0426,116.074,0.445,50.015,76.2235
305.886,95.9966,116.074,0.446,50.0214,76.2966
306.136,96.0017,116.074,0.446,49.974,76.3723
306.386,91.994,116.074,0.447,50.0713,76.4482
306.636,96.0052,116.074,0.447,49.9693,76.5195
306.886,96.0004,116.074,0.447,50.043,76.5961
307.136,96.0008,116.074,0.447,50.014,76.671
307.386,91.9832,116.074,0.447,50.0438,76.7427
307.637,103.761,116.074,0.443,50.0047,76.82
307.887,95.9155,116.074,0.444,50.0433,76.8899
308.136,96.3175,116.074,0.458,49.9705,76.9679
308.386,99.9978,116.074,0.478,50.1865,77.0427
308.636,87.9973,116.074,0.48,50.0123,77.1146
308.887,111.971,116.074,0.481,49.9707,77.1915
309.088,89.4566,116.074,0.482,49.957,77.2484
309.336,104.527,116.074,0.484,50.0519,77.3269
309.586,96.0091,116.074,0.457,50.0513,77.4022
309.837,95.9283,116.074,0.439,50.0518,77.4733
310.088,103.507,116.074,0.436,50.0575,77.5491
310.337,120.526,116.074,0.447,47.618,77.6195
310.539,98.7125,116.074,0.45,47.6938,77.6825
310.79,135.643,116.074,0.455,46.588,77.757
311.037,133.815,116.074,0.458,47.6449,77.824
311.288,147.352,116.074,0.46,42.5934,77.888
311.538,127.713,116.074,0.466,44.3112,77.9476
311.739,134.321,116.074,0.479,42.7484,77.9931
311.987,120.864,116.074,0.498,43.2769,78.0506
312.236,124.529,116.074,0.526,41.1643,78.1062
312.486,127.988,116.074,0.514,44.0714,78.167
312.687,134.636,116.074,0.488,43.0894,78.2112
312.936,112.229,116.074,0.443,43.5233,78.2749
313.137,144.28,116.074,0.412,42.2603,78.3122
313.386,116.497,116.074,0.372,40.0329,78.385
313.637,111.955,116.074,0.362,40.3099,78.447
313.887,107.976,116.074,0.358,40.9939,78.5074
314.136,128.059,116.074,0.361,41.8395,78.5743
314.387,123.887,116.074,0.369,46.3673,78.6419
314.636,136.135,116.074,0.377,46.4601,78.708
314.886,99.9956,116.074,0.403,47.864,78.7834
315.136,96.0166,116.074,0.417,47.8652,78.8525
315.386,83.972,116.074,0.432,47.9724,78.9182
315.636,92.0289,116.074,0.439,49.8575,78.989
315.886,91.9822,116.074,0.449,50.0089,79.0563
316.136,88.0176,116.074,0.454,50.0077,79.1315
316.386,99.9882,116.074,0.453,50.0747,79.2064
316.636,84.0135,116.074,0.451,49.9871,79.2787
316.886,95.982,116.074,0.449,49.9856,79.353
317.136,88.0139,116.074,0.449,50.0767,79.4252
317.386,95.988,116.074,0.449,49.9805,79.5001
317.636,88.0134,116.074,0.449,49.9688,79.5744
317.886,87.9665,116.074,0.449,50.0638,79.6444
318.136,84.0293,116.074,0.448,50.0084,79.7202
318.386,103.973,116.074,0.45,50.0854,79.7947
318.636,84.0246,116.074,0.454,49.9838,79.8644
318.886,91.9848,116.074,0.458,50.0526,79.9404
319.136,88.0173,116.074,0.459,50.0386,80.0144
319.386,87.9836,116.074,0.459,50.042,80.0864
319.636,88.0167,116.074,0.459,50.0207,80.1625
319.886,83.9819,116.074,0.457,50.0349,80.2285
320.136,92.0083,116.074,0.436,50.0346,80.3026
320.386,103.971,116.074,0.437,50.0227,80.3733
320.636,96.0321,116.074,0.434,49.9059,80.4437
320.886,91.9801,116.074,0.438,50.0588,80.5194
321.136,96.0235,116.074,0.456,50.028,80.586
321.386,87.9862,116.074,0.491,50.0981,80.6555
321.636,92.0116,116.074,0.521,50.0506,80.7302
321.887,95.9551,116.074,0.495,50.0571,80.8013
322.136,88.0454,116.074,0.463,49.9739,80.8784
322.386,91.9861,116.074,0.426,50.0658,80.9525
322.636,96.0122,116.074,0.411,50.0141,81.0242
322.886,95.9736,116.074,0.402,50.0603,81.1009
323.136,92.0316,116.074,0.406,49.8842,81.1732
323.386,91.9806,116.074,0.414,50.0041,81.2404
323.636,84.0251,116.074,0.421,49.9425,81.3165
323.887,87.9439,116.074,0.424,50.1301,81.3858
324.137,88.0039,116.074,0.408,49.9612,81.4635
324.386,92.0127,116.074,0.383,50.0337,81.5351
324.636,84.0205,116.074,0.363,49.974,81.6057
324.887,87.959,116.074,0.362,50.0613,81.6813
325.136,84.0537,116.074,0.361,50.1055,81.7509
325.386,99.9655,116.074,0.357,50.0519,81.8236
325.636,88.03,116.074,0.353,50.0039,81.9015
325.886,87.9661,116.074,0.351,50.006,81.9731
326.136,84.0337,116.074,0.342,50.0191,82.051
326.386,91.9726,116.074,0.339,50.0374,82.1264
326.636,88.0192,116.074,0.335,50.0219,82.1977
326.886,119.986,116.074,0.329,48.7584,82.2755
327.136,84.0163,116.074,0.324,48.0197,82.3501
327.386,87.9773,116.074,0.325,48.0658,82.4158
327.636,108.023,116.074,0.338,47.9844,82.4896
327.886,103.967,116.074,0.343,49.2513,82.5589
328.136,91.9913,116.074,0.364,49.9837,82.63
328.386,92.0167,116.074,0.395,50.0144,82.6942
328.636,96.0218,116.074,0.445,50.0265,82.7523
328.886,95.9798,116.074,0.474,50.0297,82.8119
329.088,99.3812,116.074,0.493,50.0536,82.8549
329.336,108.559,116.074,0.526,50.012,82.9149
329.586,107.976,116.074,0.541,50.0286,82.9698
329.836,99.9969,116.074,0.568,49.998,83.0243
330.086,104.005,116.074,0.586,50.0395,83.0845
330.336,100.026,116.074,0.567,49.9719,83.1414
330.586,99.9797,116.074,0.552,50.0378,83.1978
330.836,96.0095,116.074,0.532,49.9348,83.2611
331.087,99.9596,116.074,0.526,50.012,83.3294
331.336,100.032,116.074,0.521,50.0113,83.3915
331.586,99.9946,116.074,0.525,50.0011,83.4603
331.836,104.001,116.074,0.531,50.0087,83.5298
332.086,92.0031,116.074,0.539,50.0443,83.602
332.336,92.004,116.074,0.547,49.969,83.6701
332.586,91.9832,116.074,0.551,50.0163,83.7419
332.836,96.0271,116.074,0.556,50.0143,83.8171
333.086,91.9867,116.074,0.564,49.9738,83.8838
333.336,88.0114,116.074,0.578,49.9977,83.9554
333.587,95.9249,116.074,0.576,50.0355,84.0204
333.836,96.077,116.074,0.577,49.9681,84.0803
334.086,99.9811,116.074,0.582,49.9956,84.1375
334.336,92.0101,116.074,0.595,49.9604,84.1622
334.586,87.9789,116.074,0.593,50.1451,84.1636
334.836,96.0172,116.074,0.592,49.9306,84.1656
335.086,91.992,116.074,0.591,50.0332,84.1673
335.336,100.01,116.074,0.587,49.9336,84.1693
335.586,91.9818,116.074,0.589,49.98,84.1702
335.836,96.0304,116.074,0.584,50.0117,84.1722
336.087,91.9533,116.074,0.586,50.0866,84.1756
336.337,96.0013,116.074,0.592,49.8381,84.1805
336.586,92.0317,116.074,0.591,49.9681,84.1843
336.836,92.0159,116.074,0.592,49.9226,84.1878
337.086,87.9882,116.074,0.602,50.0792,84.2248
337.336,88.0011,116.074,0.614,50.0023,84.2854
337.586,91.9912,116.074,0.599,50.017,84.3497
337.836,84.0103,116.074,0.559,49.9554,84.4086
338.086,95.9917,116.074,0.548,50.0345,84.4808
338.336,100.007,116.074,0.547,50.0006,84.5493
338.586,95.9889,116.074,0.547,50.0123,84.6195
338.836,100.002,116.074,0.555,49.8729,84.6923
339.086,91.9857,116.074,0.559,49.9798,84.7601
339.336,92.036,116.074,0.567,49.9004,84.8384
339.586,87.9841,116.074,0.569,49.9727,84.9105
339.836,88.0021,116.074,0.565,49.9726,84.9818
340.086,95.9927,116.074,0.57,50.0614,85.0564
340.336,92.0102,116.074,0.571,49.9939,85.1285
340.586,91.9916,116.074,0.57,50.0523,85.199
340.836,100.007,116.074,0.573,49.9936,85.2636
341.086,103.997,116.074,0.577,50.0136,85.3218
341.336,100.002,116.074,0.591,49.9151,85.3791
341.586,99.9938,116.074,0.61,50.0278,85.4296
341.836,100.003,116.074,0.619,49.931,85.4799
342.086,103.998,116.074,0.58,50.062,85.5364
342.336,108.007,116.074,0.514,50.0026,85.5861
342.586,103.99,116.074,0.479,49.9579,85.6414
342.836,95.9831,116.074,0.413,49.9909,85.7059
343.086,96.0221,116.074,0.371,49.9978,85.7699
343.336,92.0002,116.074,0.325,49.9635,85.8387
343.586,95.9986,116.074,0.303,49.9957,85.9133
343.836,88.0083,116.074,0.284,50.0116,85.9848
344.086,95.9798,116.074,0.279,50.0033,86.0581
344.336,92.0032,116.074,0.292,50.0012,86.13
344.586,108.01,116.074,0.31,49.9579,86.2032
344.836,88.0015,116.074,0.348,49.9907,86.2781
345.086,87.9995,116.074,0.367,50.0039,86.3482
345.336,91.9995,116.074,0.369,49.9617,86.4245
345.586,87.9952,116.074,0.371,50.0239,86.4946
345.836,87.9879,116.074,0.378,50.0146,86.5645
346.086,88.0133,116.074,0.381,50.045,86.642
346.336,84.0045,116.074,0.385,50.0095,86.7141
346.586,91.9909,116.074,0.391,50.0185,86.7878
346.836,92.0142,116.074,0.399,49.8368,86.864
347.086,87.9837,116.074,0.415,49.9032,86.9349
347.336,88.011,116.074,0.433,49.9821,87.0128
347.586,91.9925,116.074,0.433,50.0209,87.0876
347.836,92.0094,116.074,0.433,49.9722,87.1561
348.086,87.9938,116.074,0.433,50.0504,87.2323
348.336,88.007,116.074,0.436,49.9992,87.3034
348.587,95.954,116.074,0.441,50.0429,87.3746
348.836,92.0388,116.074,0.444,50.0173,87.4476
349.086,95.9882,116.074,0.448,50.0295,87.5133
349.336,84.0133,116.074,0.461,49.9891,87.59
349.586,91.9909,116.074,0.468,50.0217,87.6569
349.836,96.0224,116.074,0.484,49.995,87.7272
350.086,99.959,116.074,0.49,50.0224,87.802
350.337,99.982,116.074,0.495,50.0186,87.8707
350.586,96.0259,116.074,0.496,49.938,87.9396
350.836,88.0055,116.074,0.468,49.9933,88.0111
351.086,88.0007,116.074,0.461,50.0387,88.0775
351.336,88.0187,116.074,0.458,50.0844,88.1546
351.586,91.9809,116.074,0.462,49.9543,88.2262
351.836,92.0249,116.074,0.449,50.0032,88.2966
352.086,87.9778,116.074,0.447,50.0657,88.3696
352.336,96.0164,116.074,0.438,50.0021,88.436
352.587,95.96,116.074,0.438,49.9686,88.5032
352.836,92.0313,116.074,0.44,49.9814,88.5805
353.086,87.9954,116.074,0.443,49.9929,88.6524
353.336,92.0135,116.074,0.446,50.0027,88.7287
353.586,87.9853,116.074,0.449,49.9919,88.7999
353.836,84.0149,116.074,0.456,50.0195,88.87
354.086,87.985,116.074,0.458,50.0375,88.9468
354.336,87.9985,116.074,0.46,49.9946,89.0182
354.587,91.9532,116.074,0.462,50.0226,89.0916
354.836,88.0556,116.074,0.469,49.9714,89.168
355.086,87.9853,116.074,0.472,49.9731,89.2376
355.336,80.0162,116.074,0.474,50.0288,89.3146
355.586,91.9861,116.074,0.474,50.0104,89.3902
355.836,80.0159,116.074,0.475,50.0028,89.4588
356.086,91.9754,116.074,0.475,49.9946,89.5364
356.336,92.0099,116.074,0.47,49.9699,89.6058
356.586,91.9968,116.074,0.468,49.9837,89.6791
356.836,88.0134,116.074,0.464,49.9776,89.7558
357.086,91.9899,116.074,0.465,50.0279,89.825
357.336,92.0011,116.074,0.469,50.0265,89.8976
357.586,99.9964,116.074,0.471,50.0621,89.965
357.836,104.001,116.074,0.474,49.9204,90.0355
358.086,103.98,116.074,0.48,49.963,90.1049
358.336,88.0296,116.074,0.49,49.9759,90.1586
358.586,91.9848,116.074,0.491,50.0411,90.187
358.836,92.0014,116.074,0.49,50.0127,90.1886
359.086,96.0008,116.074,0.49,50.0745,90.1898
359.336,96.0111,116.074,0.487,49.9814,90.1908
359.586,95.9856,116.074,0.483,49.9878,90.1918
359.836,96.0079,116.074,0.48,50.0489,90.1931
360.136,110.006,116.074,0.483,49.9386,90.1954
360.386,91.9771,116.074,0.486,50.016,90.1963
360.636,96.0288,116.074,0.484,50.0006,90.1971
360.886,95.9826,116.074,0.482,50.0395,90.1982
361.136,92.0031,116.074,0.485,50.0307,90.1997
361.386,91.9865,116.074,0.485,50.1051,90.201
361.636,92.0228,116.074,0.486,49.9992,90.2166
361.886,95.9677,116.074,0.503,50.0189,90.267
362.136,96.0094,116.074,0.477,50.0086,90.3263
362.386,100.002,116.074,0.457,49.9994,90.3839
362.636,96.0129,116.074,0.448,49.9886,90.449
362.887,103.949,116.074,0.449,50.0371,90.5177
363.136,96.0536,116.074,0.449,49.9881,90.5859
363.386,95.97,116.074,0.453,49.9951,90.6605
363.636,88.0258,116.074,0.458,50.0365,90.7374
363.886,91.988,116.074,0.459,50.1305,90.8079
364.136,88.0127,116.074,0.453,50.0135,90.8818
364.386,91.9837,116.074,0.461,49.97,90.9516
364.636,88.0142,116.074,0.461,50.0459,91.027
364.886,91.9911,116.074,0.461,50.0419,91.1033
365.136,96.0145,116.074,0.457,49.9513,91.174
365.386,87.9745,116.074,0.453,50.0053,91.2461
365.636,84.0249,116.074,0.45,50.0164,91.3204
365.887,87.9483,116.074,0.449,50.023,91.3915
366.136,88.0526,116.074,0.448,49.9908,91.4668
366.386,87.9808,116.074,0.448,49.9708,91.5374
366.636,92.0154,116.074,0.448,49.9717,91.6127
366.886,95.9683,116.074,0.448,50.0203,91.6868
367.136,88.0253,116.074,0.452,50.0106,91.7621
367.386,87.9926,116.074,0.455,50.0171,91.8329
367.636,84.0148,116.074,0.459,50.0311,91.9104
367.887,91.893,116.074,0.46,50.0167,91.9809
368.136,88.099,116.074,0.461,49.9614,92.0571
368.386,91.9745,116.074,0.461,49.9882,92.1221
368.636,84.0141,116.074,0.448,50.0017,92.1953
368.886,87.9979,116.074,0.437,50.0355,92.2676
369.136,92.0068,116.074,0.436,49.9945,92.333
369.386,107.979,116.074,0.436,49.9884,92.3966
369.636,88.0221,116.074,0.435,49.992,92.4604
369.886,91.9834,116.074,0.434,49.9629,92.5183
370.136,92.0097,116.074,0.434,49.9751,92.5782
370.386,95.9935,116.074,0.428,49.9761,92.6312
370.637,103.971,116.074,0.421,49.9811,92.685
370.886,92.0248,116.074,0.417,50.0001,92.7424
371.136,96.0147,116.074,0.398,49.981,92.7992
371.386,107.983,116.074,0.36,50.0067,92.8592
371.636,92.002,116.074,0.317,50.0054,92.9266
371.886,95.9945,116.074,0.302,50.0186,92.993
372.136,96.0144,116.074,0.302,50.0002,93.0693
372.387,87.9665,116.074,0.309,50.0951,93.1395
372.636,88.043,116.074,0.32,50.0017,93.2139
372.886,92.0074,116.074,0.335,49.9944,93.2816
373.136,99.9789,116.074,0.347,49.9672,93.3455
373.386,95.9873,116.074,0.369,49.9908,93.411
373.636,100.001,116.074,0.4,49.9621,93.4789
373.886,100.033,116.074,0.44,49.9524,93.5403
374.136,95.9912,116.074,0.479,49.8631,93.6078
374.386,88.0068,116.074,0.53,50.046,93.6759
374.636,95.9742,116.074,0.568,50.0938,93.7484
374.886,100.013,116.074,0.633,50.0297,93.8256
375.136,92.0076,116.074,0.691,50.0192,93.8937
375.386,92.0052,116.074,0.743,50.0463,93.9552
375.636,95.9789,116.074,0.784,49.9617,94.0155
375.886,103.996,116.074,0.825,49.9749,94.0714
376.136,96.0109,116.074,0.853,49.9167,94.1282
376.387,91.9534,116.074,0.879,50.0294,94.181
376.636,92.0565,116.074,0.895,49.994,94.2422
376.886,95.9754,116.074,0.912,50.0636,94.3092
377.136,91.9965,116.074,0.92,50.0327,94.3762
377.386,92.0082,116.074,0.927,50.0408,94.4482
377.636,92.0042,116.074,0.911,49.9956,94.5169
377.886,103.971,116.074,0.891,49.9907,94.58
378.136,92.0289,116.074,0.879,49.9915,94.6505
378.387,91.9647,116.074,0.871,50.0642,94.7159
378.636,84.0346,116.074,0.87,49.9838,94.788
378.886,91.977,116.074,0.869,50.0965,94.8642
379.136,88.0227,116.074,0.87,49.9964,94.9306
379.386,87.9896,116.074,0.867,50.068,94.9945
379.636,96.0061,116.074,0.862,50.0275,95.0544
379.886,95.9896,116.074,0.821,50.0463,95.1116
380.136,95.9945,116.074,0.784,49.8947,95.175
380.387,95.9823,116.074,0.72,49.9921,95.2357
380.636,92.0442,116.074,0.68,49.9563,95.3013
380.886,91.9636,116.074,0.605,50.016,95.3752
381.136,84.0299,116.074,0.563,50.0919,95.4451
381.386,99.9759,116.074,0.5,50.0612,95.5134
381.636,92.0243,116.074,0.466,50.0187,95.5789
381.887,91.9535,116.074,0.41,50.0345,95.6329
382.136,88.0398,116.074,0.394,49.9681,95.6609
382.386,95.9754,116.074,0.391,50.0096,95.6617
382.636,92.0215,116.074,0.384,50.0086,95.6626
382.887,95.9554,116.074,0.383,50.0308,95.6642
383.136,88.0475,116.074,0.38,50.0176,95.6649
383.386,91.9819,116.074,0.369,50.0458,95.6663
383.636,88.0185,116.074,0.369,49.9798,95.6671
383.886,91.9838,116.074,0.364,49.967,95.6685
384.136,87.9967,116.074,0.363,49.9833,95.6699
384.386,99.9769,116.074,0.358,49.9983,95.6708
384.636,96.0372,116.074,0.351,49.9158,95.672
384.886,83.9763,116.074,0.35,50.0738,95.6739
385.136,84.0293,116.074,0.353,50.0268,95.698
385.386,87.9767,116.074,0.42,50.0474,95.7601
385.636,88.0162,116.074,0.476,49.9628,95.8209
385.886,87.978,116.074,0.506,49.9828,95.8782
386.136,88.023,116.074,0.526,49.9695,95.9383
386.386,91.974,116.074,0.576,50.0249,96.0004
386.636,96.0188,116.074,0.611,50.0123,96.0693
386.886,95.9927,116.074,0.671,50.0664,96.1437
387.136,91.997,116.074,0.716,50.0089,96.2123
387.386,92.003,116.074,0.771,50.0023,96.2809
387.636,92.004,116.074,0.807,49.972,96.3398
387.886,91.9945,116.074,0.847,50.0068,96.3998
388.136,88.0139,116.074,0.859,49.9623,96.4611
388.386,91.9855,116.074,0.879,50.0691,96.5196
388.636,88.0126,116.074,0.89,49.9454,96.5845
388.886,87.9864,116.074,0.897,50.0189,96.6564
389.136,88.0212,116.074,0.898,50.0233,96.7241
389.386,87.9787,116.074,0.898,50.0248,96.7987
389.636,96.0058,116.074,0.89,50.0175,96.8692
389.886,99.9978,116.074,0.885,49.9956,96.9355
390.136,92.0118,116.074,0.881,49.9669,97.0068
390.386,91.9786,116.074,0.845,50.0009,97.0738
390.636,92.0228,116.074,0.824,50.0108,97.1483
390.886,87.9885,116.074,0.799,50.157,97.2238
391.136,92.0145,116.074,0.792,50.0216,97.2871
391.386,91.9715,116.074,0.77,49.9951,97.3488
391.636,96.0227,116.074,0.757,49.9742,97.4115
391.886,99.982,116.074,0.735,50.0056,97.469
392.136,92.0206,116.074,0.685,49.8513,97.5333
392.386,95.983,116.074,0.621,49.9946,97.5937
392.636,92.0142,116.074,0.578,49.929,97.6607
392.886,99.9855,116.074,0.526,49.997,97.7348
393.136,88.0076,116.074,0.494,50.0116,97.8059
393.386,95.9959,116.074,0.457,50.0417,97.8721
393.636,96.013,116.074,0.433,50.0176,97.9375
393.886,95.9843,116.074,0.404,49.9884,97.9962
394.136,99.9987,116.074,0.384,49.9997,98.0584
394.386,96.0088,116.074,0.362,49.9163,98.119
394.636,88.0127,116.074,0.346,50.0263,98.1851
394.886,83.9842,116.074,0.323,50.0011,98.255
395.087,104.745,116.074,0.318,49.8957,98.3087
395.336,88.1806,116.074,0.307,49.9526,98.3837
395.587,95.943,116.074,0.321,49.9423,98.4525
395.836,88.0527,116.074,0.336,49.9923,98.5194
396.086,99.9871,116.074,0.376,49.9909,98.5849
396.336,92.0191,116.074,0.411,50.0453,98.6401
396.586,107.969,116.074,0.471,49.9759,98.6973
396.836,88.0142,116.074,0.496,49.9999,98.7531
397.087,95.9654,116.074,0.512,49.9867,98.8045
397.336,96.0426,116.074,0.505,49.9788,98.8629
397.586,95.9691,116.074,0.475,49.9667,98.9134
397.836,96.0234,116.074,0.448,49.99,98.9707
398.086,95.9946,116.074,0.434,49.9526,99.0329
398.336,96.0142,116.074,0.434,50.0355,99.0955
398.586,107.973,116.074,0.439,50.0221,99.1632
398.836,88.018,116.074,0.443,50.0278,99.232
399.086,95.9895,116.074,0.453,49.9195,99.3017
399.336,96.0317,116.074,0.462,50.0034,99.3698
399.586,83.9541,116.074,0.462,50.0208,99.4332
399.836,84.0282,116.074,0.447,49.994,99.5054
400.086,91.9859,116.074,0.408,50.0121,99.5778
400.336,96.013,116.074,0.389,50.0106,99.6499
400.586,95.9771,116.074,0.384,49.975,99.7233
400.836,88.0278,116.074,0.384,49.9998,99.7966
401.087,87.8371,116.074,0.383,49.9722,99.8669
401.336,88.1551,116.074,0.378,49.9882,99.9422
401.587,87.9573,116.074,0.374,49.9756,100.014
401.836,88.0389,116.074,0.373,50.0277,100.091
402.086,91.9919,116.074,0.367,50.0328,100.165
402.336,84.0186,116.074,0.359,50.0766,100.236
402.586,91.9822,116.074,0.336,49.9755,100.31
402.836,92.008,116.074,0.335,50.0325,100.387
403.086,99.9872,116.074,0.323,49.9974,100.458
403.336,96.0131,116.074,0.319,49.9818,100.532
403.586,91.9778,116.074,0.323,50.0198,100.603
403.836,96.0246,116.074,0.35,49.9722,100.674
404.086,95.9859,116.074,0.384,49.9844,100.747
404.336,92.0202,116.074,0.411,50.0017,100.809
404.586,107.975,116.074,0.456,50.0436,100.87
404.836,100.016,116.074,0.477,50.0285,100.93
405.086,107.969,116.074,0.518,50.0356,100.984
405.336,100.034,116.074,0.542,50.0114,101.04
405.586,95.9845,116.074,0.563,50.0214,101.094
405.836,100.001,116.078,0.567,50.0891,101.154
406.087,107.913,116.078,0.553,49.567,101.216
406.336,116.111,116.078,0.526,47.9859,101.276
406.586,111.986,116.078,0.505,48.0346,101.337
406.836,104.006,116.078,0.501,48.0383,101.396
407.086,107.984,116.078,0.519,48.415,101.467
407.336,112.025,116.078,0.549,49.9793,101.535
407.587,95.9076,116.078,0.57,50.003,101.602
407.836,104.098,116.078,0.574,49.9991,101.676
408.087,95.958,116.078,0.592,50.0723,101.75
408.336,104.046,116.078,0.616,49.9659,101.816
408.586,99.9866,116.078,0.648,50.2178,101.89
408.837,99.9322,116.078,0.672,50.0042,101.954
409.086,128.083,116.078,0.708,48.0476,102.019
409.337,103.961,116.078,0.724,48.0321,102.08
409.587,112.014,116.078,0.76,48.0445,102.138
409.836,100.038,116.078,0.785,47.9981,102.199
410.086,95.9854,116.078,0.832,49.9664,102.26
410.336,100.005,116.078,0.838,50.037,102.32
410.586,107.998,116.078,0.848,50.0637,102.385
410.836,100.01,116.078,0.831,49.9634,102.448
411.086,115.966,116.078,0.798,50.0161,102.509
411.336,104.038,116.078,0.78,49.9733,102.576
411.586,99.9774,116.078,0.764,50.0261,102.643
411.836,100.027,116.078,0.751,50.049,102.713
412.086,99.9745,116.078,0.74,50.0395,102.784
412.336,104.007,116.078,0.73,50.0151,102.854
412.586,99.9993,116.078,0.729,50.0541,102.93
412.836,108.017,116.078,0.729,49.9368,103
413.086,115.969,116.078,0.739,49.9998,103.075
413.336,100.014,116.078,0.746,49.9573,103.148
413.586,99.9897,116.078,0.759,50.0032,103.218
413.836,92.0229,116.078,0.775,49.9654,103.289
414.086,107.979,116.078,0.784,49.9892,103.364
414.336,100.006,116.078,0.74,50.08,103.433
414.587,111.969,116.078,0.677,50.0308,103.499
414.836,108.046,116.078,0.643,50.0564,103.562
415.086,107.986,116.078,0.608,50.0536,103.629
415.336,92.0096,116.078,0.599,50.0673,103.697
415.586,103.996,116.078,0.589,50.0236,103.76
415.836,99.9885,116.078,0.603,49.9689,103.824
416.086,103.997,116.078,0.623,49.9854,103.893
416.336,108.019,116.078,0.649,50.0303,103.957
416.586,103.965,116.078,0.703,50.0284,104.024
416.836,116.003,116.078,0.737,50.0357,104.079
417.086,100.009,116.078,0.786,50.03,104.141
417.336,104.005,116.078,0.831,49.9783,104.206
417.587,99.9471,116.078,0.904,50.0154,104.271
417.836,96.0631,116.078,0.96,50.0061,104.345
418.086,107.989,116.078,0.977,49.9891,104.415
418.336,104.01,116.078,0.996,50.0379,104.483
418.586,115.964,116.078,1.016,50.0388,104.55
418.836,100.019,116.078,1.044,49.9413,104.62
419.086,107.98,116.078,1.077,49.978,104.693
419.336,100.036,116.078,1.101,49.9554,104.768
419.586,99.9812,116.078,1.128,50.0577,104.838
419.836,100.019,116.078,1.146,49.9766,104.906
420.086,107.966,116.078,1.163,50.0344,104.975
420.336,104.01,116.078,1.178,50.0382,105.045
420.586,108.012,116.078,1.198,49.9615,105.119
420.836,96.0083,116.078,1.206,49.9913,105.186
421.086,103.988,116.078,1.228,49.9595,105.26
421.336,96.0558,116.078,1.253,50.0826,105.333
421.586,99.9437,116.078,1.272,49.9899,105.404
421.836,108.017,116.078,1.299,49.9804,105.478
422.086,111.957,116.078,1.327,50.0147,105.551
422.336,108.049,116.078,1.352,49.9207,105.621
422.586,103.971,116.078,1.38,50.0043,105.69
422.836,100.032,116.078,1.399,50.0353,105.755
423.086,99.9568,116.078,1.404,49.9936,105.825
423.336,100.01,116.078,1.389,50.018,105.891
423.586,100.003,116.078,1.384,49.9943,105.946
423.836,108.03,116.078,1.389,49.9809,105.982
424.086,107.953,116.078,1.39,50.0348,105.985
424.336,100.045,116.078,1.394,49.948,105.986
424.586,103.967,116.078,1.4,50.0512,105.987
424.936,97.1552,116.078,1.411,49.9326,105.989
425.186,115.975,116.078,1.412,50.0088,105.99
425.436,120.011,116.078,1.413,49.9506,105.991
425.686,103.993,116.078,1.415,50.0461,105.993
425.936,96.0321,116.078,1.414,49.9502,105.997
426.186,107.964,116.078,1.415,50.0238,106.001
426.436,100.016,116.078,1.409,50.0531,106.004
426.686,103.993,116.078,1.409,49.9574,106.008
426.936,112.024,116.078,1.402,50.0337,106.021
427.187,103.943,116.078,1.385,50.0073,106.068
427.436,108.031,116.078,1.368,50.022,106.123
427.686,103.994,116.078,1.365,50.0006,106.188
427.936,100.025,116.078,1.367,49.9902,106.256
428.186,99.9758,116.078,1.371,50.0236,106.327
428.436,100.017,116.078,1.377,50.0988,106.394
428.686,99.986,116.078,1.384,50.0363,106.46
428.936,104.013,116.078,1.359,49.9576,106.528
429.186,99.9786,116.078,1.336,50.031,106.595
429.437,111.773,116.078,1.304,49.9635,106.668
429.687,120.122,116.078,1.289,49.9986,106.745
429.936,100.122,116.078,1.286,49.9144,106.817
430.186,107.991,116.078,1.264,50.0455,106.887
430.436,100.005,116.078,1.261,49.9928,106.952
430.687,103.951,116.078,1.233,50.1162,107.025
430.936,100.054,116.078,1.168,50.0135,107.1
431.186,107.977,116.078,1.126,49.9897,107.17
431.436,112.029,116.078,1.075,49.9578,107.243
431.686,103.978,116.078,1.039,50.0346,107.318
431.936,100.011,116.078,0.998,49.9654,107.387
432.186,99.9875,116.078,0.987,50.0451,107.461
432.436,100.017,116.078,0.952,50.0138,107.529
432.686,103.969,116.078,0.939,49.9824,107.603
432.936,104.021,116.078,0.933,49.937,107.676
433.187,107.932,116.078,0.93,49.9847,107.738
433.437,115.922,116.078,0.906,49.8339,107.803
433.686,104.135,116.078,0.868,49.9708,107.864
433.936,104.008,116.078,0.818,49.9609,107.935
434.186,103.974,116.078,0.781,50.0688,108.003
434.436,108.026,116.078,0.735,50.0108,108.073
434.686,103.989,116.078,0.707,49.9893,108.15
434.936,108.012,116.078,0.669,49.9435,108.226
435.187,127.951,116.078,0.642,49.9669,108.297
435.436,104.036,116.078,0.625,49.9311,108.373
435.686,103.994,116.078,0.62,49.973,108.441
435.936,92.0179,116.078,0.617,49.9394,108.506
436.186,107.971,116.078,0.623,50.059,108.571
436.436,100,116.078,0.651,49.9259,108.628
436.686,115.999,116.078,0.676,49.9922,108.693
436.936,108.025,116.078,0.717,49.9735,108.758
437.186,99.979,116.078,0.692,50.0546,108.818
437.436,100.008,116.078,0.67,50.0347,108.886
437.686,99.9946,116.078,0.668,50.0421,108.957
437.936,96.014,116.078,0.669,50.0468,109.028
438.186,103.98,116.078,0.678,50.0492,109.103
438.436,96.0127,116.078,0.693,50.0076,109.168
438.686,107.988,116.078,0.711,50.0321,109.242
438.937,111.946,116.078,0.738,49.9901,109.313
439.186,96.0343,116.078,0.757,49.9865,109.379
439.436,100.022,116.078,0.783,49.9466,109.444
439.686,99.9965,116.078,0.797,50.0425,109.506
439.937,99.9743,116.078,0.814,49.9633,109.567
440.186,100.016,116.078,0.822,50.0315,109.62
440.436,116.016,116.078,0.821,50.0089,109.675
440.687,99.9335,116.078,0.818,49.9635,109.737
440.936,112.066,116.078,0.804,49.8214,109.799
441.187,103.895,116.078,0.794,49.9678,109.857
441.436,100.113,116.078,0.76,49.9967,109.917
441.686,103.973,116.078,0.736,49.9904,109.975
441.936,104.024,116.078,0.699,49.9684,110.041
442.186,99.9808,116.078,0.69,50.0479,110.105
442.436,112.02,116.078,0.658,49.9806,110.165
442.687,103.955,116.078,0.642,50.0433,110.231
442.936,108.05,116.078,0.602,49.9583,110.295
443.187,99.9486,116.078,0.573,50.0327,110.362
443.436,104.033,116.078,0.538,49.9902,110.433
443.686,100.002,116.078,0.522,50.0357,110.502
443.936,108.023,116.078,0.499,49.8245,110.576
444.186,99.9888,116.078,0.503,50.1074,110.641
444.436,112.009,116.078,0.503,50.0178,110.703
444.686,115.982,116.078,0.501,50.0186,110.771
444.936,100.009,116.078,0.496,49.9906,110.835
445.186,103.982,116.078,0.492,49.9556,110.894
445.436,104.02,116.078,0.48,49.9842,110.956
445.686,99.9927,116.078,0.47,50.0175,111.016
445.936,112.012,116.078,0.451,49.937,111.078
446.187,107.945,116.078,0.438,50.0149,111.136
446.436,100.055,116.078,0.428,49.9445,111.192
446.686,95.9792,116.078,0.398,50.0318,111.257
446.936,96.0196,116.078,0.35,49.9839,111.323
447.186,99.9879,116.078,0.317,50.178,111.384
447.436,96.0227,116.078,0.294,49.9488,111.45
447.686,91.9816,116.078,0.297,50.0058,111.522
447.936,96.003,116.078,0.311,49.9613,111.597
448.186,95.976,116.078,0.317,50.0161,111.668
448.436,96.0276,116.078,0.328,50.0065,111.737
448.686,87.9928,116.078,0.337,49.9918,111.813
448.936,91.999,116.078,0.351,49.9734,111.889
449.186,96.0062,116.078,0.358,50.0361,111.96
449.436,84.0085,116.078,0.365,49.997,112.033
449.686,95.9838,116.078,0.368,50.0056,112.102
449.936,92.0087,116.078,0.375,50.0409,112.178
450.186,91.9904,116.078,0.379,50.0309,112.252
450.436,88.0177,116.078,0.403,50.0133,112.323
450.686,87.9778,116.078,0.419,50.0537,112.4
450.936,88.02,116.078,0.448,49.9729,112.478
451.186,87.9819,116.078,0.448,50.0237,112.547
451.436,88.0096,116.078,0.448,49.9583,112.623
451.686,83.9944,116.078,0.448,50.0624,112.693
451.936,91.9922,116.078,0.448,50.0192,112.761
452.186,96.0092,116.078,0.448,50.0571,112.832
452.436,99.9923,116.078,0.455,49.9839,112.901
452.686,100.005,116.078,0.463,50.0011,112.978
452.936,88.0015,116.078,0.476,49.9998,113.053
453.186,92.0056,116.078,0.484,49.9764,113.12
453.436,92.0067,116.078,0.493,50.0551,113.19
453.686,95.9695,116.078,0.495,49.9877,113.258
453.936,92.0201,116.078,0.497,49.9206,113.331
454.186,107.992,116.078,0.479,50.0336,113.403
454.436,88.0004,116.078,0.461,50.0122,113.471
454.686,95.9995,116.078,0.456,50.038,113.544
454.936,96.0227,116.078,0.462,49.8987,113.62
455.186,91.9873,116.078,0.449,49.9869,113.687
455.436,88.0025,116.078,0.448,49.9506,113.757
455.686,111.985,116.078,0.444,49.9701,113.825
455.936,92.0121,116.078,0.439,50.0369,113.9
456.186,91.9933,116.078,0.437,50.0258,113.967
456.436,84.0068,116.078,0.441,49.9889,114.035
456.686,91.9938,116.078,0.444,50.0543,114.112
456.936,88.0016,116.078,0.451,49.9878,114.185
457.186,83.9936,116.078,0.455,49.9888,114.255
457.437,95.865,116.078,0.458,49.9269,114.329
457.686,96.1417,116.078,0.46,49.993,114.401
457.936,80,116.078,0.465,50.0104,114.478
458.186,91.9783,116.078,0.468,50.0325,114.554
458.436,88.0213,116.078,0.473,50.0777,114.621
458.686,87.9827,116.078,0.472,49.9982,114.695
458.936,92.02,116.078,0.469,50.0425,114.772
459.186,91.9876,116.078,0.466,50.0242,114.843
459.436,92.0017,116.078,0.465,50.0328,114.918
459.686,88.0015,116.078,0.466,49.949,114.99
459.936,84.006,116.078,0.471,50.0016,115.067
460.186,91.9956,116.078,0.473,50.0753,115.142
460.436,88.0035,116.078,0.474,50.0005,115.21
460.686,91.9849,116.078,0.473,50.1123,115.285
460.936,88.0206,116.078,0.468,50.0547,115.356
461.186,95.9871,116.078,0.47,50.0005,115.419
461.436,104.009,116.078,0.473,50.0075,115.485
461.687,95.9677,116.078,0.475,50.0097,115.548
461.936,92.0278,116.078,0.482,49.97,115.612
462.186,100,116.078,0.487,50.0542,115.673
462.436,96.0074,116.078,0.497,50.0341,115.73
462.686,91.9948,116.078,0.506,50.1187,115.79
462.936,92.0173,116.078,0.513,50.0496,115.853
463.187,87.9546,116.078,0.499,50.0223,115.912
463.436,96.0309,116.078,0.464,49.9842,115.974
463.686,99.998,116.078,0.448,49.9992,116.034
463.936,104.012,116.078,0.434,49.9648,116.101
464.186,87.9868,116.078,0.434,50.0686,116.172
464.436,88.015,116.078,0.432,50.0191,116.243
464.686,91.9869,116.078,0.43,50.0605,116.316
464.936,92.0037,116.078,0.432,49.872,116.39
465.186,87.9885,116.078,0.445,50.0042,116.461
465.436,92.0122,116.078,0.46,49.9801,116.536
465.686,103.987,116.078,0.454,49.9429,116.606
465.936,80.0087,116.078,0.441,50.1217,116.679
466.186,87.9783,116.078,0.437,50.0611,116.748
466.436,88.0289,116.078,0.422,50.0252,116.813
466.686,83.9915,116.078,0.417,50.0276,116.885
466.936,88.0115,116.078,0.413,50.0204,116.961
467.186,95.989,116.078,0.421,50.0059,117.031
467.436,95.9948,116.078,0.439,49.9837,117.103
467.686,91.9999,116.078,0.451,49.9853,117.171
467.936,84.0262,116.078,0.458,50.0183,117.244
468.186,87.9744,116.078,0.464,50.0605,117.315
468.436,88.015,116.078,0.47,50.0526,117.385
468.686,87.9852,116.078,0.473,50.0206,117.462
468.936,84.0162,116.078,0.474,49.9851,117.54
469.186,87.9752,116.078,0.473,49.9674,117.612
469.436,91.9941,116.078,0.47,49.9302,117.686
469.686,84.0217,116.078,0.468,50.0205,117.758
469.936,87.999,116.078,0.45,50.001,117.835
470.186,91.9949,116.078,0.451,50.0404,117.909
470.436,100.009,116.078,0.472,50.001,117.982
470.686,83.985,116.078,0.491,50.0057,118.058
470.936,92.0115,116.078,0.493,49.9944,118.134
471.186,87.9872,116.078,0.494,50.0423,118.205
471.436,84.0178,116.078,0.495,49.9651,118.28
471.687,95.9362,116.078,0.466,49.993,118.352
471.936,88.0685,116.078,0.402,49.9947,118.426
472.187,87.9437,116.078,0.37,49.9302,118.498
472.436,88.0429,116.078,0.332,50.0292,118.569
472.686,91.983,116.078,0.318,50.0782,118.647
472.936,80.0164,116.078,0.313,49.9962,118.721
473.186,87.9894,116.078,0.322,50.0393,118.79
473.436,96.0112,116.078,0.34,49.9717,118.857
473.686,87.9825,116.078,0.348,49.9997,118.919
473.937,103.98,116.078,0.367,49.9824,118.99
474.187,103.96,116.078,0.39,49.9754,119.065
474.436,88.0598,116.078,0.421,49.9891,119.134
474.686,96.0095,116.078,0.439,50.0375,119.206
474.936,91.9936,116.078,0.463,50.039,119.277
475.187,91.9508,116.078,0.477,50.2112,119.343
475.436,104.058,116.078,0.491,50.0487,119.412
475.687,95.8617,116.078,0.497,49.9802,119.476
475.889,98.7434,116.078,0.504,50.0028,119.533
476.136,121.487,116.078,0.525,47.8761,119.603
476.386,83.9313,116.078,0.54,47.8943,119.673
476.636,100.045,116.078,0.542,47.8844,119.745
476.886,91.9702,116.078,0.542,47.8786,119.812
477.136,92.0101,116.078,0.549,49.9738,119.884
477.386,87.9785,116.078,0.555,50.0689,119.954
477.636,100.03,116.078,0.558,49.9832,120.023
477.887,87.9236,116.078,0.561,50.0611,120.101
478.136,104.065,116.078,0.562,49.8498,120.173
478.386,80.0055,116.078,0.563,50.0034,120.248
478.636,92.0131,116.078,0.563,49.9378,120.323
478.886,83.9876,116.078,0.56,50.0829,120.396
479.136,92.002,116.078,0.559,49.943,120.472
479.387,83.9379,116.078,0.557,50.0497,120.546
479.636,88.0823,116.078,0.557,49.9733,120.614
479.886,87.9795,116.078,0.556,49.9788,120.673
480.136,104.013,116.078,0.556,49.9674,120.695
480.386,83.9893,116.078,0.558,49.974,120.696
480.636,92.0261,116.078,0.565,49.9388,120.697
480.886,83.9715,116.078,0.565,50.0411,120.698
481.136,88.0165,116.078,0.564,49.9626,120.699
481.386,91.9872,116.078,0.558,49.9945,120.7
481.636,100.021,116.078,0.561,49.968,120.702
481.886,91.9702,116.078,0.56,49.9494,120.703
482.088,89.4787,116.078,0.561,50.0106,120.704
482.336,88.4459,116.078,0.563,49.9571,120.705
482.586,91.9659,116.078,0.564,50.0128,120.705
482.836,88.0258,116.078,0.565,50.0041,120.719
483.087,87.963,116.078,0.541,50.0948,120.774
483.336,96.0497,116.078,0.517,49.9813,120.832
483.586,91.9686,116.078,0.515,49.9985,120.892
483.836,88.0288,116.078,0.515,49.9913,120.958
484.086,87.9698,116.078,0.52,50.0226,121.029
484.336,96.0268,116.078,0.524,49.9499,121.105
484.586,95.9752,116.078,0.532,49.9997,121.174
484.836,88.023,116.078,0.536,49.9952,121.247
485.086,87.9797,116.078,0.54,50.0208,121.321
485.336,92.0222,116.078,0.541,49.925,121.393
485.586,83.9789,116.078,0.543,49.9996,121.467
485.836,92.0175,116.078,0.542,49.9835,121.539
486.087,99.9631,116.078,0.542,50.0357,121.606
486.337,95.9543,116.078,0.542,50.083,121.675
486.586,88.0516,116.078,0.536,49.9803,121.743
486.836,88.0223,116.078,0.528,49.922,121.812
487.086,95.9864,116.078,0.531,49.9834,121.889
487.336,88.0188,116.078,0.546,50.0351,121.959
487.586,95.9713,116.078,0.551,49.9902,122.029
487.836,96.0298,116.078,0.555,49.9092,122.094
488.087,95.7137,116.078,0.563,50.0027,122.155
488.336,92.2834,116.078,0.518,49.9634,122.224
488.586,99.971,116.078,0.454,50.0324,122.29
488.836,99.9902,116.078,0.42,49.8815,122.355
489.087,95.9865,116.078,0.355,49.9634,122.424
489.336,92.0423,116.078,0.321,49.9255,122.495
489.586,83.9775,116.078,0.283,49.9901,122.567
489.836,100.028,116.078,0.266,49.9826,122.641
490.086,87.9774,116.078,0.268,50.0294,122.708
490.336,96.0231,116.078,0.275,49.8982,122.777
490.586,91.9633,116.078,0.284,50.0049,122.844
490.836,96.0307,116.078,0.302,49.9938,122.909
491.087,91.7003,116.078,0.331,50.0163,122.979
491.336,96.3194,116.078,0.362,49.9072,123.047
491.586,95.9808,116.078,0.419,49.9841,123.123
491.836,88.0286,116.078,0.461,49.9798,123.198
492.086,87.9738,116.078,0.479,50.1753,123.27
492.336,88.0235,116.078,0.476,50.0297,123.348
492.586,87.9716,116.078,0.472,49.9684,123.422
492.836,92.0234,116.078,0.46,49.9966,123.494
493.086,83.974,116.078,0.436,50.0153,123.571
493.336,84.023,116.078,0.428,49.9823,123.64
493.586,99.98,116.078,0.43,49.9952,123.711
493.836,92.0246,116.078,0.432,49.9506,123.783
494.087,83.9284,116.078,0.429,49.9667,123.854
494.336,92.0688,116.078,0.423,49.9226,123.929
494.586,83.9859,116.078,0.398,49.9703,124.001
494.836,96.0199,116.078,0.398,49.9424,124.069
495.087,87.9664,116.078,0.398,49.9736,124.144
495.336,88.0225,116.078,0.395,50.0207,124.212
495.586,87.9936,116.078,0.394,49.9985,124.289
495.836,100.024,116.078,0.394,49.9367,124.363
496.086,87.9819,116.078,0.396,49.9491,124.431
496.336,87.9999,116.078,0.373,49.9689,124.502
496.586,87.9958,116.078,0.373,49.9698,124.573
496.836,92.0217,116.078,0.383,49.9743,124.643
497.087,87.8213,116.078,0.395,50.0089,124.72
497.336,96.1912,116.078,0.393,49.9491,124.791
497.587,95.8011,116.078,0.384,50.0441,124.866
497.836,92.1976,116.078,0.374,49.9158,124.935
498.086,87.9848,116.078,0.373,49.9464,125
498.336,88.0139,116.078,0.36,50.0037,125.071
498.586,87.9751,116.078,0.349,50.0672,125.143
498.836,92.0236,116.078,0.348,49.9403,125.21
499.086,87.9847,116.078,0.36,50.0278,125.287
499.336,92.0137,116.078,0.373,49.9927,125.355
499.587,91.9546,116.078,0.389,50.0188,125.429
499.836,92.051,116.078,0.398,49.8924,125.502
500.087,95.8917,116.078,0.407,49.9772,125.569
500.336,88.0961,116.078,0.415,49.9575,125.632
500.586,107.977,116.078,0.433,49.9109,125.694
500.836,100.02,116.078,0.451,49.9862,125.747
501.086,91.9806,116.078,0.485,50.0443,125.805
501.336,92.0305,116.078,0.522,49.9406,125.857
501.587,107.847,116.078,0.499,49.3241,125.914
501.836,112.137,116.078,0.476,47.9335,125.973
502.087,95.9719,116.078,0.431,47.927,126.027
502.336,96.0411,116.078,0.42,47.9689,126.094
502.587,95.9236,116.078,0.4,48.6768,126.16
502.836,116.095,116.078,0.411,49.8941,126.227
503.087,87.8979,116.078,0.419,50.0402,126.305
503.336,100.11,116.078,0.425,49.9325,126.377
503.587,87.9227,116.078,0.43,50.0048,126.452
503.836,96.077,116.078,0.435,49.9974,126.525
504.087,87.9428,116.078,0.442,50.0767,126.596
504.336,92.0766,116.078,0.445,50.0127,126.672
504.587,83.9404,116.078,0.446,50.0589,126.745
504.836,88.0575,116.078,0.447,49.9864,126.816
505.087,87.9595,116.078,0.447,50.0491,126.894
505.336,96.0434,116.078,0.447,49.986,126.965
505.587,91.9274,116.078,0.447,50.0284,127.041
505.836,88.0581,116.078,0.447,49.9887,127.116
506.087,87.8978,116.078,0.447,49.9855,127.187
506.336,88.1171,116.078,0.447,50.0809,127.265
506.587,87.9193,116.078,0.449,50.0413,127.339
506.836,88.0799,116.078,0.451,49.985,127.409
507.087,79.9642,116.078,0.457,50.0909,127.487
507.336,92.0758,116.078,0.459,49.9845,127.559
507.587,95.8953,116.078,0.46,49.9999,127.634
507.836,92.0561,116.078,0.461,49.8878,127.709
508.087,91.9227,116.078,0.461,50.0126,127.779
508.336,84.0764,116.078,0.461,50.0178,127.857
508.587,87.9261,116.078,0.461,50.0418,127.925
508.787,104.678,116.078,0.448,49.99,127.981
509.036,84.2824,116.078,0.436,49.9794,128.053
509.287,87.9213,116.078,0.434,50.012,128.124
509.536,92.0829,116.078,0.434,49.9222,128.199
509.787,91.9199,116.078,0.446,50.0436,128.272
510.036,120.077,116.078,0.469,49.9884,128.341
510.287,91.9533,116.078,0.507,49.9662,128.413
510.536,92.068,116.078,0.531,49.9377,128.48
510.787,91.8904,116.078,0.48,50.0385,128.556
511.036,92.1023,116.078,0.452,49.9982,128.63
511.287,87.8785,116.078,0.424,50.0312,128.701
511.536,100.145,116.078,0.413,49.9802,128.779
511.787,91.8834,116.078,0.407,49.9961,128.852
512.036,100.108,116.078,0.411,50.0193,128.924
512.287,87.9537,116.078,0.418,49.9971,128.997
512.489,89.1013,116.078,0.421,50.0057,129.051
512.736,100.887,116.078,0.425,49.9495,129.126
512.986,91.9698,116.078,0.409,49.9888,129.2
513.236,84.0294,116.078,0.383,49.9835,129.27
513.487,87.9224,116.078,0.362,50.1163,129.347
513.736,100.075,116.078,0.362,49.9595,129.417
513.986,95.9861,116.078,0.362,50.0336,129.494
514.236,84.0212,116.078,0.361,50.0215,129.563
514.487,83.9436,116.078,0.356,50.0422,129.633
514.736,96.0659,116.078,0.353,50.0495,129.708
514.987,91.9414,116.078,0.348,49.9776,129.78
515.236,92.0667,116.078,0.343,49.9264,129.856
515.487,91.9385,116.078,0.338,50.0197,129.932
515.736,88.0449,116.078,0.336,49.9559,130.003
515.987,91.957,116.078,0.329,50.0497,130.075
516.236,108.055,116.078,0.329,50.0554,130.149
516.487,99.853,116.078,0.326,49.9726,130.218
516.736,96.1506,116.078,0.338,49.9737,130.293
516.987,99.9287,116.078,0.361,50.0174,130.358
517.236,96.0674,116.078,0.386,50.0147,130.423
517.487,91.9014,116.078,0.442,49.9984,130.487
517.736,100.097,116.078,0.472,49.9933,130.549
517.987,99.8759,116.078,0.504,50.0097,130.609
518.237,116.091,116.078,0.526,50.0001,130.668
518.487,100.003,116.078,0.55,50.0386,130.724
518.736,108.049,116.078,0.57,49.9731,130.784
518.987,99.9488,116.078,0.599,49.9618,130.839
519.236,96.0502,116.078,0.571,49.9469,130.898
519.487,99.8998,116.078,0.542,50.0737,130.96
519.736,104.1,116.078,0.529,49.9777,131.019
519.987,95.921,116.078,0.527,50.0492,131.087
520.236,132.102,116.078,0.523,48.0438,131.156
520.486,87.9738,116.078,0.527,48.003,131.223
520.736,136.073,116.078,0.533,46.2794,131.299
520.986,79.9834,116.078,0.542,46.117,131.371
521.236,95.9978,116.078,0.55,47.4295,131.442
521.486,91.9971,116.078,0.556,47.918,131.519
521.736,92.0006,116.078,0.559,49.7744,131.585
521.986,96.0127,116.078,0.574,50.0114,131.662
522.236,91.9807,116.078,0.571,50.0642,131.728
522.486,84.0188,116.078,0.571,49.9885,131.787
522.736,91.9857,116.078,0.574,50.0686,131.853
522.987,87.937,116.078,0.584,50.0028,131.899
523.236,92.062,116.078,0.593,49.9996,131.911
523.486,92.0039,116.078,0.592,49.995,131.912
523.736,87.9762,116.078,0.592,49.9842,131.914
523.986,88.0251,116.078,0.581,50.0199,131.916
524.236,96.0095,116.078,0.581,49.9995,131.917
524.486,96.0445,116.078,0.585,50.0234,131.918
524.736,83.942,116.078,0.581,50.0311,131.921
524.986,92.028,116.078,0.586,50.006,131.924
525.236,104.002,116.078,0.588,49.9965,131.926
525.486,83.9867,116.078,0.592,49.9981,131.928
525.736,88.0096,116.078,0.601,50.002,131.959
525.986,87.9871,116.078,0.613,50.0341,132.017
526.236,92.0088,116.078,0.585,50.0509,132.079
526.486,88.0005,116.078,0.558,49.9761,132.141
526.736,88.0013,116.078,0.54,50.0548,132.212
526.986,92.0097,116.078,0.538,50.0224,132.279
527.236,103.99,116.078,0.541,49.9983,132.355
527.486,91.9874,116.078,0.546,50.0238,132.428
527.736,96.0132,116.078,0.555,49.9808,132.499
527.986,83.9852,116.078,0.561,49.9906,132.569
528.236,96.0199,116.078,0.568,50.0062,132.641
528.486,92.0043,116.078,0.572,50.0567,132.71
528.736,95.9916,116.078,0.554,50.075,132.779
528.986,91.9958,116.078,0.54,50.049,132.847
529.237,111.738,116.078,0.535,50.0233,132.917
529.486,92.214,116.078,0.54,49.9952,132.982
529.736,92.0062,116.078,0.542,49.9652,133.041
529.986,95.9896,116.078,0.544,50.0049,133.103
530.236,96.0187,116.078,0.545,50.1321,133.158
530.486,99.9861,116.078,0.542,49.9692,133.214
530.736,108.006,116.078,0.514,50.0274,133.272
530.986,99.9675,116.078,0.477,49.9813,133.324
531.236,128.01,116.078,0.413,47.8025,133.382
531.486,96.0059,116.078,0.371,47.7632,133.449
531.736,96.0059,116.078,0.319,47.7988,133.512
531.986,96.0167,116.078,0.291,47.7457,133.582
532.236,87.9795,116.078,0.271,50.0024,133.651
532.486,104.012,116.078,0.276,49.9537,133.722
532.736,99.975,116.078,0.292,50.0352,133.799
532.986,96.0242,116.078,0.31,49.9546,133.868
533.236,91.9842,116.078,0.362,50.0291,133.94
533.487,91.9683,116.078,0.367,49.987,134.015
533.736,92.0352,116.078,0.369,50.0046,134.085
533.986,91.9888,116.078,0.37,50.0321,134.162
534.236,87.9988,116.078,0.376,50.0136,134.234
534.486,92.0054,116.078,0.38,49.894,134.309
534.737,91.9751,116.078,0.39,50.0297,134.386
534.986,92.0171,116.078,0.393,49.9356,134.457
535.237,91.9631,116.078,0.409,50.0695,134.531
535.486,88.0669,116.078,0.422,49.9719,134.607
535.736,87.9884,116.078,0.433,49.9904,134.677
535.986,88.0099,116.078,0.434,50.0231,134.755
536.236,91.9784,116.078,0.434,49.9877,134.829
536.486,92.02,116.078,0.434,49.9676,134.9
536.736,91.9842,116.078,0.434,50.0152,134.972
536.986,100.016,116.078,0.434,49.9274,135.039
537.237,95.8969,116.078,0.439,49.9929,135.108
537.486,104.116,116.078,0.446,49.9443,135.185
537.736,87.9795,116.078,0.461,50.0457,135.254
537.986,92.0149,116.078,0.476,50.0237,135.326
538.236,91.9857,116.078,0.485,50.1127,135.395
538.486,100.022,116.078,0.491,49.9945,135.462
538.737,95.8713,116.078,0.495,50.0265,135.535
538.986,92.1227,116.078,0.489,49.9747,135.603
539.236,91.9852,116.078,0.466,50.0366,135.67
539.486,92.0115,116.078,0.462,49.9475,135.742
539.736,99.9851,116.078,0.453,50.0161,135.812
539.986,87.9983,116.078,0.462,50.0056,135.88
540.237,95.9522,116.078,0.451,50.0283,135.951
540.487,96.029,116.078,0.45,49.9273,136.019
540.737,103.742,116.078,0.448,50.0572,136.095
540.986,92.2632,116.078,0.446,50.0474,136.163
541.236,87.9743,116.078,0.446,49.961,136.232
541.486,84.0234,116.078,0.447,50.0063,136.309
541.736,91.9842,116.078,0.449,50.0422,136.379
541.986,88.024,116.078,0.453,49.9645,136.456
542.236,79.9718,116.078,0.458,50.053,136.526
542.487,95.9595,116.078,0.459,50.0172,136.602
542.737,96.0044,116.078,0.463,49.9028,136.675
542.986,92.0611,116.078,0.468,49.9961,136.748
543.236,83.9862,116.078,0.472,50.0531,136.82
543.486,88.0245,116.078,0.474,50.058,136.896
543.736,83.9823,116.078,0.471,49.9812,136.965
543.986,92.0128,116.078,0.47,49.9306,137.04
544.237,87.9507,116.078,0.47,50.0342,137.112
544.486,80.0183,116.078,0.472,49.9819,137.186
544.737,87.96,116.078,0.472,50.0022,137.263
544.986,96.0742,116.078,0.473,50.0453,137.335
545.237,87.9328,116.078,0.473,50.0504,137.409
545.486,88.0645,116.078,0.474,49.9575,137.485
545.737,87.9427,116.078,0.474,49.9675,137.552
545.986,88.0592,116.078,0.471,49.9795,137.624
546.236,91.9666,116.078,0.474,49.9539,137.695
546.486,104.034,116.078,0.48,49.9841,137.761
546.736,103.986,116.078,0.488,49.9478,137.818
546.986,96.0137,116.078,0.49,50.0063,137.843
547.237,95.9622,116.078,0.486,50.0209,137.845
547.486,88.0383,116.078,0.489,50.0474,137.846
547.736,103.97,116.078,0.485,50.021,137.847
547.986,92.0242,116.078,0.483,49.9405,137.848
548.236,99.9811,116.078,0.481,49.9877,137.849
548.586,102.868,116.078,0.48,50.0939,137.851
548.836,95.974,116.078,0.482,50.0122,137.852
549.086,96.0295,116.078,0.483,49.9856,137.852
549.336,95.9859,116.078,0.481,49.9833,137.855
549.586,100.009,116.078,0.484,49.973,137.859
549.837,95.771,116.078,0.486,50.033,137.862
550.086,100.222,116.078,0.49,49.9523,137.889
550.336,96.012,116.078,0.494,49.9722,137.943
550.586,96.0068,116.078,0.464,50.0745,137.997
550.836,91.9853,116.078,0.437,50.1025,138.055
551.086,96.0214,116.078,0.436,49.9818,138.122
551.336,99.9812,116.078,0.435,50.0282,138.184
551.586,108.027,116.078,0.437,49.9227,138.256
551.836,91.9793,116.078,0.441,49.9735,138.328
552.086,96.0139,116.078,0.444,49.9899,138.402
552.336,87.9747,116.078,0.452,50.0095,138.475
552.586,92.0282,116.078,0.456,49.9796,138.545
552.836,91.9828,116.078,0.459,50.032,138.618
553.087,91.9772,116.078,0.46,49.9732,138.693
553.336,92.0271,116.078,0.461,50.0515,138.761
553.586,88.014,116.078,0.461,49.9254,138.836
553.836,87.986,116.078,0.461,50.0066,138.905
554.086,88.0192,116.078,0.461,50.0105,138.979
554.337,87.9286,116.078,0.461,50.0372,139.054
554.586,88.0654,116.078,0.461,50.0401,139.124
554.836,95.9709,116.078,0.461,50.0058,139.198
555.086,80.0135,116.078,0.461,50.0045,139.277
555.336,83.9984,116.078,0.461,50.0028,139.347
555.586,84.0139,116.078,0.461,50.0021,139.424
555.836,87.9815,116.078,0.461,50.0046,139.497
556.086,92.0169,116.078,0.461,50.0158,139.571
556.337,91.9199,116.078,0.461,50.0031,139.648
556.587,96.043,116.078,0.461,50.0301,139.72
556.836,96.0199,116.078,0.461,50.0407,139.794
557.086,88.0103,116.078,0.459,49.9287,139.868
557.336,87.987,116.078,0.437,50,139.933
557.586,84.0225,116.078,0.437,50.0361,139.999
557.837,99.9525,116.078,0.436,50.013,140.058
558.086,92.038,116.078,0.436,49.9636,140.12
558.336,95.987,116.078,0.434,50.0028,140.181
558.586,108.027,116.078,0.434,49.9929,140.235
558.836,99.9804,116.078,0.423,50.0539,140.29
559.086,96.0145,116.078,0.42,49.9703,140.349
559.336,95.9827,116.078,0.411,50.0091,140.402
559.586,92.0122,116.078,0.394,49.9768,140.466
559.836,95.9877,116.078,0.349,50.0071,140.531
560.086,92.0209,116.078,0.316,49.9944,140.593
560.336,95.9808,116.078,0.292,50.0378,140.664
560.586,96.0092,116.078,0.298,50.0269,140.735
560.837,99.9267,116.078,0.308,50.027,140.807
561.086,104.081,116.078,0.315,49.9725,140.88
561.336,91.9835,116.078,0.334,50.0141,140.948
561.586,88.0115,116.078,0.355,49.9867,141.018
561.836,95.9735,116.078,0.386,50.002,141.08
562.086,88.0309,116.078,0.405,50.0116,141.14
562.336,95.9745,116.078,0.449,50.0175,141.21
562.586,100.009,116.078,0.481,50.023,141.275
562.836,99.9734,116.078,0.543,50.0378,141.347
563.086,88.0311,116.078,0.581,49.9753,141.422
563.336,88.0159,116.078,0.644,50.0232,141.493
563.586,91.9878,116.078,0.686,50.0993,141.561
563.836,91.9717,116.078,0.743,50.0374,141.62
564.086,96.0333,116.078,0.789,49.9573,141.681
564.336,95.9584,116.078,0.835,50.0544,141.742
564.586,96.0352,116.078,0.859,50.0045,141.793
564.836,87.9868,116.078,0.887,50.0272,141.849
565.086,104.018,116.078,0.9,50.0446,141.911
565.336,91.9868,116.078,0.915,50.0542,141.973
565.586,96.0152,116.078,0.924,49.957,142.05
565.836,91.9751,116.078,0.925,49.9993,142.118
566.086,92.0188,116.078,0.911,50.0275,142.186
566.336,95.9876,116.078,0.898,50.0169,142.257
566.586,100.016,116.078,0.884,50.0403,142.322
566.836,91.9666,116.078,0.87,50.0348,142.392
567.086,92.0274,116.078,0.87,49.9473,142.461
567.336,99.9863,116.078,0.87,49.9626,142.537
567.586,84.0191,116.078,0.87,49.9836,142.609
567.837,95.9402,116.078,0.868,50.0131,142.666
568.086,92.0589,116.078,0.861,50.0264,142.724
568.336,87.9844,116.078,0.808,50.0394,142.784
568.586,96.0088,116.078,0.771,50.0154,142.843
568.837,115.947,116.078,0.707,49.5445,142.905
569.086,124.07,116.078,0.66,47.8936,142.977
569.336,91.9788,116.078,0.605,48.0027,143.048
569.586,100.022,116.078,0.563,47.9478,143.12
569.837,87.9583,116.078,0.499,48.3865,143.188
570.086,88.0414,116.078,0.451,49.9816,143.252
570.336,87.9702,116.078,0.397,50.0623,143.308
570.586,95.9947,116.078,0.384,49.9524,143.326
570.836,96.0021,116.078,0.379,50.0418,143.328
571.086,88.0121,116.078,0.381,49.9663,143.329
571.336,88.0027,116.078,0.37,49.9946,143.33
571.586,92.0155,116.078,0.37,49.9667,143.331
571.836,87.9697,116.078,0.369,50.058,143.333
572.086,88.0319,116.078,0.361,49.9976,143.334
572.336,91.9637,116.078,0.36,50.0255,143.335
572.586,96.0403,116.078,0.343,49.9548,143.336
572.836,87.969,116.078,0.345,50.0566,143.337
573.086,88.0264,116.078,0.345,49.9541,143.338
