time,cpu,memory,obstacle_distance,cmd_vel_frequency,distance_travelled
0.331261,0,115.156,inf,0,0
0.568843,126.272,115.324,inf,23.2839,0
0.770492,114.06,115.324,inf,27.9213,0
1.01883,104.696,115.328,inf,30.9853,0
1.26975,107.606,115.328,inf,38.2334,0
1.47147,109.061,115.328,inf,39.2759,0.0122228
1.71929,149.299,115.328,inf,41.0305,0.085662
1.96881,112.216,115.328,inf,39.7929,0.131773
2.21974,107.6,115.328,inf,40.5847,0.192347
2.46889,164.562,115.328,0.58,37.1242,0.25198
2.71913,107.893,115.328,0.617,40.3605,0.323403
2.96894,136.103,115.328,0.693,40.6997,0.411288
3.21882,96.0484,115.328,0.73,40.3796,0.4668
3.41936,109.705,115.379,0.764,42.6677,0.515873
3.62082,134.019,115.379,0.796,44.5635,0.56315
3.86883,112.897,115.379,0.83,42.5762,0.634156
4.11877,108.026,115.379,0.835,45.8506,0.697021
4.36901,103.901,115.379,0.793,45.793,0.745256
4.61916,151.91,115.379,0.773,43.6593,0.820487
4.86887,132.152,115.379,0.762,46.6075,0.885322
5.11893,87.979,115.379,0.763,45.799,0.958624
5.36882,120.051,115.379,0.769,45.0545,1.0306
5.61888,115.976,115.379,0.776,46.6905,1.101
5.86878,112.045,115.379,0.794,47.1695,1.17328
6.1188,91.9923,115.379,0.81,47.9077,1.23916
6.3689,87.9627,115.379,0.837,48.7916,1.29794
6.61881,120.043,115.379,0.855,46.066,1.3859
6.81951,89.6881,115.379,0.847,47.9319,1.4389
7.06877,92.2734,115.379,0.836,47.9556,1.51037
7.31881,91.984,115.379,0.819,47.9462,1.57292
7.56879,96.0077,115.379,0.794,49.9312,1.64156
7.81884,91.9834,115.379,0.757,50.0503,1.69949
8.06877,104.029,115.379,0.681,50.0546,1.7579
8.31882,95.981,115.379,0.643,50.0068,1.82353
8.56876,104.021,115.379,0.578,49.9343,1.88978
8.8188,91.9864,115.379,0.535,50.0273,1.95535
9.06878,96.0099,115.379,0.494,50.0215,2.03042
9.32135,98.9792,115.379,0.448,49.9688,2.09736
9.57403,126.642,115.379,0.425,47.6046,2.15029
9.81877,134.839,115.379,0.403,47.5682,2.22392
10.07,107.459,115.379,0.375,47.4758,2.26954
10.3191,124.443,115.379,0.36,45.7621,2.34608
10.5197,109.681,115.379,0.345,47.6231,2.38112
10.7688,160.604,115.379,0.321,46.0803,2.46306
11.0188,99.9817,115.379,0.315,45.9727,2.52979
11.2688,104.01,115.379,0.316,45.9581,2.58198
11.5188,95.9956,115.379,0.316,45.9937,2.67179
11.7688,92.0071,115.379,0.333,48.0548,2.74388
12.0191,99.8811,115.379,0.358,47.9979,2.79577
12.2688,100.123,115.379,0.408,50.0024,2.86775
12.4699,109.411,115.379,0.447,49.3861,2.89907
12.7188,112.48,115.379,0.487,47.6227,2.964
12.9689,107.961,115.379,0.51,47.6112,3.01735
13.2188,128.058,115.379,0.512,45.7446,3.06128
13.4688,95.9724,115.379,0.474,45.7592,3.12989
13.7188,128.002,115.379,0.456,46.1321,3.19048
13.969,95.9501,115.379,0.433,46.1112,3.25197
14.2188,96.0627,115.379,0.43,48.1658,3.32325
14.4689,91.9767,115.379,0.419,48.0495,3.39422
14.7187,104.065,115.379,0.419,49.9674,3.46354
14.9688,99.9483,115.379,0.419,50.0428,3.53906
15.2188,92.0078,115.379,0.419,49.9915,3.59514
15.4688,92.0029,115.379,0.419,50.0097,3.68314
15.7187,88.0258,115.379,0.419,50.0846,3.75604
15.9689,87.956,115.391,0.421,50.0788,3.83148
16.2188,132.045,115.391,0.41,47.9184,3.90754
16.4688,91.9898,115.391,0.393,47.9202,3.9766
16.7189,115.96,115.391,0.389,46.1428,4.0495
16.9203,148.962,115.391,0.388,43.973,4.09081
17.1688,108.657,115.391,0.379,44.9712,4.16024
17.4188,91.9785,115.391,0.374,46.0757,4.24632
17.6688,92.0278,115.391,0.368,47.3999,4.31793
17.9189,91.9648,115.391,0.344,50.852,4.38923
18.1689,95.9775,115.391,0.344,49.9838,4.46029
18.4189,92.0224,115.391,0.341,50.0239,4.5188
18.6688,92.0156,115.391,0.335,50.02,4.60898
18.9187,100.028,115.391,0.318,49.9732,4.67658
19.169,103.904,115.391,0.316,50.0186,4.75171
19.4192,123.893,115.391,0.32,50.0295,4.82701
19.6688,96.1576,115.391,0.344,49.9572,4.89312
19.9188,99.9796,115.391,0.38,50.0233,4.96325
20.1689,103.976,115.391,0.41,50.0228,5.02763
20.4188,100.046,115.391,0.455,50.1181,5.08625
20.6689,107.927,115.391,0.477,50.0099,5.14315
20.9201,115.465,115.391,0.516,50.0055,5.18442
21.1688,112.583,115.391,0.546,49.9738,5.24211
21.4192,115.835,115.391,0.563,50.0226,5.30582
21.6217,113.559,115.391,0.568,49.088,5.33888
21.869,125.372,115.391,0.548,47.7798,5.40991
22.1203,147.209,115.391,0.521,45.2708,5.45286
22.3689,124.724,115.578,0.506,44.0448,5.52484
22.6188,108.024,115.578,0.498,43.9834,5.58895
22.8689,99.9751,115.578,0.512,46.0128,5.65178
23.1188,140.044,115.578,0.529,45.6052,5.71993
23.3688,127.997,115.578,0.575,45.7396,5.79617
23.6189,107.932,115.578,0.567,45.7544,5.85416
23.8688,136.071,115.578,0.589,43.9169,5.94083
24.1188,95.9882,115.578,0.613,45.6105,6.00915
24.3688,120.004,115.578,0.641,46.1531,6.07137
24.6188,91.9993,115.578,0.682,46.148,6.14971
24.8688,136.042,115.578,0.698,46.1086,6.21012
25.1188,107.993,115.578,0.717,46.1838,6.26834
25.3688,119.983,115.578,0.748,48.0209,6.32492
25.6187,128.034,115.578,0.78,46.0438,6.37005
25.869,99.9103,115.578,0.82,47.9435,6.44048
26.1188,104.089,115.578,0.828,47.9407,6.50213
26.3688,107.974,115.578,0.837,47.9733,6.56765
26.6188,96.0146,115.578,0.826,50.0186,6.62867
26.8688,116.001,115.578,0.803,49.9859,6.68375
27.1188,115.988,115.578,0.768,50.0069,6.75361
27.369,115.891,115.578,0.761,49.0343,6.81501
27.6189,124.05,115.578,0.744,47.735,6.86818
27.8689,120.021,115.578,0.735,45.9686,6.95154
28.1189,104.013,115.578,0.723,45.9572,7.02129
28.369,143.912,115.578,0.72,44.8054,7.09759
28.6188,100.08,115.578,0.719,45.8992,7.16572
28.8203,109.182,115.578,0.722,47.718,7.21112
29.0688,124.761,115.578,0.725,46.3488,7.29314
29.3188,99.9832,115.578,0.728,46.1477,7.35926
29.5689,131.957,115.578,0.694,46.7249,7.43462
29.8188,128.054,115.578,0.645,44.3809,7.50777
30.0704,111.307,115.578,0.624,44.0905,7.55961
30.3188,116.721,115.578,0.597,45.8224,7.64031
30.5688,107.996,115.578,0.592,46.2928,7.70572
30.8192,127.819,115.578,0.598,47.1336,7.75701
31.0689,108.134,115.617,0.611,47.9529,7.8318
31.3189,100.001,115.617,0.642,47.9775,7.89566
31.569,107.944,115.617,0.678,48.056,7.9632
31.8188,112.095,115.617,0.736,49.9534,8.03288
32.069,99.9269,115.617,0.78,50.0175,8.09755
32.3188,112.077,115.617,0.842,50.0122,8.16365
32.569,123.891,115.617,0.892,49.9893,8.22364
32.8188,136.111,115.617,0.952,47.9323,8.27001
33.069,123.889,115.617,0.942,46.0401,8.34396
33.3188,116.114,115.617,0.935,44.2075,8.40896
33.5688,111.993,115.617,0.941,44.2091,8.48468
33.819,115.928,115.617,0.961,45.6725,8.55831
34.0689,148.04,115.617,0.971,45.8668,8.62228
34.3189,111.99,115.617,1.004,47.6285,8.69219
34.5688,116.05,115.617,1.012,45.8901,8.76074
34.8188,132.02,115.617,1.055,44.0024,8.83182
35.0688,111.969,115.617,1.082,45.4067,8.9083
35.3188,112.039,115.617,1.123,44.1987,8.97863
35.5688,127.982,115.617,1.142,44.23,9.03927
35.8188,111.98,115.617,1.164,45.7958,9.1248
36.0692,139.8,115.617,1.174,44.0413,9.17859
36.3188,116.199,115.617,1.196,45.7128,9.27148
36.5689,135.926,115.617,1.204,45.3723,9.34209
36.8189,103.996,115.617,1.221,45.9552,9.40027
37.0688,104.029,115.617,1.239,48.0161,9.48488
37.3188,108.035,115.617,1.267,48.0075,9.55438
37.5689,123.927,115.617,1.287,47.674,9.6286
37.8188,144.07,115.617,1.278,46.1767,9.70422
38.069,127.918,115.617,1.258,44.378,9.77504
38.3188,108.081,115.617,1.193,44.3486,9.8476
38.5689,99.9341,115.617,1.211,44.33,9.91484
38.8195,107.758,115.617,1.182,47.8581,9.96595
39.0689,120.298,115.617,0.972,48.0131,10.0427
39.3216,138.478,115.617,0.936,46.9996,10.0896
39.5691,113.12,115.617,1.12,45.7317,10.1494
39.819,160.111,115.617,0.843,43.615,10.158
40.069,159.997,115.617,1.103,42.6588,10.1591
40.3188,160.135,115.617,1.098,41.0473,10.1614
40.5688,103.971,115.617,1.092,42.5135,10.1643
40.8188,108.011,115.617,1.091,44.0924,10.1662
41.0689,119.962,115.77,1.091,46.4143,10.1672
41.3187,112.065,115.77,0.818,50.0106,10.1691
41.5689,107.951,115.77,0.842,50.045,10.1731
41.8188,104.035,115.77,0.833,50.0073,10.1776
42.0692,103.837,115.77,0.815,50.057,10.1837
42.3189,132.155,115.77,1.081,48.5353,10.1898
42.5689,119.985,115.77,1.092,46.1035,10.2147
42.8187,116.092,115.77,0.851,46.1189,10.2585
43.069,139.862,115.77,0.921,44.39,10.3309
43.3188,112.089,115.77,0.976,44.7903,10.3831
43.5688,115.96,115.77,1.278,48.017,10.44
43.8188,132.005,115.77,1.272,45.7296,10.4964
44.0688,100.013,115.77,1.165,47.673,10.5388
44.3188,131.994,115.77,1.224,45.8136,10.6087
44.5689,107.944,115.77,1.295,45.7378,10.6643
44.8189,128.025,115.77,1.327,45.181,10.717
45.0689,99.9958,115.77,1.353,45.9868,10.801
45.3188,108.062,115.77,1.398,47.9728,10.8655
45.5689,99.9536,115.77,1.372,47.9553,10.9409
45.8188,112.032,115.77,1.334,49.9806,11.0097
46.0689,123.963,115.77,1.309,50.0208,11.0737
46.3188,128.051,115.77,1.277,47.8259,11.1461
46.5689,99.9524,115.77,1.261,47.8089,11.2127
46.8186,112.113,115.77,1.202,47.8146,11.2671
47.0689,95.8995,115.77,1.165,47.8464,11.3519
47.3189,143.99,115.77,1.101,47.9554,11.4224
47.569,107.985,115.77,1.06,47.8877,11.4913
47.8188,116.062,115.77,1.01,47.9109,11.5578
48.0713,118.821,115.77,0.987,47.877,11.6128
48.3194,141.061,115.77,0.954,47.0746,11.7006
48.5688,116.296,115.77,0.938,45.9697,11.7719
48.819,103.891,115.77,0.917,45.9414,11.8322
49.069,124.049,115.77,0.905,44.883,11.9177
49.3188,128.102,115.77,0.905,44.2602,11.9867
49.5688,115.963,115.77,0.895,45.98,12.0657
49.7702,134.099,115.77,0.895,45.059,12.105
50.0188,128.701,115.77,0.904,44.2296,12.1752
50.2688,112,115.77,0.917,46.4045,12.2249
50.5188,132.01,115.77,0.861,45.7878,12.2934
50.7201,129.167,115.77,0.818,44.9466,12.3476
50.9688,140.746,115.77,0.767,44.1783,12.4159
51.2193,103.782,115.77,0.702,43.8881,12.482
51.4689,112.189,115.77,0.65,44.3864,12.5596
51.7188,140.062,115.77,0.588,44.0232,12.6326
51.9688,107.964,115.77,0.549,46.8929,12.7099
52.2188,104.014,115.77,0.504,47.8265,12.7795
52.4702,127.291,115.77,0.482,47.8357,12.8287
52.7188,108.617,115.77,0.475,50.0183,12.9083
52.9692,115.786,115.77,0.47,50.0281,12.9623
53.2189,100.153,115.77,0.481,50.0124,13.0342
53.4689,107.999,115.77,0.497,50.0124,13.0983
53.7189,111.996,115.77,0.54,49.8751,13.1577
53.9689,131.993,115.77,0.578,47.8483,13.2275
54.2188,112.048,115.77,0.626,47.8834,13.2952
54.4713,110.887,115.77,0.635,47.8742,13.3497
54.7187,137.415,115.77,0.652,46.9243,13.4218
54.9193,109.687,115.77,0.681,48.057,13.479
55.1199,119.601,115.77,0.701,47.0547,13.5388
55.3689,120.494,115.77,0.716,46.1295,13.6248
55.6188,104.066,115.77,0.759,46.1446,13.6983
55.869,99.9014,115.77,0.776,47.9522,13.7636
56.1188,104.098,115.77,0.798,49.4402,13.8204
56.3198,174.142,115.77,0.81,47.4329,13.8707
56.5688,116.456,115.77,0.821,45.9625,13.9283
56.8188,99.9829,115.77,0.82,45.9287,13.9897
57.0693,139.753,115.77,0.818,44.8191,14.05
57.3187,128.273,115.77,0.804,44.9156,14.095
57.5688,103.966,115.77,0.794,47.8048,14.1638
57.8188,104,115.77,0.77,47.9134,14.2213
58.0689,135.956,115.77,0.753,46.5396,14.2658
58.3188,108.044,115.77,0.719,47.7872,14.335
58.5688,132.005,115.77,0.698,46.0473,14.3949
58.8188,103.984,115.77,0.645,45.7143,14.4617
59.069,115.929,115.77,0.618,46.8756,14.5338
59.3188,112.098,115.77,0.565,47.7639,14.5997
59.5688,99.9972,115.77,0.536,50.0285,14.6765
59.8188,131.975,115.77,0.501,47.5714,14.7448
60.0687,128.033,115.77,0.488,45.7491,14.811
60.3188,99.9803,115.77,0.471,45.7175,14.8814
60.569,107.9,115.77,0.456,45.7093,14.9567
60.8188,112.11,115.77,0.456,48.0264,15.018
61.069,111.903,115.77,0.448,49.9857,15.084
61.3198,143.513,115.77,0.449,47.513,15.1331
61.5691,116.351,115.77,0.449,46.0969,15.2131
61.8188,120.154,115.77,0.446,44.3,15.2737
62.0693,123.753,115.77,0.44,43.7057,15.3209
62.319,144.163,115.77,0.425,41.939,15.3954
62.5688,116.1,115.781,0.414,44.203,15.4523
62.8192,103.822,115.781,0.393,45.904,15.512
63.0688,120.198,115.781,0.383,44.1762,15.5746
63.2705,143.739,115.781,0.352,45.0591,15.6092
63.5188,128.908,115.781,0.304,44.28,15.6891
63.7688,135.976,115.781,0.29,43.1936,15.7538
64.0192,99.8605,115.781,0.287,42.436,15.8232
64.2688,136.18,115.781,0.292,42.5395,15.8996
64.5188,96.027,115.781,0.309,45.9502,15.9679
64.7689,87.9679,115.781,0.317,46.6811,16.0369
65.0188,140.048,115.781,0.33,48.535,16.1083
65.2689,95.9375,115.781,0.335,49.9889,16.1647
65.5188,104.055,115.781,0.349,49.973,16.2462
65.7689,79.9839,115.781,0.361,50.0018,16.313
66.0188,96.0281,115.781,0.366,49.9979,16.386
66.269,87.9392,115.781,0.368,50.376,16.4644
66.5199,111.597,115.781,0.376,49.0796,16.5204
66.7688,100.41,115.781,0.387,49.9968,16.6066
67.0189,115.989,115.781,0.419,49.2448,16.6797
67.2694,119.748,115.781,0.448,50.0083,16.7368
67.5188,92.2284,115.781,0.447,50.4673,16.8266
67.7688,91.9736,115.781,0.447,50.0348,16.8964
68.0189,99.9914,115.781,0.447,50.8877,16.9658
68.269,91.9586,115.781,0.447,50.0295,17.0374
68.5188,84.0691,115.781,0.452,49.9953,17.1093
68.7688,95.9802,115.781,0.455,50.0524,17.1781
69.0188,100.019,115.781,0.463,49.9961,17.2461
69.2689,103.93,115.781,0.473,50.026,17.2997
69.5188,108.068,115.781,0.485,49.98,17.3892
69.7213,93.8276,115.781,0.49,50.0199,17.4299
69.9689,129.229,115.781,0.493,47.9105,17.5148
70.2188,100.049,115.781,0.496,48.0022,17.5833
70.4688,92.0067,115.781,0.479,47.9394,17.6375
70.6695,94.6484,115.781,0.458,47.9414,17.7131
70.9188,96.2863,115.781,0.448,50.0525,17.7803
71.1688,87.9844,115.781,0.449,50.0136,17.8569
71.4188,96.0017,115.781,0.456,50.0334,17.9228
71.6688,96.0139,115.781,0.455,50.0097,17.9938
71.9188,107.975,115.781,0.451,49.9649,18.0637
72.1688,92.0191,115.781,0.449,49.9684,18.131
72.4188,95.988,115.781,0.448,50.0557,18.1998
72.669,119.929,115.781,0.447,49.1507,18.2771
72.9188,124.099,115.781,0.447,49.5769,18.3505
73.1688,92.0015,115.781,0.452,50.0259,18.423
73.4188,99.9956,115.781,0.453,50.0465,18.5002
73.6688,123.989,115.781,0.457,50.7685,18.5574
73.9189,99.9673,115.781,0.462,50.0648,18.6501
74.1688,84.039,115.781,0.466,50.0123,18.7217
74.4189,99.9515,115.781,0.468,50.0418,18.7952
74.6688,88.0414,115.781,0.467,50.1507,18.8729
74.9188,91.9809,115.781,0.466,50.0009,18.9452
75.1688,84.0117,115.781,0.467,50.0342,19.0194
75.4188,95.9867,115.781,0.465,50.0634,19.0895
75.6689,103.97,115.781,0.464,49.7908,19.1496
75.9188,108.035,115.781,0.464,47.9542,19.2439
76.1687,92.0196,115.781,0.465,47.9377,19.3116
76.4188,91.969,115.781,0.464,47.9464,19.3827
76.6694,111.765,115.781,0.461,46.8164,19.4407
76.919,96.1541,115.781,0.46,47.9618,19.5091
77.1688,140.089,115.781,0.465,48.0004,19.5971
77.42,103.513,115.781,0.467,48.0055,19.65
77.6688,100.472,115.781,0.474,49.5308,19.7115
77.919,95.9083,115.781,0.48,49.9686,19.7893
78.1688,116.119,115.781,0.487,48.0342,19.8493
78.4189,95.9623,115.781,0.494,48.0292,19.9111
78.6688,96.032,115.781,0.513,48.0372,19.9682
78.919,95.9399,115.781,0.517,48.0984,20.0227
79.1688,100.062,115.781,0.512,50.0161,20.0831
79.4188,103.988,115.781,0.497,50.0623,20.1404
79.6688,100.025,115.781,0.469,50.0018,20.2083
79.9189,127.943,115.781,0.455,49.3397,20.2804
80.1688,108.045,115.781,0.433,48.0026,20.3523
80.4191,91.898,115.781,0.421,48.0074,20.4204
80.6688,96.0967,115.781,0.389,48.0301,20.4979
80.9193,95.8126,115.781,0.372,48.642,20.5521
81.1695,143.904,115.781,0.369,47.5635,20.6274
81.419,120.237,115.781,0.358,47.9936,20.7079
81.6688,96.0615,115.781,0.347,47.969,20.7763
81.9189,91.9727,115.781,0.335,47.9666,20.8457
82.1688,92.0305,115.781,0.327,50.8797,20.907
82.419,83.9377,115.781,0.327,50.2034,20.967
82.6688,88.062,115.781,0.322,49.9806,21.0338
82.9188,91.9959,115.781,0.306,50.0277,21.1043
83.1688,100.001,115.781,0.303,49.9791,21.1762
83.4192,95.8427,115.781,0.305,50.0275,21.2475
83.6699,95.7443,115.781,0.325,49.9785,21.3016
83.9189,108.437,115.781,0.333,48.0055,21.3874
84.1689,95.9938,115.781,0.349,48.0069,21.4594
84.419,123.975,115.781,0.358,47.9879,21.5327
84.6689,120.016,115.781,0.37,47.1087,21.6077
84.9187,88.0648,115.781,0.378,47.7918,21.6585
85.169,91.919,115.781,0.39,47.8211,21.7419
85.4188,96.0752,115.781,0.396,47.8238,21.8047
85.6689,91.9359,115.781,0.403,48.703,21.8753
85.919,87.9693,115.781,0.409,49.9939,21.9518
86.1687,124.135,115.781,0.412,49.9998,22.017
86.3695,94.6582,115.781,0.394,49.6032,22.0782
86.6188,104.281,115.781,0.399,47.8802,22.1474
86.8688,91.9835,115.781,0.424,47.9057,22.2161
87.1188,84.0129,115.781,0.434,47.9042,22.292
87.369,95.9088,115.781,0.435,48.2681,22.3611
87.6189,92.0568,115.781,0.437,50.0086,22.4312
87.8689,92.0069,115.781,0.44,50.0032,22.5044
88.1192,87.8736,115.781,0.426,50.0043,22.5597
88.3688,92.1483,115.781,0.371,50.0192,22.6472
88.6188,92.0075,115.781,0.345,49.9811,22.7109
88.8688,87.9939,115.781,0.317,50.0217,22.7815
89.1204,115.289,115.781,0.315,48.7869,22.8547
89.3688,92.5766,115.781,0.314,47.9867,22.9221
89.6188,88.0021,115.781,0.323,48.014,22.9856
89.869,99.9046,115.781,0.328,47.9531,23.0546
90.1188,100.11,115.781,0.334,49.6662,23.118
90.369,99.9194,115.781,0.348,50.0144,23.1889
90.5702,134.142,115.781,0.364,48.8257,23.2279
90.819,96.4971,115.781,0.382,47.7329,23.315
91.0687,92.0783,115.781,0.417,47.8818,23.3839
91.3189,95.9486,115.781,0.439,47.8566,23.4492
91.5688,128.044,115.781,0.45,47.0889,23.5179
91.8189,91.9426,115.781,0.455,47.8604,23.588
92.0688,124.071,115.781,0.469,46.9664,23.6549
92.3188,103.992,115.781,0.484,47.9112,23.7228
92.5688,100.02,115.781,0.497,49.9737,23.7886
92.8207,103.2,115.781,0.51,50.0058,23.8475
93.0688,120.926,115.781,0.521,49.2009,23.9384
93.3193,95.801,115.781,0.521,48.0329,23.9918
93.5688,92.1896,115.781,0.528,48.0916,24.0792
93.819,95.9111,115.781,0.532,48.0037,24.147
94.0688,128.118,115.781,0.541,48.0421,24.2212
94.3196,87.7209,115.781,0.545,48.0381,24.2975
94.569,92.2083,115.781,0.551,48.0293,24.3508
94.819,100.028,115.781,0.555,48.0139,24.4384
95.0689,104.034,115.781,0.555,49.9759,24.5168
95.319,123.957,115.781,0.554,50.009,24.5751
95.5688,84.0579,115.781,0.552,50.0883,24.6672
95.8191,95.8754,115.781,0.552,50.0769,24.7419
96.0688,88.1123,115.781,0.551,50.8789,24.8139
96.3189,87.9786,115.781,0.55,50.0084,24.8779
96.5688,88.0142,115.781,0.55,50.0056,24.9126
96.8191,83.9063,115.781,0.551,50.0511,24.921
97.0688,92.106,115.781,0.563,49.9977,24.9226
97.3192,107.852,115.781,0.564,49.9235,24.9241
97.5688,92.1369,115.781,0.564,49.9853,24.926
97.8188,91.9821,115.781,0.553,50.0127,24.9278
98.0688,96.0158,115.879,0.553,50.0178,24.9299
98.3189,91.9606,115.879,0.553,50.0237,24.931
98.5689,92.02,115.879,0.556,49.9855,24.9316
98.8188,96.0002,115.879,0.553,50.0365,24.9329
99.0688,96.0242,115.879,0.558,49.9966,24.9345
99.3198,91.6104,115.879,0.563,50.0597,24.9365
99.5688,100.421,115.879,0.543,49.999,24.9868
99.7698,94.5458,115.879,0.526,49.9058,25.0196
100.019,92.3303,115.879,0.521,50.012,25.0926
100.269,127.962,115.879,0.514,48.966,25.1595
100.519,79.971,115.879,0.514,47.9097,25.2122
100.769,107.808,115.879,0.515,47.3073,25.3049
101.019,104.241,115.879,0.518,47.9121,25.3775
101.269,111.952,115.879,0.521,47.8766,25.4517
101.519,136.118,115.879,0.522,45.9441,25.528
101.769,95.884,115.879,0.525,46.0245,25.5855
102.019,88.1131,115.879,0.529,46.0277,25.6758
102.269,99.9599,115.879,0.532,45.651,25.7444
102.519,108.05,115.879,0.529,47.8326,25.8095
102.769,91.9513,115.879,0.52,47.8994,25.8765
103.019,96.039,115.879,0.515,47.839,25.9409
103.269,95.9828,115.879,0.509,48.2151,26.0121
103.519,104.006,115.879,0.498,50.0263,26.0888
103.769,120.008,115.879,0.499,47.7927,26.1457
104.019,107.952,115.879,0.51,47.3336,26.2311
104.269,104.06,115.879,0.534,45.829,26.2959
104.519,95.973,115.879,0.556,45.854,26.3419
104.769,100.012,115.879,0.533,47.9675,26.4189
105.019,131.965,115.879,0.488,46.0261,26.4811
105.269,100.035,115.879,0.422,48.0107,26.546
105.519,95.9472,115.879,0.386,48.0432,26.6137
105.719,104.699,115.879,0.357,47.9907,26.65
105.969,132.315,115.879,0.305,46.4959,26.7345
106.219,144.085,115.879,0.281,46.0074,26.7994
106.469,95.9729,115.879,0.249,45.9976,26.8725
106.719,107.982,115.879,0.257,46.0132,26.9448
106.969,103.803,115.879,0.257,47.9063,26.9968
107.219,148.258,115.879,0.264,47.3179,27.0735
107.469,108.047,115.879,0.283,45.6867,27.1346
107.719,95.8193,115.879,0.306,45.6866,27.1921
107.969,88.1666,115.879,0.349,45.664,27.2792
108.219,87.9799,115.879,0.381,48.2809,27.3507
108.469,92.0174,115.879,0.441,50.033,27.4263
108.719,91.9269,115.879,0.472,50.0589,27.505
108.969,88.0626,115.879,0.469,49.9886,27.5741
109.219,120.002,115.879,0.466,47.8489,27.6492
109.469,96.0064,115.879,0.459,47.8426,27.726
109.719,80.0073,115.879,0.447,47.858,27.7921
109.969,92.0065,115.879,0.421,47.8248,27.8635
110.219,96.0012,115.879,0.42,50.1039,27.9313
110.469,91.9392,115.879,0.413,49.9848,28.0042
110.719,96.0508,115.879,0.41,49.9908,28.072
110.969,87.9819,115.879,0.399,50.0433,28.125
111.219,96.018,115.879,0.392,50.0141,28.2102
111.469,95.979,115.879,0.392,50.0301,28.2828
111.719,116.078,115.879,0.392,48.2818,28.3381
111.969,91.9451,115.879,0.391,47.9644,28.4238
112.219,88.0283,115.879,0.391,47.9601,28.4899
112.469,91.9731,115.879,0.387,47.9312,28.5607
112.719,92.0238,115.879,0.375,49.9811,28.6329
112.969,87.9796,115.879,0.355,50.04,28.6857
113.219,112.026,115.879,0.333,48.5779,28.7731
113.42,133.976,115.879,0.341,46.9979,28.8143
113.669,92.5128,115.879,0.352,48.0363,28.9002
113.919,88.0511,115.879,0.371,48.0355,28.9716
114.169,91.9773,115.879,0.372,48.8019,29.0264
114.419,92.011,115.879,0.374,50.5655,29.1167
114.669,95.9889,115.879,0.375,50.036,29.1938
114.919,91.9895,115.879,0.377,49.8817,29.2479
115.169,88.0116,115.879,0.355,50.0186,29.3404
115.419,84.0101,115.879,0.332,49.9935,29.4126
115.669,91.9738,115.879,0.341,50.072,29.4864
115.919,92.0337,115.879,0.347,50.0137,29.56
116.17,115.54,115.879,0.354,48.9351,29.614
116.419,140.537,115.879,0.359,47.9202,29.7037
116.669,99.9421,115.879,0.362,47.8923,29.7703
116.919,103.868,115.879,0.365,47.9383,29.8232
117.169,148.301,115.879,0.369,46.2265,29.893
117.419,91.9547,115.879,0.377,47.761,29.9463
117.669,92.0278,115.879,0.406,47.7886,29.9902
117.919,95.9949,115.879,0.432,47.8011,30.0588
118.171,114.851,115.879,0.471,49.5506,30.101
118.419,121.207,115.879,0.447,47.8209,30.1675
118.669,104.024,115.879,0.419,47.878,30.2193
118.92,99.7042,115.879,0.397,47.8516,30.2805
119.169,108.319,115.879,0.362,48.2722,30.3426
119.419,95.9772,115.879,0.355,49.9751,30.4003
119.619,99.6756,115.879,0.344,50.0172,30.4507
119.869,100.293,115.879,0.367,49.9901,30.5226
120.119,99.9395,115.879,0.377,50.0354,30.5942
120.369,96.0617,115.879,0.408,49.9888,30.667
120.619,95.9452,115.879,0.413,50.1582,30.7333
120.869,92.0375,115.879,0.424,50.0352,30.7908
121.119,95.9745,115.879,0.433,51.3565,30.8793
121.369,132.025,115.879,0.44,50.0556,30.9334
121.619,95.9623,115.879,0.443,50.0306,31.0203
121.869,92.0424,115.879,0.446,50.0138,31.0972
122.12,91.5757,115.879,0.447,50.0974,31.1691
122.369,120.562,115.879,0.447,48.0891,31.2471
122.62,87.7325,115.879,0.447,48.0806,31.3008
122.869,88.2736,115.879,0.45,48.0546,31.3856
123.12,95.6696,115.879,0.452,48.0029,31.46
123.369,100.13,115.879,0.455,49.9673,31.5174
123.619,120.084,115.879,0.455,47.9409,31.6063
123.869,96.1418,115.879,0.456,48.0153,31.6763
124.12,83.4464,115.879,0.456,47.9582,31.7367
124.369,88.5745,115.879,0.456,47.9813,31.8209
124.619,79.9601,115.879,0.456,50.0155,31.896
124.869,92.0556,115.879,0.457,49.9496,31.9679
125.119,119.973,115.879,0.457,47.9602,32.0412
125.369,96.0261,115.879,0.457,47.9558,32.098
125.619,95.9727,115.879,0.457,47.9658,32.188
125.869,96.0478,115.879,0.457,47.9906,32.2574
126.119,87.9394,115.879,0.446,49.9758,32.3201
126.369,92.0244,115.879,0.441,49.9778,32.3935
126.619,92.0009,115.879,0.446,50.0578,32.4645
126.869,96.0153,115.879,0.445,49.9938,32.5343
127.119,87.962,115.879,0.469,50.0282,32.6037
127.369,100.037,115.879,0.49,50.0012,32.6692
127.619,87.9816,115.879,0.52,50.0462,32.7447
127.869,104.032,115.879,0.496,49.9836,32.8162
128.119,95.8516,115.879,0.447,50.0211,32.8685
128.369,96.1271,115.879,0.427,50.0032,32.9517
128.619,87.9806,115.879,0.407,50.0329,33.0241
128.869,100.039,115.879,0.398,50.0018,33.0993
129.119,87.8584,115.879,0.405,49.8712,33.1766
129.369,136.227,115.879,0.412,49.9989,33.2291
129.619,91.8371,115.879,0.416,50.046,33.3127
129.869,100.173,115.879,0.422,49.9835,33.3807
130.119,87.9647,115.879,0.405,50.451,33.4539
130.369,92.0398,115.879,0.38,49.9904,33.5244
130.619,87.9696,115.879,0.366,50.0138,33.5888
130.869,92.0291,115.879,0.368,49.9795,33.6585
131.119,87.9757,115.879,0.358,50.0298,33.7357
131.369,91.8282,115.879,0.358,49.9477,33.7915
131.619,132.275,115.879,0.353,47.9327,33.8793
131.869,115.927,115.879,0.349,45.7797,33.951
132.119,92.0671,115.879,0.345,45.8089,34.0295
132.32,94.4132,115.879,0.344,45.8094,34.0908
132.569,88.3991,115.879,0.339,47.7018,34.143
132.819,92.0164,115.879,0.333,50.018,34.2316
133.069,91.9839,115.879,0.332,50.0968,34.3088
133.319,119.984,115.879,0.321,47.9453,34.3783
133.569,100.049,115.879,0.315,47.9635,34.4562
133.819,107.812,115.879,0.333,47.9537,34.514
134.069,100.079,115.879,0.35,47.5911,34.5991
134.319,112.066,115.879,0.382,47.8489,34.665
134.569,96.0564,115.879,0.416,47.8276,34.7249
134.821,122.754,115.879,0.471,47.169,34.7847
135.069,109.08,115.879,0.497,45.7703,34.8418
135.319,116.009,115.879,0.525,47.7533,34.8905
135.569,108.001,115.879,0.549,47.7631,34.9628
135.819,104.007,115.879,0.569,48.4315,35.0168
136.069,103.976,115.879,0.584,49.9636,35.0783
136.319,111.971,115.879,0.567,49.8757,35.1372
136.569,119.966,115.879,0.548,47.9737,35.177
136.819,127.984,115.879,0.521,46.4031,35.2458
137.069,139.925,115.879,0.522,45.8587,35.3068
137.319,127.905,115.879,0.516,44.1229,35.3776
137.569,96.1555,115.879,0.52,45.9424,35.4511
137.819,100.043,115.879,0.526,47.1787,35.522
138.069,87.9731,115.879,0.533,47.9718,35.5945
138.319,96.0882,115.879,0.541,50.057,35.6677
138.569,119.953,115.879,0.546,47.6797,35.7394
138.819,91.9598,115.879,0.553,47.6665,35.8139
139.069,96.0362,115.879,0.561,47.5947,35.8836
139.32,123.619,115.879,0.573,47.2111,35.9427
139.57,151.579,115.879,0.579,48.936,36.0131
139.819,92.3438,115.879,0.583,47.9842,36.0837
140.069,100.201,115.879,0.589,48.0136,36.14
140.319,87.9334,115.879,0.601,48.4364,36.1638
140.569,104.047,115.879,0.601,49.0034,36.1661
140.819,99.9962,115.879,0.6,50.015,36.169
141.119,99.9241,115.879,0.599,49.9971,36.1719
141.369,100.134,115.879,0.599,49.989,36.1724
141.619,91.9671,115.879,0.6,50.0965,36.1746
141.869,92.0336,115.879,0.599,50.0058,36.1815
142.119,91.9538,115.879,0.599,50.0316,36.189
142.369,103.924,115.879,0.599,49.9996,36.1945
142.62,95.477,115.879,0.6,49.9538,36.2016
142.869,100.72,115.879,0.6,49.9868,36.2068
143.119,115.951,115.879,0.615,47.8543,36.2612
143.369,91.9765,115.879,0.607,47.9022,36.3051
143.619,92.0248,115.879,0.564,47.8474,36.3876
143.869,95.9934,115.879,0.542,47.8371,36.4539
144.119,103.77,115.879,0.527,49.596,36.5213
144.369,116.233,115.879,0.525,47.8849,36.5773
144.619,100.024,115.879,0.535,47.8819,36.6648
144.869,91.9788,115.879,0.544,47.8557,36.7351
145.119,96.0107,115.879,0.554,48.2728,36.8105
145.369,91.9761,115.879,0.558,49.9869,36.8791
145.619,124.009,115.879,0.561,48.8087,36.9536
145.869,92.0254,115.879,0.561,47.8875,37.0206
146.119,103.991,115.879,0.568,47.8734,37.096
146.369,107.972,115.879,0.571,47.6963,37.1726
146.619,128.058,115.879,0.571,46.6214,37.2344
146.869,123.998,115.879,0.574,46.1574,37.2892
147.07,109.189,115.879,0.578,46.1894,37.3213
147.319,136.788,115.879,0.594,44.4286,37.3888
147.569,99.9961,115.879,0.611,46.1571,37.4439
147.819,100.026,115.879,0.614,47.0484,37.4926
148.069,107.985,115.879,0.563,47.9596,37.5464
148.319,107.992,115.879,0.5,50.0291,37.5979
148.569,112.008,115.879,0.457,50.0077,37.6449
148.819,111.964,115.879,0.395,50.0051,37.7155
149.069,100.038,115.879,0.357,50.1146,37.7766
149.319,95.9683,115.879,0.313,50.0546,37.8519
149.569,100.053,115.879,0.289,50.0431,37.9292
149.819,99.9837,115.879,0.266,50.1337,37.9979
150.069,115.888,115.879,0.273,47.8844,38.0692
150.319,96.0431,115.879,0.291,47.852,38.147
150.569,100.039,115.879,0.308,47.8645,38.2014
150.819,99.9807,115.879,0.36,47.8218,38.2834
151.021,123.547,115.879,0.369,47.8654,38.3239
151.269,141.1,115.879,0.37,47.8205,38.4183
151.519,96.1727,115.879,0.377,47.806,38.4932
151.769,87.9973,115.879,0.38,47.8733,38.5616
152.019,80.0139,115.879,0.386,48.5257,38.6334
152.269,88.0002,115.879,0.388,50.049,38.7049
152.519,92.0006,115.879,0.391,49.9679,38.7833
152.769,87.9626,115.879,0.399,50.0254,38.858
153.019,91.8839,115.879,0.416,49.99,38.9033
153.269,132.205,115.879,0.432,48.0317,38.9872
153.519,88.0122,115.879,0.435,47.9822,39.058
153.769,91.9746,115.879,0.439,48.0271,39.1206
154.019,92.0295,115.879,0.442,48.0103,39.1956
154.269,91.9958,115.879,0.444,50.0719,39.261
154.519,91.9987,115.879,0.448,50.0079,39.3401
154.769,99.9369,115.879,0.451,49.9961,39.4119
155.019,92.0642,115.879,0.457,50.0225,39.4794
155.269,111.971,115.879,0.463,50.024,39.5532
155.519,124.028,115.879,0.474,48.0365,39.6215
155.769,91.9762,115.879,0.482,48.0045,39.696
156.019,92.0166,115.879,0.491,47.9838,39.7673
156.269,127.94,115.879,0.494,46.1629,39.8303
156.519,88.0092,115.879,0.491,48.116,39.9065
156.769,104.011,115.879,0.473,47.9692,39.982
157.019,100.035,115.879,0.457,47.9816,40.0518
157.269,107.966,115.879,0.458,50.0313,40.1239
157.519,88.0206,115.879,0.456,50.0122,40.1895
157.769,95.9799,115.879,0.455,50.0225,40.2482
158.019,92.0259,115.879,0.45,50.0758,40.3336
158.269,91.9745,115.879,0.447,50.0351,40.3993
158.519,92.0002,115.879,0.442,50.0402,40.462
158.769,103.818,115.879,0.444,49.999,40.5312
159.019,112.199,115.879,0.446,47.6687,40.6092
159.269,88.0061,115.879,0.448,47.6904,40.6823
159.469,94.7367,115.879,0.451,47.6694,40.7223
159.719,92.1955,115.879,0.454,47.7431,40.8097
159.969,87.9617,115.879,0.455,50.039,40.8865
160.219,103.93,115.879,0.457,50.047,40.9577
160.469,116.155,115.879,0.463,48.0331,41.0306
160.719,131.987,115.879,0.467,47.0143,41.0991
160.969,83.8735,115.879,0.468,46.1994,41.1609
161.219,88.1218,115.879,0.469,46.2049,41.2491
161.469,88.0055,115.879,0.468,48.0143,41.3201
161.719,127.98,115.879,0.469,46.7794,41.3964
161.969,96.0164,115.879,0.469,47.8398,41.4716
162.22,91.7157,115.879,0.463,47.7694,41.5272
162.469,96.3182,115.879,0.46,47.7658,41.6147
162.72,91.4629,115.879,0.458,50.0176,41.6847
162.969,92.5375,115.879,0.458,50.0211,41.7574
163.219,111.922,115.879,0.463,49.267,41.8313
163.469,128.081,115.879,0.466,46.4698,41.9017
163.719,107.924,115.879,0.471,45.6266,41.9758
163.97,131.359,115.879,0.476,43.1639,42.0269
164.219,96.5543,115.879,0.488,42.5243,42.0958
164.469,99.9666,115.879,0.493,44.1116,42.1173
164.719,99.9833,115.879,0.492,45.9364,42.1184
164.969,135.954,115.879,0.49,49.1315,42.1197
165.219,120.059,115.879,0.486,48.4323,42.1223
165.469,96.0198,115.879,0.484,47.8877,42.1236
165.719,99.9915,115.879,0.485,47.8599,42.125
166.019,103.321,115.879,0.482,47.854,42.1275
166.269,104.039,115.879,0.484,49.9884,42.1284
166.519,103.921,115.879,0.485,50.0535,42.1304
166.769,100.057,115.879,0.484,49.9738,42.1349
167.019,107.905,115.879,0.487,49.2575,42.1392
167.269,112.105,115.879,0.488,47.9707,42.1445
167.519,99.9888,115.879,0.491,47.9034,42.1644
167.769,100.006,115.879,0.498,47.901,42.2169
168.019,95.9934,115.879,0.471,48.6136,42.2722
168.269,115.73,115.879,0.45,49.2238,42.321
168.519,120.271,115.879,0.447,50.0274,42.3963
168.769,104.03,115.879,0.447,49.9566,42.4704
169.02,127.623,115.879,0.447,50.0075,42.5266
169.269,96.2904,115.879,0.447,51.0319,42.6156
169.519,91.9618,115.879,0.447,50.013,42.6877
169.769,92.0275,115.879,0.447,50.0206,42.7629
170.019,91.9843,115.879,0.447,50.0709,42.838
170.269,88.0017,115.879,0.448,50.0136,42.8951
170.519,88.005,115.879,0.449,50.0673,42.9843
170.769,91.9988,115.879,0.449,50.0192,43.0613
171.019,87.9776,115.879,0.45,50.0401,43.1165
171.269,95.9056,115.879,0.449,50.0162,43.1975
171.519,92.0016,115.879,0.451,49.9794,43.2629
171.769,96.1274,115.879,0.453,49.9637,43.3416
172.019,107.959,115.879,0.455,47.9205,43.4146
172.269,88.0123,115.879,0.455,47.9556,43.4738
172.519,84.0097,115.879,0.455,47.9522,43.5601
172.769,87.9963,115.879,0.455,48.0801,43.6383
173.02,87.6669,115.879,0.456,50.0698,43.6955
173.269,88.3498,115.879,0.456,49.9907,43.7776
173.519,91.9928,115.879,0.456,50.0248,43.8406
173.769,120.008,115.879,0.456,49.9936,43.9144
173.969,119.65,115.879,0.456,48.4604,43.9715
174.219,84.1832,115.879,0.456,47.7376,44.0339
174.469,95.9481,115.879,0.456,47.3778,44.1146
174.67,168.966,115.879,0.453,44.8713,44.1637
174.919,96.5471,115.879,0.45,46.1337,44.2324
175.169,95.9795,115.879,0.448,47.8168,44.2942
175.419,100.014,115.879,0.445,47.8519,44.3454
175.67,99.6372,115.879,0.447,50.3203,44.4123
175.919,144.349,115.879,0.448,49.5954,44.4565
176.169,96.0925,115.879,0.444,50.0452,44.5268
176.419,100.031,115.879,0.439,49.9583,44.583
176.669,103.776,115.879,0.433,50.1131,44.6263
176.919,96.2043,115.879,0.406,49.9621,44.6954
177.169,91.9877,115.879,0.355,50.0357,44.7572
177.419,95.8322,115.879,0.319,50.002,44.8042
177.669,100.161,115.879,0.294,50.0659,44.8814
177.919,108.044,115.879,0.289,50.0198,44.9452
178.169,107.948,115.879,0.295,49.907,45.0231
178.419,124.031,115.879,0.309,47.8255,45.0944
178.669,96.0132,115.879,0.328,47.8615,45.1662
178.919,95.986,115.879,0.347,47.8323,45.2351
179.169,112.027,115.879,0.375,46.3092,45.3029
179.42,91.5951,115.879,0.397,47.8288,45.3527
179.669,100.428,115.879,0.436,47.7993,45.4288
179.919,96.0029,115.879,0.474,47.8151,45.4926
180.169,91.9862,115.879,0.524,50.0152,45.5599
180.419,127.962,115.879,0.565,48.6112,45.6275
180.669,95.9183,115.879,0.63,47.9894,45.6862
180.919,96.1094,115.879,0.682,47.9843,45.7744
181.169,103.932,115.879,0.744,47.3735,45.8419
181.419,116.037,115.879,0.799,45.278,45.8959
181.669,100.04,115.879,0.842,46.1435,45.9628
181.919,88.0104,115.879,0.87,46.1242,46.0149
182.169,99.9818,115.879,0.849,46.1751,46.0726
182.419,92.0117,115.879,0.827,50.0477,46.1281
182.669,100.014,115.879,0.795,50.0156,46.1855
182.919,103.985,115.879,0.789,49.9982,46.2543
183.169,99.77,115.879,0.794,50.0991,46.3306
183.419,96.2345,115.879,0.799,50.0084,46.3954
183.67,131.522,115.879,0.813,50.0465,46.4633
183.919,88.3211,115.879,0.821,49.9929,46.5274
184.12,99.3867,115.879,0.824,50.0238,46.5843
184.369,108.393,115.879,0.848,49.3148,46.659
184.619,100.1,115.879,0.855,50.0098,46.7163
184.869,95.9943,115.879,0.866,50.0576,46.8049
185.119,92.0164,115.879,0.864,50.0293,46.8705
185.369,115.913,115.879,0.861,50.5157,46.9345
185.619,116.081,115.879,0.855,48.042,46.9953
185.869,95.9527,115.879,0.806,47.606,47.0405
186.119,100.048,115.879,0.764,46.1358,47.1151
186.32,134.354,115.879,0.714,45.3232,47.1518
186.569,96.3674,115.879,0.65,45.9619,47.2364
186.819,92.0201,115.879,0.613,45.989,47.3036
187.069,123.875,115.879,0.548,45.8827,47.3616
187.319,96.1043,115.879,0.511,46.286,47.4458
187.569,103.988,115.879,0.447,47.8294,47.508
187.819,91.9779,115.879,0.406,47.8471,47.5556
188.069,88.0158,115.879,0.392,50.0587,47.5709
188.319,96.0611,115.879,0.392,49.9827,47.5716
188.569,87.9476,115.879,0.392,49.9832,47.5731
188.819,99.9627,115.879,0.388,50.054,47.5742
189.07,91.666,115.879,0.383,50.0023,47.575
189.319,116.38,115.879,0.382,48.9351,47.5766
189.569,96.0677,115.879,0.368,49.9979,47.5781
189.819,99.8294,115.879,0.366,50.0357,47.5792
190.069,100.169,115.879,0.367,49.922,47.5813
190.319,96.02,115.879,0.363,50.3873,47.582
190.619,86.6193,115.879,0.357,50.0577,47.5839
190.869,88.0464,115.879,0.363,49.9836,47.5965
191.119,96.0505,115.879,0.397,50.1073,47.6488
191.369,115.928,115.879,0.483,47.8755,47.7046
191.621,106.955,115.879,0.514,47.4777,47.7784
191.869,125.228,115.879,0.55,45.8978,47.8282
192.119,91.9987,115.879,0.572,45.8925,47.9028
192.369,87.9983,115.879,0.629,47.8692,47.9657
192.619,84.0021,115.879,0.677,47.8277,48.0441
192.869,95.9727,115.879,0.73,49.9652,48.1156
193.119,91.9649,115.879,0.759,49.9811,48.177
193.369,88.0647,115.879,0.807,50.0141,48.2414
193.619,99.9883,115.879,0.828,49.991,48.3024
193.869,91.8376,115.879,0.854,50.0337,48.3495
194.119,96.174,115.879,0.862,50.0464,48.4266
194.369,96.002,115.879,0.83,49.9574,48.4896
194.619,91.9516,115.879,0.825,49.9948,48.5487
194.869,127.988,115.879,0.822,47.8381,48.6384
195.119,92.0689,115.879,0.821,47.872,48.7108
195.369,99.9936,115.879,0.828,47.8761,48.7841
195.619,95.9898,115.879,0.843,47.8967,48.8563
195.869,95.9856,115.879,0.861,50.013,48.9265
196.119,131.986,115.879,0.867,48.4938,48.998
196.369,103.974,115.879,0.841,46.0837,49.0696
196.619,92.0645,115.879,0.834,46.0841,49.141
196.869,99.9584,115.879,0.815,46.072,49.2055
197.119,96.0433,115.879,0.793,47.0998,49.2671
197.369,99.8492,115.879,0.757,50.0872,49.3318
197.619,92.1373,115.879,0.708,50.0177,49.395
197.869,123.956,115.879,0.631,49.9979,49.4465
198.119,92.0185,115.879,0.588,49.9921,49.5243
198.369,95.957,115.879,0.534,49.9392,49.5956
198.619,100.042,115.879,0.497,49.9481,49.6505
198.869,115.819,115.879,0.447,49.8712,49.7369
199.119,112.203,115.879,0.432,47.7939,49.7969
199.369,87.9707,115.879,0.405,47.7975,49.8598
199.619,99.9843,115.879,0.386,47.8449,49.9213
199.869,87.9536,115.879,0.366,47.8921,49.971
200.119,96.0939,115.879,0.345,50.023,50.0459
200.369,95.9698,115.879,0.329,49.9829,50.108
200.619,99.862,115.879,0.316,50.0298,50.1776
200.869,96.1351,115.879,0.319,50.014,50.2519
201.119,131.849,115.879,0.322,48.6878,50.3081
201.369,92.1275,115.879,0.353,47.8735,50.3981
201.619,95.9755,115.879,0.374,47.8709,50.4615
201.869,96.0211,115.879,0.426,47.8465,50.5076
202.119,99.9768,115.879,0.466,49.1228,50.5724
202.369,92.0323,115.879,0.499,50.0002,50.6236
202.619,103.976,115.879,0.513,50.0344,50.6786
202.869,108.009,115.879,0.498,50.0149,50.7351
203.119,104.001,115.879,0.47,50.0502,50.7905
203.369,96,115.879,0.446,50.0015,50.8506
203.619,95.9365,115.879,0.431,50.0677,50.9075
203.869,92.0568,115.879,0.42,50.0515,50.9568
204.119,99.9909,115.879,0.419,49.9872,51.0392
204.369,100.021,115.879,0.426,49.9717,51.0952
204.569,144.541,115.879,0.432,47.9491,51.1686
204.819,92.1738,115.879,0.438,47.7011,51.2369
205.069,104.102,115.879,0.445,47.7679,51.3034
205.319,83.901,115.879,0.447,47.7395,51.3775
205.569,128.092,115.879,0.422,47.1605,51.4424
205.819,79.9823,115.879,0.403,48.0395,51.5019
206.069,92.0289,115.879,0.385,48.0518,51.5903
206.319,91.9528,115.879,0.384,48.038,51.6625
206.569,99.9903,115.879,0.383,50.0089,51.7355
206.82,99.7498,115.879,0.379,49.3112,51.7852
207.069,112.29,115.879,0.374,47.9024,51.864
207.319,108.058,115.879,0.37,45.801,51.951
207.521,108.571,115.879,0.364,45.3965,51.9947
207.769,109.144,115.879,0.356,43.8865,52.0813
208.019,87.7991,115.879,0.348,45.6322,52.1541
208.269,92.2237,115.879,0.338,47.7072,52.2268
208.519,95.9268,115.879,0.321,47.7537,52.3009
208.769,96.0656,115.879,0.313,49.8963,52.3696
209.019,107.74,115.879,0.316,50.0385,52.449
209.269,120.269,115.879,0.34,48.21,52.5226
209.519,96.0263,115.879,0.361,47.7425,52.5915
209.769,99.9866,115.879,0.404,47.8669,52.6531
210.019,88.012,115.879,0.43,47.8184,52.7159
210.269,107.874,115.879,0.474,49.6108,52.7599
210.519,100.11,115.879,0.497,50.0021,52.8264
210.769,135.896,115.879,0.533,47.7247,52.8802
211.019,108.072,115.879,0.554,47.7373,52.9393
211.269,111.987,115.879,0.567,47.7741,52.9904
211.471,128.842,115.879,0.561,46.8403,53.0259
211.719,112.817,115.879,0.533,47.1912,53.096
211.969,111.998,115.879,0.506,47.9369,53.156
212.219,116.003,115.879,0.497,47.9175,53.2165
212.469,100.01,115.879,0.512,49.4195,53.2838
212.719,135.772,115.879,0.528,48.0327,53.3347
212.969,104.184,115.879,0.571,48.0344,53.4252
213.219,99.996,115.879,0.577,48.0254,53.5018
213.469,111.794,115.879,0.591,48.0473,53.5593
213.719,156.155,115.879,0.612,47.2693,53.6319
213.969,156.139,115.879,0.636,45.7756,53.7206
214.219,99.9889,115.879,0.671,45.9001,53.79
214.469,99.9864,115.879,0.7,45.8261,53.851
214.719,95.8395,115.879,0.716,48.4357,53.8944
214.969,104.13,115.879,0.745,50.038,53.9669
215.219,108.056,115.879,0.778,49.9815,54.0239
215.469,115.854,115.879,0.817,50.0418,54.073
215.719,112.153,115.879,0.832,49.98,54.1444
215.969,127.908,115.879,0.845,47.9875,54.2038
216.219,100.069,115.879,0.838,48.087,54.2677
216.469,103.976,115.879,0.799,48.0193,54.327
216.719,124.043,115.879,0.775,46.0549,54.3891
216.969,107.988,115.879,0.762,47.9294,54.4573
217.219,131.963,115.879,0.746,46.7883,54.5251
217.469,115.989,115.879,0.725,46.0561,54.5828
217.719,100.037,115.879,0.721,47.4829,54.6661
217.969,95.9821,115.879,0.72,47.9729,54.737
218.219,112.015,115.879,0.718,49.3593,54.8091
218.469,107.983,115.879,0.723,50.0079,54.8845
218.719,103.975,115.879,0.73,49.9774,54.9375
218.969,119.785,115.879,0.73,50.1286,55.0205
219.219,152.277,115.879,0.692,47.4284,55.0898
219.469,131.865,115.879,0.646,46.1452,55.1483
219.719,112.158,115.879,0.625,45.3854,55.2333
219.969,103.988,115.879,0.605,45.3914,55.2971
220.219,136.029,115.879,0.597,45.8046,55.3676
220.469,107.932,115.879,0.608,46.2007,55.4335
220.719,112.079,115.879,0.617,47.9658,55.4954
220.969,111.97,115.879,0.649,47.9781,55.563
221.219,111.936,115.879,0.682,50.027,55.6283
221.469,128.081,115.879,0.738,47.9031,55.6816
221.719,107.998,115.879,0.784,47.8972,55.7601
221.969,100.019,115.879,0.843,47.8845,55.8184
222.219,103.974,115.879,0.89,47.8948,55.881
222.469,107.94,115.879,0.957,49.9962,55.9405
222.719,136.044,115.879,0.946,47.9492,55.9892
222.969,108.046,115.879,0.941,47.8189,56.0701
223.219,103.992,115.879,0.955,47.8915,56.138
223.469,112.016,115.879,0.965,47.8901,56.2081
223.72,139.208,115.879,0.983,48.0268,56.2795
223.969,108.596,115.879,1.018,48.044,56.3455
224.219,107.772,115.879,1.025,47.6156,56.4206
224.469,116.26,115.879,1.068,46.2311,56.4916
224.719,111.776,115.879,1.092,46.5322,56.5449
224.969,116.229,115.879,1.111,46.09,56.6359
225.219,112.001,115.879,1.133,46.146,56.7091
225.469,143.977,115.879,1.155,47.9827,56.7661
225.719,107.914,115.879,1.168,50.0812,56.8525
225.969,100.105,115.879,1.189,50.0326,56.9244
226.219,103.963,115.879,1.199,50.0714,57.0012
226.469,111.964,115.879,1.221,49.9917,57.0712
226.719,128.085,115.879,1.249,47.719,57.1402
226.971,110.959,115.879,1.267,47.7708,57.2142
227.219,104.992,115.879,1.294,47.7429,57.2878
227.47,127.216,115.879,1.271,46.6498,57.347
227.719,104.621,115.879,1.246,47.8597,57.4357
227.969,103.987,115.879,1.188,47.8255,57.5028
228.219,104.018,115.879,1.198,47.9208,57.5709
228.469,111.971,115.879,1.183,49.3762,57.6371
228.719,112.004,115.879,0.947,49.97,57.6971
228.969,100.005,115.879,0.936,50.033,57.7583
229.171,133.438,115.879,0.883,49.54,57.7856
229.419,117.087,115.879,0.825,47.8074,57.7999
229.669,103.972,115.879,1.103,47.459,57.8013
229.92,115.566,115.879,1.095,45.7735,57.8031
230.169,108.466,115.879,1.091,45.7689,57.8059
230.469,123.334,115.879,0.842,47.8395,57.8086
230.719,136.003,115.879,0.85,46.2484,57.8094
230.969,95.9847,115.879,0.84,48.0265,57.8104
231.219,100.009,115.879,0.844,47.9866,57.8125
231.469,107.99,115.879,0.835,48.0736,57.8135
231.719,115.974,115.879,0.826,49.9418,57.8158
231.969,159.959,115.879,0.81,46.6422,57.8184
232.17,139.106,115.879,0.809,45.8163,57.8198
232.419,112.628,115.879,1.101,45.7207,57.8483
232.669,103.991,115.879,0.886,45.831,57.8906
232.919,104.021,115.879,0.949,47.8824,57.9618
233.169,103.982,115.879,1.001,50.0542,58.007
233.419,140.02,115.879,1.092,47.9374,58.09
233.669,112.009,115.879,1.162,47.9413,58.1606
233.919,115.979,115.879,1.294,47.899,58.2291
234.169,112.017,115.879,1.305,47.8502,58.3001
234.419,107.965,115.879,1.354,50.0398,58.3613
234.669,104.017,115.879,1.384,49.9738,58.42
234.919,119.934,115.879,1.358,49.4886,58.4932
235.169,116.099,115.879,1.339,47.8042,58.5741
235.419,99.954,115.879,1.31,47.8924,58.6492
235.62,119.594,115.879,1.283,47.8252,58.6899
235.869,124.368,115.879,1.241,45.8505,58.7689
236.119,108.01,115.879,1.191,47.8717,58.8417
236.369,115.978,115.879,1.154,47.8838,58.911
236.619,136.007,115.879,1.088,46.0264,58.9848
236.869,103.999,115.879,1.048,48.0016,59.0543
237.119,104.003,115.879,1.009,48.0119,59.1083
237.369,100.008,115.879,0.981,48.0551,59.1999
237.619,104.024,115.879,0.945,50.0395,59.2693
237.869,123.963,115.879,0.931,48.4354,59.3442
238.119,112.008,115.879,0.908,47.8726,59.4216
238.369,144.025,115.879,0.904,46.4972,59.4887
238.619,107.972,115.879,0.895,45.8933,59.5632
238.869,132.016,115.879,0.883,45.1699,59.6162
239.121,139.015,115.879,0.897,43.9724,59.6804
239.369,100.727,115.879,0.904,44.0419,59.7567
239.619,103.961,115.879,0.892,45.935,59.8164
239.869,100.028,115.879,0.84,46.5253,59.8752
240.119,111.98,115.879,0.773,50.0457,59.9405
240.369,128.024,115.879,0.73,48.0038,60.0077
240.619,135.987,115.879,0.659,46.8497,60.085
240.869,107.814,115.879,0.619,46.0511,60.1539
241.119,112.201,115.879,0.563,46.0321,60.2117
241.32,139.26,115.879,0.527,45.3284,60.2857
241.569,196.831,115.879,0.504,43.9908,60.3533
241.819,115.987,115.879,0.484,45.7585,60.4264
242.069,107.944,115.879,0.479,45.7136,60.4907
242.319,147.843,115.879,0.484,43.6217,60.5409
242.569,136.237,115.879,0.496,43.9396,60.6184
242.819,100.006,115.879,0.533,44.226,60.679
243.069,131.993,115.879,0.564,42.3854,60.729
243.319,139.607,115.879,0.618,41.5642,60.8123
243.569,108.232,115.879,0.628,44.0306,60.867
243.819,103.96,115.879,0.645,45.7282,60.9505
244.069,120.028,115.879,0.666,46.7952,61.022
244.319,107.932,115.879,0.698,47.82,61.0762
244.569,104.149,115.879,0.717,47.8909,61.169
244.819,115.913,115.879,0.758,47.8518,61.2321
245.069,112.074,115.879,0.774,48.8243,61.2968
245.319,127.811,115.879,0.798,48.977,61.3478
245.569,112.173,115.879,0.809,47.9048,61.4176
245.77,114.471,115.879,0.821,47.9351,61.4692
246.019,112.434,115.879,0.82,46.0733,61.529
246.269,95.9692,115.879,0.818,46.0285,61.5748
246.519,108.027,115.879,0.806,47.9815,61.6457
246.769,108.012,115.879,0.794,47.9593,61.7022
247.019,147.992,115.879,0.773,47.8691,61.7604
247.269,115.943,115.879,0.753,47.8797,61.8175
247.519,100.009,115.879,0.717,47.8762,61.8624
247.769,104.007,115.879,0.693,47.8478,61.9377
248.019,127.978,115.879,0.641,48.0078,62.0005
248.269,124.046,115.879,0.608,45.8983,62.0715
248.519,111.982,115.879,0.566,45.8556,62.1386
248.769,119.784,115.879,0.537,45.4908,62.1932
249.02,163.57,115.879,0.502,44.4915,62.2809
249.269,112.517,115.879,0.488,46.1009,62.3521
249.519,100.006,115.879,0.471,46.1721,62.4169
249.769,108.003,115.879,0.461,46.1401,62.4903
250.019,115.893,115.879,0.456,48.1698,62.5561
250.269,175.87,115.879,0.458,47.6413,62.6068
250.519,112.186,115.879,0.45,47.5898,62.6836
250.769,103.987,115.879,0.453,47.6274,62.7422
251.019,108.001,115.879,0.449,48.1639,62.8059
251.269,111.915,115.879,0.442,48.8342,62.8539
251.519,112.081,115.879,0.421,47.8426,62.9178
251.769,111.999,115.879,0.416,47.9321,62.9889
252.019,140.026,115.879,0.408,46.106,63.0439
252.269,99.7738,115.879,0.386,46.2166,63.1052
252.519,108.242,115.879,0.337,48.0465,63.1717
252.769,95.9792,115.879,0.306,48.0445,63.2276
253.019,96.01,115.879,0.284,50.0921,63.296
253.269,103.96,115.879,0.29,50.0122,63.3711
253.519,103.809,115.879,0.297,49.3518,63.4282
253.769,104.25,115.879,0.311,47.891,63.5135
254.019,95.9535,115.879,0.32,47.8677,63.5814
254.269,96.0271,115.879,0.327,47.9225,63.6435
254.519,99.833,115.879,0.342,48.5214,63.7166
254.769,100.167,115.879,0.35,49.9003,63.8001
255.019,83.9942,115.879,0.363,50.1194,63.8721
255.269,96.0129,115.879,0.366,49.9981,63.945
255.519,96.0108,115.879,0.375,50.1266,64.0157
255.769,87.9962,115.879,0.38,49.9927,64.0897
256.019,91.9917,115.879,0.404,49.9639,64.1555
256.269,119.923,115.879,0.423,49.2757,64.2273
256.519,108.055,115.879,0.447,47.7211,64.3049
256.769,88.0149,115.879,0.447,47.6904,64.3763
257.019,95.9778,115.879,0.447,47.7362,64.452
257.269,112.033,115.879,0.447,45.8656,64.5236
257.519,87.9906,115.879,0.447,47.9495,64.5768
257.769,91.9999,115.879,0.447,47.9443,64.6613
258.019,96.0022,115.879,0.452,47.9737,64.7299
258.269,103.951,115.879,0.459,50.0016,64.7999
258.519,140.058,115.879,0.47,49.9738,64.8754
258.769,99.9898,115.879,0.478,49.9992,64.9434
259.019,100.016,115.879,0.49,50.0058,65.0127
259.269,115.961,115.879,0.493,49.2612,65.0813
259.519,136.007,115.879,0.487,48.9862,65.1338
259.769,128.024,115.879,0.467,46.3933,65.2204
260.019,96.0242,115.879,0.452,46.0837,65.2869
260.269,99.9466,115.879,0.448,46.0109,65.3581
260.519,132.057,115.879,0.457,45.5161,65.4152
260.769,91.9927,115.879,0.456,46.9656,65.4952
261.019,96.008,115.879,0.451,47.8947,65.5678
261.269,87.9802,115.879,0.449,47.9405,65.6387
261.519,99.9802,115.879,0.445,49.3286,65.689
261.769,131.949,115.879,0.446,47.828,65.772
262.019,128.112,115.879,0.447,45.6639,65.8288
262.269,95.9974,115.879,0.447,45.7794,65.9187
262.519,99.866,115.879,0.452,45.3604,65.995
262.769,100.113,115.879,0.454,45.4981,66.0523
263.019,128.027,115.879,0.455,47.0414,66.1455
263.269,83.9807,115.879,0.459,46.1199,66.2164
263.519,88.0014,115.879,0.465,46.1761,66.2755
263.769,104.001,115.879,0.467,48.0297,66.3675
264.019,92.009,115.879,0.469,48.9262,66.4388
264.269,87.9831,115.879,0.469,50.007,66.5132
264.519,92.018,115.879,0.469,50.0203,66.5897
264.769,83.8637,115.879,0.468,50.0222,66.6466
265.019,84.1332,115.879,0.468,50.0289,66.7345
265.269,88.0128,115.879,0.467,50.0282,66.8091
265.52,119.531,115.879,0.462,49.1908,66.8644
265.769,112.389,115.879,0.459,49.9548,66.9536
266.019,100.017,115.879,0.46,49.9515,67.0243
266.269,91.9944,115.879,0.465,49.9944,67.0959
266.519,103.965,115.879,0.468,50.6692,67.1656
266.769,99.8898,115.879,0.469,48.013,67.2142
267.019,104.147,115.879,0.475,48.0227,67.2952
267.269,108.033,115.879,0.483,47.9869,67.3591
267.519,100.002,115.879,0.489,48.4633,67.4164
267.769,95.973,115.879,0.499,49.9864,67.4766
268.019,100.034,115.879,0.51,50.0743,67.5325
268.269,127.955,115.879,0.515,47.9719,67.5915
268.519,96.0396,115.879,0.511,47.9376,67.6524
268.769,95.9743,115.879,0.496,47.9772,67.7
269.019,128.025,115.879,0.456,46.1358,67.7821
269.269,99.983,115.879,0.448,47.4378,67.8571
269.519,99.9931,115.879,0.433,48.033,67.9109
269.769,92.0062,115.879,0.419,48.0636,68.0044
270.019,96.0267,115.879,0.374,50.0022,68.0771
270.269,91.9777,115.879,0.372,50.0666,68.1446
270.519,107.923,115.879,0.374,49.6158,68.215
270.769,116.099,115.879,0.382,50.038,68.278
271.019,84.0043,115.879,0.375,49.9944,68.3472
271.269,95.9536,115.879,0.375,50.0428,68.4109
271.519,100.044,115.879,0.375,51.0822,68.4758
271.769,91.9687,115.879,0.377,49.9453,68.5428
272.019,88.0375,115.879,0.373,49.9555,68.6137
272.269,91.9689,115.879,0.374,49.9699,68.6868
272.519,92.029,115.879,0.382,49.9954,68.7592
272.769,87.97,115.879,0.392,50.0268,68.8118
273.019,96.027,115.879,0.4,49.9821,68.8972
273.269,99.8489,115.879,0.408,50.0754,68.9713
273.47,129.511,115.879,0.413,49.3756,69.0253
273.719,96.4401,115.879,0.416,49.9756,69.1024
273.97,91.6718,115.879,0.418,50.1272,69.1594
274.219,92.3311,115.879,0.418,49.9672,69.2502
274.469,91.9857,115.879,0.417,50.1857,69.3168
274.719,92.0012,115.879,0.417,49.9434,69.3738
274.969,84.0059,115.879,0.415,50.0208,69.4626
275.219,96.0115,115.879,0.415,49.9939,69.5351
275.469,99.9883,115.879,0.393,50.0639,69.5989
275.719,91.9926,115.879,0.393,49.9728,69.689
275.969,107.89,115.879,0.414,49.6023,69.7398
276.219,112.131,115.879,0.436,49.9881,69.8268
276.469,91.9715,115.879,0.438,50.0111,69.8996
276.719,88.0143,115.879,0.439,49.9866,69.9531
276.969,91.8042,115.879,0.447,50.4812,70.0437
277.219,120.28,115.879,0.438,50.0103,70.1148
277.469,95.9614,115.879,0.38,50.063,70.1843
277.719,132.052,115.879,0.356,49.9974,70.2493
277.969,91.963,115.879,0.319,50.5623,70.3051
278.219,87.9991,115.879,0.315,49.9997,70.3967
278.469,132.038,115.879,0.316,50.0703,70.4622
278.719,95.9902,115.879,0.323,49.9706,70.5165
278.969,95.9953,115.879,0.326,49.9525,70.5998
279.219,88.0243,115.879,0.331,50.0025,70.6624
279.469,127.942,115.879,0.347,48.4341,70.7272
279.719,100.003,115.879,0.363,47.9838,70.8033
279.969,100.044,115.879,0.398,47.9641,70.872
280.219,91.9978,115.879,0.414,47.9379,70.9413
280.469,99.9204,115.879,0.439,49.2424,71.0107
280.719,108.092,115.879,0.446,47.9327,71.0759
280.969,95.7538,115.879,0.454,47.9725,71.1486
281.219,116.282,115.879,0.46,46.0996,71.2145
281.469,111.958,115.879,0.481,46.1263,71.2853
281.722,106.794,115.879,0.496,47.5171,71.3434
281.969,113.23,115.879,0.517,46.0686,71.4118
282.219,100.129,115.879,0.527,47.9928,71.5063
282.469,87.9401,115.879,0.534,47.9994,71.5742
282.719,96.0116,115.879,0.535,48.8234,71.6428
282.969,112.017,115.879,0.542,47.8759,71.7162
283.221,102.923,115.879,0.547,47.7559,71.7715
283.471,144.364,115.879,0.55,47.2316,71.848
283.719,124.82,115.879,0.55,47.8773,71.9378
283.969,92.1128,115.879,0.553,49.9586,71.9936
284.219,87.9902,115.879,0.556,50.4793,72.0853
284.469,87.9837,115.879,0.554,51.396,72.1623
284.719,100.018,115.879,0.554,50.0196,72.2336
284.969,119.93,115.879,0.557,47.8161,72.3124
285.219,84.0297,115.879,0.554,47.7624,72.3843
285.469,87.9481,115.879,0.554,47.7616,72.4364
285.719,103.923,115.879,0.553,47.7232,72.4436
285.969,88.1413,115.879,0.554,49.9999,72.4437
286.169,129.677,115.879,0.554,49.0506,72.4437
286.419,88.1991,115.879,0.553,47.9523,72.4437
286.669,95.9731,115.879,0.553,47.934,72.4437
286.871,123.556,115.879,0.554,47.0405,72.4438
287.119,100.802,115.879,0.554,46.0968,72.4439
287.369,112.111,115.879,0.553,46.1337,72.4439
287.57,94.4026,115.879,0.553,46.1092,72.444
287.819,88.5005,115.879,0.553,46.095,72.444
288.069,87.9877,115.879,0.553,47.98,72.4441
288.319,96.016,115.879,0.553,50.0196,72.4441
288.569,91.9664,115.879,0.554,50.0153,72.4442
288.819,88.0345,115.879,0.553,49.9861,72.4442
289.069,87.9768,115.879,0.552,50.0199,72.4442
289.319,92.0274,115.879,0.553,50.0128,72.4442
289.569,83.9649,115.879,0.554,50.0502,72.4442
289.819,96.0358,115.879,0.554,49.9709,72.4442
290.069,83.98,115.879,0.554,49.9919,72.4442
290.319,92.014,115.879,0.555,49.9571,72.446
290.569,91.9664,115.879,0.565,50.0422,72.4496
290.819,96.0422,115.879,0.564,49.989,72.4526
291.069,103.706,115.879,0.556,49.9985,72.4556
291.319,92.2612,115.879,0.552,49.9866,72.4592
291.569,95.9743,115.879,0.552,50.044,72.4621
291.819,88.0225,115.879,0.551,49.9765,72.4641
292.069,91.9756,115.879,0.552,50.0921,72.4653
292.319,92.0236,115.879,0.553,49.9628,72.469
292.569,91.983,115.879,0.555,49.9941,72.4725
292.819,108.028,115.879,0.561,49.9632,72.4767
293.069,99.9177,115.879,0.551,49.7409,72.5128
293.319,128.023,115.879,0.539,47.2002,72.5672
293.569,104.023,115.879,0.538,47.8904,72.6294
293.819,100.077,115.879,0.541,47.5182,72.7024
294.069,111.882,115.879,0.549,46.0328,72.7743
294.319,100.073,115.879,0.557,48.695,72.847
294.569,123.744,115.879,0.552,47.0366,72.9192
294.82,103.77,115.879,0.55,45.8789,72.9744
295.069,116.482,115.879,0.539,47.9515,73.0617
295.319,95.9727,115.879,0.54,48.002,73.1388
295.57,103.712,115.879,0.538,48.0132,73.2106
295.819,100.275,115.879,0.538,47.994,73.2871
296.069,96.0359,115.879,0.537,47.9274,73.3582
296.319,103.932,115.879,0.538,47.9086,73.4296
296.569,92.0607,115.879,0.497,48.4607,73.499
296.819,96.0058,115.879,0.469,49.9891,73.5616
297.069,103.937,115.879,0.44,49.9658,73.6327
297.319,108.011,115.879,0.435,47.8954,73.7002
297.569,88.0374,115.879,0.445,47.9294,73.7623
297.819,95.9838,115.879,0.452,47.96,73.8449
298.069,96.0252,115.879,0.459,47.9556,73.9039
298.319,95.8552,115.879,0.469,50.0404,73.9545
298.569,100.144,115.879,0.464,50.0145,74.0268
298.819,95.9873,115.879,0.461,50.0061,74.0874
299.069,103.997,115.879,0.423,50.002,74.1516
299.319,103.94,115.879,0.396,50.0889,74.2204
299.569,100.06,115.879,0.375,49.988,74.2728
299.819,95.9913,115.879,0.345,50.0658,74.3595
300.069,100.031,115.879,0.308,49.9849,74.4221
300.269,114.702,115.879,0.283,49.5472,74.474
300.519,116.188,115.879,0.266,50.0133,74.5382
300.769,92.028,115.879,0.252,50.0122,74.6072
301.019,95.9865,115.879,0.263,50.0051,74.677
301.269,124.029,115.879,0.29,48.7417,74.742
301.469,89.6741,115.879,0.316,47.8606,74.7964
301.719,100.265,115.879,0.351,47.824,74.8627
301.969,96.0032,115.879,0.416,47.9044,74.9324
302.219,103.948,115.879,0.432,47.8517,75.0082
302.469,108.051,115.879,0.444,47.8092,75.0783
302.719,124.014,115.879,0.459,46.5927,75.1486
302.969,83.9812,115.879,0.468,45.7682,75.2202
303.22,99.7241,115.879,0.475,45.8342,75.2753
303.469,120.358,115.879,0.473,45.8125,75.3607
303.719,99.8582,115.879,0.473,46.6397,75.4202
303.969,88.1296,115.879,0.482,47.7955,75.5087
304.219,119.933,115.879,0.483,46.9535,75.5702
304.469,92.0599,115.879,0.483,47.9497,75.6553
304.719,87.9754,115.879,0.482,47.9131,75.7286
304.969,120.015,115.879,0.479,47.0584,75.7988
305.219,116.029,115.879,0.476,46.8646,75.8628
305.469,103.99,115.879,0.457,47.9101,75.9278
305.719,92.0374,115.879,0.447,47.8234,76.0027
305.969,91.9439,115.879,0.42,49.2108,76.0731
306.219,92.0219,115.879,0.406,49.9674,76.1458
306.469,95.9711,115.879,0.384,50.083,76.215
306.719,124.03,115.879,0.369,50.0116,76.2899
306.969,91.9767,115.879,0.342,50.0332,76.3653
307.219,95.8284,115.879,0.328,50.0265,76.4203
307.469,96.1773,115.879,0.323,50.0192,76.5061
307.719,88.0297,115.879,0.321,49.9888,76.5737
307.97,107.386,115.879,0.305,49.8481,76.648
308.219,108.613,115.879,0.307,50.0629,76.7234
308.469,84.0011,115.879,0.305,50.1322,76.7933
308.719,91.9746,115.879,0.305,50.0329,76.8662
308.969,92.0202,115.879,0.305,50.9735,76.945
309.221,107.144,115.879,0.305,49.3626,76.9994
309.469,100.786,115.879,0.294,47.8635,77.0862
309.719,104.031,115.879,0.301,47.9007,77.1539
309.969,99.9658,115.879,0.299,47.8712,77.2186
310.219,92.0136,115.879,0.302,48.4743,77.2838
310.42,114.23,115.879,0.31,49.8929,77.3209
310.669,116.604,115.879,0.319,48.0348,77.396
310.871,123.973,115.879,0.332,46.9824,77.4316
311.119,104.692,115.879,0.356,45.9113,77.5017
311.369,92.0206,115.879,0.383,45.9006,77.5614
311.619,99.818,115.879,0.398,47.7408,77.6026
311.869,100.195,115.879,0.419,48.7822,77.6713
312.119,115.959,115.879,0.427,47.8435,77.7298
312.369,104.01,115.879,0.446,47.8908,77.7937
312.619,123.996,115.879,0.454,46.0128,77.8616
312.869,92.0259,115.879,0.463,45.9534,77.9293
313.119,95.9389,115.879,0.466,47.9451,78.0015
313.369,112.05,115.879,0.468,47.002,78.0732
313.619,99.9088,115.879,0.448,50.0977,78.128
313.869,96.1128,115.879,0.461,49.9557,78.2174
314.119,95.9283,115.879,0.458,50.0069,78.2919
314.369,128.067,115.879,0.452,48.8861,78.3606
314.619,95.9591,115.879,0.45,47.8617,78.4348
314.869,92.0362,115.879,0.448,47.9749,78.5054
315.119,83.9905,115.879,0.447,47.947,78.5799
315.369,88.0074,115.879,0.447,50.0845,78.6563
315.619,95.9508,115.879,0.447,49.9975,78.7276
315.869,88.0472,115.879,0.447,49.9414,78.8027
316.119,88.0213,115.879,0.449,50.0156,78.8735
316.319,94.711,115.879,0.451,49.9858,78.9364
316.569,84.1804,115.879,0.454,50.0601,79.0122
316.819,91.8603,115.879,0.455,50.0117,79.0683
317.069,100.21,115.879,0.456,49.9801,79.1542
317.319,87.9779,115.879,0.456,49.9946,79.2218
317.569,95.972,115.879,0.456,50.0329,79.2986
317.819,91.8697,115.879,0.455,49.5493,79.3726
318.069,96.1217,115.879,0.45,47.644,79.4399
318.319,96.0165,115.879,0.441,47.6475,79.5089
318.569,95.9652,115.879,0.433,47.635,79.5839
318.819,99.8611,115.879,0.435,47.7103,79.6384
319.069,100.17,115.879,0.451,50.0246,79.7231
319.319,100.013,115.879,0.491,50.008,79.7921
319.569,91.9929,115.879,0.52,50.0273,79.866
319.819,131.969,115.879,0.498,48.0113,79.9405
320.069,92.0302,115.879,0.464,47.9763,80.0116
320.319,95.9979,115.879,0.433,47.9822,80.0859
320.569,112.011,115.879,0.42,47.9903,80.1631
320.819,115.931,115.879,0.408,47.4237,80.2178
321.069,96.0606,115.879,0.411,47.7304,80.3084
321.319,95.9331,115.879,0.416,47.7309,80.3767
321.569,96.0595,115.879,0.422,47.7427,80.4491
321.819,87.9698,115.879,0.428,50.0754,80.5239
322.069,96.0222,115.879,0.426,50.0061,80.579
322.319,87.996,115.879,0.382,50.0223,80.6688
322.569,96.0099,115.879,0.371,50.0006,80.7444
322.819,103.993,115.879,0.369,50.0433,80.8157
323.069,92.0109,115.879,0.369,49.9909,80.8871
323.319,91.9747,115.879,0.366,50.0276,80.9564
323.569,88.0248,115.879,0.362,50.009,81.0345
323.819,87.9096,115.879,0.357,50.0694,81.1119
324.069,88.0823,115.879,0.351,50.0335,81.1682
324.319,91.9784,115.879,0.344,50.0293,81.2577
324.569,84.0029,115.879,0.339,49.9998,81.3356
324.819,95.9897,115.879,0.333,50.0448,81.392
325.069,120.043,115.879,0.33,48.0171,81.4765
325.319,99.9634,115.879,0.323,47.9469,81.5445
325.569,92.0362,115.879,0.317,47.9977,81.6199
325.819,95.9398,115.879,0.337,47.9886,81.6971
326.069,92.0702,115.879,0.354,50.044,81.7683
326.319,91.969,115.879,0.383,50.057,81.8294
326.569,100.019,115.879,0.414,49.9805,81.8927
326.77,109.525,115.879,0.453,49.0749,81.9368
327.019,108.325,115.879,0.495,47.8924,81.9947
327.269,112.075,115.879,0.513,47.9377,82.0496
327.519,107.802,115.879,0.54,47.9207,82.1069
327.769,104.151,115.879,0.555,48.7646,82.1663
328.02,103.646,115.879,0.578,49.9936,82.2113
328.269,136.504,115.879,0.584,48.5449,82.2783
328.519,99.9955,115.879,0.55,47.9698,82.3329
328.769,103.967,115.879,0.537,47.9622,82.393
329.019,128.042,115.879,0.532,45.9848,82.4576
329.269,103.836,115.879,0.53,46.8895,82.5082
329.519,100.16,115.879,0.53,47.7599,82.5931
329.769,99.954,115.879,0.533,47.7501,82.6662
330.019,96.0255,115.879,0.543,49.9026,82.7235
330.269,92.0008,115.879,0.55,50.0593,82.8077
330.519,96.0271,115.879,0.555,50.0221,82.8782
330.77,131.518,115.879,0.558,47.4374,82.9524
331.019,120.381,115.879,0.564,47.8727,83.0279
331.269,96.0191,115.879,0.573,47.7998,83.0821
331.519,92.0148,115.879,0.579,47.844,83.1642
331.769,91.9837,115.879,0.58,51.1856,83.2323
332.019,96.0152,115.879,0.59,49.987,83.2866
332.269,83.9749,115.879,0.596,49.9313,83.3176
332.519,103.842,115.879,0.601,50.0164,83.32
332.769,96.1547,115.879,0.6,50.0108,83.3218
333.019,103.992,115.879,0.599,49.9608,83.3237
333.22,89.7059,115.879,0.595,50.0577,83.324
333.469,92.2323,115.879,0.596,49.9652,83.3251
333.719,120.021,115.879,0.597,47.8253,83.3267
333.969,88.0251,115.879,0.591,47.8197,83.3307
334.219,95.9689,115.879,0.598,47.7961,83.3354
334.469,92.0085,115.879,0.599,47.7947,83.3384
334.719,127.948,115.879,0.599,48.7435,83.3431
334.969,100.067,115.879,0.603,50.0034,83.386
335.219,107.858,115.879,0.617,49.9605,83.4349
335.469,88.1168,115.879,0.588,50.0131,83.4946
335.719,99.9426,115.879,0.555,50.5257,83.5578
335.969,88.0541,115.879,0.544,50.1173,83.6302
336.219,91.9739,115.879,0.536,49.9815,83.7086
336.469,95.9892,115.879,0.54,49.9951,83.7616
336.719,99.9902,115.879,0.55,50.0204,83.8447
336.969,96.0433,115.879,0.556,50.0177,83.9147
337.219,95.9767,115.879,0.566,50.0018,83.9863
337.469,92.0046,115.879,0.57,50.0588,84.0599
337.719,95.9465,115.879,0.568,49.9998,84.1309
337.969,120.016,115.879,0.57,48.7818,84.2029
338.219,99.9944,115.879,0.571,47.9495,84.2771
338.47,111.428,115.879,0.572,47.1967,84.3269
338.719,104.597,115.879,0.574,45.9257,84.3997
338.969,111.996,115.879,0.578,45.9106,84.46
339.219,139.989,115.879,0.595,47.8155,84.5051
339.469,103.95,115.879,0.597,48.5715,84.5681
339.719,100.076,115.879,0.591,50.0286,84.6207
339.969,131.951,115.879,0.58,47.8942,84.6759
340.219,104.033,115.879,0.514,47.8874,84.7326
340.42,139.161,115.879,0.477,47.0299,84.7733
340.669,100.385,115.879,0.436,45.8517,84.832
340.919,148.126,115.879,0.375,47.8375,84.8946
341.169,99.9581,115.879,0.341,47.8242,84.9657
341.419,155.967,115.879,0.305,44.2728,85.0384
341.669,100.07,115.879,0.282,46.1968,85.1071
341.919,99.9836,115.879,0.282,46.1046,85.1804
342.169,84.0192,115.879,0.293,46.183,85.2497
342.419,99.9203,115.879,0.311,50.0801,85.3264
342.669,96.0786,115.879,0.34,49.9525,85.3992
342.919,91.9719,115.879,0.36,50.0279,85.4693
343.169,96.018,115.879,0.365,50.0084,85.5478
343.419,99.9812,115.879,0.368,50.0136,85.6236
343.669,91.9393,115.879,0.373,50.0356,85.6793
343.919,104.035,115.879,0.379,49.3559,85.7677
344.169,104.059,115.879,0.383,49.9858,85.8449
344.419,115.98,115.879,0.388,47.9052,85.9163
344.669,91.9555,115.879,0.391,47.9298,85.9892
344.919,151.996,115.879,0.409,47.908,86.0426
345.169,112.081,115.879,0.43,46.0815,86.1294
345.419,99.96,115.879,0.443,47.6332,86.2033
345.669,111.986,115.879,0.445,48.0406,86.2592
345.919,84.0354,115.879,0.446,48.3906,86.3419
346.169,96.0152,115.879,0.446,49.963,86.416
346.419,128.028,115.879,0.446,50.9461,86.4707
346.669,95.9718,115.879,0.447,49.9888,86.5545
346.919,107.971,115.879,0.451,50.0044,86.623
347.169,100.017,115.879,0.455,49.9781,86.7002
347.419,95.9679,115.879,0.464,49.9973,86.7754
347.669,92.0246,115.879,0.472,49.9625,86.8294
347.919,99.9658,115.879,0.483,50.0633,86.9151
348.169,88.0531,115.879,0.489,50.0244,86.9836
348.419,103.963,115.879,0.494,50.0251,87.0556
348.669,103.992,115.879,0.473,49.9927,87.1255
348.919,96.0069,115.879,0.456,49.8773,87.181
349.169,127.928,115.879,0.452,48.9007,87.2676
349.419,84.0247,115.879,0.457,47.802,87.344
349.669,100.057,115.879,0.454,47.8096,87.4114
349.919,95.9586,115.879,0.45,47.7513,87.4807
350.169,131.939,115.879,0.443,46.1835,87.5547
350.419,88.0724,115.879,0.437,47.8884,87.6194
350.669,107.944,115.879,0.437,47.444,87.6934
350.87,119.077,115.879,0.441,45.643,87.7372
351.119,104.545,115.879,0.445,46.1845,87.8264
351.369,132.153,115.879,0.446,45.9096,87.9002
351.619,80.0346,115.879,0.451,46.1874,87.9711
351.869,87.9711,115.879,0.454,48.4659,88.0454
352.119,96.0309,115.879,0.458,49.9838,88.1148
352.37,103.65,115.879,0.464,49.996,88.1911
352.619,92.3078,115.879,0.468,49.9746,88.2665
352.869,87.955,115.879,0.469,49.9762,88.3369
353.119,88.0378,115.879,0.468,50.0372,88.4093
353.369,87.9842,115.879,0.469,50.0671,88.4799
353.619,87.9989,115.879,0.469,50.0114,88.5412
353.869,92.0072,115.879,0.47,50.0104,88.6294
354.119,128.006,115.879,0.47,50.0065,88.7017
354.369,99.9882,115.879,0.47,49.9822,88.779
354.619,99.9852,115.879,0.47,49.9591,88.8545
354.871,131.067,115.879,0.47,49.6315,88.9099
355.119,120.881,115.879,0.459,46.0287,88.9939
355.369,92.0109,115.879,0.468,46.0022,89.0594
355.619,99.9148,115.879,0.469,45.9403,89.1346
355.869,104.05,115.879,0.467,45.9651,89.2053
356.119,132.067,115.879,0.487,47.6792,89.2619
356.369,99.9869,115.879,0.491,47.9416,89.3026
356.619,95.9459,115.879,0.499,47.9888,89.3052
356.869,92.0332,115.879,0.5,48.032,89.3056
357.119,144.054,115.879,0.499,50.0035,89.3071
357.369,123.986,115.879,0.49,50.0562,89.3085
357.619,103.896,115.879,0.49,49.6218,89.3096
357.869,116.128,115.879,0.491,47.7925,89.3109
358.119,99.9279,115.879,0.486,48.5898,89.3123
358.37,107.389,115.879,0.489,47.8213,89.3141
358.619,116.752,115.879,0.487,45.6198,89.3146
358.869,95.9648,115.879,0.488,47.6413,89.3151
359.119,128.027,115.879,0.494,45.7022,89.3165
359.369,95.9833,115.879,0.496,45.6964,89.3183
359.619,100.019,115.879,0.499,47.8938,89.3437
359.869,95.7859,115.879,0.508,47.8984,89.3985
360.119,112.254,115.879,0.472,49.9906,89.4548
360.371,103.096,115.879,0.455,50.0299,89.5209
360.619,108.883,115.879,0.449,49.4787,89.5892
360.869,120.07,115.879,0.449,47.9502,89.6401
361.119,99.9527,115.879,0.451,47.9958,89.7227
361.369,87.9643,115.879,0.454,47.9595,89.7886
361.619,104.067,115.879,0.459,48.4151,89.8603
361.869,88.0222,115.879,0.457,50.0088,89.9339
362.119,112.017,115.879,0.453,48.5516,90.0023
362.369,95.9973,115.879,0.424,48.0396,90.0731
362.619,95.9861,115.879,0.428,48.0367,90.1428
362.869,136.022,115.879,0.431,47.7827,90.1969
363.119,111.924,115.879,0.432,46.6041,90.2864
363.369,96.0641,115.879,0.433,47.7574,90.3582
363.619,87.9612,115.879,0.433,47.7544,90.4322
363.869,88.0059,115.879,0.433,48.4037,90.5042
364.119,87.9475,115.879,0.433,50.0293,90.5735
364.369,100.063,115.879,0.433,49.9892,90.6499
364.619,88.0079,115.879,0.433,49.8991,90.7246
364.869,92.0054,115.879,0.433,50.0018,90.7807
365.12,99.6715,115.879,0.433,49.6913,90.8555
365.369,104.351,115.879,0.433,48.005,90.9407
365.619,87.9784,115.879,0.431,47.9981,91.0172
365.869,88.0011,115.879,0.43,47.9969,91.0902
366.119,91.9754,115.879,0.431,48.2882,91.1464
366.369,88.0163,115.879,0.432,49.9982,91.2373
366.619,99.8624,115.879,0.432,49.9771,91.3094
366.869,100.15,115.879,0.433,50.0928,91.366
367.119,119.992,115.879,0.433,47.6042,91.4535
367.369,99.9718,115.879,0.433,47.6922,91.519
367.619,92.059,115.879,0.433,47.6881,91.5833
367.869,95.9617,115.879,0.442,47.7103,91.6418
368.119,92.0423,115.879,0.455,50.0412,91.6927
368.369,95.9567,115.879,0.484,49.9897,91.7499
368.619,108.043,115.879,0.507,49.9637,91.8005
368.869,107.703,115.879,0.5,49.9966,91.8461
369.119,104.274,115.879,0.456,49.9881,91.9143
369.369,91.9723,115.879,0.39,49.9557,91.9706
369.619,84.0301,115.879,0.355,49.9791,92.0318
369.869,95.9768,115.879,0.306,50.057,92.0989
370.119,100.032,115.879,0.284,49.9894,92.1649
370.369,91.9726,115.879,0.259,50.0406,92.2327
370.619,112.038,115.879,0.262,49.9677,92.3018
370.869,99.9704,115.879,0.28,49.9178,92.3787
371.119,95.9988,115.879,0.303,50.0201,92.4537
371.369,127.845,115.879,0.327,49.9904,92.5194
371.619,112.15,115.879,0.357,47.9926,92.5911
371.869,91.9858,115.879,0.392,48.0282,92.6601
372.119,108.067,115.879,0.423,47.9798,92.7145
372.369,91.9481,115.879,0.461,47.9786,92.7956
372.619,100.018,115.879,0.5,50.0212,92.8641
372.869,95.9748,115.879,0.557,49.9433,92.9149
373.119,92.0269,115.879,0.591,49.9812,92.9989
373.369,99.9894,115.879,0.671,49.9802,93.07
373.619,115.939,115.879,0.709,48.5348,93.1455
373.869,104.032,115.879,0.772,47.9658,93.2089
374.119,107.968,115.879,0.812,47.9509,93.2552
374.369,116.073,115.879,0.815,45.9497,93.3237
374.619,91.9986,115.879,0.788,46.8836,93.3777
374.87,103.517,115.879,0.751,47.414,93.423
375.119,100.399,115.879,0.726,45.9771,93.4903
375.32,124.472,115.879,0.712,47.1885,93.5259
375.569,96.3839,115.879,0.708,46.1217,93.607
375.819,131.989,115.879,0.716,44.7572,93.682
376.069,92.0222,115.879,0.737,46.0664,93.7353
376.319,91.9754,115.879,0.75,46.2615,93.8158
376.569,120.034,115.879,0.771,46.1703,93.8787
376.819,95.819,115.879,0.782,47.1296,93.9487
377.069,96.0889,115.879,0.818,48.0547,94.0194
377.32,87.7568,115.879,0.837,47.9457,94.0748
377.569,92.3107,115.879,0.869,49.9871,94.163
377.819,119.997,115.879,0.869,47.8837,94.2272
378.069,136.019,115.879,0.859,47.9254,94.2762
378.319,120.023,115.879,0.856,46.027,94.3472
378.569,92.005,115.879,0.793,46.0294,94.4043
378.819,99.9939,115.879,0.756,47.9199,94.4687
379.069,103.928,115.879,0.691,48.3839,94.5359
379.319,96.1006,115.879,0.641,49.9502,94.5902
379.569,91.9482,115.879,0.577,50.0271,94.6764
379.819,99.8843,115.879,0.535,49.3215,94.7496
380.069,100.049,115.879,0.471,47.9995,94.814
380.319,120.097,115.879,0.433,46.1177,94.8739
380.569,95.9514,115.879,0.383,46.0784,94.915
380.819,96.0391,115.879,0.381,46.1444,94.9323
381.069,103.911,115.879,0.38,47.9082,94.9331
381.319,92.0771,115.879,0.369,49.9887,94.934
381.569,91.9007,115.879,0.369,50.012,94.9353
381.819,88.1058,115.879,0.369,50.0229,94.9366
382.069,95.9889,115.879,0.355,50.0036,94.9381
382.319,92.0138,115.879,0.355,50.0175,94.9394
382.569,87.9878,115.879,0.341,50.0839,94.9402
382.819,96.0222,115.879,0.34,50.0099,94.9416
383.069,95.8377,115.879,0.341,50.0292,94.9426
383.319,96.1604,115.879,0.332,49.9567,94.9441
383.569,95.8781,115.879,0.337,49.9923,94.9463
383.819,88.1027,115.879,0.34,49.9565,94.9643
384.069,99.9821,115.879,0.407,50.0946,95.0287
384.319,88.0208,115.879,0.444,49.98,95.0911
384.569,95.8214,115.879,0.52,50.0591,95.1513
384.819,92.1249,115.879,0.535,49.971,95.2192
385.069,99.8794,115.879,0.572,50.0177,95.2825
385.319,100.16,115.879,0.615,49.9119,95.3321
385.569,99.9938,115.879,0.667,50.0127,95.4156
385.819,88.0236,115.879,0.715,49.9921,95.4845
386.069,91.9675,115.879,0.763,50.0976,95.5516
386.319,88.016,115.879,0.8,50.039,95.6123
386.569,96.0376,115.879,0.834,50.0162,95.6575
386.819,95.9712,115.879,0.855,49.9429,95.7322
387.069,95.9709,115.879,0.847,49.989,95.7932
387.319,95.9938,115.879,0.819,50.0007,95.8445
387.569,99.9732,115.879,0.787,49.9973,95.9248
387.819,92.0689,115.879,0.782,50.015,95.9995
388.069,95.9418,115.879,0.776,49.987,96.0712
388.319,116.042,115.879,0.774,48.1172,96.1456
388.569,87.9587,115.879,0.783,47.8524,96.2155
388.819,96.0392,115.879,0.79,47.8459,96.288
389.069,99.8293,115.879,0.818,47.8773,96.3631
389.319,100.021,115.879,0.83,49.6891,96.4193
389.569,88.1008,115.879,0.802,50.0233,96.5092
389.77,79.7001,115.879,0.778,50.0526,96.5638
390.019,148.527,115.879,0.763,47.1663,96.6343
390.269,100.012,115.879,0.744,47.9318,96.7001
390.519,95.9968,115.879,0.724,47.9443,96.7602
390.769,87.9953,115.879,0.653,47.9162,96.8253
391.019,115.672,115.879,0.602,50.356,96.8745
391.269,120.332,115.879,0.543,50.0396,96.9442
391.519,99.9829,115.879,0.511,49.9745,97.0273
391.769,96.0118,115.879,0.457,49.9861,97.082
392.019,99.9943,115.879,0.433,51.2533,97.1709
392.269,96.0245,115.879,0.402,50.0054,97.2381
392.519,127.865,115.879,0.39,47.9684,97.2893
392.769,104.097,115.879,0.344,45.9677,97.3619
393.019,95.9634,115.879,0.328,46.0456,97.4228
393.269,112.051,115.879,0.306,45.951,97.4903
393.519,87.921,115.879,0.294,47.7827,97.557
393.769,124.105,115.879,0.307,48.009,97.6232
394.019,91.9897,115.879,0.312,48.0029,97.698
394.269,92.0101,115.879,0.355,48.0115,97.768
394.519,99.9611,115.879,0.37,47.9983,97.8187
394.769,92.036,115.879,0.406,49.998,97.8896
395.019,103.956,115.879,0.426,49.9924,97.9428
395.269,112.032,115.879,0.46,49.9773,97.9984
395.519,95.9596,115.879,0.473,50.0356,98.0533
395.769,100.035,115.879,0.496,49.9906,98.0948
396.019,96.0109,115.879,0.477,50.0497,98.1639
396.269,100.007,115.879,0.451,49.9536,98.2237
396.519,91.9195,115.879,0.434,50.0654,98.2696
396.769,96.0837,115.879,0.434,49.985,98.347
397.019,107.911,115.879,0.433,49.9745,98.4178
397.269,136.123,115.879,0.434,47.8442,98.4888
397.519,119.812,115.879,0.437,46.7621,98.5596
397.769,100.162,115.879,0.442,47.8434,98.6274
398.019,88.0037,115.879,0.444,47.8527,98.7049
398.269,95.9756,115.879,0.421,50.0549,98.779
398.519,83.9911,115.879,0.4,50.6666,98.8378
398.769,92.0211,115.879,0.385,50.007,98.9271
399.019,99.9845,115.879,0.384,50.0124,98.9972
399.269,91.7833,115.879,0.376,50.0333,99.0716
399.519,120.268,115.879,0.374,47.7285,99.1434
399.77,91.6653,115.879,0.369,47.8138,99.1998
400.019,108.412,115.879,0.364,45.9082,99.2921
400.269,92.0164,115.879,0.355,45.7918,99.3649
400.519,96.0035,115.879,0.35,47.337,99.4365
400.769,87.9881,115.879,0.343,47.8815,99.514
401.019,96.0117,115.879,0.337,50.0038,99.5849
401.269,95.9748,115.879,0.32,50.0489,99.6465
401.519,103.988,115.879,0.315,50.0264,99.7358
401.769,96.0205,115.879,0.321,49.998,99.791
402.019,95.9953,115.879,0.343,50.0111,99.8788
402.269,104.022,115.879,0.378,50.0629,99.9492
402.519,95.9473,115.879,0.405,50.0454,99.9994
402.769,100.055,115.879,0.448,50.0317,100.073
403.019,103.998,115.879,0.473,50.039,100.124
403.269,103.991,115.879,0.504,50.0251,100.186
403.52,115.658,115.879,0.533,50.0078,100.243
403.769,108.337,115.879,0.555,50.0032,100.298
404.019,139.97,115.879,0.563,47.9044,100.359
404.269,96.0085,115.879,0.548,47.9641,100.418
404.52,139.525,115.879,0.534,46.6152,100.465
404.769,104.349,115.879,0.51,46.0511,100.54
405.019,107.927,115.879,0.52,47.3313,100.606
405.269,120.045,115.879,0.543,47.949,100.677
405.519,103.843,115.879,0.562,49.9437,100.75
405.769,100.187,115.879,0.555,50.0094,100.8
406.019,103.971,115.879,0.575,50.0745,100.889
406.269,100.015,115.879,0.588,49.9955,100.959
406.52,119.329,115.879,0.614,50.0155,101.018
406.769,116.591,115.879,0.65,49.8957,101.097
407.019,128.009,115.879,0.695,47.9568,101.149
407.269,108.044,115.879,0.714,47.9891,101.223
407.52,115.547,115.879,0.733,47.4267,101.283
407.769,152.63,115.879,0.764,45.9561,101.34
408.019,116.011,115.879,0.813,45.9967,101.4
408.269,103.969,115.879,0.827,45.8663,101.462
408.519,108.037,115.879,0.84,45.8898,101.521
408.769,115.826,115.879,0.846,47.8795,101.587
409.019,104.152,115.879,0.812,50.0263,101.645
409.269,99.9217,115.879,0.784,49.9475,101.711
409.519,100.057,115.879,0.765,49.9774,101.78
409.769,123.922,115.879,0.749,49.6085,101.831
410.019,168.092,115.879,0.725,46.7119,101.92
410.269,115.984,115.879,0.718,46.7668,101.987
410.519,107.992,115.879,0.72,46.7723,102.045
410.769,108.039,115.879,0.72,46.7078,102.134
411.019,99.9401,115.879,0.722,50.0926,102.204
411.269,104.06,115.879,0.729,50.0582,102.279
411.519,99.9905,115.879,0.744,50.0214,102.35
411.769,108.027,115.879,0.705,50.0093,102.418
412.019,115.953,115.879,0.661,50.1144,102.491
412.269,120.041,115.879,0.633,49.9543,102.56
412.519,127.941,115.879,0.608,47.9979,102.619
412.769,100.045,115.879,0.596,48.0201,102.696
412.971,152.995,115.879,0.596,46.9713,102.732
413.219,105.087,115.879,0.611,46.1419,102.811
413.469,112.012,115.879,0.626,47.9164,102.877
413.719,111.851,115.879,0.67,47.9056,102.928
413.969,108.093,115.879,0.711,49.516,103.008
414.219,136.088,115.879,0.768,47.8128,103.072
414.469,123.745,115.891,0.813,47.8274,103.141
414.719,108.205,115.891,0.881,47.7831,103.202
414.969,108.008,115.891,0.925,47.8283,103.261
415.219,107.994,115.891,0.957,50.0101,103.323
415.469,119.951,115.891,0.942,48.0306,103.387
415.719,104.052,115.891,0.948,47.9715,103.449
415.969,107.97,115.891,0.964,48.0138,103.526
416.169,114.694,115.891,0.975,47.974,103.565
416.419,104.234,115.891,1.005,49.9454,103.648
416.669,123.945,115.891,1.015,50.0212,103.716
416.92,127.6,115.891,1.053,47.7174,103.772
417.169,132.478,115.891,1.081,45.7647,103.853
417.419,108.007,115.891,1.1,45.7703,103.928
417.671,150.675,115.891,1.116,43.6584,103.984
417.919,124.988,115.891,1.148,43.4078,104.053
418.169,100.108,115.891,1.161,45.9328,104.121
418.419,103.969,115.891,1.178,46.0129,104.209
418.669,116.01,115.891,1.191,47.402,104.279
418.919,131.993,115.891,1.207,48.0244,104.354
419.169,123.98,115.891,1.221,46.0562,104.42
419.419,100.035,115.891,1.25,46.0684,104.489
419.669,99.9682,115.891,1.266,46.046,104.563
419.919,132.005,115.891,1.282,45.5172,104.636
420.171,130.675,115.891,1.263,47.0154,104.69
420.419,113.118,115.891,1.226,46.2184,104.781
420.67,131.414,115.891,1.171,45.2779,104.833
420.919,140.633,115.891,1.197,42.8788,104.901
421.169,108.039,115.891,1.019,44.088,104.98
421.369,169.585,115.891,0.958,44.2358,105.015
421.619,132.251,115.891,0.923,43.7783,105.088
421.869,99.9826,115.891,0.853,45.7307,105.135
422.119,108,115.891,0.828,47.6219,105.143
422.369,112.004,115.891,1.103,50.4814,105.144
422.619,115.993,115.891,1.093,49.2387,105.145
422.869,128.002,115.891,1.09,47.8529,105.146
423.119,108.011,115.891,0.818,47.9221,105.146
423.369,139.899,115.891,0.823,46.5608,105.147
423.619,116.049,115.891,0.825,45.5282,105.148
423.869,116.07,115.891,0.826,45.9152,105.15
424.119,103.951,115.891,0.812,45.9193,105.15
424.369,104.043,115.891,0.81,46.5748,105.152
424.619,103.841,115.891,1.081,48.0717,105.157
424.869,116.16,115.891,0.832,49.9831,105.216
425.119,123.959,115.891,0.892,49.8317,105.274
425.369,108.044,115.891,0.922,49.9819,105.316
425.569,124.656,115.891,0.972,49.1204,105.374
425.819,132.267,115.891,1.28,47.8493,105.429
426.069,104.02,115.891,1.093,47.9124,105.489
426.319,99.9305,115.891,1.155,47.845,105.545
426.569,128.004,115.891,1.232,46.035,105.6
426.819,112.06,115.891,1.301,47.4844,105.661
427.069,115.985,115.891,1.342,47.5365,105.728
427.319,139.984,115.891,1.375,45.6611,105.798
427.569,104.048,115.891,1.375,46.8902,105.873
427.77,134.367,115.891,1.337,45.7852,105.911
428.019,116.326,115.891,1.296,45.7221,105.995
428.269,104.062,115.891,1.266,46.4662,106.057
428.519,135.974,115.891,1.227,46.2885,106.12
428.769,100.018,115.891,1.21,47.9962,106.186
429.019,108.031,115.891,1.193,47.9512,106.25
429.269,135.976,115.891,1.185,46.0181,106.329
429.519,108.021,115.891,1.163,47.11,106.402
429.769,143.973,115.891,1.126,46.6507,106.453
430.019,111.979,115.891,1.088,45.776,106.531
430.269,107.999,115.891,1.062,46.7736,106.6
430.519,123.998,115.891,1.033,45.7895,106.671
430.769,108.035,115.891,1.022,47.0354,106.745
431.019,103.967,115.891,1.011,47.918,106.811
431.269,148.045,115.891,1.008,46.0696,106.887
431.52,123.467,115.891,1.01,47.6475,106.94
431.769,148.649,115.891,1.023,46.1913,107.009
432.019,107.983,115.891,1.006,46.2222,107.093
432.269,131.79,115.891,0.989,46.0177,107.159
432.519,100.16,115.891,0.947,46.0072,107.23
432.769,107.971,115.891,0.907,47.8391,107.297
433.019,104.002,115.891,0.853,47.886,107.361
433.269,136.045,115.891,0.82,47.6304,107.432
433.519,123.998,115.891,0.769,47.5238,107.501
433.769,103.996,115.891,0.751,47.5572,107.549
434.019,116.007,115.891,0.715,47.5176,107.635
434.269,100.001,115.891,0.713,50.0121,107.705
434.519,139.99,115.891,0.704,47.8571,107.779
434.769,144.03,115.891,0.704,46.0798,107.853
435.019,116.048,115.891,0.713,45.6644,107.909
435.269,127.862,115.891,0.728,43.8067,107.997
435.519,132.033,115.891,0.747,42.035,108.065
435.769,104.028,115.891,0.754,43.7199,108.116
436.019,107.978,115.891,0.743,45.714,108.191
436.269,104.026,115.891,0.742,47.7196,108.254
436.519,111.969,115.891,0.752,50.0131,108.322
436.769,115.937,115.891,0.76,49.4975,108.4
437.019,128.085,115.891,0.77,47.6535,108.464
437.269,107.972,115.891,0.783,47.2051,108.536
437.519,108.037,115.891,0.812,45.7547,108.603
437.769,103.909,115.891,0.819,45.7337,108.652
438.019,104.101,115.891,0.83,48.0063,108.722
438.219,124.579,115.891,0.834,47.2673,108.756
438.469,116.174,115.891,0.833,48.011,108.828
438.719,100.126,115.891,0.828,48.0175,108.888
438.97,123.228,115.891,0.82,48.0135,108.932
439.219,124.721,115.891,0.759,46.1449,109.004
439.469,112.043,115.891,0.729,47.9056,109.063
439.719,131.868,115.891,0.69,46.4,109.126
439.969,100.11,115.891,0.655,45.8898,109.195
440.219,111.818,115.891,0.63,47.6884,109.243
440.469,120.167,115.891,0.616,45.7901,109.324
440.719,104.029,115.891,0.601,46.9331,109.395
440.969,99.9697,115.891,0.599,47.8502,109.451
441.219,112.021,115.891,0.573,47.8107,109.532
441.469,135.962,115.891,0.547,47.8604,109.595
441.719,100.022,115.891,0.508,47.8649,109.661
441.969,99.9666,115.891,0.497,47.835,109.732
442.219,108.095,115.891,0.501,47.8635,109.787
442.469,103.942,115.891,0.509,50.0615,109.872
442.719,120.016,115.891,0.537,47.9212,109.942
442.969,115.915,115.891,0.562,47.9427,109.99
443.219,124.089,115.891,0.568,47.8616,110.065
443.469,99.9805,115.891,0.575,47.9166,110.118
443.719,108.02,115.891,0.564,49.972,110.173
443.969,135.997,115.891,0.548,47.7047,110.231
444.219,104.051,115.891,0.514,47.7453,110.276
444.469,123.917,115.891,0.487,45.6993,110.349
444.719,108.033,115.891,0.421,45.6178,110.411
444.969,103.712,115.891,0.386,47.6518,110.459
445.219,96.2337,115.891,0.348,47.5548,110.541
445.469,116.01,115.891,0.323,47.2457,110.612
445.719,96.0055,115.891,0.303,47.9959,110.682
445.969,112.037,115.891,0.306,47.8973,110.745
446.219,171.959,115.891,0.311,46.0304,110.83
446.469,123.916,115.891,0.317,47.8214,110.906
446.719,96.0802,115.891,0.324,47.8105,110.98
446.969,123.973,115.891,0.333,45.8499,111.035
447.219,91.9963,115.891,0.351,47.98,111.123
447.469,88.0083,115.891,0.361,47.9192,111.193
447.719,120.017,115.891,0.366,46.9683,111.266
447.969,115.936,115.891,0.37,47.3099,111.344
448.219,104.012,115.891,0.379,45.8501,111.399
448.469,88.012,115.891,0.381,45.8642,111.491
448.719,88.0301,115.891,0.396,46.553,111.562
448.969,131.977,115.891,0.414,46.0622,111.623
449.219,88,115.891,0.447,47.8799,111.711
449.469,87.9903,115.891,0.447,47.9124,111.783
449.719,95.9887,115.891,0.447,47.9473,111.857
449.969,103.998,115.891,0.447,49.5981,111.931
450.171,84.137,115.891,0.447,49.9998,111.968
450.419,104.882,115.891,0.447,49.8827,112.054
450.669,87.9586,115.891,0.449,49.9995,112.121
450.919,100.042,115.891,0.455,49.9563,112.182
451.169,91.9882,115.891,0.462,50.0102,112.269
451.37,134.332,115.891,0.473,48.9445,112.308
451.619,96.3931,115.891,0.489,47.7828,112.392
451.821,148.271,115.891,0.493,47.0071,112.432
452.069,88.8289,115.891,0.495,47.7995,112.521
452.319,96.009,115.891,0.493,47.7336,112.589
452.569,96.0358,115.891,0.467,50.0344,112.659
452.819,95.9427,115.891,0.455,50.459,112.732
453.069,92.0314,115.891,0.452,50.0131,112.802
453.319,100.003,115.891,0.457,50.0471,112.874
453.569,91.9968,115.891,0.453,50.0072,112.946
453.819,99.8012,115.891,0.45,50.0445,112.999
454.069,96.1814,115.891,0.445,50.0026,113.087
454.319,92.0028,115.891,0.441,49.9845,113.161
454.569,92.0025,115.891,0.442,50.0193,113.226
454.819,91.9531,115.891,0.444,49.9969,113.303
455.073,122.092,115.891,0.446,48.9375,113.359
455.319,138.19,115.891,0.45,47.6831,113.445
455.569,104.038,115.891,0.454,47.7021,113.52
455.819,95.9378,115.891,0.455,47.4206,113.575
456.069,119.904,115.891,0.457,45.2883,113.665
456.319,104.07,115.891,0.463,47.974,113.735
456.569,92.0347,115.891,0.467,48.0168,113.811
456.819,120.026,115.891,0.469,46.0708,113.884
457.02,94.6379,115.891,0.469,48.0376,113.928
457.269,120.376,115.891,0.469,47.9221,114.017
457.519,88.008,115.891,0.468,48.0338,114.088
457.769,83.9931,115.891,0.468,50.0019,114.162
458.019,87.9947,115.891,0.465,50.0499,114.24
458.27,87.6784,115.891,0.462,50.0482,114.296
458.519,116.439,115.891,0.46,47.8663,114.384
458.769,91.9801,115.891,0.462,47.8361,114.459
459.019,95.8298,115.891,0.465,47.8868,114.514
459.269,104.148,115.891,0.468,47.839,114.599
459.519,104.069,115.891,0.468,49.9244,114.663
459.769,95.9683,115.891,0.47,50.0134,114.728
460.019,92.0257,115.891,0.477,50.1107,114.795
460.269,91.9964,115.891,0.486,50.1266,114.851
460.519,96.0072,115.891,0.492,50.0294,114.912
460.769,135.978,115.891,0.503,48.3079,114.972
460.97,89.3263,115.891,0.508,47.935,115.004
461.219,96.5935,115.891,0.511,47.9424,115.077
461.469,99.9814,115.891,0.498,47.9262,115.139
461.719,91.9973,115.891,0.471,49.3149,115.203
461.969,100.01,115.891,0.457,49.9719,115.272
462.221,106.928,115.891,0.447,49.5488,115.322
462.469,117.18,115.891,0.44,47.7792,115.403
462.719,96.0108,115.891,0.422,47.681,115.47
462.969,87.98,115.891,0.424,47.7816,115.528
463.219,92.0118,115.891,0.445,48.2022,115.621
463.469,88.0074,115.891,0.472,49.9938,115.692
463.719,87.9752,115.891,0.483,50.0295,115.762
463.969,92.0271,115.891,0.487,50.0335,115.839
464.219,96.0059,115.891,0.489,49.991,115.908
464.469,115.915,115.891,0.49,49.5283,115.986
464.719,139.959,115.891,0.47,47.9082,116.056
464.969,92.0672,115.891,0.456,47.9472,116.132
465.219,92.0019,115.891,0.451,47.9573,116.209
465.469,88.0032,115.891,0.452,48.3477,116.266
465.719,92.0012,115.891,0.454,50.0111,116.355
465.969,116.021,115.891,0.455,49.018,116.426
466.219,83.8128,115.891,0.455,48.0412,116.487
466.469,104.217,115.891,0.456,48.0684,116.579
466.719,95.9469,115.891,0.456,48.0396,116.65
466.969,92.0489,115.891,0.456,48.9834,116.723
467.219,87.9801,115.891,0.456,49.9941,116.8
467.42,99.3373,115.891,0.456,49.6167,116.842
467.669,112.623,115.891,0.456,47.6519,116.935
467.919,88.0032,115.891,0.454,47.6666,117.005
468.169,91.9795,115.891,0.449,47.7089,117.066
468.419,128.052,115.891,0.454,47.6374,117.157
468.619,124.603,115.891,0.468,48.8973,117.199
468.869,80.1682,115.891,0.486,47.9842,117.289
469.119,92.0415,115.891,0.487,47.9867,117.36
469.369,95.978,115.891,0.488,48.3574,117.436
469.619,92.0061,115.891,0.488,49.2471,117.513
469.869,99.7617,115.891,0.431,50.0288,117.571
470.119,96.2249,115.891,0.387,49.9645,117.659
470.369,91.9961,115.891,0.349,50.0049,117.733
470.619,91.9842,115.891,0.328,50.0269,117.787
470.869,96.0142,115.891,0.314,50.1807,117.879
471.119,92.0285,115.891,0.317,50.0125,117.948
471.369,95.9525,115.891,0.326,50.0168,118.014
471.619,136.029,115.891,0.331,47.9037,118.086
471.87,99.6538,115.891,0.345,47.9331,118.136
472.119,116.423,115.891,0.363,46.6545,118.219
472.369,111.958,115.891,0.383,45.7866,118.296
472.619,140.011,115.891,0.412,45.7465,118.35
472.869,92.0197,115.891,0.432,46.0033,118.434
473.119,96.0053,115.891,0.445,46.6048,118.498
473.369,96.0056,115.891,0.455,48.1949,118.567
473.619,103.983,115.891,0.463,49.9802,118.639
473.869,124.004,115.891,0.474,48.8092,118.689
474.119,99.9931,115.891,0.49,47.7971,118.771
474.369,92.0246,115.891,0.498,47.8453,118.836
474.619,99.9259,115.891,0.524,47.808,118.912
474.869,88.052,115.891,0.535,48.9947,118.985
475.119,91.9832,115.891,0.536,50.0025,119.052
475.369,96.0163,115.891,0.544,50.0037,119.124
475.619,91.9854,115.891,0.548,49.9943,119.197
475.869,95.986,115.891,0.557,50.0225,119.25
476.119,124.019,115.891,0.559,49.9982,119.338
476.369,100.016,115.891,0.559,50.0048,119.415
476.619,87.9288,115.891,0.556,50.0101,119.472
476.869,103.986,115.891,0.554,49.5624,119.562
477.119,108.075,115.891,0.553,50.0416,119.635
477.369,92.0076,115.891,0.551,50.024,119.709
477.619,80.0041,115.891,0.551,49.9979,119.785
477.87,99.674,115.891,0.55,50.7935,119.838
478.119,148.479,115.891,0.55,47.9644,119.901
478.369,100.023,115.891,0.55,47.9761,119.914
478.619,87.9678,115.891,0.553,47.9618,119.915
478.869,92.034,115.891,0.564,47.9924,119.917
479.119,91.9538,115.891,0.565,49.9994,119.918
479.369,92.0414,115.891,0.565,50.0014,119.919
479.719,122.856,115.891,0.562,47.8904,119.921
479.969,91.9791,115.891,0.565,47.8996,119.923
480.219,88.004,115.891,0.565,47.9011,119.923
480.469,92.012,115.891,0.565,48.5611,119.924
480.67,94.6075,115.891,0.565,49.9979,119.925
480.919,96.2179,115.891,0.565,49.9613,119.926
481.169,96.1171,115.891,0.542,49.9868,119.967
481.419,103.937,115.891,0.524,48.9431,120.013
481.669,128.036,115.891,0.52,46.7326,120.089
481.919,92.0302,115.891,0.514,45.8543,120.15
482.169,131.91,115.891,0.515,44.8276,120.222
482.419,92.0707,115.891,0.516,46.2076,120.297
482.669,115.961,115.891,0.52,46.8213,120.353
482.919,91.9899,115.891,0.523,47.8809,120.44
483.169,92.0198,115.891,0.532,49.0591,120.515
483.419,131.97,115.891,0.534,46.0446,120.586
483.669,100.041,115.891,0.536,48.0542,120.661
483.919,95.9657,115.891,0.537,48.0124,120.715
484.169,92.0296,115.891,0.537,48.0488,120.798
484.419,95.9774,115.891,0.536,50.041,120.867
484.669,107.876,115.891,0.526,49.4344,120.918
484.919,104.125,115.891,0.516,47.9717,121
485.169,92.0199,115.891,0.517,48.0666,121.065
485.419,95.9467,115.891,0.512,47.9994,121.141
485.669,104.055,115.891,0.521,48.4942,121.213
485.92,103.621,115.891,0.534,49.9956,121.262
486.169,132.432,115.891,0.56,48.2398,121.333
486.419,95.9577,115.891,0.564,47.9028,121.395
486.669,115.993,115.891,0.5,46.8727,121.44
486.919,112.02,115.891,0.461,45.6979,121.512
487.169,128.072,115.891,0.41,43.8912,121.575
487.419,107.997,115.891,0.389,45.5643,121.644
487.669,96.0166,115.891,0.338,46.0546,121.72
487.919,100.006,115.891,0.313,47.5262,121.791
488.169,123.985,115.891,0.298,47.8577,121.862
488.419,87.9797,115.891,0.293,47.8276,121.931
488.669,120.026,115.891,0.296,47.7939,121.979
488.919,91.9435,115.891,0.296,47.8284,122.059
489.169,100.066,115.891,0.301,49.9876,122.122
489.419,87.8051,115.891,0.32,50.0742,122.194
489.669,124.261,115.891,0.358,48.981,122.267
489.919,115.992,115.891,0.383,45.7001,122.323
490.169,92.0069,115.891,0.434,45.6189,122.409
490.419,91.9946,115.891,0.475,45.7055,122.485
490.669,95.9306,115.891,0.474,46.3374,122.54
490.919,96.1096,115.891,0.47,50.0232,122.631
491.169,111.977,115.891,0.466,47.9225,122.703
491.419,131.968,115.891,0.447,47.2406,122.779
491.669,92.0006,115.891,0.424,47.9052,122.855
491.919,92.0281,115.891,0.423,47.8801,122.93
492.169,87.9838,115.891,0.437,50.0154,123
492.419,107.987,115.891,0.441,50.2001,123.075
492.669,87.9945,115.891,0.444,50.023,123.13
492.919,87.9731,115.891,0.442,50.0115,123.218
493.169,96.057,115.891,0.446,49.9718,123.29
493.419,83.9802,115.891,0.446,50.0038,123.362
493.669,92.0278,115.891,0.447,50.0241,123.437
493.919,103.945,115.891,0.447,49.5807,123.492
494.169,112.033,115.891,0.448,48.0598,123.579
494.419,95.9963,115.891,0.448,47.9833,123.651
494.669,95.9842,115.891,0.441,48.0279,123.703
494.919,95.9615,115.891,0.423,48.3441,123.786
495.121,94.1031,115.891,0.422,50.0259,123.831
495.369,125.043,115.891,0.428,47.8663,123.918
495.619,83.9794,115.891,0.438,47.841,123.991
495.869,92.0256,115.891,0.436,47.8663,124.046
496.119,87.9818,115.891,0.432,47.84,124.13
496.369,92.0179,115.891,0.429,49.9862,124.198
496.619,91.9763,115.891,0.425,50.0541,124.269
496.869,92.0158,115.891,0.41,49.9906,124.34
497.12,115.615,115.891,0.408,49.2639,124.394
497.369,108.33,115.891,0.406,48.0354,124.482
497.619,95.9487,115.891,0.427,48.0016,124.556
497.869,100.023,115.891,0.441,47.9266,124.609
498.119,108.08,115.891,0.448,46.2813,124.697
498.369,115.971,115.891,0.453,45.9382,124.766
498.619,92.0059,115.891,0.457,45.9664,124.832
498.869,127.99,115.891,0.47,44.1509,124.892
499.119,100.028,115.891,0.483,46.1181,124.946
499.369,95.9717,115.891,0.505,47.8846,125.002
499.619,116.006,115.891,0.535,47.8848,125.059
499.82,94.3066,115.891,0.536,49.0162,125.101
500.069,100.581,115.891,0.497,50.0473,125.159
500.32,123.66,115.891,0.456,48.0828,125.201
500.569,96.2688,115.891,0.422,47.9883,125.274
500.819,92.0158,115.891,0.407,48.0566,125.34
501.069,95.9689,115.891,0.406,48.0203,125.403
501.319,104.026,115.891,0.413,50.1173,125.474
501.569,124.029,115.891,0.419,48.8269,125.545
501.819,103.907,115.891,0.424,47.5461,125.607
502.069,116.087,115.891,0.43,46.0524,125.697
502.319,95.9983,115.891,0.439,46.0884,125.767
502.569,92.0052,115.891,0.442,46.8079,125.842
502.819,95.8939,115.891,0.444,48.0032,125.918
503.069,108.087,115.891,0.446,48.0431,125.974
503.319,92.0071,115.891,0.447,47.932,126.061
503.569,92.0315,115.891,0.447,48.0413,126.131
503.819,91.9645,115.891,0.447,48.0027,126.205
504.069,92.0163,115.891,0.447,49.9958,126.281
504.319,96.0025,115.891,0.447,50.0572,126.351
504.569,99.8545,115.891,0.448,49.5833,126.424
504.819,140.228,115.891,0.452,47.7805,126.502
505.02,124.11,115.891,0.454,47.0919,126.544
505.269,84.4075,115.891,0.455,45.9659,126.636
505.519,120.068,115.891,0.456,46.0043,126.708
505.769,88.0095,115.891,0.456,48.5493,126.781
506.019,95.9113,115.891,0.456,48.8042,126.858
506.269,96.0984,115.891,0.456,50.7457,126.914
506.519,128.004,115.891,0.456,47.8035,127.004
506.769,87.9481,115.891,0.456,47.8628,127.079
507.019,124.077,115.891,0.456,47.8884,127.147
507.269,91.9835,115.891,0.45,47.8245,127.218
507.519,92.0203,115.891,0.444,50.0355,127.289
507.769,95.981,115.891,0.435,49.9815,127.363
508.019,96.0217,115.891,0.447,49.9858,127.437
508.269,95.9913,115.891,0.463,50.0492,127.504
508.519,99.9755,115.891,0.506,49.9972,127.575
508.769,100.016,115.891,0.523,49.973,127.644
509.019,87.9522,115.891,0.487,50.0269,127.706
509.269,92.0427,115.891,0.456,49.9812,127.795
509.519,92.021,115.891,0.425,50.0669,127.867
509.769,103.933,115.891,0.41,50.0441,127.942
510.019,100.044,115.891,0.407,50.0226,128.02
510.269,131.954,115.891,0.41,50.0098,128.076
510.519,88.0317,115.891,0.415,50.0487,128.16
510.769,96.0036,115.891,0.418,50.0226,128.228
511.019,120.015,115.891,0.426,48.0423,128.302
511.269,95.9534,115.891,0.412,47.9811,128.381
511.519,96.032,115.891,0.378,47.9619,128.449
511.769,91.9878,115.891,0.371,47.9947,128.52
512.019,131.97,115.891,0.369,49.0663,128.595
512.269,80.0289,115.891,0.368,47.9459,128.664
512.519,103.94,115.891,0.362,47.1708,128.739
512.769,104.041,115.891,0.361,47.9491,128.808
513.019,88.0173,115.891,0.353,49.057,128.885
513.271,111.169,115.891,0.348,50.0608,128.963
513.519,116.928,115.891,0.345,50.9021,129.019
513.769,91.9179,115.891,0.338,49.9936,129.108
514.019,88.0301,115.891,0.334,50.0042,129.186
514.269,120.008,115.891,0.331,47.6859,129.241
514.519,95.9962,115.891,0.316,47.7328,129.331
514.769,92.0223,115.891,0.316,47.7214,129.403
515.019,123.988,115.891,0.337,46.3449,129.479
515.269,127.904,115.891,0.359,45.2121,129.553
515.519,100.086,115.891,0.394,45.7914,129.615
515.769,95.9564,115.891,0.43,45.7852,129.673
516.019,100.036,115.891,0.485,46.5425,129.729
516.269,103.978,115.891,0.501,50.122,129.776
516.519,104.029,115.891,0.538,49.9906,129.848
516.77,115.359,115.891,0.551,49.7957,129.896
517.019,140.717,115.891,0.572,47.4676,129.965
517.269,131.979,115.891,0.59,45.9844,130.026
517.519,104.057,115.891,0.561,46.064,130.081
517.769,120.004,115.891,0.536,44.159,130.142
518.019,103.979,115.891,0.522,45.8907,130.202
518.269,92.0056,115.891,0.524,47.7989,130.254
518.519,131.922,115.891,0.521,45.8964,130.334
518.769,108.074,115.891,0.523,48.0428,130.402
518.97,124.324,115.891,0.527,47.5228,130.45
519.219,120.488,115.891,0.537,47.9162,130.536
519.469,104.001,115.891,0.548,50.0011,130.593
519.719,96.0129,115.891,0.555,50.0155,130.682
519.969,96.022,115.891,0.559,51.4505,130.751
520.219,95.977,115.891,0.571,50.0117,130.823
520.469,92.0164,115.891,0.57,49.9724,130.888
520.719,95.7258,115.891,0.57,49.9879,130.938
520.969,128.266,115.891,0.573,48.4331,131.004
521.219,132.094,115.891,0.584,46.0115,131.074
521.469,92.0195,115.891,0.591,46.0028,131.093
521.719,91.978,115.891,0.596,46.0311,131.097
521.969,123.954,115.891,0.589,45.3597,131.098
522.269,86.6855,115.891,0.588,47.9393,131.1
522.519,100.021,115.891,0.587,47.9091,131.1
522.769,99.999,115.891,0.587,47.9504,131.102
523.019,91.9753,115.891,0.588,50.011,131.105
523.269,111.969,115.891,0.587,49.583,131.11
523.519,107.954,115.891,0.587,49.9799,131.113
523.769,96.0804,115.891,0.588,49.9832,131.118
524.019,100.023,115.891,0.6,50.0115,131.148
524.269,107.971,115.891,0.612,50.9084,131.188
524.519,92.0201,115.891,0.591,49.9983,131.259
524.72,119.328,115.891,0.566,49.3148,131.297
524.969,112.468,115.891,0.547,47.9953,131.379
525.219,103.986,115.891,0.539,47.3437,131.454
525.469,96.0094,115.891,0.537,46.1395,131.511
525.719,96.03,115.891,0.549,46.2351,131.594
525.969,95.9809,115.891,0.556,47.9569,131.662
526.219,120.031,115.891,0.564,46.2049,131.737
526.469,127.97,115.891,0.568,48.0565,131.813
526.719,96.021,115.891,0.572,48.0536,131.884
526.969,99.9835,115.891,0.574,48.0628,131.954
527.219,104.004,115.891,0.568,49.9112,132.018
527.469,103.985,115.891,0.554,49.8786,132.074
527.719,96.0143,115.891,0.551,49.9226,132.15
527.969,95.9632,115.891,0.551,49.9708,132.208
528.17,119.405,115.891,0.552,49.6091,132.26
528.419,116.518,115.891,0.55,48.0168,132.319
528.669,99.9714,115.891,0.547,48.0307,132.375
528.919,107.928,115.891,0.538,47.3604,132.434
529.169,116.092,115.891,0.513,46.1406,132.488
529.419,132.076,115.891,0.453,46.1797,132.546
529.669,95.9313,115.891,0.409,46.1368,132.608
529.919,124.057,115.891,0.351,45.1923,132.668
530.169,123.943,115.891,0.32,44.4102,132.734
530.419,103.984,115.891,0.28,44.9581,132.798
530.669,104.013,115.891,0.272,46.0916,132.859
530.921,95.3218,115.891,0.279,47.0419,132.936
531.169,108.824,115.891,0.296,47.7945,133.019
531.419,91.8773,115.891,0.33,47.7912,133.094
531.669,132.148,115.891,0.36,45.9625,133.169
531.919,99.9694,115.891,0.369,45.9696,133.224
532.169,100.037,115.891,0.37,48.0239,133.313
532.419,83.897,115.891,0.374,48.0112,133.38
532.669,88.112,115.891,0.378,49.9551,133.457
532.919,123.956,115.891,0.384,49.9843,133.533
533.169,88.039,115.891,0.389,49.9853,133.604
533.419,107.923,115.891,0.394,50.0254,133.68
533.669,92.0276,115.891,0.404,49.9353,133.757
533.919,96.0103,115.891,0.432,49.9941,133.813
534.169,92.0164,115.891,0.433,50.0196,133.902
534.419,87.964,115.891,0.433,50.0979,133.971
534.669,92.0446,115.891,0.433,50.0015,134.032
534.92,95.4878,115.891,0.433,50.0909,134.12
535.169,92.503,115.891,0.433,50.0025,134.188
535.419,95.9581,115.891,0.437,49.9621,134.261
535.669,116.037,115.891,0.442,49.9492,134.332
535.92,91.6285,115.891,0.449,49.9867,134.388
536.169,96.3874,115.891,0.456,49.9862,134.474
536.419,99.9689,115.891,0.471,50.0863,134.541
536.669,96.0305,115.891,0.477,50.0497,134.617
536.919,91.9602,115.891,0.484,50.0317,134.688
537.169,92.0488,115.891,0.49,50.0163,134.755
537.419,115.948,115.891,0.481,47.989,134.828
537.669,104.02,115.891,0.463,48.0359,134.901
537.919,139.946,115.891,0.457,47.5484,134.956
538.169,96.057,115.891,0.454,48.0171,135.042
538.419,95.9399,115.891,0.457,50.0229,135.111
538.669,120.044,115.891,0.452,47.8535,135.169
538.919,88.0222,115.891,0.443,48.5366,135.255
539.169,87.9761,115.891,0.438,47.7314,135.319
539.419,96.0083,115.891,0.436,47.6501,135.386
539.669,136,115.891,0.435,50.048,135.461
539.919,124.009,115.891,0.437,48.0019,135.518
540.169,83.9969,115.891,0.442,47.9941,135.603
540.419,88.014,115.891,0.448,48.0039,135.675
540.669,87.9403,115.891,0.452,47.9874,135.752
540.919,92.0465,115.891,0.459,50.0208,135.822
541.169,92.0071,115.891,0.463,50.0225,135.893
541.419,84.0007,115.891,0.467,49.9939,135.968
541.669,83.9477,115.891,0.468,50.0146,136.045
541.919,92.0481,115.891,0.468,50.0551,136.101
542.169,91.7753,115.891,0.469,50.0186,136.19
542.419,120.299,115.891,0.47,47.9536,136.266
542.669,107.917,115.891,0.47,47.3574,136.322
542.919,99.9874,115.891,0.469,46.0722,136.411
543.169,88.081,115.891,0.468,46.1119,136.483
543.419,88.0094,115.891,0.469,47.9733,136.557
543.669,115.984,115.891,0.468,46.7456,136.63
543.919,87.9687,115.891,0.466,48.0445,136.682
544.169,96.0253,115.891,0.468,48.0253,136.765
544.419,104.014,115.891,0.468,48.0336,136.841
544.669,95.9823,115.891,0.473,49.8829,136.907
544.919,104.013,115.891,0.483,49.9692,136.971
545.169,91.9913,115.891,0.487,49.9863,137.012
545.419,104.005,115.891,0.491,49.9694,137.015
545.669,95.9868,115.891,0.488,50.0297,137.016
545.919,123.913,115.891,0.49,48.3945,137.017
546.169,92.1068,115.891,0.485,47.9037,137.018
546.419,107.973,115.891,0.482,47.9889,137.019
546.719,100.021,115.891,0.477,47.8734,137.021
546.969,99.9977,115.891,0.482,49.9884,137.021
547.219,103.975,115.891,0.482,50.0063,137.022
547.469,96.0185,115.891,0.482,50.0102,137.022
547.719,99.9785,115.891,0.48,50.015,137.022
547.969,96.01,115.891,0.48,49.9943,137.022
548.219,111.967,115.891,0.479,47.993,137.022
548.469,96.0125,115.891,0.479,48.0425,137.022
548.719,107.989,115.891,0.479,47.9787,137.022
548.969,119.787,115.891,0.479,46.1037,137.022
549.219,104.181,115.891,0.48,47.9451,137.023
549.469,91.9869,115.891,0.48,47.9546,137.025
549.719,92.0247,115.891,0.482,47.9105,137.029
549.969,104.014,115.891,0.484,50.0481,137.033
550.219,123.985,115.891,0.486,48.6762,137.036
550.469,92.0262,115.891,0.491,48.0321,137.073
550.719,95.9135,115.891,0.486,47.9977,137.116
550.969,100.091,115.891,0.45,48.0059,137.185
551.219,119.893,115.891,0.445,46.862,137.231
551.469,108.091,115.891,0.441,48.0228,137.306
551.719,91.9351,115.891,0.445,47.9964,137.377
551.92,89.4264,115.891,0.446,48.0555,137.42
552.169,116.684,115.891,0.447,47.0982,137.509
552.419,91.9851,115.891,0.447,47.844,137.578
552.669,92.0036,115.891,0.448,47.8815,137.654
552.919,87.9757,115.891,0.448,47.8647,137.729
553.169,92.0441,115.891,0.448,50.031,137.8
553.419,87.9849,115.891,0.448,50.06,137.878
553.669,95.9431,115.891,0.448,50.0591,137.954
553.919,111.976,115.891,0.448,47.8561,138.009
554.169,88.0584,115.891,0.453,47.8833,138.099
554.419,92.0202,115.891,0.455,47.8782,138.169
554.669,83.9136,115.891,0.456,47.8992,138.245
554.919,88.0844,115.891,0.456,49.9901,138.32
555.169,91.9837,115.891,0.456,50.0575,138.391
555.419,84.0207,115.891,0.456,49.975,138.469
555.669,95.9751,115.891,0.456,50.0962,138.546
555.919,87.9271,115.891,0.456,50.0664,138.604
556.169,124.117,115.891,0.456,50.096,138.693
556.419,92.0229,115.891,0.456,50.0386,138.764
556.669,83.9737,115.891,0.456,50.0229,138.842
556.87,134.434,115.891,0.456,49.1671,138.904
557.119,96.2958,115.891,0.456,50.0015,138.958
557.369,96.029,115.891,0.455,50.0349,139.042
557.619,92.0267,115.891,0.448,49.9826,139.106
557.869,99.9728,115.891,0.441,50.9943,139.173
558.12,143.478,115.891,0.437,48.8079,139.237
558.369,104.433,115.891,0.436,49.9692,139.287
558.619,91.9642,115.891,0.435,50.0135,139.358
558.869,111.784,115.891,0.432,49.8823,139.404
559.12,107.591,115.891,0.428,48.5458,139.46
559.369,140.726,115.891,0.419,45.1072,139.525
559.619,132.069,115.891,0.408,43.5658,139.578
559.869,95.9754,115.891,0.372,43.569,139.641
560.119,132.036,115.891,0.343,44.0518,139.705
560.369,92.013,115.891,0.303,46.0063,139.767
560.619,119.941,115.891,0.291,46.0305,139.84
560.869,96.0272,115.891,0.3,46.0277,139.919
561.119,100.003,115.891,0.308,47.3215,139.989
561.369,88.0204,115.891,0.327,47.8764,140.057
561.619,95.9942,115.891,0.352,50.0163,140.123
561.869,119.835,115.891,0.378,49.2287,140.177
562.119,144.062,115.891,0.41,46.0591,140.259
562.369,92.0133,115.891,0.44,46.0421,140.306
562.619,92.0316,115.891,0.475,46.088,140.385
562.869,104.022,115.891,0.527,46.0542,140.453
563.119,95.9498,115.891,0.577,50.0488,140.514
563.369,96.0596,115.891,0.641,50.0098,140.597
563.619,95.9497,115.891,0.683,50.0142,140.664
563.869,108.045,115.891,0.748,49.9817,140.73
564.119,95.9421,115.891,0.78,50.0279,140.791
564.369,100.076,115.891,0.837,49.9484,140.837
564.619,96.04,115.891,0.813,49.8366,140.905
564.869,119.942,115.891,0.769,50.0595,140.958
565.119,91.9362,115.891,0.746,50.0032,141.018
565.369,103.935,115.891,0.723,50.0224,141.078
565.619,92.0955,115.891,0.715,50.705,141.138
565.869,124.038,115.891,0.723,49.9938,141.211
566.119,87.9569,115.891,0.738,49.9659,141.282
566.369,95.883,115.891,0.766,49.9931,141.334
566.619,96.0783,115.891,0.781,50.4145,141.411
566.869,96.0905,115.891,0.805,50.0204,141.477
567.119,99.9484,115.891,0.817,50.0465,141.544
567.369,95.9829,115.891,0.842,49.9859,141.616
567.619,159.747,115.891,0.856,48.0024,141.672
567.82,79.6529,115.891,0.856,48.0173,141.744
568.069,100.553,115.891,0.857,47.955,141.807
568.319,87.9978,115.891,0.856,47.9735,141.852
568.569,88.0259,115.891,0.833,50.1835,141.922
568.82,99.5388,115.891,0.786,49.9842,141.968
569.069,108.498,115.891,0.729,48.0348,142.041
569.319,95.9575,115.891,0.692,48.0225,142.106
569.569,92.0357,115.891,0.628,48.0075,142.163
569.819,116.006,115.891,0.577,46.6925,142.25
570.069,96.0024,115.891,0.512,47.7318,142.317
570.319,100.008,115.891,0.471,47.694,142.386
570.569,95.9914,115.891,0.419,47.7103,142.446
570.819,108.009,115.891,0.387,46.7303,142.484
571.069,99.9754,115.891,0.384,48.0341,142.488
571.319,88.026,115.891,0.384,48.0377,142.488
571.569,91.9643,115.891,0.382,48.0009,142.489
571.819,92.0322,115.891,0.374,50.0917,142.491
572.069,95.9662,115.891,0.369,50.0051,142.493
572.319,115.931,115.891,0.368,49.5887,142.493
572.569,108.082,115.891,0.367,47.9939,142.495
572.819,96.0247,115.891,0.355,48.0245,142.496
573.069,91.9722,115.891,0.352,48.0059,142.497
573.319,84.0123,115.891,0.344,48.3866,142.498
