time,cpu,memory,obstacle_distance,cmd_vel_frequency,distance_travelled
0.235551,0,170.816,0.259,0,0
0.436384,189.212,170.871,0.26,13.9575,0
0.687188,183.41,170.875,0.26,12.4739,0.0141789
0.935677,193.167,170.875,0.335,11.4848,0.0793777
1.1856,152.048,171.531,0.398,11.0689,0.155392
1.4363,179.499,171.531,0.457,12.2358,0.226339
1.63818,153.551,171.531,0.458,12.4519,0.287885
1.88559,137.428,171.535,0.462,12.368,0.362983
2.13565,159.956,172.148,0.468,13.3747,0.433997
2.38559,156.037,172.148,0.47,13.388,0.495654
2.63561,167.992,172.164,0.471,13.7852,0.58121
2.88575,131.922,172.164,0.472,14.101,0.657008
3.13588,155.92,172.754,0.472,14.1577,0.727761
3.38579,136.052,172.754,0.473,14.3978,0.803133
3.58751,163.588,172.754,0.477,14.43,0.865046
3.83588,181.181,172.758,0.481,15.0523,0.921815
4.04079,165.928,172.758,0.483,15.41,0.996954
4.28561,204.231,173.359,0.484,15.3372,1.07267
4.48619,179.483,173.359,0.485,15.5629,1.12901
4.73579,168.27,173.359,0.485,15.0558,1.20488
4.9856,172.129,173.359,0.481,14.8534,1.26113
5.23567,159.955,173.949,0.481,15.0958,1.3475
5.43835,157.886,173.949,0.48,15.0737,1.4032
5.68579,198.025,173.953,0.426,14.9391,1.47901
5.88689,193.934,173.953,0.39,14.8362,1.53525
6.13639,188.374,173.953,0.342,14.4056,1.60458
6.38617,180.166,174.531,0.316,14.0048,1.67482
6.63641,191.81,174.535,0.295,14.2001,1.74242
6.88635,176.045,174.535,0.294,13.7944,1.8114
7.13553,168.551,174.535,0.294,13.8042,1.88348
7.3858,143.849,175.074,0.294,13.7985,1.95319
7.63553,140.149,175.074,0.295,14.3054,2.02771
7.83603,139.653,175.074,0.295,14.4069,2.08488
8.08557,152.279,175.074,0.299,15.0788,2.15842
8.33553,144.02,175.648,0.305,15.5708,2.22922
8.53598,149.668,175.652,0.31,15.3185,2.28411
8.78555,124.212,175.652,0.314,15.5413,2.35667
9.0366,147.382,175.652,0.324,16.0683,2.42627
9.28637,140.127,176.074,0.309,16.8921,2.49879
9.53572,132.348,176.074,0.302,16.9163,2.5576
9.78564,176.052,176.074,0.305,17.1982,2.61004
10.036,171.742,176.074,0.335,17.1927,2.66682
10.2855,144.273,176.074,0.369,17.1999,2.72181
10.5357,155.877,176.645,0.393,17.1964,2.78694
10.7867,143.475,176.645,0.392,17.213,2.84721
11.0358,152.541,176.645,0.397,17.2189,2.89993
11.2856,140.106,176.645,0.394,17.1859,2.95586
11.5362,167.586,177.141,0.382,17.1966,3.00841
11.7855,132.346,177.141,0.373,17.1963,3.06907
12.0361,147.668,177.141,0.371,17.5101,3.13727
12.2856,128.279,177.141,0.361,17.4851,3.20816
12.5356,131.974,177.684,0.36,17.8042,3.28046
12.7855,136.044,177.684,0.365,17.8247,3.35427
13.0358,135.868,177.684,0.372,17.8162,3.42417
13.2855,136.135,177.684,0.375,18.1587,3.49429
13.5357,143.896,178.23,0.357,18.4752,3.56353
13.7855,128.091,178.23,0.336,18.8461,3.63383
14.0357,135.896,178.23,0.319,18.4996,3.70363
14.2857,136.04,178.23,0.317,18.8406,3.76476
14.5362,155.646,178.777,0.317,18.1357,3.82915
14.7856,124.314,178.777,0.308,18.1329,3.90335
15.0355,140.041,178.777,0.295,17.8349,3.96282
15.2856,127.979,178.777,0.294,17.8234,4.02686
15.5356,143.974,179.324,0.293,18.1439,4.09485
15.7857,123.975,179.324,0.295,17.5133,4.16894
16.0359,135.871,179.324,0.302,17.2016,4.23772
16.2855,128.187,179.324,0.304,17.2028,4.30823
16.5356,143.956,179.859,0.307,16.8924,4.38271
16.7855,128.037,179.859,0.308,16.6044,4.44714
17.0356,147.949,179.859,0.322,16.9003,4.50178
17.2859,135.832,179.859,0.314,17.1765,4.56377
17.5358,144.062,180.402,0.281,17.1976,4.62505
17.7856,120.111,180.402,0.266,17.1932,4.70101
18.0356,131.979,180.402,0.256,17.1975,4.77383
18.2855,132.051,180.402,0.263,17.1965,4.83747
18.5359,139.814,180.883,0.287,17.5031,4.9047
18.7855,132.167,180.898,0.304,17.1978,4.96291
19.0356,147.965,180.902,0.323,17.4958,5.01313
19.2856,135.982,180.906,0.325,17.4925,5.06905
19.5356,144.012,180.863,0.326,17.8116,5.12854
19.786,139.77,180.953,0.325,17.81,5.18571
20.0356,140.233,180.953,0.33,18.144,5.24928
20.2857,131.977,180.953,0.329,18.1575,5.30704
20.4863,144.535,180.953,0.318,18.1536,5.36036
20.7355,132.41,181.469,0.315,18.4966,5.43046
20.9856,135.966,181.469,0.326,18.1677,5.49788
21.2356,128.02,181.469,0.352,18.1433,5.56708
21.4874,123.107,181.469,0.371,18.499,5.63297
21.7355,145.062,181.98,0.414,17.8253,5.7036
21.9856,127.948,181.98,0.475,17.8259,5.777
22.2355,140.058,181.98,0.503,17.8191,5.83946
22.4856,127.957,181.98,0.569,17.5104,5.91439
22.7355,128.044,182.504,0.617,17.4798,5.98222
22.9862,135.624,182.504,0.684,17.4951,6.04713
23.2356,128.342,182.504,0.719,17.4985,6.11659
23.4858,139.883,182.504,0.779,17.5006,6.1841
23.7355,132.128,183,0.751,17.8224,6.25888
23.9857,119.914,183,0.67,17.8305,6.32959
24.2355,140.09,183,0.625,17.5029,6.3888
24.4855,140,183,0.554,17.8069,6.45469
24.7355,128.007,183.445,0.494,18.1476,6.52996
24.9856,123.977,183.445,0.421,17.818,6.59632
25.2355,136.025,183.445,0.365,17.8166,6.67105
25.4365,129.343,183.445,0.318,17.8215,6.72635
25.6857,124.444,183.754,0.261,17.5039,6.7992
25.9356,144.011,183.836,0.232,17.5016,6.86215
26.1855,120.049,183.836,0.211,17.5003,6.93478
26.4359,135.793,183.836,0.214,17.191,7.01013
26.6856,128.165,183.836,0.229,17.2133,7.07988
26.9356,131.987,184.359,0.256,17.4974,7.15495
27.1856,120.009,184.359,0.296,17.5005,7.22256
27.4356,139.996,184.363,0.31,17.5164,7.29132
27.6856,124.022,184.363,0.324,17.1938,7.36299
27.9356,131.975,184.816,0.342,16.8908,7.4351
28.1855,128.035,184.816,0.383,17.1926,7.50199
28.436,135.773,184.816,0.409,17.4994,7.57254
28.6855,120.2,184.816,0.453,17.5033,7.64264
28.936,135.776,184.988,0.468,17.5022,7.70903
29.1855,132.227,184.988,0.513,17.1821,7.77862
29.4362,131.666,184.988,0.549,17.5069,7.84541
29.6856,120.247,184.988,0.601,17.5007,7.91598
29.9358,143.905,185.465,0.636,17.5083,7.9812
30.1855,120.136,185.465,0.696,17.4951,8.05318
30.4357,127.935,185.5,0.731,17.8266,8.11198
30.6855,132.058,185.5,0.772,18.1578,8.17555
30.9356,139.966,185.855,0.806,18.1606,8.2499
31.1856,120.019,185.855,0.847,17.8268,8.32081
31.436,131.762,185.855,0.881,17.8322,8.38914
31.6856,128.236,185.855,0.927,17.8199,8.46144
31.9356,131.978,185.855,0.96,17.8359,8.53532
32.1855,120.034,185.855,1.006,17.807,8.60454
32.4361,143.696,185.855,1.043,17.8305,8.67912
32.6856,120.24,185.855,1.1,17.8205,8.75028
32.9359,131.846,186.34,1.135,17.8241,8.82272
33.1856,124.122,186.34,1.173,18.1532,8.88584
33.4358,131.871,186.34,1.203,17.816,8.93695
33.6855,120.146,186.34,1.245,17.5018,8.98269
33.9358,127.847,186.426,1.267,17.8179,9.01659
34.1856,124.123,186.426,1.278,17.5267,9.02183
34.4357,139.942,186.426,1.279,17.8401,9.02337
34.6856,136.04,186.426,1.28,18.1969,9.02412
34.9356,140.005,186.5,1.282,17.8584,9.0253
35.1856,124.009,186.5,1.282,17.8479,9.02623
35.3864,144.416,186.5,1.282,17.8381,9.02657
35.6356,136.447,186.5,1.278,17.8465,9.03029
35.8856,135.995,186.5,1.277,17.8446,9.03096
36.1356,148.01,186.566,1.276,17.8528,9.03189
36.3857,139.933,186.566,1.278,17.8416,9.03275
36.6356,156.067,186.566,1.277,17.5278,9.03376
36.8856,135.993,186.566,1.276,17.8173,9.03507
37.1356,148.013,186.637,1.276,17.8271,9.03632
37.3856,155.983,186.637,1.276,17.4988,9.03772
37.6356,152.021,186.637,1.276,17.4971,9.03875
37.8861,135.732,186.637,1.286,17.5009,9.03962
38.1356,160.309,186.688,1.287,17.4916,9.04272
38.3856,135.995,186.688,1.296,17.1531,9.08834
38.6356,151.993,186.688,1.295,17.501,9.1411
38.8856,144.008,186.688,1.276,17.5005,9.20297
39.1356,144.001,186.758,1.251,17.5003,9.26752
39.3856,128,186.758,1.213,17.1849,9.33831
39.6356,136.003,186.758,1.187,16.8951,9.40559
39.8856,135.998,186.758,1.149,17.1922,9.47588
40.1356,140.001,186.875,1.125,17.1911,9.54789
40.3856,127.999,186.875,1.086,17.1924,9.62061
40.6356,148.011,186.875,1.059,17.1917,9.68858
40.8856,127.99,186.875,1.019,17.187,9.76387
41.1356,136.005,186.949,0.994,17.1939,9.82996
41.3856,135.999,186.949,0.962,17.2,9.89902
41.6356,136.005,186.949,0.935,17.1914,9.97242
41.8856,131.993,186.949,0.897,17.1819,10.043
42.1356,144.002,187.109,0.869,17.5011,10.1138
42.3856,127.994,187.109,0.831,17.8185,10.187
42.6367,135.426,187.109,0.798,17.4985,10.2493
42.8856,132.566,187.109,0.757,17.4927,10.3192
43.1356,136.002,187.238,0.738,17.5012,10.3895
43.3857,131.964,187.238,0.705,17.8167,10.4621
43.6356,140.037,187.238,0.679,17.8233,10.5352
43.8856,123.997,187.238,0.641,18.1581,10.6044
44.1356,152,187.285,0.621,17.8102,10.6789
44.3856,128.001,187.285,0.597,17.7999,10.7493
44.6356,132.005,187.285,0.583,17.501,10.82
44.8867,139.355,187.285,0.554,17.5052,10.8871
45.1356,132.607,187.285,0.54,17.5008,10.9551
45.3856,135.999,187.332,0.525,17.5024,11.0264
45.6356,148.012,187.332,0.524,17.5006,11.0985
45.8857,123.963,187.332,0.523,17.5009,11.1677
46.1356,136.036,187.332,0.528,17.2083,11.2419
46.3857,135.962,187.379,0.551,17.1816,11.3149
46.6356,140.035,187.379,0.562,17.1868,11.382
46.8856,127.994,187.379,0.601,17.1825,11.447
47.1356,144.003,187.379,0.626,17.1808,11.5149
47.3856,140,187.43,0.681,17.4852,11.5836
47.6356,148.012,187.43,0.719,17.4952,11.6586
47.8856,123.968,187.43,0.73,17.4922,11.7281
48.1356,136.028,187.43,0.689,17.4985,11.7995
48.3856,139.999,187.5,0.636,17.4982,11.8685
48.6356,144.004,187.5,0.606,17.4932,11.9362
48.8856,119.998,187.5,0.566,17.495,12.0004
49.1356,148,187.5,0.537,17.4977,12.0617
49.3857,131.963,187.992,0.479,17.49,12.1354
49.6356,136.041,187.992,0.438,17.5026,12.2075
49.8856,139.99,187.992,0.377,17.4981,12.2698
50.1356,148.01,187.992,0.351,17.8203,12.3369
50.3856,131.996,188.039,0.307,18.1505,12.4102
50.6356,135.998,188.039,0.277,17.822,12.4805
50.8856,135.999,188.039,0.249,17.821,12.5563
51.1359,139.806,188.039,0.246,18.156,12.6165
51.3856,136.177,188.125,0.256,18.1527,12.6775
51.6356,148.003,188.125,0.267,18.15,12.738
51.8856,136.007,188.125,0.28,18.506,12.7929
52.1356,148.009,187.625,0.294,18.4935,12.849
52.3856,151.998,187.754,0.302,18.8607,12.9068
52.6356,140,187.754,0.307,18.5019,12.9682
52.8856,135.988,187.754,0.315,18.1544,13.0286
53.1356,144.02,187.754,0.326,18.4941,13.0866
53.3856,147.973,187.805,0.343,18.1495,13.149
53.6356,148.025,187.805,0.345,18.492,13.2111
53.8856,135.991,187.805,0.342,18.4832,13.2692
54.1356,148.006,187.805,0.34,18.1569,13.3317
54.3856,131.993,187.805,0.34,18.1527,13.3937
54.6356,152.011,187.855,0.343,17.8152,13.4461
54.8857,135.952,187.855,0.342,17.4972,13.5026
55.1356,140.046,187.855,0.313,17.501,13.5592
55.3856,147.976,187.855,0.307,17.5011,13.6224
55.6356,140.02,187.918,0.317,17.5037,13.6937
55.8856,135.999,187.918,0.333,17.5006,13.7622
56.1356,132,187.918,0.35,17.1951,13.831
56.3856,136.001,187.918,0.37,17.1943,13.8948
56.6356,136.005,187.977,0.375,16.8919,13.9644
56.8856,139.992,187.98,0.384,16.612,14.0353
57.1356,136.005,187.98,0.389,16.8979,14.1015
57.3856,132.001,187.98,0.393,17.5027,14.1674
57.6356,147.998,188.039,0.398,17.5002,14.2361
57.8856,124,188.039,0.395,17.4955,14.3053
58.1356,135.998,188.039,0.393,17.501,14.3756
58.3856,127.977,188.039,0.381,17.5008,14.4422
58.6356,144.032,188.094,0.378,17.4938,14.5149
58.8856,131.989,188.094,0.374,17.7953,14.5885
59.1367,131.441,188.094,0.373,17.8182,14.6557
59.3857,136.553,187.602,0.37,17.8265,14.73
59.6356,140.033,187.664,0.365,17.817,14.8044
59.8856,128,187.664,0.347,17.8176,14.8742
60.1356,144,187.664,0.347,17.5016,14.9473
60.3856,124,187.664,0.345,17.4985,15.0166
60.6356,152.004,187.691,0.344,17.5011,15.0914
60.8856,123.97,187.691,0.344,17.4975,15.1672
61.1356,136.031,187.691,0.343,17.4971,15.2362
61.3856,135.994,187.691,0.343,17.4957,15.3111
61.6356,140.012,187.727,0.343,17.4984,15.3865
61.8856,135.991,187.727,0.343,17.4946,15.4577
62.1356,132.006,187.727,0.343,17.4999,15.5325
62.3856,131.988,187.727,0.342,17.4988,15.6081
62.6365,139.519,187.734,0.342,17.499,15.6773
62.8856,128.449,187.734,0.342,17.4985,15.7521
63.1356,136.005,187.734,0.343,17.4994,15.8219
63.3856,132.003,187.734,0.343,17.4968,15.8951
63.6356,147.984,187.758,0.343,17.4992,15.9667
63.8856,124.006,187.758,0.341,17.495,16.036
64.1357,135.97,187.758,0.336,17.4954,16.1086
64.3856,132.026,187.758,0.333,17.4963,16.1789
64.6357,139.944,187.758,0.331,17.4924,16.2531
64.8856,136.06,187.922,0.33,17.4919,16.3285
65.136,135.762,187.922,0.326,17.4973,16.3976
65.3856,140.239,187.922,0.322,17.494,16.4734
65.6357,135.929,187.922,0.318,17.8155,16.5477
65.8856,124.065,187.922,0.317,17.8154,16.6179
66.1356,148.014,187.922,0.317,17.8182,16.6934
66.3856,119.997,187.922,0.317,18.1475,16.7689
66.6356,144.002,187.922,0.314,17.8202,16.836
66.8856,127.997,188.125,0.311,17.8169,16.9067
67.1356,139.994,188.125,0.294,17.82,16.9764
67.3856,127.981,188.125,0.28,17.8229,17.0487
67.6356,136.022,188.125,0.272,18.152,17.1217
67.8856,131.998,188.125,0.274,18.4894,17.1912
68.1356,139.99,188.125,0.269,18.1481,17.2657
68.3856,132.016,188.125,0.265,18.151,17.3359
68.6356,135.987,188.125,0.264,17.8202,17.4086
68.8856,136.009,188.125,0.261,18.1427,17.4749
69.1356,128.02,188.125,0.263,18.4927,17.5361
69.3857,139.946,188.125,0.271,18.146,17.5995
69.6356,140.028,188.125,0.286,18.494,17.6586
69.8856,152.004,188.125,0.294,18.4967,17.7114
70.1356,144.001,188.125,0.319,18.147,17.7683
70.3856,131.975,188.125,0.333,18.1488,17.8204
70.6356,148.025,188.125,0.359,17.8221,17.8776
70.8856,140.003,188.125,0.369,18.1495,17.934
71.1356,140.011,188.125,0.376,18.4912,17.989
71.3856,135.97,188.125,0.38,18.4875,18.0566
71.6356,140,188.125,0.379,18.1526,18.1298
71.8856,127.996,188.125,0.376,18.4899,18.1995
72.1356,136.028,188.125,0.367,18.1499,18.2684
72.3856,131.996,188.125,0.364,18.4905,18.3353
72.6356,140.006,188.125,0.362,18.1624,18.4092
72.8856,131.978,188.125,0.366,18.1431,18.4845
73.1356,132.017,188.125,0.368,18.4921,18.5541
73.3856,123.979,188.125,0.37,18.1436,18.6293
73.6356,144.029,188.125,0.37,17.8172,18.7053
73.8856,127.972,188.125,0.371,17.818,18.776
74.1356,148.037,188.125,0.371,17.8197,18.8512
74.3856,123.995,188.125,0.371,18.1499,18.922
74.6356,136.001,188.125,0.374,17.8175,18.9971
74.8856,127.993,188.125,0.377,17.8166,19.0698
75.1356,140.002,188.387,0.378,18.1497,19.1406
75.3856,132.005,188.387,0.378,17.8181,19.2155
75.6356,135.998,188.387,0.375,17.8187,19.2902
75.8856,131.997,188.387,0.374,17.8173,19.3612
76.1356,132.005,188.387,0.372,17.822,19.4368
76.3856,119.996,188.387,0.37,18.15,19.5072
76.6356,152.002,188.387,0.366,17.8165,19.583
76.8856,123.995,188.387,0.363,17.5001,19.6568
77.1356,140.008,188.387,0.36,17.5006,19.7252
77.3856,127.996,188.387,0.363,17.4992,19.7995
77.6356,136.002,188.387,0.367,17.8205,19.8745
77.8856,131.971,188.387,0.369,17.4878,19.9452
78.1356,136.03,188.387,0.37,17.496,20.0178
78.3856,132.006,188.387,0.371,17.8233,20.0868
78.6356,135.994,188.387,0.376,17.8179,20.1593
78.8856,131.973,188.387,0.341,18.1458,20.2259
79.1356,136.029,188.387,0.31,18.4813,20.2894
79.3856,127.974,188.387,0.299,18.4879,20.3615
79.6356,136.031,188.387,0.288,18.8518,20.4328
79.8856,135.989,188.387,0.281,19.2117,20.4969
80.1356,132.005,188.387,0.29,18.847,20.5653
80.3856,135.973,188.387,0.297,19.2161,20.634
80.6356,132.029,188.387,0.306,19.2147,20.7096
80.8856,131.99,188.387,0.312,18.8417,20.784
81.1356,132.014,188.387,0.32,18.8474,20.8544
81.3856,123.971,188.387,0.326,18.4746,20.9292
81.6356,140.028,188.387,0.338,18.1465,21.0026
81.8856,127.999,188.387,0.351,18.1579,21.0709
82.1356,143.993,188.867,0.367,17.8223,21.1472
82.3856,120.005,188.867,0.375,17.8197,21.2153
82.6356,135.988,188.867,0.402,17.1936,21.2904
82.8856,124.008,188.867,0.421,16.8993,21.3616
83.1356,144.007,188.922,0.457,17.1977,21.429
83.3856,128,188.922,0.481,17.1945,21.5017
83.6356,136.001,188.922,0.531,17.197,21.575
83.8856,123.99,188.922,0.552,17.1935,21.6461
84.1356,136.007,188.922,0.546,17.1972,21.7214
84.3856,124.003,188.922,0.545,17.1927,21.7924
84.6356,143.995,188.922,0.542,17.1956,21.8672
84.8856,115.997,188.922,0.542,17.1979,21.9423
85.1356,148.007,188.922,0.541,17.194,22.0131
85.3856,119.995,188.922,0.54,17.502,22.0848
85.6356,144.01,188.922,0.536,17.8137,22.1602
85.8856,119.99,188.922,0.532,17.8212,22.2306
86.1356,132.008,188.922,0.522,17.8187,22.3048
86.3856,135.981,188.922,0.518,17.8164,22.374
86.6356,132.019,188.922,0.514,17.8233,22.4474
86.8856,127.995,188.922,0.51,17.8193,22.5059
87.1356,131.999,188.922,0.511,18.1477,22.5536
87.3856,119.994,188.922,0.511,17.8135,22.5968
87.6356,144.011,188.922,0.511,17.8225,22.6283
87.8856,120,188.922,0.512,17.8218,22.6308
88.1356,140.003,188.922,0.512,18.1548,22.6315
88.3856,127.987,188.922,0.511,18.1578,22.6321
88.6357,139.976,188.922,0.511,17.82,22.6331
88.8856,124.027,188.922,0.51,17.8234,22.634
89.1356,140.003,188.922,0.51,17.8243,22.6352
89.3856,127.999,188.969,0.508,17.8206,22.6358
89.6356,148.001,188.969,0.507,18.1524,22.6367
89.8856,131.999,188.969,0.505,17.816,22.6374
90.1355,140.041,188.977,0.506,18.5008,22.6385
90.3856,135.958,189.004,0.505,17.4876,22.6404
90.6355,148.042,189.004,0.505,17.4915,22.6418
90.8856,131.967,189.004,0.505,17.1729,22.6431
91.1356,152.025,189.016,0.507,17.1853,22.6442
91.3856,139.976,189.016,0.508,17.1742,22.6456
91.6356,168.01,189.016,0.51,16.8716,22.6705
91.8856,131.988,189.016,0.518,17.1849,22.7236
92.1356,144.012,189.027,0.537,17.4918,22.7858
92.3856,139.997,189.027,0.54,17.4916,22.8511
92.6356,135.998,189.027,0.54,17.491,22.9234
92.8856,119.996,189.027,0.537,17.1844,22.9846
93.1355,152.044,189.035,0.539,17.8179,23.047
93.3856,135.962,189.035,0.544,17.8135,23.122
93.6356,140.023,189.035,0.557,18.1617,23.1874
93.8856,127.984,189.035,0.563,17.8104,23.2579
94.1356,132.001,189.035,0.558,17.8333,23.3309
94.3856,127.984,189.074,0.556,18.157,23.3995
94.6356,152.019,189.074,0.555,17.819,23.4745
94.8856,123.993,189.074,0.555,17.4967,23.5476
95.1355,144.04,189.074,0.554,17.4945,23.6176
95.3856,131.957,189.074,0.553,17.498,23.6902
95.6355,144.045,189.074,0.556,17.5005,23.765
95.8856,123.979,189.074,0.522,17.501,23.8347
96.1356,136.015,189.074,0.486,17.5035,23.9099
96.3856,139.963,189.074,0.468,17.4964,23.9784
96.6356,136.021,189.074,0.448,17.8261,24.0507
96.8856,131.988,189.074,0.446,17.8154,24.1231
97.1356,136.015,189.074,0.443,17.8183,24.191
97.3856,131.966,189.074,0.443,17.8173,24.2585
97.6356,148.032,189.074,0.426,18.1528,24.3272
97.8856,123.992,189.074,0.414,17.8257,24.3997
98.1356,147.999,189.074,0.4,17.8181,24.4717
98.3856,131.99,189.074,0.357,17.816,24.5408
98.6357,143.96,189.074,0.301,17.8183,24.6166
98.8856,120.044,189.074,0.281,17.8163,24.6879
99.1356,136.019,189.074,0.264,17.818,24.7545
99.3856,139.952,189.074,0.257,17.4975,24.8277
99.6356,140.043,189.074,0.282,17.8204,24.9007
99.8857,135.954,189.074,0.305,17.8181,24.9677
100.136,140.071,189.074,0.352,17.8188,25.0324
100.386,127.954,189.074,0.396,17.8165,25.0996
100.636,140.026,189.074,0.477,17.817,25.1746
100.886,127.976,189.074,0.501,18.1483,25.2438
101.136,140.049,189.074,0.473,18.1499,25.3094
101.386,131.942,189.074,0.46,17.8182,25.3782
101.636,136.045,189.074,0.459,18.1497,25.4491
101.886,135.974,189.074,0.454,17.819,25.5205
102.136,132.042,189.074,0.445,17.8195,25.5891
102.386,135.933,189.074,0.438,17.8099,25.6582
102.636,136.042,189.074,0.413,17.1918,25.7333
102.886,127.986,189.074,0.395,16.8952,25.8037
103.136,136.003,189.074,0.383,17.1904,25.8717
103.386,123.985,189.074,0.382,17.1908,25.9463
103.636,156.026,189.074,0.373,17.179,26.02
103.886,123.983,189.074,0.373,17.1913,26.0879
104.136,140.048,189.074,0.372,17.1954,26.163
104.386,127.968,189.074,0.372,16.8949,26.2332
104.636,148.012,189.074,0.368,17.1902,26.3058
104.886,123.963,189.074,0.363,16.8943,26.3794
105.136,136.061,189.074,0.345,17.1904,26.4497
105.386,135.968,189.074,0.346,17.487,26.5248
105.636,144.012,189.152,0.333,17.808,26.5993
105.886,135.975,189.152,0.333,17.8162,26.6688
106.136,136.045,189.152,0.331,17.8193,26.7418
106.386,123.971,189.152,0.331,17.8278,26.8123
106.636,152.012,189.152,0.33,17.8118,26.8874
106.886,115.993,189.152,0.33,17.8271,26.9606
107.136,144.022,189.152,0.33,18.1409,27.0307
107.386,127.955,189.152,0.328,17.8152,27.1055
107.636,152.066,189.152,0.326,18.1482,27.1797
107.886,115.969,189.152,0.328,18.1494,27.2492
108.136,132.034,189.152,0.329,18.1498,27.3139
108.386,135.969,189.152,0.329,18.1492,27.3734
108.636,148.017,189.152,0.32,17.7876,27.4368
108.886,127.98,189.152,0.319,18.1437,27.501
109.136,144.008,189.152,0.318,17.8193,27.5552
109.386,127.967,189.152,0.316,17.8281,27.6133
109.636,156.049,189.152,0.316,18.1492,27.6649
109.885,132.046,189.152,0.319,17.8098,27.7208
110.136,151.951,189.152,0.325,17.8206,27.7756
110.386,135.883,189.152,0.327,17.8196,27.8272
110.636,152.13,189.152,0.326,17.5114,27.8862
110.887,127.496,189.152,0.317,17.8198,27.9562
111.136,136.561,189.152,0.315,17.5098,28.0185
111.386,131.848,189.152,0.317,17.4992,28.0851
111.636,136.125,189.152,0.317,17.5009,28.1523
111.885,132.077,189.152,0.321,17.5013,28.2258
112.136,135.957,189.152,0.323,17.5004,28.2978
112.386,127.956,189.152,0.348,17.501,28.3629
112.636,140.026,189.152,0.351,17.5011,28.4303
112.886,131.965,189.191,0.355,17.813,28.5029
113.136,136.051,189.191,0.356,17.4972,28.5721
113.386,131.959,189.191,0.357,17.4995,28.6464
113.636,140.047,189.191,0.357,17.4979,28.7164
113.887,123.462,189.191,0.362,17.4994,28.7926
114.136,140.616,189.191,0.366,17.4988,28.8673
114.386,127.961,189.191,0.368,17.5011,28.9375
114.636,144.01,189.191,0.37,17.5247,29.0138
114.886,123.918,189.191,0.371,17.1924,29.0867
115.136,148.107,189.191,0.374,17.502,29.1567
115.386,119.979,189.191,0.378,17.4956,29.2321
115.636,140.01,189.191,0.382,17.5158,29.2989
115.886,131.961,189.191,0.388,17.4921,29.3699
116.136,136.046,189.191,0.391,17.4988,29.4458
116.386,135.983,189.191,0.393,17.502,29.515
116.636,132.021,189.191,0.393,17.5024,29.5893
116.886,123.988,189.191,0.394,17.8184,29.6652
117.136,144.014,189.191,0.394,17.4988,29.7353
117.386,123.961,189.191,0.4,17.4989,29.81
117.636,144.041,189.191,0.404,17.5,29.8804
117.886,127.989,189.191,0.406,17.4977,29.9547
118.136,136.016,189.191,0.407,17.5024,30.0294
118.386,127.989,189.191,0.404,17.4997,30.0992
118.636,132.014,189.191,0.4,17.5008,30.1745
118.886,135.986,189.219,0.396,17.1962,30.2497
119.136,128.006,189.219,0.394,17.4982,30.3206
119.386,139.989,189.219,0.383,17.8165,30.3958
119.636,132.015,189.219,0.382,17.8185,30.4667
119.886,127.608,189.219,0.381,17.813,30.5421
120.136,140.448,189.219,0.38,18.1462,30.6166
120.386,123.976,189.219,0.379,18.4885,30.6866
120.636,144.001,189.219,0.38,18.1538,30.7621
120.886,123.992,189.238,0.379,18.4892,30.837
121.136,144.049,189.238,0.379,18.1474,30.907
121.386,119.96,189.238,0.38,18.1467,30.9796
121.636,136.02,189.238,0.38,18.4955,31.05
121.886,135.945,189.238,0.379,18.1456,31.1221
122.136,136.077,189.238,0.379,18.1501,31.1951
122.386,135.961,189.238,0.379,18.4933,31.2579
122.636,132.007,188.637,0.38,18.4933,31.3271
122.886,135.979,188.715,0.394,18.4894,31.3979
123.136,128.049,188.715,0.38,18.8474,31.4718
123.336,139.53,188.715,0.36,18.4907,31.5334
123.586,128.296,188.715,0.332,18.8558,31.6047
123.836,124.027,188.715,0.318,18.8508,31.6662
124.086,135.99,188.715,0.285,19.2236,31.7257
124.336,140.028,188.715,0.274,19.2172,31.7887
124.586,139.968,188.715,0.253,18.8484,31.8535
124.836,124.009,188.715,0.238,18.8488,31.9182
125.086,135.992,188.715,0.229,18.4885,31.9867
125.336,132.028,188.715,0.228,18.1486,32.0601
125.586,127.958,188.715,0.252,18.1498,32.1257
125.836,132.033,188.719,0.279,17.5059,32.1874
126.086,139.981,188.719,0.317,17.1949,32.2502
126.336,140.034,188.719,0.348,17.5013,32.3092
126.586,139.932,188.719,0.379,16.8986,32.3687
126.836,132.044,188.719,0.399,16.8993,32.4329
127.086,131.989,188.719,0.421,16.8986,32.5038
127.336,132.006,188.719,0.43,16.6111,32.5725
127.586,131.984,188.719,0.454,16.8992,32.6479
127.836,131.99,188.719,0.475,16.9045,32.7151
128.086,128.019,188.719,0.499,16.8986,32.7879
128.336,140.006,188.719,0.528,17.1946,32.8551
128.586,123.987,188.719,0.561,17.5127,32.9279
128.836,128.018,188.719,0.576,17.5019,32.9944
129.086,135.988,188.719,0.582,17.4966,33.0573
129.336,124.02,188.719,0.582,17.821,33.1083
129.536,129.698,188.719,0.591,17.8197,33.1407
129.786,124.219,188.719,0.606,17.825,33.1783
130.036,123.986,188.719,0.604,17.8216,33.1885
130.286,132.013,188.719,0.605,17.8188,33.1891
130.536,131.983,188.719,0.604,17.8195,33.1898
130.786,128.013,188.719,0.607,17.8207,33.1904
131.036,135.95,188.719,0.608,17.5019,33.1912
131.286,140.042,188.719,0.612,17.4987,33.1919
131.536,140.004,188.727,0.615,17.4965,33.193
131.786,139.994,188.727,0.617,17.5109,33.1932
132.036,139.992,188.727,0.617,17.5006,33.195
132.286,144.014,188.727,0.624,17.4934,33.1963
132.536,135.992,188.727,0.626,17.4979,33.1976
132.786,147.877,188.727,0.626,17.498,33.1994
133.036,152.135,188.727,0.626,17.5309,33.201
133.286,143.964,188.727,0.624,17.4976,33.2024
133.536,152.017,188.727,0.626,17.4944,33.204
133.786,148.021,188.727,0.609,17.4928,33.2256
134.036,147.98,188.727,0.575,17.4956,33.2781
134.286,136.023,188.727,0.538,16.6162,33.3369
134.536,143.989,188.727,0.517,17.5031,33.4002
134.786,136.029,188.727,0.517,17.4974,33.4625
135.036,135.882,188.727,0.523,17.8227,33.5355
135.286,124.089,188.727,0.54,18.1487,33.5999
135.536,143.86,188.727,0.564,17.818,33.6747
135.786,128.123,188.727,0.54,17.8188,33.7456
136.036,135.975,188.727,0.512,17.8181,33.813
136.286,136.029,188.727,0.5,17.8222,33.8857
136.536,135.988,188.727,0.486,17.823,33.9582
136.786,131.989,188.727,0.441,17.8173,34.0268
137.036,131.94,188.727,0.411,17.8151,34.1006
137.286,132.082,188.727,0.373,18.1522,34.1688
137.536,143.999,188.727,0.344,17.8211,34.2311
137.786,140.002,188.727,0.305,17.5012,34.2995
138.036,127.882,188.727,0.293,17.5016,34.3679
138.286,128.117,188.727,0.274,17.8181,34.4405
138.536,143.555,188.727,0.275,17.818,34.5066
138.786,140.431,188.727,0.287,17.8137,34.5667
139.036,143.831,188.727,0.298,17.814,34.6334
139.286,136.162,188.727,0.302,18.1495,34.6953
139.536,143.99,188.727,0.309,18.1475,34.7495
139.786,136.009,188.727,0.314,18.1336,34.8093
140.036,139.71,188.727,0.318,18.4936,34.8687
140.286,132.277,188.727,0.342,18.1436,34.9381
140.536,132,188.727,0.344,18.147,35.0136
140.786,143.99,188.727,0.345,18.1439,35.0826
141.036,131.985,188.727,0.346,17.8171,35.1571
141.286,127.99,188.727,0.352,18.1492,35.231
141.536,139.582,188.727,0.355,17.8224,35.3019
141.786,128.416,188.727,0.363,18.152,35.3777
142.036,143.928,188.727,0.368,18.1472,35.4482
142.286,124.066,188.727,0.371,17.8169,35.5223
142.536,131.983,188.727,0.377,17.8283,35.5979
142.786,140.015,189.227,0.402,18.1468,35.6687
143.036,135.925,189.227,0.428,18.1455,35.7446
143.286,136.076,189.227,0.466,18.491,35.8147
143.536,135.979,189.23,0.463,18.1485,35.8902
143.786,132.012,189.23,0.45,18.4897,35.9651
144.036,131.962,189.23,0.453,18.8515,36.0355
144.286,128.01,189.23,0.449,18.4856,36.1102
144.536,139.609,189.23,0.449,18.1522,36.1823
144.786,128.386,189.23,0.455,18.4955,36.2507
145.036,139.904,189.23,0.467,18.1489,36.3273
145.286,128.093,189.23,0.497,18.4907,36.3948
145.536,131.967,189.23,0.516,18.1483,36.4658
145.786,140.033,189.23,0.5,17.8207,36.5402
146.036,127.926,189.23,0.474,17.8203,36.6105
146.286,136.085,189.23,0.427,17.8192,36.6856
146.536,127.99,189.23,0.411,17.8194,36.7588
146.786,139.971,189.23,0.396,17.5017,36.829
147.036,131.833,189.23,0.395,17.82,36.904
147.286,124.163,189.23,0.401,18.1481,36.979
147.536,143.7,189.23,0.404,17.8161,37.048
147.786,124.285,189.23,0.407,18.1531,37.1182
148.036,139.985,189.23,0.408,18.4935,37.1872
148.286,131.994,189.23,0.408,18.149,37.2586
148.536,131.972,189.23,0.407,18.4923,37.3316
148.786,136.054,189.234,0.408,18.4913,37.4017
149.036,127.991,189.234,0.408,18.1506,37.4767
149.286,136.008,189.234,0.408,18.486,37.5454
149.536,131.993,189.234,0.409,18.15,37.6177
149.786,136.004,189.234,0.414,17.822,37.6938
150.036,131.98,189.234,0.417,17.8226,37.7606
150.286,124.023,189.234,0.426,17.8227,37.8343
150.536,135.984,189.234,0.432,17.5023,37.9064
150.786,128.015,189.234,0.439,17.5085,37.9732
151.036,139.932,189.234,0.441,17.4985,38.0486
151.286,124.057,189.234,0.451,17.5115,38.1194
151.536,131.91,189.234,0.454,17.5039,38.1934
151.786,136.089,189.234,0.457,17.8194,38.2691
152.036,127.749,189.234,0.457,17.8273,38.3361
152.286,136.259,189.234,0.458,17.8165,38.4077
152.536,128.001,189.234,0.463,17.8198,38.4807
152.786,131.887,188.73,0.468,17.8238,38.5505
153.036,128.116,188.73,0.465,17.8209,38.6229
153.286,124.004,188.73,0.466,18.1526,38.6937
153.536,135.987,188.73,0.469,17.8212,38.7546
153.786,124.011,188.73,0.484,17.8254,38.8083
154.037,135.185,188.73,0.495,17.8235,38.8514
154.286,132.805,188.73,0.503,17.8209,38.8906
154.536,127.743,188.73,0.508,17.5026,38.9011
154.786,128.251,188.73,0.504,17.4986,38.9025
155.036,127.986,188.73,0.503,17.5017,38.9043
155.286,124.023,188.73,0.502,17.5082,38.9055
155.536,139.714,188.73,0.504,17.5017,38.9066
155.786,120.239,188.73,0.506,17.5019,38.9087
156.036,131.794,188.73,0.504,17.5011,38.9105
156.286,124.198,188.73,0.506,17.5013,38.9124
156.537,127.45,188.73,0.499,17.8179,38.9141
156.786,132.576,188.73,0.503,17.8188,38.9157
157.036,127.545,188.73,0.5,17.8175,38.9167
157.286,132.467,188.73,0.498,18.148,38.9179
157.536,131.975,188.73,0.497,17.8217,38.9189
157.786,136.022,188.73,0.498,18.1486,38.9203
158.036,147.681,188.73,0.498,18.1468,38.9213
158.286,140.307,188.73,0.494,17.8182,38.9226
158.536,139.89,188.73,0.493,17.8192,38.9243
158.786,124.089,188.73,0.493,18.8436,38.9255
159.036,139.988,188.73,0.497,17.8054,38.927
159.286,136.022,188.73,0.494,17.806,38.9286
159.536,143.833,188.73,0.494,17.4916,38.9299
159.786,136.16,188.73,0.494,17.8004,38.9313
160.036,139.755,188.73,0.496,18.1409,38.9328
160.286,136.234,188.73,0.496,17.8067,38.9347
160.536,151.838,188.73,0.496,17.4891,38.9366
160.786,140.139,188.73,0.499,17.8114,38.9379
161.036,139.666,188.73,0.498,17.4954,38.9392
161.286,144.359,188.73,0.504,17.4957,38.9606
161.536,143.986,188.73,0.499,16.8898,39.0167
161.786,132.002,188.73,0.492,17.5044,39.0751
162.036,147.858,188.73,0.465,17.5009,39.1371
162.286,136.132,188.73,0.445,17.4983,39.2077
162.536,131.829,188.73,0.431,17.1861,39.2829
162.786,136.185,188.73,0.427,17.1979,39.3528
163.036,135.949,188.73,0.43,17.4997,39.4244
163.286,120.041,188.73,0.429,17.4979,39.4965
163.536,147.955,188.73,0.429,17.4984,39.5704
163.786,124.034,188.73,0.401,18.1474,39.6458
164.036,148.007,188.73,0.415,18.4897,39.715
164.286,123.98,188.73,0.425,18.1486,39.7879
164.536,140.02,188.73,0.431,18.4867,39.8622
164.786,132.002,188.73,0.433,18.8425,39.9326
165.036,135.789,188.73,0.434,18.4936,40.0055
165.286,140.201,188.73,0.435,18.8454,40.0703
165.536,135.909,188.73,0.436,18.8479,40.1405
165.786,136.098,188.73,0.44,18.4852,40.216
166.036,139.921,188.73,0.448,18.839,40.2866
166.286,128.067,188.73,0.459,18.4891,40.3608
166.536,136.017,188.73,0.462,18.4959,40.4255
166.786,135.99,188.73,0.461,18.8444,40.4925
167.036,136.003,188.73,0.461,18.4862,40.5609
167.286,131.991,188.73,0.46,18.4907,40.6243
167.536,136.011,188.73,0.446,18.1492,40.696
167.786,120.004,188.73,0.438,18.4915,40.7678
168.036,147.972,188.73,0.409,18.1503,40.8343
168.286,124.024,188.73,0.395,17.8178,40.9071
168.536,143.984,188.73,0.359,18.1541,40.9761
168.786,128.016,188.73,0.332,17.8251,41.0448
169.036,139.99,188.73,0.31,18.1507,41.1117
169.286,135.999,188.73,0.286,18.1483,41.1747
169.486,129.688,188.73,0.28,17.5053,41.2287
169.736,140.279,188.73,0.275,17.5014,41.2921
169.986,140.003,188.73,0.272,17.5,41.3525
170.236,144,188.73,0.276,17.8172,41.4157
170.486,135.997,188.73,0.28,17.8138,41.4718
170.736,144.005,188.73,0.284,17.8202,41.53
170.986,143.999,188.73,0.291,17.8168,41.5891
171.236,140.026,188.73,0.301,17.8178,41.6457
171.486,135.976,188.73,0.309,17.827,41.7161
171.736,132.017,188.73,0.338,17.8205,41.7838
171.986,131.961,188.73,0.359,17.8186,41.8507
172.236,140.017,188.73,0.369,17.8177,41.9261
172.486,123.98,188.73,0.372,17.8183,41.9965
172.736,140.024,188.73,0.376,17.8181,42.0686
172.986,123.993,188.73,0.379,17.5002,42.1414
173.236,144.011,189.215,0.386,17.5034,42.212
173.486,131.991,189.215,0.391,17.5005,42.2863
173.736,132.013,189.215,0.409,17.5004,42.3621
173.986,127.999,189.215,0.418,17.5013,42.4333
174.236,136.01,189.215,0.44,17.7806,42.507
174.486,135.985,189.215,0.474,17.8178,42.576
174.736,131.997,189.215,0.527,17.4977,42.6469
174.986,135.995,189.215,0.565,17.8207,42.7225
175.236,132.013,189.215,0.592,17.8203,42.791
175.486,127.994,189.215,0.592,17.5033,42.8628
175.736,140.008,189.215,0.597,17.8211,42.9337
175.986,119.996,189.215,0.598,17.5068,43.0087
176.236,144.016,189.215,0.6,17.4967,43.0832
176.486,127.982,189.215,0.601,17.5003,43.1521
176.736,132.002,189.215,0.601,17.5081,43.2266
176.986,127.992,189.215,0.599,17.1951,43.3022
177.236,132.017,189.215,0.597,17.1958,43.3721
177.486,131.991,189.215,0.594,17.1975,43.4461
177.736,132.001,189.215,0.59,17.1984,43.5147
177.986,135.98,189.215,0.589,17.1966,43.5889
178.236,132.022,189.215,0.588,17.5017,43.6615
178.486,123.988,189.215,0.588,17.5052,43.7291
178.736,136.017,189.215,0.552,17.5,43.8021
178.986,123.993,189.215,0.499,17.5037,43.8688
179.236,140.007,189.215,0.436,17.5053,43.9204
179.486,127.962,189.215,0.395,17.5026,43.9669
179.736,132.023,189.215,0.353,17.5043,44.0035
179.986,120.011,189.215,0.342,17.5037,44.0208
180.236,144.004,189.215,0.342,17.4996,44.0219
180.486,135.989,189.215,0.342,17.5039,44.0227
180.736,135.951,189.215,0.339,17.5053,44.0232
180.986,132.043,189.215,0.337,17.5013,44.0238
181.236,144.006,189.215,0.331,17.5033,44.0244
181.436,139.446,189.215,0.331,17.4967,44.0251
181.686,128.42,189.215,0.33,17.4962,44.0258
181.936,147.956,189.215,0.329,17.5026,44.0268
182.186,128.009,189.215,0.317,17.8194,44.0281
182.436,152.018,189.215,0.317,17.5013,44.0293
182.686,128.007,189.215,0.311,17.8194,44.0302
182.936,151.579,189.215,0.31,18.1463,44.0312
183.186,136.38,189.215,0.303,17.8183,44.0322
183.436,151.915,189.215,0.304,17.812,44.0333
183.686,136.073,189.215,0.297,18.1035,44.0349
183.936,135.962,189.215,0.301,17.7885,44.0429
184.186,136.069,189.215,0.338,18.1032,44.0962
184.436,139.947,189.215,0.41,18.4582,44.1619
184.686,128.018,189.215,0.476,18.4264,44.2319
184.886,139.671,189.215,0.537,18.7937,44.2881
185.136,136.265,189.215,0.575,18.4526,44.3632
185.386,136.017,189.215,0.572,18.4544,44.4379
185.636,136.012,189.215,0.568,18.4496,44.5076
185.886,123.961,189.215,0.567,18.115,44.5833
186.136,144.048,189.215,0.565,18.4606,44.6548
186.385,124.045,189.215,0.565,18.4749,44.723
186.636,151.944,189.215,0.565,18.48,44.7986
186.886,127.922,189.215,0.565,18.5034,44.8666
187.136,148.091,189.215,0.565,18.149,44.9426
187.386,123.998,189.215,0.566,17.8156,45.0158
187.636,135.997,189.215,0.569,17.8201,45.0857
187.886,131.991,189.215,0.571,17.4989,45.158
188.136,136.013,189.215,0.57,17.5021,45.2283
188.385,140.058,189.215,0.57,17.495,45.3025
188.636,131.945,189.215,0.561,17.4968,45.3778
188.886,131.959,189.215,0.524,17.4949,45.446
189.136,148.051,189.215,0.479,17.4992,45.5218
189.385,120.02,189.215,0.448,17.5054,45.5957
189.636,143.973,189.215,0.426,17.4992,45.6656
189.886,123.982,189.215,0.422,17.499,45.7379
190.136,148.025,189.215,0.409,17.8085,45.8072
190.386,123.914,189.215,0.4,17.4773,45.8782
190.636,140.084,189.215,0.401,17.8229,45.954
190.886,131.978,189.215,0.399,17.8206,46.0218
191.136,136.036,189.215,0.395,17.8335,46.0933
191.386,131.958,189.215,0.382,17.8014,46.164
191.636,136.045,189.215,0.367,17.8234,46.235
191.886,123.954,189.215,0.359,17.5036,46.3047
192.136,148.049,189.215,0.344,17.508,46.3709
192.385,124.047,189.215,0.32,17.5014,46.4435
192.636,143.941,189.215,0.315,17.1988,46.5046
192.886,131.972,189.215,0.317,17.2107,46.5564
193.136,160.006,189.215,0.336,17.2207,46.6138
193.386,128.018,189.215,0.331,16.8764,46.6812
193.636,139.997,189.215,0.317,17.1961,46.7491
193.886,120.011,189.215,0.319,17.1813,46.8195
194.136,147.998,189.215,0.323,17.1997,46.8727
194.386,135.996,189.215,0.329,17.1927,46.9286
194.636,143.996,189.215,0.337,17.196,46.9856
194.886,135.971,189.215,0.34,17.1913,47.0392
195.136,148.042,189.215,0.339,17.5018,47.103
195.386,123.982,189.215,0.341,18.1454,47.1795
195.636,144.015,189.215,0.344,17.8172,47.2475
195.886,132.006,189.215,0.35,17.8123,47.3159
196.136,131.999,189.215,0.358,18.1433,47.3827
196.386,135.958,189.215,0.363,17.7904,47.4574
196.636,144.044,189.215,0.329,17.8202,47.5318
196.886,127.942,189.215,0.315,18.1427,47.6003
197.136,132.061,189.215,0.312,17.8139,47.6688
197.386,135.956,189.215,0.31,18.1333,47.74
197.636,136.042,189.215,0.31,17.817,47.8038
197.885,132.036,189.215,0.308,17.4957,47.8729
198.136,135.965,189.215,0.283,17.4882,47.9413
198.386,135.982,189.215,0.281,17.5011,48.0043
198.636,144.019,189.215,0.276,17.5122,48.0684
198.886,131.976,189.215,0.278,17.5253,48.134
199.136,140.028,189.215,0.284,17.5042,48.2049
199.386,119.842,189.215,0.29,17.5173,48.2801
199.636,144.179,189.215,0.302,17.5054,48.3494
199.886,128.009,189.215,0.31,17.197,48.412
200.136,144,189.215,0.305,17.1694,48.4698
200.386,131.833,189.215,0.291,17.1903,48.5307
200.636,144.17,189.215,0.26,17.2135,48.6005
200.886,119.567,189.215,0.249,17.1929,48.6683
201.136,132.49,189.215,0.248,17.4912,48.7367
201.386,135.952,189.215,0.268,17.7939,48.8056
201.636,144.049,189.215,0.292,17.8233,48.8617
201.886,127.809,189.215,0.314,17.8067,48.9162
202.136,140.212,189.215,0.321,18.1435,48.9684
202.386,135.497,189.215,0.326,17.7998,49.0243
202.636,156.573,189.215,0.328,18.4943,49.0836
202.887,131.469,189.215,0.329,18.8441,49.1372
203.136,144.592,189.25,0.331,18.4944,49.2018
203.386,135.914,189.25,0.317,18.8434,49.272
203.636,140.088,189.25,0.316,18.4867,49.3387
203.886,123.954,189.25,0.339,18.1662,49.4048
204.136,144.054,189.25,0.35,18.1719,49.4663
204.386,127.844,189.25,0.37,17.798,49.5344
204.636,136.162,189.25,0.399,17.8326,49.6077
204.887,135.442,189.25,0.459,17.8246,49.6781
205.136,132.546,189.25,0.491,17.8381,49.749
205.386,123.791,189.25,0.555,17.8396,49.8231
205.636,140.24,189.25,0.593,17.5011,49.8937
205.886,119.909,189.25,0.657,17.5144,49.9666
206.136,140.102,189.25,0.706,17.4989,50.036
206.386,127.869,189.25,0.753,17.193,50.105
206.636,136.144,189.25,0.765,17.4996,50.173
206.886,119.856,189.25,0.689,17.4952,50.236
207.136,148.076,189.25,0.632,17.5001,50.3097
207.385,128.135,189.25,0.554,17.4904,50.3821
207.636,131.936,189.25,0.496,17.5008,50.452
207.886,131.969,189.25,0.421,17.4883,50.5266
208.136,128.048,189.25,0.365,17.4949,50.5963
208.386,131.978,189.25,0.303,17.502,50.6679
208.636,140.024,189.25,0.267,17.2187,50.7392
208.886,119.948,189.25,0.223,17.5079,50.8031
209.136,144.058,189.25,0.193,17.8188,50.8772
209.386,127.965,189.25,0.187,17.8316,50.9445
209.636,140.04,189.25,0.194,17.4998,51.0096
209.886,123.954,189.25,0.212,17.4924,51.0803
210.136,128.046,189.25,0.248,17.5134,51.149
210.386,127.89,189.25,0.265,17.4895,51.2229
210.636,144.106,189.25,0.287,17.5003,51.2944
210.886,123.997,189.25,0.319,17.5015,51.3597
211.136,132.023,189.25,0.348,17.2108,51.4313
211.386,135.895,189.25,0.389,17.1937,51.499
211.636,132.097,189.25,0.416,17.2032,51.5628
211.886,119.972,189.25,0.462,17.4984,51.6311
212.136,136.036,189.25,0.491,17.5015,51.6983
212.386,127.821,189.25,0.536,17.4937,51.7659
212.636,136.19,189.25,0.568,17.8343,51.8411
212.886,123.816,189.25,0.623,17.8165,51.9083
213.136,140.209,188.73,0.663,17.8357,51.981
213.386,119.965,188.73,0.722,18.1473,52.0515
213.636,128.038,188.73,0.757,17.8226,52.1245
213.886,131.969,188.73,0.819,18.1536,52.1933
214.136,128.03,188.73,0.849,18.4925,52.2625
214.386,123.957,188.785,0.909,18.1508,52.3382
214.636,140.025,188.785,0.935,17.8384,52.41
214.886,115.98,188.785,0.991,17.8222,52.4798
215.136,132.045,188.785,1.028,18.1596,52.5557
215.386,131.985,188.785,1.077,18.1514,52.6245
215.636,128.005,188.785,1.113,17.8261,52.693
215.886,124.001,188.785,1.167,17.8204,52.7579
216.136,128.006,188.785,1.192,17.8228,52.8123
216.386,123.978,188.785,1.234,17.8197,52.863
216.736,128.566,188.785,1.267,18.4955,52.9198
216.986,127.995,188.785,1.277,18.1553,52.9294
217.236,128.007,188.785,1.28,17.8329,52.9305
217.436,144.463,188.785,1.284,18.1743,52.9312
217.686,132.385,188.785,1.278,17.8323,52.9317
217.936,143.836,188.84,1.278,17.5073,52.9325
218.186,140.16,188.84,1.277,17.5074,52.9333
218.436,151.834,188.84,1.279,17.5048,52.9347
218.686,136.158,188.84,1.277,17.8236,52.9358
218.936,147.98,188.887,1.277,17.8209,52.937
219.186,144.016,188.887,1.277,17.8242,52.9379
219.436,151.984,188.887,1.276,17.5061,52.9394
219.686,143.804,188.887,1.277,17.8197,52.9405
219.936,156.187,188.938,1.287,17.8039,52.9416
220.186,135.971,188.938,1.288,17.8175,52.9489
220.436,155.683,188.938,1.299,17.495,52.9999
220.686,144.357,188.938,1.299,17.503,53.0546
220.886,144.6,188.938,1.288,17.4825,53.097
221.136,152.346,188.938,1.263,17.4957,53.1561
221.386,135.822,188.938,1.228,17.5017,53.224
221.636,144.191,188.938,1.19,17.1924,53.2874
221.886,139.991,188.938,1.163,17.1935,53.3532
222.136,140.005,188.938,1.139,17.1931,53.4212
222.386,131.961,188.938,1.117,17.1585,53.4849
222.636,148.045,188.938,1.1,16.8934,53.5478
222.886,140.001,188.938,1.05,17.1918,53.6116
223.136,139.998,188.938,1.009,17.4987,53.6843
223.386,127.987,188.938,0.961,17.501,53.7443
223.636,147.953,188.938,0.936,17.5009,53.8017
223.886,139.759,188.938,0.91,17.4914,53.8697
224.136,136.294,188.938,0.893,17.4868,53.9389
224.386,127.999,188.938,0.873,17.1814,54.0035
224.636,152.006,188.938,0.856,17.4996,54.0662
224.886,131.966,188.938,0.821,17.4915,54.1307
225.136,148.031,188.938,0.793,17.5018,54.2038
225.386,131.995,188.938,0.741,17.4995,54.2678
225.636,148.004,188.938,0.715,17.5006,54.3345
225.886,127.995,188.938,0.676,17.4964,54.4067
226.136,136.01,189.043,0.652,17.4798,54.4765
226.386,135.713,189.043,0.622,17.5054,54.5486
226.636,140.293,189.043,0.612,17.8179,54.6196
226.886,127.988,189.043,0.584,17.5132,54.6888
227.136,140.012,189.043,0.575,17.8154,54.7636
227.386,143.993,189.043,0.529,17.8172,54.8301
227.636,132.011,189.043,0.512,17.4997,54.8961
227.886,139.999,189.043,0.497,17.4941,54.9662
228.136,135.996,189.043,0.5,17.4992,55.0338
228.386,123.999,189.043,0.505,17.4999,55.1031
228.636,152.007,189.043,0.521,17.1904,55.1748
228.886,123.995,189.043,0.543,17.5107,55.2441
229.136,143.984,189.043,0.562,17.4868,55.3181
229.386,140.02,189.043,0.604,17.4961,55.3848
229.636,139.997,189.043,0.628,17.4945,55.4547
229.886,123.999,189.043,0.688,17.4924,55.5278
230.136,148.004,189.043,0.738,17.4932,55.5976
230.386,127.995,189.043,0.705,17.1857,55.6702
230.636,135.993,189.043,0.656,17.1842,55.7455
230.886,135.989,189.043,0.609,17.4904,55.8152
231.136,144.019,189.043,0.574,17.4963,55.8878
231.386,128.001,189.043,0.519,17.4887,55.9553
231.636,148.001,189.043,0.492,17.5017,56.0296
231.886,123.998,189.043,0.437,17.5229,56.1035
232.136,139.962,189.047,0.395,17.4902,56.1705
232.386,140.01,189.047,0.345,17.5068,56.2446
232.636,144.03,189.047,0.312,17.5063,56.3195
232.886,123.992,189.047,0.268,17.5002,56.3901
233.136,152.006,189.539,0.25,17.8213,56.4635
233.386,127.999,189.539,0.245,17.8499,56.5237
233.636,148.01,189.539,0.251,17.5039,56.5894
233.886,131.998,189.539,0.268,17.4985,56.6541
234.136,148.002,189.539,0.282,17.5108,56.7105
234.386,139.992,189.539,0.295,17.4469,56.7694
234.636,144,189.539,0.302,17.5025,56.8325
234.886,139.999,189.539,0.314,17.5106,56.8903
235.136,144.01,189.539,0.322,17.5024,56.9478
235.386,147.98,189.539,0.341,17.4993,57.0036
235.636,136.018,189.539,0.345,17.5004,57.0675
235.886,131.994,189.539,0.335,17.5265,57.1347
236.136,140.003,189.539,0.335,17.508,57.195
236.386,139.993,189.02,0.338,17.4849,57.2595
236.636,152.014,189.02,0.343,17.8278,57.317
236.886,131.993,189.02,0.349,17.8157,57.3695
237.136,143.996,189.02,0.316,17.8818,57.4272
237.386,148,189.023,0.295,18.1489,57.4862
237.636,140.001,189.023,0.299,17.825,57.5515
237.886,132.007,189.023,0.308,17.8167,57.6262
238.136,131.997,189.023,0.319,17.821,57.6967
238.386,135.981,189.023,0.349,17.4754,57.7694
238.636,140.017,189.023,0.364,17.8162,57.8385
238.886,136.001,189.023,0.373,17.8174,57.9026
239.136,132.005,189.023,0.378,18.1497,57.9756
239.386,135.994,189.035,0.384,18.1511,58.043
239.636,140.004,189.035,0.392,17.8219,58.113
239.886,123.995,189.035,0.411,18.1463,58.1887
240.136,144.003,189.035,0.413,18.4942,58.259
240.386,131.998,189.07,0.394,18.1467,58.3343
240.636,140.007,189.094,0.382,18.4918,58.4072
240.886,127.997,189.094,0.379,18.8572,58.4726
241.136,143.997,189.094,0.377,18.846,58.547
241.386,124.005,189.094,0.374,18.8471,58.6177
241.636,139.995,189.094,0.374,18.491,58.6925
241.886,131.978,189.094,0.373,18.145,58.7658
242.136,136.022,189.094,0.373,18.4905,58.8369
242.386,143.984,189.094,0.373,18.1349,58.9109
242.636,132.022,189.094,0.372,18.1496,58.9788
242.886,135.997,189.094,0.372,17.813,59.054
243.136,135.997,188.598,0.372,17.8201,59.1291
243.386,123.995,188.598,0.372,17.8186,59.1997
243.636,148.009,188.598,0.374,17.815,59.2766
243.886,127.989,188.598,0.378,17.4987,59.3516
244.136,136.012,188.602,0.379,17.502,59.4213
244.386,131.988,188.602,0.38,17.1902,59.4925
244.636,139.97,188.602,0.383,17.1851,59.5675
244.886,132.036,188.602,0.39,17.1915,59.6347
245.136,132.002,188.602,0.392,17.1935,59.7048
245.386,139.994,188.602,0.394,17.1967,59.769
245.636,136.012,188.602,0.394,17.1878,59.8402
245.886,135.996,188.602,0.379,17.1953,59.9144
246.136,131.999,188.602,0.375,17.1922,59.9811
246.386,139.996,188.602,0.37,17.1523,60.0517
246.636,144.003,188.605,0.362,17.1876,60.1273
246.886,131.998,188.605,0.36,17.4983,60.1979
247.136,140.003,188.605,0.358,18.1478,60.2727
247.386,123.991,188.605,0.352,18.4877,60.3433
247.636,151.983,188.699,0.349,18.142,60.4153
247.886,128.02,188.699,0.347,18.1428,60.4894
248.136,143.975,188.699,0.344,18.1474,60.5581
248.386,128.019,188.699,0.337,17.7969,60.6303
248.636,140.022,188.699,0.333,18.1434,60.7031
248.886,131.982,188.699,0.331,17.8169,60.7662
249.136,143.934,188.699,0.317,17.8646,60.8371
249.386,128.055,188.699,0.303,17.8312,60.9069
249.636,151.505,188.699,0.287,17.504,60.9792
249.886,120.401,188.699,0.284,17.1881,61.0468
250.136,143.994,188.699,0.281,17.194,61.1119
250.386,123.999,188.699,0.28,17.1958,61.1824
250.636,152.012,188.699,0.28,17.1868,61.2567
250.886,127.992,188.699,0.281,17.1929,61.3226
251.136,127.996,188.699,0.287,17.4967,61.3845
251.386,147.953,188.699,0.29,17.5043,61.4427
251.636,148.072,188.699,0.3,17.5037,61.5059
251.886,127.989,188.699,0.306,17.5161,61.5631
252.136,139.993,188.699,0.32,17.5054,61.6192
252.386,135.998,188.699,0.336,17.4783,61.6763
252.636,148.005,188.699,0.358,17.8218,61.7326
252.886,143.997,188.699,0.366,17.5004,61.7855
253.136,144,188.699,0.379,17.5015,61.8425
253.386,132,188.699,0.377,17.5017,61.9
253.636,147.995,188.699,0.383,17.5,61.9659
253.886,132.003,188.699,0.382,17.8201,62.0378
254.136,131.991,188.699,0.373,18.1507,62.0998
254.386,135.966,188.699,0.372,17.8093,62.1572
254.636,140.052,188.699,0.374,18.1482,62.2283
254.886,123.997,188.699,0.38,18.1595,62.2981
255.136,144.012,188.699,0.39,18.1482,62.3688
255.386,119.987,188.699,0.397,18.4881,62.4346
255.636,148,188.699,0.404,18.4912,62.508
255.886,116.001,188.699,0.406,18.4807,62.5827
256.136,144.001,188.699,0.407,18.8473,62.6526
256.386,124.004,188.699,0.406,18.4919,62.7284
256.636,139.997,188.699,0.401,18.4906,62.8033
256.886,132.002,188.699,0.399,18.1482,62.8737
257.136,127.999,188.699,0.396,18.1483,62.9496
257.386,135.999,188.699,0.396,18.1489,63.0202
257.636,132.001,188.699,0.395,17.8168,63.0956
257.886,131.999,188.699,0.395,18.1469,63.1715
258.136,132.001,188.699,0.395,17.8246,63.2425
258.386,123.994,188.699,0.393,17.4998,63.318
258.636,144.011,188.699,0.39,17.8309,63.3887
258.886,127.99,189.035,0.387,17.4972,63.4635
259.136,148.003,189.035,0.384,17.8217,63.5387
259.386,120.001,189.035,0.383,17.8189,63.6084
259.636,139.998,189.035,0.382,17.819,63.6836
259.886,128.001,189.035,0.386,17.8176,63.7578
260.136,132.003,189.035,0.391,17.8173,63.828
260.386,131.991,189.035,0.393,17.4942,63.9032
260.636,140.008,189.035,0.394,17.5006,63.9786
260.886,131.993,189.035,0.399,17.8159,64.0476
261.136,136.001,189.035,0.371,18.1484,64.1199
261.386,123.987,189.035,0.339,18.1498,64.1868
261.636,144.02,189.035,0.301,18.1473,64.2532
261.886,131.993,189.035,0.291,17.8163,64.326
262.136,136.003,189.035,0.28,17.8209,64.3933
262.386,123.999,189.035,0.282,18.1663,64.4589
262.636,140.006,189.035,0.287,18.5011,64.5291
262.886,123.994,189.035,0.292,18.8437,64.5985
263.136,147.993,189.035,0.297,18.4912,64.6733
263.386,120.011,189.035,0.302,18.4923,64.7409
263.636,144.004,189.035,0.312,18.1509,64.8142
263.886,119.99,189.035,0.318,17.8177,64.8831
264.136,139.989,189.035,0.336,17.819,64.9524
264.386,128.016,189.035,0.354,17.8163,65.0182
264.636,143.994,189.035,0.368,18.1521,65.0826
264.886,124.003,189.035,0.371,17.8185,65.1553
265.136,139.996,189.035,0.379,17.5018,65.2293
265.386,124.002,189.035,0.392,17.5015,65.298
265.636,131.997,189.035,0.427,17.5072,65.3726
265.886,127.999,189.035,0.462,17.1991,65.4478
266.136,136.006,189.52,0.509,17.5025,65.5191
266.386,131.999,189.52,0.511,17.5028,65.5952
266.636,128.004,189.523,0.513,17.8166,65.6671
266.886,119.998,189.523,0.513,17.8207,65.737
267.136,143.997,189.523,0.513,18.1512,65.8079
267.386,120.001,189.523,0.512,18.1511,65.8762
267.636,144.002,189.523,0.513,18.151,65.9416
267.886,115.998,189.523,0.512,18.1518,66.0155
268.136,144.006,189.523,0.514,18.1411,66.0853
268.386,119.994,189.523,0.519,18.1513,66.1589
268.636,140.006,189.523,0.524,18.493,66.234
268.886,131.994,189.523,0.525,18.1505,66.3049
269.136,128.008,189.523,0.528,18.1478,66.3739
269.386,131.986,189.523,0.527,18.1548,66.4298
269.636,132.007,189.523,0.524,17.822,66.478
269.886,120.004,189.523,0.52,17.8171,66.5183
270.136,128.001,189.523,0.52,18.1507,66.5393
270.386,131.996,189.523,0.521,17.8198,66.5412
270.636,140,189.523,0.513,18.1505,66.5419
270.886,123.946,189.523,0.513,17.8298,66.5426
271.136,144.067,189.523,0.513,17.8198,66.5438
271.386,127.994,189.523,0.512,17.8196,66.5444
271.636,148.001,189.523,0.511,17.8191,66.546
271.886,127.997,189.523,0.51,17.8227,66.5469
272.136,140.001,189.523,0.509,17.8199,66.5476
272.386,128.004,189.523,0.507,17.8019,66.5485
272.636,148.034,189.523,0.507,17.8134,66.5501
272.886,139.964,189.523,0.505,17.4925,66.5515
273.136,152.033,189.523,0.508,17.8104,66.5533
273.386,139.967,189.562,0.511,18.1386,66.5553
273.636,148.007,189.562,0.511,18.1324,66.5623
273.886,131.994,189.562,0.517,18.1434,66.612
274.136,156.005,189.562,0.542,18.4815,66.6648
274.386,139.997,189.562,0.55,18.1424,66.7258
274.636,148.016,189.562,0.556,18.4825,66.7913
274.886,127.985,189.562,0.549,18.2003,66.8617
275.136,147.997,189.562,0.546,18.1562,66.9282
275.386,136.008,189.566,0.547,18.4921,66.9973
275.636,132.006,189.566,0.551,18.1542,67.07
275.886,127.995,189.566,0.555,17.7889,67.1431
276.136,140,189.566,0.561,17.8199,67.2134
276.386,143.996,189.566,0.563,17.4989,67.2892
276.636,136.007,189.566,0.561,17.4996,67.3588
276.886,127.99,189.566,0.558,17.5095,67.4335
277.136,148.04,189.566,0.556,17.4997,67.5087
277.386,123.972,189.566,0.555,17.4992,67.5781
277.636,148.007,189.566,0.544,17.497,67.6519
277.886,119.987,189.566,0.497,17.4997,67.7236
278.136,148.017,189.566,0.459,17.4908,67.7908
278.386,127.992,189.566,0.436,16.6052,67.8643
278.636,132.009,189.566,0.425,16.8939,67.9321
278.886,139.995,189.566,0.424,16.8956,68.0075
279.136,135.999,189.566,0.417,17.1924,68.0826
279.386,139.751,189.566,0.414,17.1906,68.1515
279.636,140.261,189.566,0.401,17.1923,68.2275
279.886,119.988,189.566,0.386,17.1934,68.2985
280.136,148.025,189.566,0.384,17.1931,68.3652
280.386,127.98,189.566,0.369,17.1978,68.439
280.636,151.995,189.566,0.31,17.1953,68.5102
280.886,128.002,189.566,0.281,17.1924,68.5823
281.136,148.038,189.566,0.265,17.8235,68.6496
281.386,123.964,189.566,0.257,17.8178,68.715
281.636,152.013,189.566,0.28,18.1362,68.7865
281.886,123.991,189.566,0.3,18.147,68.8582
282.136,148.037,189.566,0.347,17.8216,68.9255
282.386,131.968,189.566,0.385,17.809,68.9963
282.636,140.013,189.566,0.461,17.8181,69.0648
282.886,135.99,189.566,0.5,17.818,69.133
283.136,136.024,189.566,0.487,17.8184,69.2052
283.386,135.976,189.566,0.474,17.8246,69.273
283.636,140.006,189.566,0.473,17.82,69.3474
283.886,119.992,189.566,0.465,18.1488,69.4171
284.136,152.04,189.566,0.451,17.818,69.492
284.386,127.964,189.566,0.446,17.4945,69.5667
284.636,144.026,189.566,0.44,17.5002,69.6354
284.886,119.983,189.566,0.438,17.502,69.7102
285.136,148.003,189.566,0.426,17.8253,69.7825
285.386,131.999,189.566,0.416,17.819,69.849
285.636,136.003,189.566,0.395,17.8148,69.9239
285.886,135.996,189.566,0.382,17.8167,69.9963
286.136,136.004,189.566,0.375,17.8142,70.0604
286.386,131.999,189.566,0.374,17.7896,70.1311
286.636,143.998,189.566,0.363,17.8154,70.2014
286.886,135.988,189.566,0.361,17.8155,70.275
287.136,136.045,189.566,0.349,17.8217,70.3507
287.386,127.965,189.566,0.347,17.8151,70.4218
287.636,152.013,189.637,0.34,17.8173,70.4965
287.886,123.979,189.637,0.335,17.8184,70.5717
288.136,148.054,189.637,0.332,17.808,70.6401
288.386,123.964,189.637,0.332,17.7902,70.7108
288.636,148.015,189.637,0.331,18.1484,70.7813
288.886,127.988,189.637,0.331,17.8213,70.8532
289.136,135.939,189.637,0.331,17.8429,70.9265
289.386,132.067,189.637,0.331,17.8191,70.9968
289.636,148.008,189.637,0.331,17.8193,71.0718
289.886,135.981,189.637,0.326,18.1414,71.1466
290.136,136.037,189.637,0.321,17.8185,71.2133
290.386,119.975,189.637,0.319,17.8114,71.2767
290.636,152.017,189.637,0.315,17.8202,71.3362
290.886,135.981,189.637,0.313,17.8316,71.4006
291.136,140.029,189.637,0.309,17.8461,71.4571
291.386,131.972,189.637,0.307,17.8187,71.5111
291.636,156.012,189.637,0.307,17.8203,71.5678
291.886,135.972,189.637,0.309,17.8175,71.6196
292.136,144.056,189.637,0.317,17.4747,71.6749
292.386,135.97,189.637,0.318,17.5029,71.7319
292.636,152.014,189.637,0.308,17.5008,71.7901
292.886,127.984,189.637,0.32,17.4662,71.8599
293.136,140.036,189.637,0.321,17.5019,71.9327
293.386,123.962,189.637,0.319,17.4869,71.997
293.636,144.021,189.637,0.318,17.1927,72.0668
293.886,123.972,189.637,0.314,17.1898,72.1396
294.136,140.056,189.637,0.316,17.1938,72.2097
294.386,127.954,189.637,0.323,17.1927,72.2797
294.636,140.023,189.637,0.334,17.1958,72.3425
294.886,123.984,189.668,0.338,17.5006,72.4143
295.136,140.014,189.668,0.341,17.5228,72.4885
295.386,131.977,189.668,0.341,17.4967,72.5576
295.636,140.017,189.668,0.343,17.4988,72.6331
295.886,127.992,189.668,0.343,17.5,72.7032
296.136,136.026,189.668,0.344,17.4973,72.7791
296.386,127.842,189.668,0.344,17.4997,72.8533
296.636,140.166,189.668,0.344,17.5004,72.9223
296.886,127.92,189.668,0.344,17.5,72.9956
297.136,144.119,189.668,0.347,17.5035,73.0694
297.386,123.803,189.668,0.353,17.4852,73.14
297.636,152.205,189.668,0.361,17.4971,73.2134
297.886,123.985,189.668,0.367,17.4984,73.2828
298.136,148.052,189.668,0.37,17.5026,73.3506
298.386,123.75,189.668,0.371,17.4995,73.4196
298.636,140.253,189.668,0.371,17.4997,73.4864
298.886,135.82,189.719,0.376,17.5022,73.5609
299.136,132.205,189.719,0.38,17.5015,73.6335
299.386,135.963,189.719,0.389,17.4996,73.7014
299.636,140.017,189.719,0.391,17.4992,73.7767
299.886,120.002,189.719,0.396,17.5005,73.8517
300.136,144.02,189.719,0.4,17.4995,73.9223
300.386,123.968,189.719,0.405,17.4995,73.9965
300.636,144.024,189.719,0.406,17.4991,74.0623
300.886,119.986,189.719,0.407,17.4993,74.0804
301.136,139.992,189.73,0.408,17.4994,74.0807
301.386,123.997,189.73,0.408,17.496,74.0807
301.636,140.015,189.73,0.408,17.5,74.0807
301.886,119.989,189.73,0.408,17.5027,74.0807
302.136,140.015,189.73,0.408,17.4966,74.0809
302.386,123.99,189.73,0.408,17.4992,74.0809
302.636,132.011,189.73,0.408,17.4918,74.0809
302.886,123.995,189.73,0.408,17.5368,74.0809
303.136,136.03,189.773,0.408,17.4988,74.0809
303.386,123.966,189.773,0.408,17.4989,74.0809
303.636,132.007,189.773,0.408,17.5024,74.0809
303.886,124.001,189.773,0.408,17.4918,74.0809
304.136,136.03,189.773,0.408,17.5009,74.0809
304.386,123.965,189.773,0.408,17.4886,74.0809
304.636,136.038,189.773,0.408,17.4999,74.0809
304.886,123.961,189.25,0.408,17.5063,74.0809
305.136,132.041,189.25,0.408,17.5009,74.0809
305.386,127.966,189.25,0.408,17.502,74.0809
305.636,136.014,189.25,0.408,17.4996,74.1163
305.886,123.9,189.254,0.408,17.4995,74.1884
306.136,144.14,189.254,0.408,17.4995,74.2633
306.386,119.959,189.254,0.408,17.4999,74.339
306.636,144.046,189.254,0.409,17.4995,74.41
306.886,123.95,189.254,0.416,17.4952,74.4845
307.136,144.061,189.254,0.418,17.5008,74.5602
307.386,123.968,189.254,0.42,17.4995,74.63
307.636,136.009,189.254,0.421,17.4992,74.7052
307.886,127.987,189.254,0.422,17.5015,74.7732
308.136,136.03,189.254,0.414,17.4975,74.8481
308.386,143.969,189.254,0.41,17.4932,74.9222
308.636,132.039,189.254,0.406,17.5013,74.9917
308.886,127.989,189.254,0.401,17.5039,75.0674
309.136,136.003,189.254,0.398,17.4963,75.1366
309.386,127.976,189.254,0.382,17.4995,75.2
309.636,144.02,189.254,0.375,17.5026,75.2756
309.886,119.978,189.254,0.348,17.4996,75.3453
310.136,140.02,189.254,0.345,17.5008,75.4166
310.386,127.984,189.254,0.319,17.5078,75.4848
310.636,148.022,189.254,0.311,17.4972,75.5482
310.886,131.981,189.254,0.285,17.5018,75.6124
311.136,144.005,189.254,0.28,17.5045,75.675
311.387,131.471,189.254,0.262,17.5019,75.7375
311.636,136.55,189.254,0.247,17.5023,75.8091
311.886,123.995,189.254,0.244,17.8258,75.8757
312.136,140.011,189.254,0.255,17.8206,75.9456
312.386,127.881,189.254,0.271,17.797,76.0049
312.636,152.174,189.254,0.292,17.8134,76.0597
312.886,127.965,189.254,0.318,17.8201,76.1211
313.136,140.008,189.254,0.331,17.8133,76.1914
313.386,127.993,189.254,0.37,17.8173,76.2593
313.636,132.007,189.254,0.4,17.8204,76.3316
313.886,127.99,189.254,0.426,18.1499,76.3973
314.136,136.012,189.254,0.436,17.5053,76.4725
314.386,127.99,189.254,0.454,17.4997,76.5401
314.636,140.018,189.254,0.475,17.5027,76.6106
314.886,119.986,189.254,0.507,17.5013,76.6864
315.136,132.029,189.254,0.531,17.5035,76.7597
315.386,131.97,189.254,0.562,17.5113,76.8293
315.636,132.012,189.254,0.578,17.506,76.9027
315.886,123.986,189.254,0.581,17.4972,76.9543
316.136,132.025,189.254,0.595,17.5028,77.0044
316.386,123.976,189.254,0.608,17.4995,77.0456
316.636,128.013,189.254,0.615,17.5026,77.066
316.886,119.989,189.254,0.612,17.8207,77.0677
317.136,136.039,189.254,0.612,18.1509,77.0682
317.386,135.954,189.254,0.613,17.4983,77.0687
317.636,135.935,189.254,0.614,17.1957,77.0696
317.886,128.063,189.254,0.623,17.1933,77.0705
318.186,136.648,189.254,0.627,18.1448,77.072
318.436,147.811,189.254,0.63,17.498,77.0733
318.686,132.197,189.254,0.63,17.5053,77.0749
318.936,135.993,189.254,0.63,17.4989,77.0758
319.186,139.992,188.648,0.631,17.5019,77.0773
319.436,147.757,188.648,0.633,17.484,77.0786
319.686,140.244,188.648,0.638,17.4944,77.0803
319.936,143.861,188.648,0.642,18.1448,77.0823
320.186,144.143,188.648,0.641,18.4854,77.0838
320.436,151.971,188.648,0.641,18.4877,77.0853
320.686,136.026,188.648,0.627,18.4877,77.0926
320.936,147.93,188.648,0.6,17.1958,77.1409
321.186,144.066,188.648,0.552,18.4917,77.1968
321.436,147.934,188.648,0.533,18.8533,77.2544
321.686,124.058,188.648,0.52,18.4901,77.3251
321.936,143.902,188.648,0.518,18.8483,77.3898
322.186,128.081,188.648,0.53,19.204,77.4544
322.436,143.98,188.648,0.551,18.4875,77.5254
322.686,128.023,188.648,0.54,18.4913,77.5923
322.936,135.838,188.648,0.514,18.4911,77.6588
323.186,132.16,188.648,0.499,18.1464,77.7332
323.436,139.932,188.648,0.48,18.4839,77.8016
323.686,128.058,188.648,0.446,18.1385,77.8686
323.886,134.638,188.648,0.415,18.1502,77.9231
324.136,136.302,188.648,0.382,17.8445,77.9916
324.386,140.005,188.648,0.345,18.1498,78.0582
324.636,139.995,188.648,0.315,18.156,78.1223
324.886,123.99,188.648,0.281,17.5012,78.1939
325.136,136.03,188.648,0.265,17.8201,78.2647
325.386,139.97,189.148,0.259,17.8212,78.3385
325.636,140.017,189.148,0.266,17.4964,78.4004
325.886,131.984,189.152,0.285,17.5042,78.4617
326.136,143.996,189.152,0.29,17.4953,78.525
326.386,136.001,189.156,0.298,17.8231,78.5835
326.636,140.008,189.156,0.306,17.8178,78.6401
326.886,128.001,189.156,0.319,17.8201,78.7037
327.136,140.01,189.156,0.325,17.819,78.7727
327.386,127.986,189.156,0.334,17.8118,78.8412
327.636,144.01,189.156,0.337,18.153,78.9171
327.886,119.989,189.156,0.342,18.4908,78.9877
328.136,140.037,189.156,0.344,18.1484,79.0592
328.386,131.971,189.156,0.345,18.1447,79.1345
328.636,144.004,189.156,0.351,18.4886,79.2052
328.886,131.995,189.156,0.358,18.1054,79.2803
329.136,132.032,189.156,0.364,18.1486,79.3474
329.386,139.947,189.156,0.374,17.8172,79.4221
329.636,132.036,189.156,0.386,17.8173,79.4954
329.886,119.983,189.156,0.419,17.8224,79.5654
330.136,148.026,189.156,0.458,17.5092,79.6404
330.386,123.974,189.156,0.458,17.1815,79.715
330.586,144.647,189.156,0.452,17.5002,79.7712
330.836,128.266,189.156,0.439,17.1896,79.846
331.086,127.991,189.156,0.443,17.1879,79.917
331.336,140.029,189.156,0.438,17.186,79.992
331.586,131.97,189.156,0.44,17.5026,80.0656
331.836,139.97,189.156,0.454,17.4995,80.1366
332.086,128.034,189.156,0.488,17.5004,80.2094
332.336,132.012,189.156,0.509,17.4991,80.2794
332.586,135.985,189.156,0.51,17.5,80.3553
332.836,128.001,189.156,0.493,17.4996,80.4312
333.086,136,189.156,0.44,17.5003,80.5003
333.336,132.032,189.156,0.418,17.8177,80.5724
333.586,143.922,189.156,0.397,18.4921,80.6472
333.836,128.035,189.156,0.396,18.4934,80.7171
334.086,124.001,189.156,0.395,18.1493,80.7907
334.336,136,189.156,0.397,18.1324,80.8599
334.586,131.989,189.156,0.396,17.4998,80.9344
334.836,140.013,189.156,0.395,17.5054,81.0093
335.086,128,189.156,0.395,17.5017,81.0794
335.336,131.962,188.566,0.395,17.5006,81.1552
335.586,184.05,188.648,0.395,17.1597,81.2302
335.836,128.004,188.648,0.395,17.5069,81.3006
336.086,135.998,188.648,0.396,17.1909,81.3763
336.336,128.025,188.648,0.4,17.1962,81.4469
336.586,135.978,188.648,0.405,17.1953,81.5216
336.836,128.005,188.648,0.407,17.5023,81.596
337.086,123.991,188.648,0.413,17.8213,81.6678
337.336,135.998,188.648,0.416,17.5052,81.7401
337.586,132.004,188.648,0.42,17.819,81.8143
337.836,136.007,188.648,0.422,17.8202,81.8835
338.086,119.996,188.648,0.427,17.5065,81.9565
338.336,132.01,188.648,0.431,17.5051,82.025
338.586,135.982,188.648,0.434,17.5013,82.0996
338.836,132.024,188.648,0.435,17.4982,82.1699
339.086,135.977,188.648,0.439,17.5006,82.2399
339.336,128.001,188.648,0.442,17.5041,82.3129
339.586,139.999,188.648,0.447,17.1975,82.3864
339.836,128.008,189.023,0.452,16.8931,82.4537
340.086,119.991,189.023,0.458,16.6154,82.5267
340.336,140.025,189.023,0.465,17.1974,82.5892
340.586,127.966,189.023,0.483,17.1952,82.6468
340.836,128.014,189.023,0.498,17.5022,82.6947
341.036,139.664,189.023,0.511,17.5026,82.7283
341.286,124.241,189.023,0.521,17.5023,82.7654
341.536,127.993,189.023,0.528,17.8208,82.7751
341.786,123.999,189.023,0.529,17.8226,82.7764
342.036,131.988,189.023,0.529,17.8195,82.7771
342.286,132.019,189.023,0.526,17.8202,82.7776
342.536,123.978,189.023,0.521,18.1562,82.7784
342.786,148.025,189.023,0.519,18.1496,82.7794
343.036,135.933,189.023,0.514,17.8192,82.7801
343.286,136.065,189.023,0.512,17.4981,82.7817
343.536,139.981,189.023,0.515,17.5009,82.7836
343.786,144.016,189.023,0.511,17.8188,82.785
344.136,134.285,189.023,0.512,18.4876,82.7873
344.386,144.001,189.023,0.516,17.8148,82.7892
344.636,140.004,189.023,0.511,17.4945,82.7904
344.886,135.985,189.023,0.516,17.4929,82.7915
345.136,140.008,189.023,0.515,17.4965,82.7938
345.386,144.005,189.023,0.52,17.4953,82.7949
345.636,148.012,189.023,0.525,17.4956,82.7964
345.886,131.987,189.023,0.525,17.494,82.7996
346.136,140.003,189.023,0.529,17.4967,82.8455
346.386,148.001,189.023,0.51,17.187,82.9012
346.587,144.315,189.023,0.499,16.889,82.9433
346.836,136.515,189.023,0.476,16.609,83.0073
347.086,139.999,189.023,0.471,16.3339,83.0717
347.336,131.991,189.023,0.445,16.8931,83.1461
347.586,132.011,189.023,0.437,16.6124,83.2134
347.836,139.901,189.023,0.439,16.8972,83.2726
348.086,136.095,189.023,0.442,16.6099,83.3421
348.336,139.953,189.023,0.451,16.8978,83.4103
348.586,128.045,189.023,0.462,17.1919,83.4754
348.836,139.994,189.023,0.46,16.6094,83.5395
349.036,144.507,189.023,0.469,16.8946,83.5908
349.286,128.339,189.023,0.471,17.1811,83.6641
349.537,135.246,189.023,0.472,17.1968,83.7301
349.786,189.065,189.023,0.472,16.5974,83.8064
350.036,131.796,189.023,0.473,16.0634,83.8813
350.286,140.103,189.023,0.473,16.3235,83.952
350.536,143.842,189.023,0.473,16.0599,84.0263
350.786,136.26,189.023,0.473,16.0655,84.0981
351.036,135.734,189.023,0.473,16.334,84.1662
351.286,132.266,189.023,0.47,16.0622,84.2402
351.536,143.986,189.023,0.465,16.3308,84.301
351.786,136.018,189.023,0.466,16.0671,84.3671
352.036,139.989,189.023,0.46,16.0651,84.4389
352.286,127.972,189.023,0.446,16.3366,84.5084
352.536,131.953,189.023,0.423,16.3346,84.5838
352.786,132.089,189.023,0.41,16.6226,84.6583
353.037,135.402,189.023,0.395,17.1973,84.7283
353.286,140.616,189.023,0.382,17.2086,84.8001
353.536,131.925,189.023,0.346,17.195,84.8672
353.786,136.081,189.023,0.328,17.1932,84.9387
354.036,135.971,189.023,0.31,16.8943,85.0078
354.286,132.019,189.023,0.295,17.1976,85.0709
354.536,143.836,189.023,0.296,17.501,85.1364
354.786,136.16,189.023,0.294,17.8189,85.1977
355.036,135.78,189.023,0.297,17.5012,85.2631
355.286,132.212,189.023,0.303,17.5103,85.3275
355.536,147.941,189.48,0.313,17.1919,85.3853
355.786,136.058,189.48,0.32,17.193,85.4412
356.036,139.838,189.527,0.304,17.1899,85.4979
356.286,144.167,189.531,0.298,17.1969,85.5506
356.536,147.978,189.035,0.296,17.1912,85.61
356.786,132.021,189.035,0.302,17.1955,85.6733
357.036,135.993,189.035,0.325,17.1914,85.7435
357.286,139.994,189.035,0.337,17.1952,85.8005
357.536,140.005,189.035,0.353,17.1934,85.8594
357.786,140.004,189.035,0.357,17.1936,85.928
358.036,131.992,189.035,0.353,16.896,85.9966
358.286,136.01,189.035,0.348,17.5063,86.0571
358.536,139.836,189.035,0.35,17.8163,86.1234
358.786,128.157,189.035,0.36,18.1526,86.1937
359.036,135.895,189.035,0.371,17.8177,86.2567
359.286,132.099,189.035,0.378,17.8231,86.3209
359.536,143.984,189.035,0.395,17.8159,86.3893
359.786,124.007,189.035,0.413,17.8209,86.4631
360.037,139.488,189.035,0.451,17.8226,86.5339
360.286,132.484,189.035,0.49,17.5027,86.6019
360.536,128.009,189.035,0.52,17.5044,86.6769
360.786,131.995,189.035,0.515,17.1957,86.7522
361.036,131.996,189.035,0.525,17.1953,86.8232
361.286,128.01,189.035,0.53,16.8996,86.8991
361.536,135.988,189.035,0.534,16.9031,86.9675
361.786,120.007,189.035,0.536,16.9015,87.0411
362.036,143.969,189.035,0.536,16.6145,87.1169
362.286,124.024,189.035,0.535,16.9012,87.1882
362.536,136.002,189.035,0.528,16.9041,87.2635
362.786,119.998,189.035,0.526,16.8993,87.3337
363.036,139.796,189.035,0.524,17.1962,87.4093
363.286,128.191,189.035,0.524,17.1943,87.4852
363.536,131.988,189.035,0.524,17.1991,87.5567
363.786,136.015,189.035,0.526,17.5002,87.6324
364.036,123.997,189.035,0.531,17.5035,87.7068
364.286,136.002,189.035,0.525,17.5027,87.772
364.536,131.984,189.035,0.46,17.1994,87.8325
364.786,120.01,189.035,0.423,16.9052,87.8804
365.036,139.841,189.035,0.372,17.1947,87.9213
365.286,128.149,189.035,0.345,17.1972,87.9515
365.536,127.912,189.035,0.345,17.1945,87.953
365.786,136.091,189.035,0.345,17.1906,87.9536
366.036,135.792,189.035,0.345,16.8983,87.954
366.286,128.197,189.035,0.344,17.1939,87.9547
366.536,139.842,189.035,0.343,17.1942,87.9552
366.786,144.172,189.035,0.342,17.1955,87.9558
367.036,135.844,189.035,0.343,17.1941,87.9563
367.286,128.143,189.035,0.331,17.5032,87.9569
367.536,143.909,189.035,0.331,17.5014,87.958
367.786,144.084,189.035,0.33,17.5022,87.9588
368.036,147.478,189.035,0.327,17.5004,87.9598
368.286,132.477,189.035,0.317,17.4869,87.9608
368.536,143.777,189.035,0.315,17.5021,87.962
368.786,136.107,189.035,0.311,17.4987,87.9628
369.036,147.793,189.035,0.311,17.5002,87.9637
369.386,134.48,189.035,0.309,18.148,87.9654
369.636,152.055,189.035,0.307,17.4691,87.9691
369.886,119.99,189.035,0.315,17.4824,88.0006
370.136,136.01,189.035,0.397,17.4671,88.0661
370.386,127.865,189.035,0.454,17.4772,88.1311
370.636,152.162,189.035,0.525,17.4792,88.2053
370.886,123.976,189.035,0.511,17.4731,88.2792
371.136,148.028,189.035,0.511,17.4792,88.3475
371.386,123.965,189.035,0.51,17.1686,88.422
371.636,152.048,189.035,0.504,17.48,88.4966
371.886,127.976,189.035,0.503,17.4792,88.5649
372.136,136.021,189.035,0.501,17.1766,88.6348
372.386,135.967,189.035,0.5,17.4955,88.704
372.636,136.033,189.035,0.501,17.4963,88.7791
372.886,135.974,189.035,0.505,17.5001,88.855
373.136,136.027,189.035,0.508,17.4998,88.9259
373.386,127.982,189.035,0.509,17.4988,89.0009
373.636,148.003,189.035,0.51,17.1651,89.074
373.886,124.018,189.035,0.511,17.1913,89.1443
374.136,143.997,189.035,0.51,17.4974,89.2174
374.386,127.971,189.035,0.511,17.496,89.2884
374.636,143.95,189.035,0.484,17.1729,89.3624
374.886,128.041,189.035,0.444,16.6033,89.4381
375.136,132.035,189.035,0.399,16.8895,89.5055
375.386,135.969,189.035,0.377,16.8885,89.5795
375.636,136.001,189.035,0.368,16.6059,89.6524
375.886,132.02,189.035,0.361,16.89,89.7219
376.136,132.009,189.035,0.359,16.9001,89.7952
376.386,127.966,189.035,0.353,16.891,89.87
376.636,152.022,189.035,0.35,17.4998,89.9398
376.886,123.836,189.035,0.347,17.5007,90.016
377.136,144.207,189.035,0.338,17.4957,90.0859
377.386,127.959,189.035,0.336,17.4968,90.1602
377.636,152.042,189.035,0.328,17.8252,90.2367
377.886,119.947,189.035,0.324,17.8207,90.3059
378.136,136.066,189.035,0.321,17.8291,90.3791
378.386,135.935,189.035,0.321,18.1516,90.4357
378.636,156.008,189.039,0.319,17.8143,90.4935
378.886,136.01,189.039,0.321,17.5151,90.5532
379.136,144.051,189.039,0.321,17.4927,90.6153
379.386,123.971,189.039,0.318,17.1965,90.6863
379.636,148.007,189.043,0.32,16.8949,90.7514
379.886,135.99,189.043,0.323,17.1922,90.8042
380.136,152.035,189.043,0.335,17.1943,90.8604
380.386,131.988,189.043,0.339,17.2011,90.9137
380.636,148.019,189.043,0.345,17.1934,90.9714
380.886,131.968,189.043,0.346,16.8947,91.0377
381.136,144.035,189.043,0.346,16.8874,91.1056
381.386,123.969,189.043,0.35,16.8842,91.1713
381.636,156.014,189.043,0.359,16.8953,91.2392
381.886,131.978,189.043,0.366,17.1887,91.3064
382.136,140.04,189.043,0.39,17.1952,91.3811
382.386,123.974,189.043,0.365,16.8919,91.4458
382.636,144.018,189.043,0.344,16.8926,91.5138
382.886,131.906,189.043,0.328,16.6061,91.5813
383.136,136.108,189.043,0.319,16.8785,91.6497
383.386,123.981,189.043,0.318,16.6128,91.7242
383.636,144.01,189.043,0.314,16.3208,91.7995
383.886,124.004,189.043,0.312,16.8927,91.8698
384.136,148.01,189.043,0.311,16.8875,91.9442
384.386,127.959,189.043,0.305,16.8967,92.0145
384.636,144.004,189.043,0.3,16.8908,92.0864
384.886,124.021,189.043,0.298,16.3314,92.1534
385.136,144.019,189.043,0.3,16.6112,92.2177
385.386,123.972,189.043,0.304,16.8999,92.283
385.636,148.034,189.043,0.318,16.6123,92.3519
385.886,131.962,189.551,0.303,16.6119,92.4176
386.136,136.038,189.551,0.279,16.077,92.4889
386.386,135.981,189.551,0.268,16.6208,92.5518
386.636,144.018,189.551,0.268,16.6123,92.6206
386.886,127.967,189.055,0.271,16.3342,92.6908
387.136,140.038,189.055,0.286,16.6167,92.759
387.386,127.995,189.055,0.303,16.6183,92.8226
387.636,144.005,189.055,0.317,16.3257,92.8774
387.886,135.953,189.055,0.318,16.8949,92.9309
388.136,160.052,189.055,0.32,16.8993,92.9833
388.386,128.002,189.055,0.32,16.6132,93.0397
388.636,147.996,189.055,0.321,16.6417,93.1029
388.886,131.968,189.055,0.308,16.3351,93.1691
389.136,132.035,189.055,0.318,16.8978,93.2366
389.386,127.976,189.055,0.317,16.5981,93.3028
389.636,144.014,189.055,0.342,16.6091,93.3622
389.886,131.988,189.055,0.356,16.6134,93.4307
390.136,148.028,189.055,0.391,16.3343,93.4984
390.386,123.968,189.055,0.419,16.6158,93.5653
390.636,132.008,189.055,0.475,16.6194,93.6383
390.886,135.554,189.055,0.504,16.0542,93.7136
391.136,136.477,189.055,0.569,16.3347,93.7814
391.386,119.994,189.055,0.617,16.62,93.8574
391.636,147.975,189.055,0.683,16.6091,93.9328
391.886,119.987,189.055,0.733,16.9201,94.001
392.136,136.041,189.055,0.765,16.8978,94.0755
392.386,123.975,189.055,0.715,17.1945,94.1436
392.636,140.001,189.055,0.635,17.1946,94.2112
392.886,128.015,189.055,0.58,16.8847,94.2865
393.136,148.011,189.055,0.499,17.1932,94.3524
393.386,119.973,189.055,0.449,17.1886,94.4249
393.636,132.031,189.055,0.379,17.5005,94.4946
393.886,123.989,189.055,0.328,17.1984,94.5705
394.136,152.018,189.055,0.268,17.1906,94.6402
394.386,115.977,189.055,0.236,17.1912,94.7094
394.636,140.022,189.055,0.21,17.1937,94.7845
394.886,127.974,189.055,0.206,16.8955,94.8523
395.136,132.028,189.055,0.224,17.2009,94.921
395.336,129.55,189.055,0.245,17.1933,94.9817
395.586,132.336,189.055,0.269,17.1987,95.0398
395.836,140.018,189.055,0.302,17.1954,95.107
396.086,143.985,189.055,0.307,17.493,95.1827
396.336,127.999,189.055,0.317,17.5007,95.2426
396.586,132.001,189.055,0.341,17.811,95.3102
396.836,136.03,189.055,0.379,18.1522,95.3728
397.086,127.951,189.055,0.411,17.8146,95.4462
397.336,128.051,189.055,0.465,17.8223,95.5214
397.586,131.95,189.055,0.499,17.8282,95.5831
397.836,136.034,189.055,0.54,17.8289,95.6507
398.086,127.989,189.055,0.569,17.8085,95.7273
398.336,128.002,189.055,0.604,17.8096,95.7933
398.586,123.958,189.055,0.636,17.82,95.8628
398.836,140.078,189.055,0.685,17.8277,95.936
399.086,127.777,189.055,0.727,17.5018,96.0053
399.336,140.242,189.055,0.78,17.5036,96.0816
399.586,127.621,189.055,0.83,17.5028,96.1434
399.836,120.34,189.055,0.858,17.5037,96.2098
400.086,135.848,189.055,0.889,17.8062,96.2803
400.336,132.168,189.109,0.928,17.8209,96.3443
400.586,139.936,189.109,0.979,17.8222,96.4186
400.836,120.043,189.109,1.015,18.1647,96.488
401.086,127.913,189.109,1.048,17.8177,96.5624
401.336,140.08,189.109,1.106,17.8214,96.633
401.586,123.964,189.109,1.165,17.8227,96.6991
401.836,136.051,189.109,1.192,17.8229,96.7567
402.086,119.987,189.109,1.236,17.8209,96.8057
402.436,125.577,189.109,1.267,18.4874,96.8593
402.686,128.173,189.109,1.275,17.8133,96.8656
402.886,134.654,189.109,1.277,17.8279,96.8659
403.136,140.345,189.109,1.281,17.4955,96.8665
403.386,136.001,189.109,1.277,17.4883,96.867
403.636,147.979,189.109,1.278,17.4912,96.868
403.886,139.986,189.109,1.278,17.4992,96.8696
404.136,144.035,189.109,1.279,17.4937,96.8703
404.386,139.827,189.109,1.279,17.4751,96.8713
404.636,164.204,189.109,1.277,17.4894,96.8724
404.886,139.96,189.109,1.277,17.4921,96.8731
405.136,148.021,189.109,1.277,17.4972,96.8744
405.386,143.824,189.109,1.277,17.1853,96.8756
405.636,160.188,189.109,1.285,16.8943,96.8766
405.886,139.969,189.109,1.288,17.19,96.8806
406.136,164.067,189.109,1.296,17.4983,96.9261
406.386,139.966,189.109,1.287,17.4989,96.9788
406.636,148.004,189.117,1.276,17.5011,97.039
406.886,139.903,189.117,1.245,17.5016,97.1071
407.136,136.088,189.117,1.215,17.5174,97.1759
407.386,128.005,189.117,1.177,17.4959,97.2446
407.636,156.001,189.121,1.151,17.5017,97.3203
407.886,132,189.121,1.108,17.4977,97.3885
408.136,136.003,189.121,1.086,17.8253,97.4555
408.386,139.985,189.121,1.048,18.1603,97.5261
408.636,140.009,189.254,1.021,17.8205,97.5982
408.886,124,189.254,0.988,17.8309,97.6692
409.136,144.039,189.254,0.963,17.502,97.7345
409.386,131.956,189.254,0.929,17.1914,97.8042
409.636,152.043,189.297,0.911,16.8951,97.8778
409.886,127.963,189.297,0.883,17.1812,97.9437
410.136,132.04,189.297,0.856,17.2107,98.0149
410.386,143.962,189.297,0.831,17.1936,98.0843
410.636,140.006,189.344,0.805,17.1952,98.1571
410.886,131.999,189.344,0.77,16.9058,98.2259
411.136,143.989,189.344,0.744,17.1954,98.2932
411.386,127.941,189.344,0.709,17.1928,98.3663
411.636,140.058,189.344,0.688,17.1961,98.4351
411.886,140.014,189.344,0.645,17.1974,98.5069
412.136,136.038,189.344,0.622,17.502,98.5758
412.386,127.568,189.344,0.607,17.8221,98.6414
412.636,148.487,189.344,0.585,17.495,98.7158
412.886,127.966,189.344,0.562,17.4833,98.7871
413.136,132.048,189.344,0.541,17.5071,98.8551
413.386,143.97,189.344,0.527,17.1912,98.925
413.636,135.988,189.344,0.524,17.1932,98.9943
413.886,136.004,189.344,0.523,16.8952,99.0693
414.136,151.989,189.344,0.535,16.6105,99.1396
414.386,132.017,189.344,0.555,16.8909,99.2049
414.636,147.998,189.344,0.578,16.3304,99.2767
414.886,127.998,189.352,0.622,16.2859,99.3467
415.136,140.036,189.352,0.66,16.6022,99.4135
415.386,135.963,189.352,0.72,16.3173,99.486
415.636,136.019,189.352,0.748,16.6093,99.5553
415.886,135.987,189.828,0.688,16.5822,99.6312
416.136,152.018,189.828,0.654,16.3283,99.7013
416.386,127.978,189.828,0.602,16.8957,99.7714
416.636,144.041,189.828,0.565,16.8947,99.8457
416.886,139.964,189.828,0.511,16.5738,99.9219
417.136,136.034,189.828,0.478,16.902,99.9921
417.386,135.98,189.828,0.42,16.6117,100.067
417.636,139.988,189.828,0.384,16.8995,100.137
417.886,135.998,189.828,0.332,16.6123,100.212
418.136,148.04,189.828,0.301,16.3234,100.287
418.386,123.954,189.828,0.267,16.6244,100.356
418.636,144.015,189.324,0.25,16.338,100.426
418.886,135.999,189.324,0.257,16.3577,100.492
419.136,140.004,189.324,0.264,16.6201,100.558
419.386,140,189.324,0.283,16.6067,100.617
419.636,155.977,189.324,0.3,16.8963,100.683
419.886,128.02,189.324,0.31,17.1917,100.741
420.136,152.03,189.324,0.32,17.5033,100.8
420.386,135.96,189.324,0.341,17.8204,100.854
420.636,148.026,189.324,0.351,17.8217,100.912
420.886,139.677,189.324,0.362,17.7881,100.972
421.136,156.388,189.324,0.366,17.8217,101.028
421.386,131.963,189.324,0.347,17.807,101.089
421.636,144.03,189.324,0.336,18.1398,101.149
421.886,139.949,189.324,0.334,17.7948,101.218
422.136,140.025,189.324,0.333,17.8175,101.28
422.386,143.934,189.324,0.33,17.8168,101.336
422.636,148.059,189.324,0.329,17.5013,101.396
422.886,136.009,189.324,0.315,17.4981,101.46
423.136,147.985,189.324,0.319,17.5015,101.526
423.386,128.014,189.324,0.329,17.5005,101.603
423.636,139.997,189.324,0.35,17.8682,101.677
423.886,135.998,189.324,0.364,17.8129,101.745
424.136,136.035,189.324,0.374,18.1444,101.817
424.386,135.971,189.324,0.385,18.1496,101.882
424.636,136.001,189.324,0.391,18.1479,101.954
424.886,131.983,189.324,0.394,18.1393,102.025
425.136,144.014,189.324,0.4,18.4991,102.091
425.386,135.999,189.324,0.411,18.1478,102.165
425.636,131.995,189.324,0.414,18.4941,102.234
425.886,136.008,188.82,0.401,18.8733,102.308
426.136,144.033,188.82,0.399,18.4878,102.384
426.386,127.967,188.82,0.396,18.4918,102.454
426.636,148.028,188.824,0.391,18.1502,102.527
426.886,123.977,188.824,0.385,18.148,102.602
427.136,148.037,188.824,0.384,17.8192,102.673
427.386,119.974,188.824,0.383,17.816,102.748
427.636,136.012,188.824,0.382,18.1755,102.818
427.886,139.968,188.824,0.378,17.8141,102.894
428.136,136.047,188.824,0.376,17.8176,102.969
428.386,139.967,188.824,0.374,17.821,103.037
428.636,132,188.824,0.373,17.203,103.108
428.886,128.003,188.824,0.372,16.8982,103.184
429.136,143.999,188.824,0.372,17.1945,103.255
429.386,131.987,188.824,0.373,17.1879,103.33
429.636,148.02,188.824,0.377,17.1757,103.399
429.886,123.989,188.824,0.379,17.1821,103.472
430.136,152.043,188.859,0.38,16.8965,103.548
430.386,123.966,188.859,0.381,16.9022,103.618
430.636,135.998,188.859,0.381,16.899,103.692
430.886,136.004,188.859,0.381,16.8876,103.762
431.136,140.034,188.859,0.381,16.895,103.828
431.386,131.969,188.859,0.376,17.1919,103.902
431.636,131.985,188.859,0.371,17.1861,103.97
431.886,140.011,188.859,0.364,17.1772,104.042
432.136,132.013,188.859,0.361,16.6155,104.115
432.386,139.96,188.859,0.346,16.8974,104.185
432.636,136.029,188.859,0.347,16.8948,104.259
432.886,127.999,188.859,0.334,16.6075,104.333
433.136,144.036,188.859,0.333,17.1935,104.403
433.386,127.973,188.859,0.332,17.186,104.479
433.636,147.996,188.859,0.33,17.1874,104.552
433.886,128.001,188.859,0.323,17.1903,104.622
434.136,132.012,188.859,0.321,17.1958,104.697
434.386,139.988,188.859,0.315,17.1899,104.765
434.636,135.995,188.859,0.296,17.1938,104.84
434.886,132.004,188.859,0.284,17.8179,104.914
435.136,136.032,188.859,0.279,17.8177,104.985
435.386,135.967,188.859,0.28,17.7845,105.058
435.636,140.033,188.859,0.279,18.1312,105.129
435.886,123.967,188.859,0.268,17.8168,105.205
436.136,143.997,188.859,0.267,17.8253,105.279
436.386,128.001,188.859,0.262,17.8227,105.342
436.636,148.012,188.859,0.262,17.8204,105.407
436.886,127.991,188.859,0.275,17.8154,105.472
437.136,143.992,188.859,0.289,17.8234,105.532
437.386,140.007,188.859,0.304,17.4998,105.591
437.636,140.004,188.859,0.326,17.5,105.644
437.886,143.997,188.859,0.358,17.1924,105.701
438.136,140.004,188.859,0.373,16.8985,105.757
438.386,139.957,188.859,0.395,17.1807,105.81
438.636,144.037,188.859,0.403,17.195,105.867
438.886,132.004,188.859,0.412,17.1958,105.939
439.136,136.036,188.859,0.411,17.1965,106.006
439.386,135.971,188.859,0.41,17.1919,106.081
439.636,136.003,188.859,0.41,17.1936,106.156
439.886,135.994,188.859,0.41,17.1934,106.226
440.136,132,188.859,0.409,17.1914,106.301
440.386,128.003,188.859,0.406,17.5012,106.371
440.636,144.013,188.859,0.405,17.5003,106.445
440.886,119.988,188.859,0.406,17.4987,106.517
441.136,144.018,188.859,0.407,17.5005,106.592
441.386,127.823,189.152,0.407,17.5064,106.668
441.636,136.203,189.152,0.405,17.4997,106.744
441.886,135.967,189.152,0.406,17.8249,106.814
442.136,128.006,189.152,0.404,17.8202,106.89
442.386,135.989,189.152,0.4,18.1447,106.959
442.636,136.006,189.152,0.398,17.8196,107.03
442.886,132,189.152,0.403,18.1511,107.1
443.136,128.025,189.152,0.406,17.803,107.175
443.386,131.971,189.152,0.408,17.5055,107.249
443.636,139.998,189.152,0.407,17.5102,107.32
443.886,124.004,189.152,0.409,17.5005,107.395
444.136,144.034,189.152,0.409,17.4986,107.47
444.386,127.948,189.152,0.409,17.4995,107.538
444.636,136.022,189.152,0.409,17.2005,107.612
444.886,132.001,189.152,0.415,16.8968,107.681
445.136,135.988,189.152,0.418,17.1954,107.755
445.386,128.008,189.152,0.421,17.1939,107.831
445.636,139.994,189.152,0.422,17.1937,107.906
445.886,132.014,189.152,0.423,17.2104,107.976
446.136,132.023,189.152,0.405,17.8023,108.05
446.386,127.975,189.152,0.356,17.5035,108.115
446.636,143.996,189.152,0.323,17.1906,108.182
446.886,119.996,189.152,0.302,17.1939,108.257
447.136,136.025,189.152,0.296,17.5003,108.325
447.386,135.977,189.152,0.298,17.8131,108.396
447.636,140.002,189.152,0.299,18.1478,108.464
447.886,132.001,189.152,0.307,17.808,108.538
448.136,136.001,189.152,0.314,18.147,108.614
448.386,135.991,189.152,0.321,18.1465,108.685
448.636,136.011,189.633,0.328,18.1465,108.759
448.886,119.998,189.633,0.338,18.4911,108.829
449.136,140.025,189.633,0.356,18.8484,108.905
449.386,127.978,189.633,0.368,18.4413,108.978
449.636,139.86,189.633,0.375,18.4892,109.048
449.886,124.123,189.633,0.391,18.1505,109.123
450.136,127.941,189.633,0.409,17.8242,109.198
450.386,131.913,189.633,0.43,17.826,109.267
450.636,140.157,189.633,0.471,17.8293,109.342
450.886,127.995,189.633,0.509,17.8257,109.416
451.136,136.026,189.633,0.539,17.4983,109.482
451.386,123.98,189.633,0.541,17.5006,109.556
451.636,144.005,189.633,0.544,17.5039,109.628
451.886,116.001,189.633,0.549,17.8208,109.694
452.136,143.878,189.633,0.553,17.8677,109.764
452.386,120.098,189.633,0.553,17.824,109.834
452.636,143.866,189.633,0.547,17.82,109.91
452.886,120.111,189.633,0.545,18.1521,109.984
453.136,132.001,189.633,0.527,18.4932,110.048
453.386,131.987,189.633,0.527,18.5072,110.115
453.636,143.964,189.633,0.526,18.8623,110.185
453.886,120.043,189.633,0.528,18.8505,110.259
454.136,139.654,189.633,0.53,18.8483,110.319
454.386,124.304,189.633,0.53,18.8576,110.365
454.636,136.005,189.633,0.528,18.4961,110.408
454.886,119.997,189.633,0.528,18.4913,110.436
455.136,131.997,189.633,0.528,18.8501,110.438
455.386,132.006,189.633,0.527,18.508,110.439
455.636,132.005,189.633,0.518,18.4938,110.439
455.886,127.993,189.633,0.515,18.1511,110.44
456.136,144.001,189.633,0.515,17.8213,110.44
456.386,139.99,189.633,0.514,17.8086,110.441
456.636,144.005,189.633,0.513,17.819,110.441
456.886,123.998,189.633,0.512,17.8162,110.443
457.236,148.529,189.219,0.511,18.4869,110.444
457.486,140.058,189.219,0.509,17.8351,110.446
457.736,140.014,189.219,0.508,18.1592,110.448
457.986,147.989,189.219,0.511,18.5009,110.449
458.236,143.994,189.219,0.512,18.1547,110.45
458.486,140.005,189.23,0.513,18.501,110.454
458.736,144.001,189.23,0.514,18.1546,110.463
458.986,144.001,189.23,0.528,18.1573,110.507
459.236,143.997,189.23,0.543,18.5018,110.564
459.486,147.981,189.27,0.559,18.5011,110.62
459.736,132.027,189.27,0.559,18.8612,110.692
459.986,127.987,189.27,0.553,18.8561,110.753
460.236,148.001,189.27,0.548,18.5073,110.818
460.486,128.005,189.32,0.549,18.4978,110.888
460.736,139.997,189.32,0.556,18.1472,110.962
460.986,135.998,189.32,0.561,18.1461,111.034
461.236,135.996,189.32,0.559,18.4862,111.102
461.486,139.993,189.32,0.558,18.135,111.174
461.736,136.016,189.32,0.557,18.1493,111.249
461.986,139.998,189.32,0.556,18.1431,111.318
462.236,127.98,189.32,0.555,17.8167,111.391
462.486,136.019,189.32,0.555,17.8174,111.466
462.736,143.99,189.32,0.551,17.5028,111.535
462.986,127.985,189.32,0.516,17.5024,111.609
463.236,140.024,189.32,0.481,17.5049,111.679
463.486,131.999,189.32,0.466,17.4967,111.753
463.736,140.006,189.32,0.44,17.4992,111.827
463.986,135.998,189.32,0.434,17.4989,111.89
464.236,147.989,189.32,0.432,17.5006,111.963
464.486,128.009,189.32,0.43,17.2016,112.036
464.736,140.019,189.32,0.428,17.4988,112.102
464.986,131.981,189.32,0.424,17.501,112.175
465.236,132.004,189.32,0.382,17.4952,112.244
465.486,140,189.32,0.341,17.497,112.319
465.736,135.982,189.32,0.284,17.1965,112.395
465.986,132.008,189.32,0.267,17.1885,112.462
466.236,136.007,189.32,0.249,17.1944,112.538
466.486,131.997,189.32,0.251,17.1959,112.605
466.736,144.027,189.32,0.272,17.1998,112.674
466.986,123.986,189.32,0.298,17.1918,112.744
467.236,139.997,189.32,0.351,17.1953,112.808
467.486,139.998,189.32,0.387,17.191,112.877
467.736,136.011,189.32,0.47,16.897,112.95
467.986,123.991,189.32,0.489,17.1924,113.016
468.236,148.019,189.32,0.5,17.1919,113.089
468.486,123.979,189.32,0.492,17.2061,113.159
468.736,139.978,189.32,0.473,17.5013,113.231
468.986,136.024,189.32,0.464,17.4993,113.306
469.236,136.004,189.32,0.447,17.508,113.375
469.436,134.416,189.32,0.446,17.4962,113.436
469.686,136.471,189.32,0.441,17.5011,113.507
469.936,135.926,189.32,0.424,17.4956,113.578
470.186,132.074,189.32,0.424,17.4957,113.646
470.436,131.99,189.32,0.423,17.4988,113.713
470.686,139.984,189.32,0.423,17.1904,113.789
470.936,135.918,189.32,0.423,17.1916,113.854
471.186,132.102,189.32,0.423,17.1873,113.924
471.436,135.861,189.32,0.422,16.888,113.997
471.686,132.132,189.766,0.416,16.893,114.066
471.936,151.854,189.766,0.398,16.889,114.141
472.186,128.121,189.766,0.393,16.6097,114.216
472.436,143.932,189.766,0.384,16.8905,114.286
472.686,136.071,189.766,0.384,16.8917,114.361
472.936,131.96,189.766,0.379,16.6099,114.435
473.186,132.033,189.766,0.376,16.8929,114.504
473.436,139.783,189.766,0.372,17.1942,114.579
473.686,132.211,189.766,0.372,17.1939,114.65
473.936,139.817,189.766,0.372,17.1916,114.722
474.186,132.178,189.766,0.369,17.1952,114.798
474.436,139.895,189.766,0.363,17.4998,114.866
474.686,128.094,189.766,0.357,17.5035,114.94
474.936,139.983,189.766,0.332,17.5002,115.011
475.186,128.012,189.766,0.332,17.5013,115.086
475.436,139.931,189.766,0.327,17.4977,115.153
475.686,136.073,189.766,0.322,17.5031,115.212
475.936,139.983,189.766,0.319,17.5133,115.275
476.186,144.014,189.766,0.313,17.5008,115.336
476.436,147.906,189.766,0.317,17.5005,115.39
476.686,136.087,189.766,0.32,17.5142,115.445
476.936,143.612,189.766,0.332,17.1946,115.5
477.186,136.367,189.766,0.336,17.4949,115.554
477.436,147.91,189.766,0.335,17.1864,115.611
477.686,132.083,189.766,0.326,17.2019,115.671
477.936,143.905,189.766,0.339,17.1841,115.739
478.186,128.082,189.766,0.341,16.8986,115.811
478.436,139.705,189.766,0.336,17.1943,115.877
478.686,128.273,189.766,0.335,17.1943,115.948
478.936,147.981,189.805,0.332,17.1804,116.015
479.186,124.01,189.82,0.333,17.1918,116.088
479.436,135.913,189.82,0.352,16.61,116.156
479.686,136.041,189.82,0.358,16.8958,116.22
479.936,135.83,189.82,0.363,16.8918,116.293
480.186,132.215,189.82,0.361,17.5012,116.365
480.436,139.931,189.82,0.36,17.4959,116.43
480.686,132.068,189.82,0.36,17.5109,116.5
480.936,135.896,189.82,0.363,17.496,116.576
481.186,132.08,189.82,0.366,17.5013,116.643
481.436,135.995,189.82,0.369,17.5031,116.711
481.686,132.025,189.82,0.371,17.4992,116.781
481.936,139.864,189.82,0.371,17.4804,116.857
482.186,128.117,189.82,0.37,17.8227,116.928
482.436,135.953,189.82,0.363,17.5033,116.992
482.686,132.05,189.82,0.364,17.5101,117.065
482.936,135.924,189.82,0.369,17.5022,117.138
483.186,132.074,189.82,0.371,17.5039,117.205
483.436,139.864,189.82,0.375,17.5009,117.28
483.686,120.117,189.82,0.375,17.508,117.35
483.936,147.852,189.82,0.375,17.193,117.426
484.186,120.125,189.82,0.375,17.1941,117.501
484.436,143.919,189.82,0.376,17.1878,117.572
484.686,128.067,189.82,0.377,17.5027,117.645
484.936,143.49,189.82,0.379,17.1956,117.721
485.186,124.434,189.82,0.38,17.8165,117.792
485.436,139.975,189.82,0.38,17.8182,117.867
485.686,128.031,189.82,0.38,17.8198,117.937
485.936,131.805,189.82,0.38,17.5031,118.01
486.186,132.195,189.82,0.381,17.4932,118.085
486.436,135.978,189.82,0.381,17.4979,118.156
486.686,124.02,189.82,0.382,17.8208,118.229
486.936,143.984,189.82,0.382,18.1255,118.305
487.186,124.017,189.82,0.385,17.8228,118.376
487.436,139.933,189.82,0.39,17.1865,118.451
487.686,120.057,189.82,0.392,17.1962,118.518
487.936,143.968,189.82,0.394,17.1931,118.592
488.186,124.021,189.859,0.391,16.8988,118.664
488.436,131.971,189.859,0.389,16.8943,118.732
488.686,128.034,189.859,0.392,17.193,118.806
488.936,135.725,189.32,0.394,17.1993,118.88
489.186,136.048,189.32,0.394,17.4997,118.949
489.436,136.117,189.32,0.395,17.5014,119.02
489.686,120.099,189.32,0.396,17.4971,119.088
489.936,139.986,189.32,0.386,17.5016,119.163
490.186,124.011,189.32,0.383,17.822,119.238
490.436,143.966,189.32,0.358,17.8031,119.308
490.686,124.03,189.32,0.332,18.1554,119.376
490.936,139.987,189.32,0.322,18.4876,119.435
491.186,136.011,189.32,0.322,18.4871,119.498
491.436,155.922,189.32,0.306,18.1563,119.559
491.686,120.062,189.32,0.295,18.1484,119.625
491.936,143.565,189.32,0.273,17.8215,119.698
492.186,120.367,189.32,0.267,17.8211,119.772
492.436,147.924,189.32,0.271,17.502,119.841
492.686,124.062,189.32,0.284,17.5061,119.904
492.936,143.842,189.32,0.306,17.4931,119.959
493.186,136.144,189.324,0.323,17.5098,120.021
493.436,139.971,189.324,0.361,17.191,120.086
493.686,132.03,189.324,0.373,17.191,120.141
493.936,139.878,189.324,0.404,17.1996,120.202
494.186,128.108,189.324,0.415,16.9009,120.274
494.436,135.96,189.324,0.427,17.1912,120.336
494.686,127.987,189.324,0.435,17.1945,120.402
494.936,139.93,189.324,0.45,17.2022,120.464
495.186,120.111,189.324,0.468,17.5021,120.535
495.436,135.829,189.324,0.513,17.5064,120.607
495.686,124.161,189.324,0.541,17.504,120.668
495.936,135.898,189.324,0.563,17.5036,120.733
496.186,136.082,189.324,0.57,17.1958,120.804
496.436,131.964,189.324,0.591,17.5062,120.864
496.686,120.051,189.324,0.601,17.506,120.915
496.936,135.978,189.324,0.609,17.4985,120.955
497.186,124.018,189.324,0.616,17.5002,120.992
497.436,139.961,189.324,0.625,17.4995,121.002
497.686,116.024,189.324,0.626,17.5023,121.003
497.936,143.876,189.324,0.627,17.5039,121.004
498.186,124.115,189.324,0.629,17.5019,121.005
498.436,143.971,189.324,0.637,17.4907,121.005
498.686,128.022,188.828,0.641,17.5019,121.006
498.936,147.984,188.828,0.642,17.1912,121.008
499.186,124.019,188.828,0.641,17.4967,121.009
499.436,139.977,188.828,0.641,16.8921,121.01
499.686,136.017,188.828,0.642,17.1977,121.011
499.936,143.805,188.828,0.642,17.1873,121.012
500.186,132.182,188.828,0.641,16.8949,121.013
500.436,147.992,188.828,0.641,17.1795,121.014
500.686,136.01,188.828,0.642,17.1909,121.015
500.936,143.928,188.828,0.641,17.1833,121.016
501.186,132.059,188.828,0.642,17.1885,121.017
501.436,155.691,188.828,0.642,16.8925,121.018
501.686,128.262,188.828,0.646,16.8897,121.026
501.936,155.453,189.266,0.605,16.9005,121.075
502.186,140.491,189.266,0.579,16.614,121.131
502.436,147.911,189.266,0.545,17.1852,121.191
502.686,128.081,189.266,0.535,17.1801,121.263
502.936,143.964,189.266,0.534,17.199,121.329
503.186,128.027,189.266,0.541,17.1911,121.4
503.436,135.89,189.266,0.558,17.1907,121.471
503.686,124.103,189.266,0.554,17.1948,121.541
503.936,143.524,189.266,0.526,17.1888,121.616
504.186,124.399,189.266,0.52,16.9002,121.685
504.436,147.934,189.266,0.498,17.1896,121.754
504.686,124.065,189.266,0.479,17.196,121.824
504.936,131.976,189.266,0.437,17.1965,121.887
505.186,140.022,189.266,0.411,17.2056,121.953
505.436,143.924,189.266,0.374,16.8976,122.016
505.686,124.032,189.266,0.359,17.2111,122.075
505.936,144.005,189.266,0.317,17.1942,122.144
506.186,124.012,189.266,0.297,17.2139,122.211
506.436,147.84,189.266,0.287,16.8855,122.285
506.686,124.138,189.266,0.29,16.8937,122.348
506.936,143.78,189.266,0.303,16.9015,122.407
507.186,124.184,189.266,0.311,16.6082,122.472
507.436,143.984,189.266,0.318,16.3392,122.533
507.686,132.037,189.266,0.306,16.8914,122.588
507.936,147.982,189.266,0.305,16.606,122.646
508.186,135.963,189.266,0.314,16.331,122.709
508.387,129.351,189.266,0.355,16.6088,122.76
508.636,144.641,189.266,0.362,16.3309,122.827
508.886,135.928,189.266,0.361,16.6109,122.888
509.136,136.071,189.785,0.366,16.6056,122.96
509.386,131.997,189.785,0.371,16.9053,123.034
509.636,140.001,189.785,0.382,16.8977,123.099
509.885,128.075,189.785,0.389,17.2072,123.169
510.136,135.919,189.184,0.396,17.1885,123.238
510.386,123.848,189.289,0.401,17.1967,123.313
510.636,144.179,189.289,0.41,17.5114,123.386
510.886,116,189.289,0.425,17.5035,123.455
511.136,147.977,189.289,0.432,17.501,123.531
511.386,127.908,189.289,0.428,17.8166,123.604
511.636,144.109,189.289,0.426,17.4917,123.673
511.886,119.909,189.289,0.431,17.4962,123.744
512.136,136.12,189.289,0.433,17.5048,123.815
512.386,135.986,189.289,0.44,17.1861,123.89
512.636,136.021,189.289,0.442,17.4957,123.966
512.886,131.946,189.289,0.45,17.4949,124.036
513.136,136.045,189.289,0.455,17.8179,124.11
513.386,127.979,189.289,0.461,17.8172,124.186
513.636,140.014,189.289,0.467,17.8153,124.256
513.887,127.41,189.289,0.476,17.4993,124.329
514.136,144.677,189.289,0.481,17.5053,124.398
514.386,120.008,189.289,0.485,17.4935,124.47
514.636,147.999,189.289,0.474,17.5007,124.545
514.886,124.001,189.289,0.462,17.4908,124.615
515.136,135.838,189.289,0.459,17.8225,124.688
515.386,132.159,189.289,0.463,17.8148,124.762
515.636,131.994,189.289,0.466,17.505,124.833
515.886,132.003,189.289,0.464,17.1909,124.909
516.136,132,189.289,0.463,17.1996,124.979
516.386,131.99,189.289,0.463,17.1978,125.055
516.636,140.004,189.289,0.462,17.5039,125.129
516.886,124.006,189.289,0.465,17.4996,125.198
517.136,139.9,189.289,0.469,17.5016,125.272
517.386,128.088,189.289,0.471,17.5014,125.343
517.636,139.983,189.289,0.472,17.5014,125.417
517.886,120.015,189.289,0.466,17.503,125.492
518.136,132.022,189.289,0.464,17.5014,125.563
518.386,135.98,189.289,0.462,17.5054,125.637
518.636,127.997,189.289,0.461,17.503,125.713
518.886,132.002,189.289,0.461,17.5053,125.782
519.136,131.995,189.289,0.461,17.504,125.856
519.386,123.889,189.289,0.461,17.5039,125.926
519.636,140.132,189.289,0.456,17.5017,126.001
519.886,119.999,189.289,0.453,17.5049,126.072
520.136,135.988,189.289,0.453,17.5064,126.141
520.386,124.012,189.289,0.457,17.5112,126.214
520.636,147.998,189.289,0.458,17.5029,126.287
520.886,120.003,189.289,0.453,17.4937,126.357
521.136,127.995,189.289,0.451,17.5006,126.432
521.386,128.005,189.289,0.456,17.5032,126.504
521.636,132.001,189.289,0.461,17.5074,126.568
521.886,127.998,189.289,0.484,17.5094,126.626
522.136,131.996,189.289,0.49,17.5043,126.67
522.386,124,189.289,0.499,17.5044,126.712
522.636,136.006,189.289,0.505,17.5038,126.728
522.886,123.995,189.289,0.513,17.4978,126.729
523.136,139.999,189.289,0.511,17.5065,126.731
523.386,119.998,189.289,0.517,17.5036,126.732
523.636,144.006,189.289,0.517,17.5016,126.732
523.886,127.998,189.289,0.517,17.5016,126.733
524.136,132.003,189.289,0.518,17.5072,126.733
524.386,127.999,189.289,0.525,17.1941,126.734
524.636,139.997,189.289,0.523,17.1947,126.734
524.886,120.003,189.289,0.524,17.1947,126.735
525.136,135.999,189.289,0.525,17.1867,126.735
525.386,123.99,189.289,0.527,17.1975,126.735
525.636,140.006,189.289,0.531,17.1944,126.736
525.886,128.007,189.289,0.531,17.1935,126.736
526.136,123.94,189.289,0.53,17.194,126.737
526.386,132.058,189.289,0.531,17.2024,126.737
526.636,140.001,189.289,0.534,16.8974,126.738
526.886,120.003,189.289,0.533,17.1956,126.738
527.136,135.992,189.289,0.532,17.4987,126.739
527.386,120.009,189.289,0.535,17.5042,126.739
527.636,139.999,189.289,0.532,17.4992,126.74
527.886,119.998,189.289,0.539,17.5003,126.74
528.136,128,189.289,0.538,17.4992,126.74
528.386,136.002,189.289,0.537,17.5045,126.741
528.636,131.999,189.289,0.539,17.4969,126.741
528.886,124.002,189.289,0.54,17.5006,126.742
529.136,135.987,189.289,0.541,17.5003,126.742
529.386,116.006,189.289,0.543,17.5013,126.743
529.636,143.96,189.289,0.534,17.4995,126.743
529.886,124.04,189.289,0.533,17.5001,126.744
530.136,143.998,189.289,0.533,17.5007,126.745
530.386,131.995,189.289,0.535,17.5027,126.746
530.636,140.001,189.289,0.538,17.5,126.746
530.886,139.947,189.289,0.536,17.1901,126.747
531.136,140.054,189.289,0.531,17.1909,126.748
531.386,132.002,189.289,0.528,17.1963,126.749
531.636,139.995,189.289,0.525,17.1909,126.75
531.886,140,189.289,0.513,16.6105,126.751
532.136,140.001,189.395,0.505,16.896,126.752
532.386,131.992,189.395,0.501,16.2108,126.753
532.636,148.006,189.395,0.502,16.2138,126.754
532.886,135.594,189.395,0.497,16.4839,126.755
533.136,140.46,189.395,0.498,17.0552,126.756
533.386,131.968,189.395,0.498,16.5983,126.758
533.636,148.008,189.395,0.497,16.8782,126.759
533.886,139.992,189.395,0.501,16.6008,126.76
534.136,144.03,189.395,0.498,16.8817,126.762
534.386,135.972,189.395,0.499,16.8761,126.762
534.636,148.001,189.395,0.499,16.8854,126.763
534.886,135.982,189.395,0.501,17.1457,126.764
535.136,136.013,189.395,0.499,17.6326,126.765
535.386,140.001,189.395,0.5,17.6312,126.765
535.636,140.006,189.395,0.506,17.6282,126.765
535.886,132.002,189.395,0.502,17.017,126.766
536.136,140.015,189.395,0.498,17.4943,126.767
536.386,127.984,189.395,0.506,17.5197,126.767
536.636,144.01,189.395,0.505,17.5,126.768
536.886,135.982,189.395,0.507,17.4927,126.768
537.136,140.034,189.395,0.51,17.4995,126.769
537.386,139.973,189.395,0.513,17.5007,126.77
537.587,149.317,189.395,0.516,17.4939,126.77
537.836,140.515,189.395,0.52,16.9018,126.772
538.086,147.996,189.395,0.525,17.1994,126.773
538.336,140.035,189.906,0.529,17.201,126.775
538.586,147.966,189.906,0.531,17.1932,126.777
538.836,140.013,189.906,0.533,17.1992,126.778
539.086,143.986,189.91,0.537,17.192,126.78
539.336,136.024,189.91,0.537,17.1932,126.781
539.586,159.97,189.91,0.535,17.1864,126.782
539.836,147.998,189.91,0.532,16.904,126.783
540.086,144.004,189.91,0.521,17.1815,126.815
540.336,144.013,189.91,0.481,17.1838,126.876
540.586,135.985,189.91,0.427,17.1974,126.94
540.836,136.001,189.91,0.4,17.5065,127.015
541.086,128.001,189.91,0.371,17.4994,127.088
541.336,144.024,189.91,0.364,17.5012,127.159
541.586,131.981,189.91,0.362,17.5062,127.233
541.836,124.001,189.91,0.366,17.5016,127.302
542.086,143.995,189.91,0.365,17.1922,127.376
542.336,132.015,189.91,0.362,17.1899,127.447
542.586,135.985,189.91,0.331,16.9036,127.513
542.836,132.006,189.91,0.338,17.1921,127.585
543.086,139.98,189.91,0.359,17.4985,127.661
543.336,140.006,189.91,0.365,17.813,127.732
543.586,128.009,189.91,0.369,17.4966,127.805
543.836,139.997,189.91,0.374,16.8961,127.874
544.086,128.002,189.91,0.379,17.1907,127.942
544.336,143.951,189.91,0.38,17.1863,128.017
544.586,132.041,189.91,0.381,16.8953,128.083
544.836,140.005,189.91,0.381,17.5031,128.153
545.086,127.998,189.91,0.388,17.5,128.225
545.336,140.031,189.91,0.393,17.4963,128.291
545.586,131.967,189.91,0.407,17.5016,128.359
545.836,140.024,189.91,0.421,17.1958,128.435
546.086,123.985,189.91,0.436,17.1956,128.504
546.336,144.004,189.91,0.447,17.1929,128.574
546.586,127.992,189.91,0.447,17.4978,128.642
546.836,135.975,189.91,0.432,17.1929,128.717
547.086,136.02,189.91,0.396,17.1935,128.791
547.336,132.035,189.91,0.371,17.1962,128.859
547.586,139.964,189.91,0.334,17.1964,128.927
547.836,140.012,189.91,0.318,16.8989,128.991
548.086,135.992,189.91,0.285,17.179,129.052
548.336,132.026,189.367,0.274,17.1944,129.118
548.586,139.971,189.367,0.262,17.1916,129.182
548.836,143.991,189.367,0.261,17.5014,129.251
549.086,140.009,189.367,0.265,17.5003,129.312
549.336,140.023,189.367,0.267,17.5034,129.365
549.586,139.98,189.367,0.279,17.8134,129.421
549.836,140.008,189.371,0.286,18.1481,129.478
550.086,135.991,189.371,0.299,17.5032,129.547
550.336,128.008,189.371,0.313,17.4972,129.622
550.586,143.992,189.371,0.349,17.8165,129.69
550.836,131.996,189.371,0.373,17.4962,129.761
551.086,135.999,189.371,0.379,17.5171,129.837
551.336,124.019,189.371,0.381,17.5108,129.904
551.586,131.983,189.371,0.387,17.1898,129.977
551.836,139.994,189.371,0.393,16.898,130.053
552.086,136.008,189.371,0.411,17.1912,130.124
552.336,136.021,189.371,0.416,17.1916,130.2
552.586,127.977,189.371,0.432,17.1862,130.27
552.836,132.003,189.371,0.448,17.499,130.343
553.086,136.001,189.371,0.481,17.8256,130.417
553.336,124.021,189.371,0.513,18.1511,130.487
553.586,143.974,189.371,0.564,17.8258,130.562
553.836,132.012,189.371,0.608,18.1466,130.629
554.086,135.988,189.371,0.62,17.8236,130.705
554.336,124.021,189.371,0.621,17.8189,130.781
554.586,131.971,189.371,0.624,18.1478,130.851
554.836,140.006,189.371,0.625,17.8227,130.923
555.086,124.006,189.371,0.626,17.8244,131
555.336,136.007,189.371,0.626,17.8279,131.07
555.586,131.984,189.371,0.626,17.8235,131.146
555.836,124.023,189.371,0.626,17.1975,131.22
556.086,135.977,189.371,0.624,17.1952,131.29
556.336,124.006,189.371,0.622,17.2013,131.363
556.586,135.992,189.371,0.623,17.2004,131.433
556.836,132.027,189.371,0.625,17.196,131.503
557.086,135.974,189.371,0.623,17.1955,131.578
557.336,124.003,189.371,0.59,17.1981,131.648
557.586,123.994,189.371,0.498,17.1994,131.721
557.836,139.999,189.371,0.448,16.9025,131.781
558.086,128.004,189.371,0.396,17.195,131.83
558.336,132.032,189.371,0.36,16.8948,131.874
558.586,135.964,189.371,0.316,16.8993,131.908
558.836,131.999,189.371,0.313,17.1922,131.913
559.086,127.999,189.371,0.313,16.9,131.914
559.336,140.025,189.371,0.313,17.1954,131.914
559.586,135.982,189.371,0.313,17.1952,131.915
559.836,135.997,189.371,0.312,17.1947,131.916
560.086,147.999,189.371,0.31,17.1882,131.917
560.336,136.024,189.371,0.308,17.1907,131.919
560.586,143.973,189.371,0.304,17.196,131.921
560.836,140.016,189.371,0.296,17.1917,131.922
561.086,143.988,189.371,0.289,17.5003,131.923
561.336,136.029,189.371,0.288,17.4966,131.925
561.586,147.968,189.371,0.287,17.8179,131.926
561.836,140.032,189.371,0.276,18.1484,131.927
562.086,135.96,189.371,0.276,18.4886,131.928
