time,cpu,memory,obstacle_distance,cmd_vel_frequency,distance_travelled
0.213575,0,170.953,0.256,0,4.00912e-05
0.459981,186.684,172.066,0.256,21.0331,0.000107491
0.71548,183.954,172.066,0.288,16.7097,0.0335709
0.960041,188.092,172.066,0.342,16.5127,0.10842
1.21149,155.102,172.066,0.436,16.5684,0.185715
1.45952,217.71,172.746,0.459,16.6746,0.257672
1.70974,195.832,172.75,0.458,14.7071,0.330436
1.95975,179.99,172.75,0.457,14.8715,0.406648
2.16092,159.069,172.77,0.457,15.4627,0.464317
2.41037,212.472,173.41,0.457,15.7802,0.54219
2.65962,184.553,173.414,0.456,15.0271,0.612521
2.91361,169.296,173.414,0.456,15.2344,0.68603
3.16005,190.715,173.418,0.455,15.2185,0.7639
3.4094,132.345,174.012,0.455,15.3596,0.833679
3.6125,172.333,174.012,0.455,15.2597,0.895285
3.85971,149.67,174.012,0.455,15.2654,0.964908
4.1094,136.168,174.012,0.455,15.241,1.04013
4.36257,142.197,174.012,0.455,15.2353,1.11814
4.60939,182.319,174.59,0.456,15.255,1.19019
4.85944,123.973,174.59,0.455,15.8071,1.26637
5.10939,148.029,174.59,0.454,16.0595,1.33658
5.35944,127.978,174.59,0.457,15.5957,1.41203
5.60951,203.942,175.184,0.445,16.3449,1.49029
5.86085,159.148,175.184,0.416,16.3322,1.56099
6.10944,189.063,175.184,0.376,16.3307,1.63425
6.35962,163.882,175.184,0.368,16.5976,1.7127
6.60943,192.147,175.727,0.349,16.3173,1.78562
6.85946,175.98,175.73,0.346,16.3313,1.86001
7.1094,136.031,175.73,0.329,16.3325,1.92805
7.36003,187.529,175.73,0.327,16.614,2.00238
7.60939,140.36,176.305,0.318,16.6139,2.07585
7.86162,130.831,176.305,0.317,16.8966,2.14539
8.10942,185.633,176.305,0.312,16.8971,2.21549
8.35966,123.883,176.305,0.309,16.6054,2.29271
8.60936,152.179,176.742,0.307,16.6164,2.3645
8.86081,163.057,176.742,0.306,16.8831,2.44201
9.1095,144.76,176.742,0.309,16.8982,2.50744
9.36033,131.563,176.742,0.315,16.9022,2.56043
9.60965,152.412,177.316,0.334,17.5025,2.61123
9.86133,190.723,177.316,0.345,17.4972,2.66374
10.1097,197.305,177.316,0.348,17.501,2.7214
10.36,207.692,177.316,0.345,17.488,2.78693
10.6095,176.354,177.859,0.343,16.8983,2.84853
10.8615,162.754,177.859,0.347,17.5244,2.90737
11.1101,217.135,177.859,0.351,17.5016,2.95922
11.3612,155.331,177.859,0.357,16.9043,3.0161
11.6097,156.941,178.348,0.357,17.2008,3.07058
11.8109,223.702,178.348,0.351,17.4891,3.11734
12.0601,152.503,178.348,0.352,16.6048,3.19327
12.2618,133.827,178.348,0.354,16.599,3.24165
12.5094,145.392,178.348,0.36,16.8929,3.30436
12.7623,170.04,178.895,0.364,17.1892,3.37146
13.0094,145.704,178.895,0.377,17.496,3.44216
13.2602,179.401,178.895,0.353,17.1903,3.51208
13.5094,180.572,178.895,0.341,17.7903,3.57648
13.7596,135.902,179.438,0.328,17.5119,3.64242
14.0094,136.128,179.438,0.328,17.8293,3.71461
14.2595,127.934,179.438,0.328,18.1544,3.78013
14.5096,223.916,179.438,0.327,17.8167,3.84231
14.7599,143.836,179.977,0.318,17.8224,3.91219
15.0094,128.26,179.977,0.293,17.5016,3.97762
15.261,190.755,179.977,0.291,17.493,4.03956
15.5094,140.92,179.977,0.291,17.5046,4.10008
15.7619,138.592,180.531,0.294,17.1835,4.17109
16.0104,173.008,180.531,0.3,16.8999,4.24472
16.2604,136.036,180.531,0.309,17.1995,4.315
16.5094,172.701,180.531,0.318,17.8116,4.38071
16.7602,147.51,181.031,0.303,17.5032,4.4447
16.9608,144.533,181.051,0.287,17.4981,4.49068
17.2094,136.816,181.051,0.279,17.5043,4.5529
17.4618,146.566,181.051,0.263,18.4923,4.62198
17.7094,157.524,181.051,0.264,18.1502,4.69539
17.9596,139.9,181.098,0.285,18.1701,4.76619
18.2093,140.119,181.098,0.299,18.1505,4.82348
18.4599,135.714,181.098,0.328,18.4943,4.88249
18.7095,144.222,181.098,0.33,18.8469,4.93195
18.9601,143.649,181.633,0.335,19.2154,4.98537
19.2094,152.449,181.633,0.335,18.8501,5.04108
19.4102,164.298,181.633,0.336,18.8484,5.08102
19.6614,207.047,181.633,0.338,18.8471,5.14066
19.9094,189.477,182.168,0.336,18.144,5.19056
20.1597,139.864,182.168,0.314,18.1423,5.26062
20.3604,154.466,182.168,0.312,18.495,5.31498
20.6094,144.564,182.168,0.324,18.1481,5.38733
20.8609,135.182,182.695,0.349,18.1559,5.4478
21.1094,181.076,182.695,0.372,18.1437,5.50899
21.3594,163.985,182.695,0.409,17.8078,5.57901
21.5602,134.47,182.695,0.447,17.5025,5.63235
21.8094,180.609,182.695,0.485,16.8952,5.70879
22.0594,127.973,183.184,0.551,16.6073,5.78088
22.3094,136.013,183.184,0.587,16.8961,5.85098
22.5594,175.989,183.184,0.644,16.8972,5.92514
22.8094,136.019,183.184,0.696,17.2001,6.00125
23.0595,135.918,183.633,0.76,17.1895,6.06682
23.3095,124.034,183.633,0.753,17.5007,6.13609
23.5594,140.028,183.633,0.684,17.5049,6.20437
23.8096,139.876,183.633,0.624,17.4997,6.27323
24.0594,168.15,184.105,0.545,17.1895,6.34458
24.2606,173.944,184.105,0.498,17.4982,6.39904
24.5094,136.697,184.105,0.445,17.5164,6.46966
24.7594,135.966,184.105,0.373,18.1479,6.53629
25.0094,128.027,184.539,0.328,17.8266,6.59964
25.2594,143.967,184.602,0.277,17.5012,6.67289
25.5094,124.032,184.602,0.26,18.1479,6.7397
25.7594,187.956,184.602,0.224,18.1367,6.80628
26.0094,128.02,185.125,0.221,17.5002,6.88082
26.2596,131.878,185.125,0.23,17.4985,6.94882
26.4604,134.487,185.125,0.24,17.5036,7.00642
26.7094,128.511,185.125,0.265,17.5184,7.07138
26.9597,135.839,185.637,0.301,18.1482,7.14448
27.1625,133.115,185.637,0.311,18.492,7.19802
27.4094,161.993,185.637,0.338,17.8219,7.27243
27.6596,143.884,185.637,0.377,18.148,7.33654
27.9094,128.107,185.637,0.396,18.4965,7.4056
28.1596,131.886,186.117,0.437,18.4841,7.47498
28.4094,176.169,186.117,0.468,18.1509,7.54737
28.6604,159.336,186.117,0.512,19.2131,7.61681
28.9094,144.599,186.117,0.551,18.8475,7.6917
29.1635,157.406,186.332,0.6,18.8372,7.76887
29.4095,142.311,186.332,0.631,18.8476,7.83375
29.6602,147.567,186.332,0.673,18.4888,7.90189
29.9094,120.371,186.332,0.701,18.8645,7.97205
30.1595,191.981,186.844,0.746,19.1983,8.03609
30.4094,120.022,186.844,0.769,19.2209,8.10247
30.6599,195.627,186.844,0.828,18.8423,8.17165
30.9094,116.227,186.844,0.858,18.497,8.24435
31.1594,143.986,187.199,0.907,18.1653,8.31162
31.4094,123.993,187.199,0.949,18.1648,8.38436
31.6597,175.829,187.199,0.952,18.1384,8.45816
31.9094,128.134,187.199,0.943,18.1635,8.52603
32.1601,131.621,187.199,0.93,18.1486,8.59694
32.4094,128.372,187.199,0.937,18.4911,8.67271
32.6594,132.001,187.199,0.946,18.1555,8.73438
32.9095,215.916,187.199,0.953,17.8108,8.79071
33.1636,161.344,187.68,0.909,17.507,8.83959
33.4094,146.491,187.766,0.968,18.7521,8.87469
33.6594,135.965,187.766,0.865,18.2956,8.88784
33.9094,188.049,187.766,0.864,18.5865,8.88861
34.1596,143.86,187.766,0.861,18.6371,8.88941
34.4094,144.122,187.84,0.861,18.6371,8.89039
34.6601,195.417,187.84,0.866,18.5829,8.89107
34.9102,199.949,187.84,0.852,17.9378,8.89257
35.1598,200.327,187.84,0.849,17.6069,8.89443
35.3615,153.714,187.91,0.846,17.6421,8.8957
35.6094,157.321,187.91,0.85,17.6331,8.89788
35.8594,147.971,187.91,0.836,17.9535,8.90004
36.0616,183.048,187.91,0.846,17.3279,8.90191
36.3095,161.342,187.91,0.835,17.17,8.9038
36.5595,191.977,187.953,0.831,16.8907,8.90564
36.8094,152.088,187.953,0.831,16.6241,8.92641
37.0603,159.378,187.953,0.909,16.6262,8.98099
37.3094,160.627,187.953,0.952,16.3182,9.03979
37.5595,147.944,188.023,1.014,16.6516,9.09905
37.8094,132.048,188.023,1.019,17.185,9.17089
38.0603,139.459,188.023,1.04,17.5318,9.24145
38.2616,149.078,188.023,1.055,17.4999,9.29773
38.5095,201.669,188.094,1.072,17.7625,9.36587
38.7595,147.991,188.094,1.103,16.9148,9.43097
39.0094,164.058,188.094,1.085,16.9724,9.50386
39.2597,187.775,188.094,1.032,16.8104,9.57252
39.5097,152.012,188.102,1.007,17.1769,9.64171
39.7597,192.016,188.164,0.97,17.2162,9.71106
40.0095,160.137,188.164,0.949,16.8977,9.78689
40.2596,167.924,188.164,0.911,16.6476,9.85783
40.5095,144.047,188.164,0.893,16.5916,9.92786
40.7598,183.765,188.238,0.856,16.3336,9.99142
41.0094,160.287,188.238,0.829,16.0635,10.0592
41.2099,184.523,188.238,0.806,16.0686,10.1168
41.4596,136.155,188.238,0.764,15.8206,10.1902
41.7094,144.098,188.363,0.742,16.3134,10.2528
41.9595,179.995,188.363,0.702,16.5246,10.3173
42.2094,136.048,188.363,0.677,16.6861,10.3894
42.4594,175.951,188.363,0.633,16.3002,10.4601
42.66,139.568,188.41,0.621,16.6156,10.5165
42.8607,174.473,188.41,0.596,16.3711,10.5699
43.0623,178.518,188.41,0.581,16.644,10.6283
43.3094,141.669,188.41,0.573,16.3188,10.6974
43.5594,131.979,188.41,0.545,16.3334,10.7718
43.8094,144.023,188.457,0.522,16.628,10.84
44.0594,131.973,188.457,0.501,16.8957,10.9158
44.3094,140.036,188.457,0.496,17.2109,10.9868
44.5594,135.957,188.457,0.504,17.2147,11.0604
44.8094,176.044,188.508,0.514,16.8625,11.131
45.0595,143.95,188.508,0.53,17.1952,11.2036
45.3094,136.047,188.508,0.549,17.2016,11.2755
45.5594,143.959,188.508,0.595,17.181,11.3471
45.8094,136.04,188.578,0.627,17.1897,11.4251
46.0594,139.982,188.578,0.682,17.1902,11.4951
46.3094,136.014,188.578,0.722,17.4978,11.5564
46.5597,183.793,188.578,0.716,17.1917,11.6296
46.8094,140.16,189.07,0.677,16.8921,11.7007
47.0104,174.072,189.07,0.64,16.9038,11.7509
47.2596,152.49,189.07,0.589,16.3288,11.8224
47.5094,148.158,189.07,0.549,16.5959,11.8916
47.7595,135.954,189.141,0.5,16.7251,11.9644
48.0094,140.044,189.141,0.469,16.6212,12.0401
48.2596,135.889,189.141,0.413,16.6344,12.1079
48.5094,128.105,189.141,0.381,16.3202,12.1833
48.7594,147.959,189.188,0.327,16.9413,12.2533
48.9602,159.421,189.188,0.294,16.9009,12.3151
49.2094,168.534,189.188,0.262,16.6241,12.3912
49.4608,147.155,189.188,0.25,16.6296,12.4568
49.7094,177.022,189.188,0.255,16.6072,12.517
49.9594,139.964,189.293,0.264,16.8882,12.5762
50.1604,149.252,189.293,0.271,17.2107,12.6267
50.4094,180.772,189.293,0.29,17.2098,12.6865
50.6596,151.876,188.801,0.3,17.213,12.7416
50.9094,140.109,188.879,0.307,17.1871,12.7974
51.1099,174.524,188.879,0.313,17.1769,12.8447
51.36,191.942,188.879,0.321,17.2182,12.9052
51.6094,148.347,188.879,0.33,17.1687,12.9649
51.8619,166.36,188.961,0.341,16.8934,13.0283
52.1094,206.061,188.961,0.339,17.1737,13.0892
52.3594,131.983,188.961,0.335,17.2021,13.1479
52.6094,192.031,188.961,0.338,17.4476,13.2128
52.8594,135.958,189.012,0.339,17.5131,13.2657
53.1094,152.041,189.012,0.34,17.186,13.3219
53.3109,188.585,189.012,0.327,17.222,13.3685
53.5595,148.85,189.012,0.306,16.8936,13.4291
53.8094,128.04,189.012,0.311,16.9021,13.5017
54.0594,139.973,189.098,0.319,16.6236,13.5794
54.3094,175.991,189.098,0.327,16.8798,13.6487
54.5596,135.912,189.098,0.334,17.201,13.7168
54.8095,132.051,189.098,0.346,16.9549,13.7883
55.0594,180.046,189.145,0.363,17.0478,13.8632
55.3094,143.998,189.148,0.372,16.6098,13.9331
55.5594,176.02,189.148,0.377,16.6772,14.0004
55.8094,132.01,189.148,0.385,16.588,14.07
56.0595,143.932,189.207,0.392,16.8998,14.1442
56.3095,127.985,189.207,0.409,17.4893,14.2141
56.5595,144.017,189.207,0.409,17.4984,14.2825
56.7605,149.289,188.609,0.407,17.5026,14.3327
57.0094,156.648,188.75,0.405,17.5006,14.4107
57.2595,143.975,188.75,0.4,17.499,14.4872
57.5094,128.02,188.75,0.396,17.5085,14.557
57.7595,139.967,188.75,0.394,17.5008,14.6316
57.9604,134.399,188.75,0.393,18.149,14.6876
58.1619,238.165,188.781,0.391,18.0261,14.7454
58.4094,177.823,188.781,0.386,17.7912,14.8109
58.6599,135.716,188.785,0.384,17.4985,14.8851
58.9094,124.238,188.785,0.382,17.1823,14.957
59.1601,143.581,188.805,0.382,16.8921,15.0233
59.4094,124.381,188.805,0.382,16.8903,15.0925
59.6599,155.683,188.805,0.383,16.8937,15.1684
59.9094,168.348,188.805,0.387,17.1883,15.2417
60.1595,143.919,188.871,0.388,17.2144,15.3142
60.4094,124.069,188.871,0.39,17.1928,15.3863
60.6594,135.961,188.871,0.39,17.2027,15.4551
60.8615,158.343,188.871,0.39,16.8838,15.517
61.1094,157.362,188.891,0.387,17.5574,15.5883
61.3596,135.854,188.891,0.385,17.4989,15.6583
61.6094,140.147,188.891,0.384,17.5,15.7216
61.86,123.687,188.891,0.383,17.4986,15.7938
62.1094,196.443,188.891,0.374,17.8137,15.8643
62.3597,119.885,188.891,0.372,17.8112,15.9337
62.6094,184.231,188.891,0.359,17.4974,16.004
62.8594,131.968,188.891,0.355,17.1955,16.0723
63.1094,140.014,188.891,0.348,16.9084,16.149
63.3599,167.637,188.898,0.345,16.8932,16.2208
63.6095,196.354,188.898,0.343,16.3336,16.2929
63.8596,119.964,188.898,0.342,16.6342,16.3572
64.1094,144.105,188.898,0.341,16.3431,16.4314
64.3594,131.979,189.109,0.341,16.5561,16.5006
64.6094,140.002,189.109,0.336,16.5871,16.5722
64.8594,135.988,189.109,0.332,16.5789,16.6457
65.1094,140.005,189.109,0.329,16.5883,16.7122
65.3599,179.66,189.109,0.325,16.3066,16.7845
65.6094,188.4,189.109,0.292,16.8695,16.8545
65.8594,159.958,189.109,0.297,16.8719,16.9282
66.1094,148.007,189.109,0.291,17.1771,16.9991
66.3595,127.984,189.195,0.29,17.6317,17.0704
66.6104,155.395,189.195,0.269,17.5223,17.1471
66.8595,164.614,189.195,0.277,17.5009,17.2224
67.1094,184.068,189.195,0.275,17.5589,17.2819
67.3594,136.004,189.195,0.279,17.5021,17.3445
67.6094,147.994,189.195,0.294,17.5016,17.4067
67.8596,119.891,189.195,0.311,17.5021,17.4755
68.1094,152.156,189.195,0.345,17.5056,17.5336
68.3116,182.96,189.195,0.359,17.4709,17.5764
68.5594,153.348,189.195,0.378,17.4991,17.6318
68.8094,184.018,189.195,0.407,17.8076,17.688
69.0594,135.989,189.195,0.422,17.5008,17.7401
69.3094,148.03,189.195,0.439,17.4786,17.7943
69.5594,143.953,189.195,0.446,17.8563,17.8468
69.8094,144.041,189.195,0.447,17.5222,17.9132
70.0594,123.969,189.195,0.438,17.5007,17.9835
70.3094,136.026,189.195,0.425,17.5014,18.0531
70.5594,183.973,189.195,0.423,17.3656,18.1277
70.8094,128.021,189.195,0.419,17.2079,18.1898
71.0595,139.915,189.195,0.418,17.2153,18.2456
71.3094,136.08,189.195,0.422,17.1806,18.3186
71.5595,175.929,189.195,0.428,17.1921,18.3864
71.8094,128.039,189.195,0.438,16.9174,18.4574
72.0596,135.891,189.195,0.443,16.8915,18.527
72.3094,136.143,189.195,0.45,16.9147,18.5946
72.5595,135.932,189.195,0.453,16.6133,18.6705
72.8094,132.054,189.195,0.454,16.8993,18.7421
73.0594,179.961,189.195,0.455,16.5983,18.8178
73.3094,136.034,189.195,0.455,16.335,18.8896
73.5594,123.976,189.582,0.457,16.9018,18.9597
73.8094,184.043,189.582,0.464,16.8456,19.0362
74.0594,167.941,189.582,0.466,16.5934,19.1111
74.3095,155.967,189.582,0.464,16.8909,19.182
74.5595,160.003,189.582,0.463,17.1994,19.2505
74.8094,128.067,189.582,0.467,17.1994,19.3201
75.0599,211.572,189.582,0.468,17.1425,19.3941
75.3094,140.278,189.582,0.469,16.598,19.4628
75.5594,139.978,189.582,0.469,16.8906,19.5322
75.8094,164.007,189.582,0.469,17.0889,19.6089
76.0595,131.97,189.582,0.469,17.1654,19.6861
76.3094,132.037,189.582,0.463,17.1924,19.7568
76.5595,127.95,189.582,0.46,17.4955,19.8312
76.8094,140.061,189.582,0.458,17.4995,19.9014
77.0596,163.848,189.582,0.436,17.5019,19.9792
77.2618,153.338,189.582,0.392,16.8967,20.0406
77.5094,169.644,189.582,0.344,17.1614,20.1058
77.7596,179.824,189.582,0.324,17.0855,20.1656
77.9602,129.608,189.582,0.303,16.9441,20.2214
78.2094,140.47,189.582,0.294,17.5196,20.2952
78.4595,123.948,189.582,0.292,17.2178,20.3651
78.663,176.902,189.582,0.295,17.4993,20.4163
78.9096,150.048,189.582,0.301,17.51,20.489
79.1626,189.691,189.582,0.308,17.441,20.5585
79.4094,145.86,189.582,0.319,16.9163,20.6352
79.6611,154.951,190.074,0.325,16.631,20.7051
79.9094,189.279,190.074,0.334,16.8568,20.7722
80.1595,143.945,190.074,0.338,17.1943,20.8475
80.4094,124.047,190.074,0.345,17.2256,20.9164
80.6594,144.008,189.59,0.351,17.4961,20.9898
80.9094,163.991,189.59,0.368,17.4697,21.0605
81.1594,136.001,189.59,0.378,17.5019,21.1318
81.4094,131.998,189.59,0.421,17.4995,21.2069
81.6605,127.442,189.59,0.445,17.8322,21.2828
81.9094,172.755,189.59,0.5,17.8193,21.3527
82.1594,127.995,189.59,0.545,18.1499,21.4237
82.4094,168.009,189.59,0.561,18.4964,21.4946
82.6597,135.867,189.59,0.562,17.8711,21.57
82.9094,120.115,189.59,0.559,17.8337,21.6448
83.1607,163.198,189.59,0.562,17.4988,21.7153
83.4094,136.675,189.59,0.563,17.5035,21.7839
83.6595,143.954,189.59,0.561,17.4904,21.8547
83.9094,124.04,189.594,0.539,17.1849,21.9303
84.1595,127.977,189.594,0.537,17.1989,21.9896
84.4095,159.947,189.594,0.537,17.2258,22.0511
84.6595,136.048,189.594,0.54,16.8992,22.1274
84.86,124.69,189.594,0.545,16.8818,22.1865
85.1094,136.299,189.594,0.555,16.9044,22.25
85.3594,155.991,189.594,0.555,16.8955,22.3058
85.6094,140.022,189.594,0.555,17.2262,22.3511
85.8594,159.976,189.594,0.554,17.4816,22.3921
86.061,168.659,189.594,0.554,17.5033,22.4033
86.3094,128.846,189.594,0.554,17.195,22.4048
86.5594,131.958,189.594,0.555,16.8986,22.4054
86.7601,129.562,189.594,0.551,17.1963,22.406
87.0094,144.403,189.594,0.551,17.505,22.4071
87.2594,135.992,189.594,0.55,17.517,22.4081
87.5095,163.987,189.594,0.541,17.4001,22.4089
87.7594,176.008,189.594,0.538,17.4943,22.4103
88.0094,140.015,189.598,0.537,17.5025,22.4115
88.3596,159.92,189.609,0.537,17.8243,22.4139
88.6094,156.127,189.609,0.536,17.5166,22.4153
88.8594,131.977,189.609,0.536,17.8018,22.4171
89.1094,148.016,189.609,0.536,17.8045,22.419
89.3595,135.947,189.66,0.536,18.1381,22.4212
89.6095,160.033,189.66,0.538,18.1374,22.4225
89.8595,135.999,189.66,0.54,17.8085,22.4296
90.1094,148.03,189.66,0.559,17.7997,22.4765
90.3594,135.982,189.672,0.55,17.8112,22.5286
90.6094,156.017,189.672,0.537,18.1359,22.593
90.8595,123.962,189.672,0.537,18.4677,22.6646
91.1094,144.039,189.672,0.542,18.4846,22.723
91.3594,135.997,189.672,0.535,18.1476,22.7906
91.6094,140.031,189.723,0.515,18.5036,22.8601
91.8595,127.955,189.723,0.512,18.1478,22.9283
92.1094,144.04,189.723,0.508,17.8072,22.9961
92.3594,127.982,189.723,0.505,17.8452,23.0633
92.6093,200.06,189.727,0.502,18.0015,23.1388
92.8595,123.942,189.727,0.501,18.1287,23.2092
93.1094,148.039,189.727,0.5,17.8116,23.281
93.3596,123.893,189.727,0.5,17.4981,23.3526
93.6094,140.138,189.777,0.502,17.4996,23.4185
93.8596,135.899,189.777,0.507,17.4995,23.493
94.1094,140.106,189.777,0.523,17.479,23.5669
94.3595,139.907,189.777,0.495,17.5035,23.636
94.5606,169.13,189.777,0.473,17.8478,23.6973
94.8094,144.689,189.777,0.453,18.1472,23.7674
95.0596,151.846,189.777,0.436,17.4997,23.8399
95.2611,228.274,189.777,0.436,17.4752,23.8941
95.5095,201.347,189.777,0.436,16.9814,23.9615
95.7595,131.969,189.777,0.422,16.6343,24.0282
96.0094,128.059,189.777,0.408,16.8963,24.1046
96.2111,198.341,189.777,0.396,16.8984,24.1566
96.4594,132.868,189.777,0.392,16.609,24.2235
96.7094,152.025,189.852,0.35,16.589,24.288
96.9594,167.988,189.852,0.311,16.3333,24.3602
97.2094,143.99,189.852,0.278,16.6163,24.4268
97.4597,127.87,189.852,0.268,16.333,24.4913
97.7095,148.143,189.852,0.267,16.0843,24.5507
97.9595,139.949,189.852,0.284,16.6106,24.6217
98.2094,128.062,189.852,0.319,16.6294,24.6969
98.4597,127.835,189.852,0.359,16.8952,24.7644
98.7094,148.192,189.852,0.412,17.1831,24.831
98.9598,159.726,189.852,0.445,17.1674,24.9033
99.2094,144.25,189.852,0.459,17.4996,24.9674
99.4604,155.396,189.852,0.453,17.5027,25.0355
99.7094,152.59,189.852,0.448,16.8845,25.1025
99.9595,135.971,189.852,0.445,17.2202,25.1702
100.209,144.042,189.852,0.438,17.5018,25.2363
100.459,127.974,189.852,0.419,17.4852,25.3075
100.66,134.488,189.852,0.406,17.4996,25.3589
100.909,140.439,189.852,0.393,17.8111,25.4265
101.11,154.591,189.852,0.392,17.8119,25.4735
101.359,148.312,189.852,0.388,17.8168,25.5438
101.609,144.034,189.852,0.385,17.8481,25.6126
101.86,135.874,189.852,0.383,17.8338,25.6871
102.11,151.978,189.852,0.383,17.7928,25.7605
102.359,152.131,189.852,0.382,17.505,25.8314
102.56,144.419,189.852,0.381,17.4975,25.8941
102.809,172.576,189.852,0.379,17.4958,25.964
103.061,159.16,189.852,0.374,16.8946,26.0396
103.309,152.818,189.852,0.37,16.3135,26.1056
103.561,123.342,189.852,0.369,16.6169,26.1727
103.809,144.77,189.91,0.362,16.3026,26.2503
104.06,183.757,189.91,0.358,16.0734,26.3278
104.311,199.104,189.91,0.352,16.3566,26.3976
104.56,144.479,189.91,0.345,16.0744,26.4643
104.809,144.361,189.91,0.343,16.3085,26.5353
105.059,127.954,189.91,0.341,16.6304,26.6091
105.309,128.049,189.91,0.34,16.8969,26.6825
105.56,143.771,189.91,0.332,17.196,26.754
105.809,136.186,189.91,0.329,17.4804,26.8294
106.059,135.967,189.91,0.328,18.1732,26.9011
106.26,169.414,189.91,0.328,17.836,26.9561
106.509,140.445,189.91,0.325,17.8005,27.0218
106.76,183.812,189.91,0.319,17.8459,27.0852
106.961,124.312,189.91,0.317,17.9193,27.1394
107.209,140.777,189.91,0.317,17.8276,27.2015
107.461,139.239,189.91,0.324,17.5011,27.2674
107.709,144.759,189.91,0.332,17.5023,27.3245
107.91,189.525,189.91,0.341,17.5238,27.3706
108.159,188.343,189.91,0.356,17.1949,27.4238
108.409,152.033,189.91,0.371,16.9114,27.4758
108.66,139.818,189.91,0.389,16.8981,27.5305
108.909,140.178,189.91,0.394,16.8976,27.5845
109.16,179.511,189.91,0.398,16.8868,27.6382
109.409,136.373,189.91,0.379,16.9065,27.7088
109.612,153.323,189.91,0.392,16.8975,27.7639
109.859,165.429,190.352,0.386,16.624,27.8368
110.109,128.024,190.402,0.384,16.8699,27.9089
110.359,163.967,190.402,0.351,17.1269,27.9626
110.609,148.053,190.402,0.369,16.8788,28.034
110.859,127.959,189.828,0.384,16.8988,28.0998
111.109,176.021,189.918,0.387,17.483,28.1716
111.359,131.998,189.918,0.397,16.897,28.2388
111.609,132.001,189.918,0.4,17.197,28.3085
111.86,139.88,189.918,0.396,17.1996,28.385
112.109,176.166,189.918,0.394,17.1291,28.4558
112.359,127.952,189.918,0.392,17.1941,28.5293
112.609,140.067,189.918,0.39,17.5305,28.6057
112.859,123.962,189.918,0.386,17.2114,28.6698
113.11,167.858,189.918,0.384,17.1706,28.7408
113.359,140.106,189.918,0.383,17.196,28.8168
113.609,148.042,189.918,0.383,17.1932,28.8878
113.859,119.979,189.918,0.383,17.2063,28.9577
114.109,136.016,189.918,0.384,17.7944,29.0275
114.36,155.711,189.918,0.387,17.8015,29.0985
114.61,144.197,189.918,0.389,17.7966,29.1748
114.859,176.092,189.918,0.389,17.442,29.2399
115.11,175.672,189.918,0.387,17.4905,29.3092
115.359,128.213,189.918,0.387,17.1974,29.3816
115.609,140.052,189.918,0.389,17.1947,29.4535
115.859,119.971,189.918,0.39,17.1935,29.5267
116.109,148.013,189.965,0.391,17.5147,29.5921
116.359,163.97,189.965,0.391,17.1763,29.663
116.609,136.042,189.965,0.393,17.1772,29.7373
116.861,139.177,189.965,0.4,17.2101,29.8084
117.11,200.732,189.965,0.404,17.1721,29.8788
117.359,152.312,189.965,0.412,17.2675,29.9498
117.609,132.007,189.965,0.414,17.5769,30.021
117.86,131.868,189.965,0.417,17.8479,30.0985
118.109,184.185,189.965,0.417,18.1372,30.1722
118.359,123.971,189.965,0.418,18.5118,30.2389
118.609,140.024,189.977,0.418,18.145,30.3153
118.859,128.009,189.977,0.418,18.4963,30.3866
119.109,143.996,189.996,0.418,18.4778,30.4587
119.359,124.001,189.996,0.418,18.5104,30.5286
119.561,153.608,189.996,0.418,18.4933,30.5848
119.809,165.211,189.996,0.416,18.1655,30.6614
120.059,171.993,189.996,0.411,18.4231,30.7295
120.31,171.894,189.996,0.409,18.1341,30.8014
120.559,144.072,189.996,0.397,17.8005,30.8694
120.809,128.033,189.996,0.392,17.4996,30.9378
121.06,139.912,189.996,0.389,17.499,31.0115
121.309,180.098,189.996,0.383,17.5017,31.0688
121.559,127.983,189.996,0.368,17.4986,31.1355
121.809,136.015,189.996,0.343,16.8784,31.2104
122.06,155.893,189.996,0.323,16.8979,31.2796
122.309,144.117,189.996,0.306,17.1933,31.3517
122.559,139.965,189.996,0.284,16.9136,31.4187
122.809,132.027,189.996,0.281,17.2073,31.4777
123.059,139.965,189.996,0.273,17.2203,31.5386
123.309,128.038,189.996,0.268,17.2468,31.6106
123.559,187.969,189.996,0.267,17.4924,31.6797
123.809,120.017,189.996,0.278,17.1804,31.7478
124.059,127.965,189.996,0.292,17.1893,31.8038
124.261,218.09,189.996,0.306,17.216,31.8522
124.509,169.236,189.996,0.327,16.6051,31.9125
124.759,183.953,189.996,0.358,17.1875,31.9709
125.009,136.033,189.996,0.368,17.2139,32.0389
125.259,127.962,189.996,0.403,17.1934,32.1071
125.509,132.042,189.996,0.418,17.5054,32.1822
125.759,131.961,189.996,0.438,17.4973,32.2526
126.009,128.014,189.996,0.444,17.5016,32.3146
126.259,139.986,189.996,0.462,17.525,32.3814
126.509,127.98,189.996,0.483,17.8217,32.4507
126.759,216.034,189.996,0.509,17.8137,32.5217
127.009,164.044,189.996,0.538,17.4799,32.5988
127.26,175.774,189.996,0.568,18.1527,32.6604
127.509,132.173,189.996,0.586,17.8431,32.7239
127.759,127.975,189.996,0.594,17.5037,32.776
128.009,120.021,189.996,0.599,17.5091,32.8169
128.26,135.706,189.996,0.602,17.2154,32.856
128.509,160.347,189.996,0.605,17.1968,32.8663
128.759,123.939,189.996,0.608,17.2052,32.8668
129.009,132.042,189.996,0.609,17.1759,32.8676
129.259,139.982,189.996,0.611,17.1919,32.8686
129.509,180.058,189.996,0.613,16.8932,32.8695
129.71,159.352,189.996,0.618,16.9403,32.8706
129.96,176.329,190.004,0.623,18.1292,32.8722
130.209,132.169,190.004,0.626,17.1981,32.8736
130.46,139.899,190.004,0.625,17.2041,32.8751
130.66,139.422,190.004,0.627,17.5034,32.8759
130.909,176.73,190.004,0.626,17.1817,32.878
131.16,143.899,190.004,0.625,17.5015,32.8804
131.409,132.091,190.004,0.626,17.8253,32.8823
131.66,151.328,190.004,0.627,18.1516,32.8836
131.909,128.564,190.004,0.628,17.8217,32.8854
132.161,155.091,190.004,0.63,17.836,32.8866
132.409,189.107,190.004,0.623,18.1014,32.8961
132.66,143.907,190.004,0.571,17.211,32.9436
132.909,132.096,190.004,0.541,18.4853,32.9956
133.159,155.961,190.004,0.509,18.1478,33.0471
133.409,136.032,190.004,0.494,18.1482,33.1074
133.659,143.933,190.004,0.499,18.491,33.1694
133.909,132.062,190.004,0.508,18.1484,33.2424
134.159,135.962,190.004,0.55,17.8117,33.3155
134.409,132.037,190.004,0.557,17.8239,33.3806
134.66,147.909,190.004,0.514,17.8145,33.4487
134.909,124.069,190.004,0.511,18.1488,33.5195
135.159,135.965,190.004,0.497,17.8127,33.582
135.409,128.039,190.004,0.47,17.5016,33.6487
135.66,131.774,190.004,0.432,17.5026,33.7119
135.909,136.23,190.004,0.392,17.5116,33.7819
136.16,131.63,190.004,0.348,17.5025,33.8517
136.409,136.388,190.004,0.324,17.4967,33.9165
136.662,142.648,190.004,0.292,17.5003,33.9857
136.909,165.566,190.004,0.276,17.82,34.0602
137.164,168.954,190.004,0.269,17.8182,34.1291
137.409,158.792,190.004,0.274,17.8234,34.1961
137.66,163.947,190.004,0.294,17.6817,34.256
137.909,136.043,190.004,0.302,17.4804,34.3269
138.16,187.821,190.004,0.313,17.4113,34.3848
138.409,140.129,190.004,0.307,17.4998,34.4385
138.659,184.027,190.004,0.305,17.5067,34.4978
138.909,132.049,190.004,0.312,17.5001,34.5562
139.112,182.772,190.004,0.333,17.4997,34.612
139.359,177.685,190.027,0.364,17.1805,34.6817
139.609,132,190.039,0.362,16.8009,34.7481
139.859,188.008,190.039,0.359,16.3196,34.8114
140.061,134.182,190.039,0.36,16.2509,34.8596
140.309,176.864,190.039,0.364,16.245,34.9317
140.56,171.655,190.055,0.375,15.9813,34.9951
140.809,144.296,190.055,0.381,16.2443,35.0541
141.059,119.991,190.055,0.388,15.9838,35.1288
141.309,128.014,190.055,0.39,16.5192,35.2032
141.561,166.859,190.055,0.413,16.8043,35.268
141.809,177.214,190.055,0.431,16.2411,35.3391
142.011,203.847,190.055,0.44,16.2434,35.3962
142.259,136.601,190.055,0.438,15.7793,35.4734
142.509,128.014,190.055,0.438,16.6111,35.5436
142.761,155.266,190.055,0.439,17.1931,35.6102
143.009,148.707,190.055,0.441,17.2074,35.687
143.259,139.96,190.055,0.442,17.1923,35.7597
143.46,139.467,190.055,0.44,17.5548,35.8212
143.709,208.655,190.055,0.441,17.1789,35.8866
143.96,135.961,190.055,0.444,17.1929,35.9628
144.209,172.011,190.055,0.445,16.8971,36.0407
144.459,140.035,190.055,0.446,16.6088,36.1112
144.709,128.008,190.055,0.446,17.1936,36.1812
144.959,132.003,190.055,0.446,17.8175,36.2542
145.209,132.005,190.055,0.446,17.8183,36.3257
145.46,127.922,190.055,0.451,17.4999,36.4036
145.71,143.988,190.055,0.453,17.514,36.4762
145.959,160.105,190.055,0.455,17.4999,36.543
146.209,135.966,190.055,0.456,17.8216,36.6182
146.46,131.763,190.055,0.456,18.4942,36.6871
146.709,128.25,190.055,0.456,18.148,36.7617
146.959,132.009,190.055,0.46,18.8461,36.8339
147.21,163.59,190.055,0.464,18.4922,36.9026
147.459,176.421,190.055,0.461,18.1342,36.9781
147.709,132.021,190.055,0.461,18.1504,37.0463
147.959,135.999,190.055,0.459,17.8224,37.1188
148.209,131.99,190.055,0.458,17.8191,37.1966
148.46,159.615,190.055,0.457,17.4903,37.2684
148.71,155.976,190.07,0.457,17.5035,37.3449
148.96,148.256,190.07,0.462,17.1956,37.4144
149.163,176.65,190.07,0.465,16.8993,37.4705
149.409,142.31,190.07,0.467,16.6128,37.5449
149.66,139.86,190.07,0.468,16.8991,37.6161
149.909,128.129,190.07,0.469,17.1955,37.689
150.16,131.923,190.07,0.465,16.9131,37.761
150.409,128.078,190.07,0.462,17.2002,37.8264
150.66,131.786,190.07,0.458,17.4995,37.8995
150.861,129.396,190.07,0.457,17.5028,37.9554
151.109,168.903,190.07,0.456,17.5028,38.0289
151.359,123.961,190.07,0.456,18.1538,38.0932
151.561,149.05,190.07,0.456,17.8469,38.1443
151.809,164.907,190.07,0.439,18.1507,38.2145
152.06,135.735,190.07,0.43,18.4933,38.2853
152.262,173.185,190.07,0.43,18.1514,38.3423
152.509,133.336,190.07,0.453,18.1505,38.4056
152.76,131.926,190.07,0.467,18.1504,38.4618
153.009,124.064,190.07,0.471,18.4932,38.5088
153.259,172.002,190.07,0.493,18.4798,38.5461
153.509,124.007,190.07,0.498,18.1506,38.5594
153.759,124.005,190.07,0.498,18.1507,38.5611
154.009,123.981,190.07,0.501,18.1505,38.5623
154.26,139.742,190.07,0.501,18.1502,38.5646
154.509,152.333,190.07,0.501,18.4922,38.5658
154.759,123.943,190.07,0.505,18.4914,38.5682
155.009,128.026,190.07,0.507,18.8468,38.5696
155.261,174.898,190.07,0.497,18.4913,38.5705
155.51,173.037,190.07,0.5,18.1492,38.5714
155.76,135.939,190.07,0.496,18.1462,38.5724
156.01,195.768,190.07,0.493,18.4911,38.5736
156.259,172.33,190.07,0.494,18.1486,38.576
156.509,140.047,190.07,0.493,18.4908,38.5776
156.86,134.202,190.07,0.488,19.5934,38.5805
157.109,140.069,190.07,0.493,18.9264,38.5822
157.36,135.958,190.07,0.492,18.9509,38.5837
157.609,144.056,190.07,0.493,18.9406,38.5853
157.859,148.013,190.07,0.499,19.3242,38.5873
158.109,143.985,190.07,0.499,19.7138,38.589
158.359,143.989,190.07,0.5,19.3237,38.5906
158.609,148.005,190.07,0.501,19.2862,38.5922
158.861,198.626,190.07,0.5,19.7001,38.6213
159.109,149.01,190.07,0.494,19.3158,38.6785
159.359,180.027,190.07,0.491,18.91,38.7367
159.61,195.893,190.07,0.467,18.7499,38.7981
159.86,200.022,190.07,0.436,18.8012,38.8733
160.11,147.981,190.07,0.427,18.8428,38.9451
160.36,199.979,190.07,0.424,18.7375,39.0201
160.609,144.135,190.07,0.429,18.8493,39.0973
160.859,123.96,190.07,0.43,19.2332,39.1683
161.109,144.046,190.07,0.432,19.2108,39.2452
161.359,123.963,190.07,0.431,19.2223,39.315
161.609,188.057,190.07,0.423,19.4734,39.3803
161.86,167.583,190.07,0.426,19.6054,39.449
162.109,140.327,190.07,0.427,19.5998,39.5209
162.36,131.878,190.07,0.424,19.2803,39.5894
162.609,144.155,190.07,0.421,18.8617,39.6544
162.86,171.546,190.07,0.424,18.9148,39.7187
163.109,144.406,190.07,0.434,18.4789,39.7946
163.359,163.89,190.07,0.44,18.476,39.8666
163.609,148.076,190.07,0.449,18.1381,39.9279
163.859,119.955,190.07,0.452,18.1466,39.9993
164.109,144.057,190.07,0.46,18.1472,40.0651
164.359,167.978,190.07,0.464,17.8962,40.136
164.56,169.508,190.07,0.466,18.1837,40.1937
164.809,152.372,190.07,0.456,18.1841,40.2638
165.06,131.907,190.07,0.448,18.495,40.3323
165.262,158.443,190.07,0.433,18.8464,40.3862
165.509,157.342,190.07,0.405,18.4648,40.4626
165.76,127.88,190.07,0.392,18.4998,40.5324
166.009,132.126,190.07,0.381,18.9047,40.6003
166.26,191.714,190.07,0.356,18.5287,40.6669
166.509,136.188,190.07,0.328,18.5224,40.73
166.759,143.974,190.07,0.319,18.149,40.7964
166.96,179.28,190.07,0.301,18.5968,40.8505
167.209,144.508,190.516,0.293,18.4553,40.9168
167.459,127.941,190.516,0.295,18.4927,40.9832
167.709,192.075,190.516,0.301,18.1665,41.0401
167.96,139.603,190.516,0.309,18.1495,41.1004
168.162,178.444,189.957,0.314,18.4868,41.148
168.409,157.523,189.973,0.322,17.8076,41.2061
168.66,163.757,190.02,0.314,17.8248,41.2633
168.909,156.23,190.02,0.294,17.5044,41.3159
169.159,148.011,190.023,0.298,17.827,41.375
169.409,135.99,190.023,0.311,18.1679,41.4441
169.66,135.79,190.023,0.33,18.1472,41.5085
169.909,132.215,190.023,0.358,17.7894,41.5653
170.159,143.988,190.023,0.364,17.4996,41.6301
170.409,132.03,190.023,0.367,17.8699,41.6998
170.661,142.89,190.023,0.367,17.8246,41.7692
170.911,188.372,190.023,0.373,17.5026,41.8322
171.159,152.827,190.023,0.38,18.1482,41.9022
171.409,136.022,190.023,0.395,18.1214,41.9791
171.659,132.004,190.023,0.411,18.4946,42.049
171.909,131.994,190.023,0.432,18.1345,42.1259
172.159,135.983,190.023,0.451,18.1487,42.1982
172.409,124.014,190.023,0.484,18.1542,42.2694
172.659,136.005,190.023,0.52,18.4958,42.3443
172.861,148.962,190.023,0.561,18.8481,42.3969
173.109,152.861,190.023,0.572,18.484,42.474
173.31,179.44,190.023,0.574,18.5124,42.5295
173.559,132.319,190.023,0.575,18.497,42.5973
173.809,136.005,190.023,0.587,18.4909,42.6729
174.059,123.997,190.023,0.592,18.8496,42.7429
174.309,128.019,190.023,0.595,18.4584,42.8196
174.559,131.985,190.023,0.601,18.8495,42.8853
174.809,124.026,190.023,0.607,18.8542,42.9584
175.059,135.979,190.023,0.607,18.8484,43.0332
175.31,147.91,190.023,0.607,18.8489,43.1037
175.559,152.075,190.031,0.609,18.5003,43.1794
175.809,128.023,190.031,0.611,18.4926,43.255
176.061,155.112,190.031,0.611,18.8489,43.3268
176.31,140.729,190.031,0.612,18.4846,43.4018
176.559,128.03,190.031,0.612,18.4835,43.4694
176.809,136.053,190.031,0.535,18.1505,43.5409
177.059,155.966,190.031,0.484,18.1734,43.6033
177.309,124.025,190.031,0.419,17.814,43.6531
177.559,175.931,190.031,0.382,17.8321,43.697
177.809,124.058,190.031,0.341,17.5013,43.7384
178.059,135.955,190.031,0.321,17.2025,43.7621
178.309,132.033,190.031,0.322,17.5039,43.764
178.56,131.777,190.031,0.322,17.8205,43.7652
178.809,176.292,190.031,0.32,17.832,43.7663
179.061,159.014,190.031,0.319,17.5018,43.7676
179.309,132.819,190.031,0.319,17.5089,43.7695
179.559,147.977,190.031,0.318,17.8328,43.7715
179.809,140.031,190.031,0.318,18.4901,43.7728
180.059,135.976,190.031,0.308,18.4731,43.7752
180.309,140.027,190.031,0.304,18.1831,43.7778
180.559,143.97,190.031,0.299,18.4881,43.7794
180.809,184.018,190.031,0.295,18.4873,43.7805
181.059,131.965,190.031,0.285,18.1481,43.7819
181.309,188.058,190.031,0.283,18.1455,43.7831
181.559,139.981,190.031,0.285,18.4936,43.7842
181.809,140.019,190.039,0.284,19.2077,43.7851
182.059,143.973,190.039,0.283,18.4893,43.7873
182.309,128.036,190.039,0.307,18.4616,43.8253
182.559,135.972,190.039,0.356,18.4865,43.8845
182.809,144.023,190.039,0.447,18.8417,43.9471
183.059,127.972,190.039,0.498,18.8395,44.0233
183.309,140.033,190.039,0.584,18.8426,44.094
183.559,131.957,190.039,0.577,19.2184,44.1624
183.809,184.021,190.039,0.567,18.8325,44.2353
184.059,136.003,190.039,0.565,18.8398,44.3038
184.309,132.028,190.039,0.564,18.82,44.382
184.56,139.885,190.039,0.562,19.2334,44.453
184.809,132.106,190.039,0.56,19.2149,44.5216
185.059,139.97,190.039,0.561,18.8451,44.5977
185.309,128.029,190.039,0.56,18.8679,44.6656
185.561,151.306,190.039,0.561,18.8505,44.7357
185.809,221.018,190.039,0.562,18.8156,44.807
186.059,131.968,190.039,0.566,18.1354,44.8811
186.309,148.035,190.039,0.571,17.785,44.9558
186.56,127.88,190.039,0.57,18.1505,45.0263
186.81,151.801,190.039,0.572,17.4968,45.1008
187.059,164.335,190.039,0.578,17.1956,45.1734
187.309,136.03,190.039,0.552,17.1902,45.2435
187.561,226.219,190.039,0.52,17.1175,45.3165
187.809,137.072,190.039,0.493,16.8942,45.3941
188.059,187.971,190.039,0.484,16.7713,45.4623
188.309,128.025,190.039,0.458,16.3314,45.5351
188.559,135.962,190.039,0.456,16.3169,45.6021
188.809,136.034,190.039,0.452,16.8897,45.6767
189.06,135.848,190.039,0.441,17.1914,45.7518
189.309,140.161,190.039,0.42,17.1935,45.8223
189.559,127.964,190.039,0.408,17.5027,45.8958
189.809,140.04,190.039,0.393,17.523,45.9684
190.059,135.96,190.039,0.377,17.5003,46.0366
190.309,128.034,190.039,0.344,17.5554,46.1132
190.559,139.973,190.039,0.316,17.8211,46.1828
190.809,132.023,190.039,0.311,18.5226,46.2519
191.059,131.964,190.039,0.317,18.4904,46.3112
191.309,148.011,190.039,0.332,18.4825,46.3644
191.559,143.977,190.039,0.338,18.1519,46.4263
191.809,168.056,190.039,0.327,17.7752,46.498
192.059,139.971,190.039,0.327,17.8206,46.5669
192.31,147.936,190.039,0.334,17.8169,46.626
192.559,160.061,190.039,0.34,18.0909,46.6784
192.762,237.241,190.039,0.346,17.7757,46.7224
193.009,161.539,190.039,0.356,17.5,46.7803
193.259,191.979,190.039,0.362,16.8951,46.8318
193.509,144.026,190.039,0.359,16.6063,46.891
193.759,139.965,190.039,0.352,16.5825,46.961
194.009,124.032,190.039,0.357,16.8939,47.0275
194.21,184.124,190.039,0.362,16.842,47.0797
194.46,184.474,190.039,0.365,16.8933,47.1421
194.709,148.184,190.039,0.372,16.9016,47.2142
194.96,159.835,190.039,0.353,16.8686,47.2799
195.209,148.153,190.039,0.328,16.8656,47.3533
195.459,131.937,190.039,0.32,16.8922,47.4231
195.709,140.066,190.039,0.325,17.2149,47.485
195.959,135.957,190.039,0.324,17.5348,47.5451
196.209,140.038,190.039,0.319,18.1455,47.6129
196.459,167.981,190.039,0.312,17.7963,47.6767
196.71,183.347,190.039,0.292,17.8138,47.7502
196.959,132.452,190.039,0.292,17.5009,47.8222
197.209,140.044,190.535,0.288,17.5053,47.8845
197.41,169.128,190.535,0.287,17.4993,47.9331
197.659,152.589,190.535,0.289,17.853,47.9965
197.909,128.035,190.535,0.295,18.1498,48.0721
198.16,147.878,190.535,0.305,17.8229,48.1415
198.409,128.108,190.535,0.315,17.815,48.2022
198.659,143.935,190.535,0.313,18.1742,48.2626
198.91,155.847,190.535,0.291,17.7928,48.3176
199.112,183.133,190.535,0.278,18.1734,48.3756
199.36,193.444,190.535,0.275,18.1346,48.4462
199.609,144.301,190.535,0.281,18.1698,48.5163
199.859,164.016,190.535,0.294,18.1495,48.5836
200.11,163.495,190.535,0.316,18.139,48.6404
200.36,168.389,190.535,0.326,18.1476,48.6926
200.609,152.109,190.535,0.331,18.1508,48.7436
200.859,131.931,190.535,0.333,18.1499,48.8037
201.11,187.448,190.535,0.336,17.8182,48.8591
201.359,144.458,190.535,0.339,17.4991,48.9132
201.609,148.043,190.535,0.332,17.4959,48.9738
201.859,119.966,190.535,0.315,17.5244,49.0499
202.109,144.04,190.535,0.323,18.2002,49.1192
202.36,127.869,190.535,0.331,18.1486,49.1835
202.609,188.19,190.535,0.356,18.4877,49.2523
202.859,163.941,190.535,0.377,18.1199,49.3155
203.109,148.028,190.535,0.433,17.7892,49.3895
203.359,163.992,190.535,0.469,17.7726,49.4552
203.609,148.033,190.535,0.524,17.8176,49.5245
203.86,119.622,190.535,0.59,17.819,49.6028
204.109,136.408,190.535,0.632,18.1703,49.6713
204.36,131.881,190.535,0.682,18.4982,49.7461
204.609,136.149,190.535,0.743,18.4855,49.8211
204.859,131.961,190.535,0.779,18.4998,49.8899
205.109,132.004,190.535,0.708,18.4872,49.9623
205.36,171.945,190.535,0.651,18.4876,50.0325
205.609,196.113,190.551,0.575,18.1275,50.1068
205.861,119.346,190.551,0.51,18.4894,50.1722
206.109,140.758,190.551,0.461,18.4811,50.2354
206.359,159.976,190.551,0.408,18.1201,50.3073
206.609,152.035,190.551,0.342,18.4876,50.3725
206.86,123.592,190.551,0.28,18.4929,50.4409
207.109,132.426,189.945,0.247,18.4918,50.5172
207.36,135.809,190.039,0.221,18.4987,50.5888
207.61,148.108,190.039,0.212,18.162,50.6643
207.86,167.832,190.039,0.228,18.0964,50.7347
208.11,176.197,190.039,0.239,17.4652,50.8073
208.36,167.419,190.039,0.275,18.1573,50.877
208.609,144.604,190.039,0.303,18.4922,50.9466
208.862,173.885,190.039,0.313,17.8269,51.0208
209.11,205.849,190.043,0.34,17.8352,51.0855
209.36,124.143,190.043,0.379,17.8214,51.1564
209.561,144.482,190.043,0.399,17.8191,51.2117
209.809,160.707,190.043,0.428,17.8156,51.2759
210.059,144.033,190.043,0.469,17.8092,51.3534
210.309,136.031,190.043,0.498,17.5137,51.432
210.56,127.833,190.043,0.545,17.5507,51.4988
210.809,140.182,190.043,0.577,18.1748,51.5695
211.061,163.205,190.043,0.611,18.149,51.6433
211.309,132.647,190.043,0.661,18.1476,51.7141
211.559,136.003,190.043,0.703,18.4947,51.7854
211.763,157.374,190.043,0.723,18.8793,51.8379
212.009,154.054,190.043,0.782,18.8319,51.9134
212.26,123.89,190.043,0.825,18.4954,51.9863
212.509,136.112,190.043,0.872,18.4742,52.0567
212.759,139.972,190.043,0.919,18.8495,52.1299
213.009,120.029,190.043,0.956,19.2235,52.1963
213.259,143.994,190.043,0.953,18.8494,52.273
213.509,123.999,190.043,0.945,18.4797,52.3498
213.76,131.885,190.043,0.937,18.5098,52.4218
214.009,132.122,190.043,0.938,18.1478,52.4918
214.259,127.964,190.043,0.943,18.4789,52.5525
214.46,129.362,190.043,0.945,18.1513,52.5928
214.709,140.563,190.043,0.912,17.8182,52.6385
214.96,155.889,190.07,0.877,18.4874,52.6738
215.209,140.107,190.07,0.879,17.7673,52.6796
215.459,131.962,190.07,0.889,17.7708,52.6806
215.709,148.041,190.07,0.875,17.4289,52.6813
215.96,143.83,190.07,0.878,17.4506,52.6822
216.209,148.181,190.07,0.87,17.4536,52.6833
216.46,155.902,190.07,0.867,17.4535,52.6856
216.709,180.091,190.07,0.865,16.8479,52.6879
216.964,208.592,190.07,0.863,17.1402,52.6894
217.209,174.864,190.07,0.856,17.1407,52.6907
217.46,147.834,190.07,0.856,17.4485,52.6921
217.661,194.146,190.07,0.851,17.1312,52.6931
217.909,148.688,190.07,0.848,17.8179,52.6946
218.159,152,190.074,0.844,17.8185,52.6966
218.409,140.001,190.074,0.844,17.5006,52.7019
218.661,186.557,190.074,0.905,17.4993,52.7498
218.909,157.212,190.074,0.942,17.4993,52.8086
219.16,139.884,190.074,0.985,17.4901,52.8759
219.41,139.713,190.074,0.998,17.8931,52.9448
219.66,188.473,190.074,1.024,17.5229,53.012
219.909,132.053,190.074,1.04,17.5465,53.0861
220.159,140.006,190.078,1.072,17.4881,53.1482
220.409,140.001,190.078,1.097,17.4968,53.213
220.659,135.98,190.078,1.073,17.5043,53.2858
220.909,140.011,190.078,1.044,17.1929,53.3544
221.16,143.569,190.125,0.995,17.8175,53.4269
221.409,132.396,190.125,0.959,18.1475,53.4974
221.66,151.75,190.125,0.92,17.8192,53.5605
221.909,172.284,190.125,0.894,17.7494,53.6294
222.16,147.916,190.176,0.882,17.8244,53.6957
222.41,143.541,190.176,0.856,18.1473,53.7585
222.659,176.641,190.176,0.827,18.4885,53.8259
222.909,132.019,190.176,0.798,18.1422,53.8975
223.159,148.001,190.223,0.752,18.1498,53.9717
223.409,132.009,190.223,0.719,18.1524,54.0428
223.661,183.153,190.223,0.678,18.1306,54.1142
223.91,140.56,190.223,0.649,17.4967,54.1886
224.16,223.693,190.227,0.626,17.4602,54.2593
224.409,140.269,190.227,0.609,17.1946,54.3283
224.659,143.972,190.227,0.581,17.1905,54.4006
224.909,140.042,190.227,0.572,17.1867,54.4693
225.16,139.91,190.27,0.548,17.501,54.5402
225.409,128.074,190.27,0.525,17.5826,54.604
225.659,151.993,190.27,0.503,17.5,54.6783
225.909,128.005,190.27,0.497,17.4986,54.7557
226.16,147.807,190.27,0.492,17.8207,54.8276
226.411,155.199,190.27,0.495,17.5104,54.9023
226.66,164.53,190.27,0.507,17.8082,54.9757
226.909,140.467,190.27,0.532,17.8526,55.0456
227.159,183.988,190.27,0.572,17.7215,55.1205
227.409,140.013,190.77,0.613,17.805,55.1894
227.659,147.983,190.77,0.667,17.8154,55.2617
227.86,159.184,190.77,0.709,17.8189,55.3144
228.109,164.689,190.77,0.749,17.4934,55.3897
228.359,135.958,190.777,0.691,17.488,55.4638
228.609,152.057,190.777,0.649,17.4809,55.5315
228.859,127.983,190.777,0.6,17.1848,55.6039
229.061,149.19,190.777,0.565,17.1871,55.6629
229.31,140.398,190.777,0.534,17.5728,55.7337
229.559,132.204,190.777,0.483,18.1576,55.8059
229.809,192.019,190.777,0.447,18.5459,55.8774
230.059,135.952,190.777,0.392,18.1509,55.9514
230.309,148,190.777,0.357,18.5012,56.0248
230.56,131.935,190.777,0.312,18.1294,56.0935
230.809,132.108,190.777,0.3,18.494,56.1618
231.06,139.854,190.285,0.289,18.4993,56.2308
231.31,164.09,190.293,0.289,18.1543,56.291
231.559,168.065,190.293,0.295,18.1303,56.352
231.76,149.228,190.293,0.3,18.1537,56.4011
232.009,140.6,190.293,0.306,17.8252,56.4594
232.26,147.892,190.293,0.319,17.819,56.5194
232.509,140.085,190.301,0.32,17.4983,56.5739
232.76,143.889,190.301,0.327,17.8223,56.635
233.009,136.111,190.301,0.332,17.8215,56.6947
233.26,143.739,190.301,0.344,18.1731,56.7571
233.509,148.264,190.305,0.346,18.1339,56.8196
233.76,139.846,190.305,0.343,18.493,56.8761
234.01,160.133,190.305,0.338,18.1505,56.9409
234.259,160.002,190.305,0.332,18.1807,57.0075
234.509,144.053,190.305,0.331,18.1468,57.0609
234.76,187.272,190.305,0.334,18.0622,57.1168
235.009,140.55,190.305,0.327,18.5017,57.1767
235.259,143.981,190.305,0.31,18.1509,57.2427
235.46,139.292,190.336,0.314,18.1485,57.2997
235.709,172.669,190.336,0.319,17.7927,57.3698
235.91,184.146,190.336,0.323,17.4785,57.4302
236.165,153.164,190.336,0.333,17.1955,57.497
236.409,147.316,190.336,0.357,17.2234,57.5661
236.659,155.977,190.336,0.364,17.189,57.643
236.862,143.42,190.336,0.373,17.1938,57.6952
237.109,169.517,190.336,0.38,17.1865,57.7647
237.36,163.856,189.832,0.388,17.193,57.8262
237.609,136.104,189.832,0.395,17.2609,57.8948
237.859,140.005,189.832,0.406,17.1912,57.9624
238.109,132.003,189.832,0.392,17.1887,58.0341
238.359,139.986,189.832,0.389,17.1929,58.1079
238.56,134.363,189.832,0.386,17.4985,58.1661
238.809,132.532,189.832,0.382,17.8182,58.2371
239.06,139.625,189.832,0.374,18.2291,58.3003
239.31,168.364,189.832,0.371,17.8231,58.3737
239.559,148.053,189.832,0.37,17.815,58.4481
239.809,128.022,189.832,0.369,18.1551,58.5164
240.061,154.927,189.836,0.368,18.1651,58.5878
240.31,253.592,189.836,0.362,18.0861,58.6619
240.559,132.045,189.836,0.356,18.4927,58.7274
240.809,140.026,189.836,0.352,18.153,58.8016
241.059,128,189.836,0.347,18.1491,58.8681
241.309,140.004,189.836,0.344,18.1508,58.9425
241.56,139.672,189.836,0.343,17.8167,59.0164
241.809,172.422,189.836,0.342,17.7893,59.0879
242.059,175.962,189.836,0.341,17.7986,59.161
242.309,132.017,189.836,0.341,17.5009,59.2347
242.56,143.762,189.836,0.341,17.472,59.3066
242.762,183.273,189.836,0.341,17.189,59.3659
243.009,133.228,189.836,0.342,17.1931,59.4331
243.259,143.962,189.836,0.342,17.2643,59.5021
243.509,132.031,189.836,0.342,16.8934,59.5691
243.759,147.994,189.836,0.328,17.1846,59.6377
244.009,123.973,189.836,0.328,17.19,59.7097
244.259,184.041,189.836,0.323,17.5,59.7763
244.509,171.958,189.836,0.321,17.1965,59.8447
244.759,140.035,189.836,0.319,17.4876,59.9189
245.009,136.031,189.836,0.312,17.8157,59.9884
245.259,167.957,189.836,0.308,17.8092,60.0575
245.509,148.035,189.836,0.302,17.819,60.1255
245.759,131.966,189.891,0.295,17.4982,60.2
246.009,128.034,189.891,0.293,17.4974,60.2744
246.259,143.965,189.891,0.289,17.503,60.3418
246.51,147.937,189.891,0.288,17.5069,60.4134
246.759,164.079,189.891,0.288,17.1924,60.4801
247.009,124.015,189.891,0.288,17.1905,60.5445
247.259,183.961,189.891,0.279,17.1375,60.6225
247.509,128.025,189.891,0.257,16.6919,60.6919
247.761,167.15,189.891,0.261,16.8883,60.7578
248.009,148.771,189.891,0.264,16.8972,60.8313
248.259,131.971,189.891,0.268,17.1941,60.9053
248.509,136.008,189.891,0.268,17.1915,60.9748
248.76,143.565,189.891,0.27,17.5029,61.0449
249.009,220.679,189.891,0.273,17.4361,61.1022
249.259,139.992,189.891,0.281,17.1963,61.1648
249.509,140.005,189.891,0.292,17.2624,61.2277
249.759,135.988,189.891,0.314,17.1967,61.2822
249.96,204.036,189.891,0.33,17.5022,61.3268
250.21,159.952,189.891,0.347,18.1503,61.3795
250.459,172.702,189.891,0.367,17.8216,61.4369
250.709,139.992,189.891,0.382,17.8174,61.4931
250.959,136.004,189.891,0.398,17.8089,61.5452
251.209,140.038,189.891,0.397,18.152,61.6061
251.46,195.18,189.891,0.404,18.1295,61.6712
251.709,156.621,189.891,0.405,17.5755,61.7453
251.959,131.998,189.891,0.398,17.8093,61.8145
252.162,152.754,189.891,0.392,17.8224,61.8678
252.409,149.824,189.891,0.388,17.8179,61.9335
252.659,139.924,189.891,0.384,17.8172,62.0045
252.909,124.002,189.891,0.383,17.4982,62.0796
253.16,135.722,189.891,0.382,17.5556,62.1505
253.409,128.28,189.891,0.382,17.5074,62.2174
253.66,143.867,189.891,0.382,17.4997,62.2947
253.909,128.092,190.281,0.382,17.5005,62.3695
254.159,176.041,190.281,0.377,17.4596,62.4399
254.409,132.001,190.281,0.373,17.5359,62.5097
254.66,131.844,190.281,0.371,17.4998,62.5809
254.862,163.428,190.281,0.37,17.1987,62.6429
255.109,157.385,190.281,0.369,16.897,62.7184
255.36,143.725,190.281,0.366,17.2035,62.785
255.61,152.213,190.281,0.36,17.1921,62.8574
255.859,124.065,190.281,0.358,17.1878,62.9293
256.109,139.986,190.281,0.357,17.1872,63.0021
256.359,120.011,190.281,0.355,16.8976,63.0717
256.61,175.929,190.281,0.355,16.8175,63.1406
256.859,132.04,190.281,0.353,16.6097,63.2157
257.109,132.047,190.281,0.353,16.6433,63.2896
257.359,135.977,190.281,0.354,16.8971,63.3557
257.61,135.705,190.281,0.355,16.6082,63.4214
257.859,172.364,190.281,0.356,16.9036,63.4913
258.11,139.731,190.281,0.358,17.187,63.5681
258.359,156.306,190.281,0.361,17.2056,63.6394
258.609,147.958,190.281,0.366,17.1847,63.7064
258.859,120.026,190.281,0.326,17.1941,63.7789
259.064,186.033,190.281,0.296,17.1877,63.8288
259.309,187.176,190.281,0.259,17.4788,63.8955
259.559,136.017,190.281,0.245,17.4977,63.9623
259.809,124.022,190.281,0.239,17.5002,64.032
260.059,183.997,190.762,0.247,17.4927,64.1058
260.309,124.011,190.766,0.262,17.193,64.1725
260.559,143.974,190.766,0.272,17.5,64.2364
260.809,123.997,190.766,0.286,17.1895,64.3078
261.059,135.974,190.766,0.292,17.1869,64.376
261.309,132.053,190.766,0.299,17.1903,64.4518
261.559,135.933,190.766,0.303,17.1917,64.5236
261.809,128.062,190.766,0.306,17.1912,64.5937
262.06,127.845,190.766,0.308,16.947,64.6672
262.311,203.185,190.766,0.314,16.8747,64.7434
262.561,183.65,190.766,0.32,16.8958,64.8133
262.809,141.001,190.766,0.331,16.9,64.8843
263.059,123.971,190.766,0.356,17.2053,64.9545
263.31,135.756,190.766,0.404,17.1847,65.032
263.56,195.758,190.766,0.438,17.1937,65.1044
263.809,152.495,190.766,0.499,17.1945,65.1743
264.06,195.536,190.766,0.499,17.1921,65.2514
264.309,156.384,190.766,0.499,16.8895,65.3272
264.559,131.967,190.766,0.499,17.1952,65.3975
264.809,128.026,190.766,0.5,17.1847,65.4686
265.059,119.95,190.766,0.5,17.1953,65.5407
265.309,148.057,190.766,0.499,17.5146,65.6175
265.561,163.028,190.766,0.498,16.8175,65.6871
265.809,169.019,190.766,0.498,16.899,65.7449
266.06,163.649,190.766,0.499,17.1972,65.8184
266.309,132.282,190.766,0.504,16.8952,65.8932
266.56,135.825,190.766,0.509,17.2132,65.9612
266.809,124.161,190.766,0.512,16.6142,66.0329
267.059,131.961,190.766,0.512,16.9012,66.0873
267.309,128.039,190.766,0.514,16.6094,66.1377
267.559,123.971,190.766,0.513,16.3369,66.1798
267.809,128.025,190.766,0.514,16.6103,66.2143
268.059,135.95,190.766,0.514,16.6122,66.2204
268.309,136.033,190.766,0.514,16.6161,66.221
268.56,171.737,190.766,0.513,16.6186,66.2222
268.809,180.276,190.766,0.511,16.6104,66.2232
269.06,135.898,190.766,0.503,16.3354,66.2247
269.309,144.121,190.766,0.501,16.3392,66.2263
269.56,143.834,190.766,0.5,16.0667,66.228
269.81,195.636,190.766,0.5,16.6101,66.2297
270.16,157.388,190.195,0.5,17.4969,66.2318
270.409,136.119,189.715,0.499,16.6284,66.2332
270.659,143.954,189.715,0.499,16.9292,66.2347
270.909,128.039,189.715,0.499,16.9101,66.2359
271.159,135.944,189.715,0.5,16.929,66.2375
271.362,163.273,189.715,0.499,17.227,66.2393
271.609,173.472,189.715,0.5,17.2307,66.2407
271.859,144.019,189.715,0.501,17.5245,66.2421
272.109,144.028,189.715,0.507,17.5317,66.2524
272.359,135.978,189.715,0.516,17.5325,66.3048
272.609,156.007,189.715,0.534,17.5341,66.3589
272.859,127.994,189.715,0.537,17.5392,66.4324
273.109,135.997,189.715,0.544,17.1588,66.5087
273.359,188.001,189.715,0.549,17.4843,66.5781
273.561,178.622,189.715,0.556,17.5005,66.6338
273.809,140.912,189.715,0.561,17.1812,66.7051
274.059,135.941,189.715,0.56,17.1939,66.7834
274.309,136.052,189.715,0.555,17.2038,66.854
274.559,139.953,189.715,0.553,17.2104,66.9284
274.809,132.036,189.715,0.552,17.1814,67.0033
275.059,139.939,189.715,0.551,17.1714,67.075
275.309,132.085,189.715,0.549,17.1748,67.1479
275.559,135.949,189.715,0.549,16.8965,67.2186
275.809,140.033,189.715,0.55,17.1621,67.289
276.059,131.966,189.715,0.549,17.4984,67.3658
276.309,136.034,189.715,0.493,17.4939,67.4361
276.559,131.973,189.715,0.458,17.8296,67.5081
276.809,132.001,189.715,0.423,17.8141,67.5782
277.059,131.994,189.715,0.413,17.8206,67.6467
277.309,140.022,189.715,0.396,18.1487,67.7239
277.56,139.894,189.715,0.397,18.1467,67.7909
277.809,128.094,189.715,0.396,18.4887,67.86
278.06,179.645,189.715,0.392,18.4973,67.938
278.309,144.299,189.715,0.388,18.8457,68.0084
278.559,135.959,189.715,0.385,18.4987,68.0859
278.809,140.032,189.715,0.359,18.4895,68.1591
279.06,143.846,189.715,0.318,18.8045,68.2268
279.309,164.192,189.715,0.278,18.487,68.3012
279.559,131.952,189.715,0.263,18.8323,68.3744
279.809,132.04,189.715,0.256,18.4811,68.4379
280.061,146.767,189.715,0.263,18.1472,68.508
280.309,173.449,189.715,0.288,18.4438,68.5716
280.559,127.97,189.715,0.316,17.8108,68.6377
280.761,154.15,189.715,0.356,17.4996,68.689
281.009,160.725,189.715,0.436,17.5171,68.7601
281.259,136.002,189.715,0.477,17.5004,68.8356
281.46,134.4,189.715,0.494,17.5005,68.8856
281.709,140.526,189.715,0.484,17.5082,68.954
281.911,138.712,189.715,0.47,17.5347,69.004
282.159,165.201,189.715,0.47,17.1964,69.0828
282.409,135.966,189.715,0.465,17.5103,69.1537
282.659,136.029,189.715,0.459,17.4767,69.2185
282.91,135.962,189.715,0.453,17.5158,69.2896
283.159,172.043,189.715,0.433,17.4049,69.3628
283.409,128.038,189.715,0.42,17.8085,69.4331
283.66,139.819,189.715,0.417,17.4972,69.5027
283.909,128.158,189.715,0.408,17.2023,69.5688
284.16,151.747,189.715,0.402,17.1954,69.641
284.409,156.271,189.715,0.393,16.9112,69.7152
284.659,143.946,189.777,0.392,16.6108,69.7858
284.909,132.048,189.777,0.386,16.9338,69.8638
285.16,131.753,189.777,0.378,16.6237,69.9359
285.409,180.375,189.777,0.371,16.6083,70.0019
285.664,215.832,190.262,0.367,15.9749,70.075
285.909,134.566,190.262,0.351,15.809,70.1452
286.111,143.926,190.262,0.341,15.8122,70.2025
286.359,156.897,190.262,0.341,16.0288,70.2725
286.61,207.892,190.262,0.341,15.7391,70.3402
286.859,160.17,190.262,0.341,15.5752,70.4142
287.06,134.516,190.262,0.341,16.0689,70.4664
287.309,172.453,190.262,0.341,16.0517,70.5386
287.56,151.559,190.262,0.336,16.0808,70.6101
287.809,172.508,190.277,0.328,16.3345,70.6759
288.059,131.965,190.277,0.327,16.3331,70.7474
288.261,149.148,190.277,0.326,16.6032,70.8024
288.509,164.796,190.277,0.327,16.9956,70.8744
288.759,139.968,190.277,0.327,17.1928,70.9272
289.009,188.007,190.277,0.325,17.1972,70.9795
289.26,135.877,190.277,0.322,17.2079,71.0417
289.509,140.112,190.277,0.322,17.5317,71.1026
289.759,139.986,190.277,0.316,17.8208,71.1664
290.01,135.941,190.277,0.322,17.8449,71.2203
290.26,143.99,190.277,0.327,18.1495,71.2718
290.51,147.962,190.277,0.336,18.1492,71.328
290.759,184.163,190.766,0.344,18.1665,71.38
291.01,175.946,190.777,0.348,17.7451,71.4361
291.26,175.845,190.781,0.328,17.8186,71.499
291.509,148.177,190.793,0.349,18.1038,71.5683
291.713,181.918,190.793,0.35,18.2615,71.6233
291.959,129.756,190.793,0.341,18.4815,71.6934
292.209,140.012,190.793,0.333,18.1249,71.7481
292.46,139.921,190.793,0.328,17.8229,71.8084
292.709,176.101,190.793,0.32,17.8383,71.8784
292.959,164.001,190.793,0.34,17.4513,71.951
293.209,143.994,190.793,0.352,17.4903,72.021
293.46,127.717,190.793,0.359,17.4991,72.0849
293.709,148.304,190.793,0.362,17.4666,72.1585
293.96,163.723,190.793,0.361,17.5166,72.2321
294.21,160.209,190.793,0.358,17.182,72.3035
294.46,159.982,190.793,0.356,16.8968,72.3799
294.71,143.682,190.793,0.355,16.9362,72.4508
294.959,128.337,190.793,0.355,17.2269,72.5275
295.209,136.045,190.793,0.355,17.4973,72.6006
295.459,135.952,190.793,0.353,17.1917,72.6707
295.661,143.636,190.793,0.35,17.2275,72.7296
295.909,165.267,190.793,0.349,16.9422,72.796
296.159,128.024,190.793,0.35,16.8968,72.8709
296.409,127.992,190.793,0.357,16.6018,72.9392
296.66,143.717,190.793,0.362,16.9117,73.005
296.91,147.762,190.793,0.365,16.928,73.0795
297.159,160.569,190.793,0.367,17.1959,73.1477
297.409,200.03,190.793,0.367,17.1067,73.2178
297.659,131.975,190.793,0.369,17.1964,73.2954
297.909,139.991,190.793,0.377,17.1947,73.363
298.162,154.737,190.793,0.381,16.8981,73.4317
298.41,141.127,190.793,0.387,16.8899,73.4978
298.66,131.901,190.793,0.388,16.9209,73.5731
298.909,144.158,190.793,0.397,17.5065,73.6433
299.16,135.876,190.793,0.401,17.2006,73.7118
299.409,124.095,190.793,0.403,17.5155,73.7791
299.659,147.999,190.793,0.404,17.499,73.8551
299.909,168.025,190.793,0.405,17.4958,73.9262
300.16,139.917,190.793,0.405,17.5151,74.003
300.41,124.04,190.793,0.405,17.5006,74.0719
300.66,127.746,190.18,0.405,17.5005,74.1244
300.909,232.486,190.281,0.405,17.4641,74.1312
301.16,131.839,190.281,0.405,17.2539,74.1313
301.409,124.188,190.281,0.405,17.5019,74.1314
301.66,131.915,190.281,0.405,17.1966,74.1315
301.909,124.075,190.281,0.405,17.1999,74.1316
302.159,163.996,190.281,0.405,17.1605,74.1317
302.41,131.93,190.281,0.405,16.8943,74.1318
302.659,208.095,190.281,0.405,17.173,74.1318
302.91,115.968,190.281,0.405,16.9009,74.1318
303.159,184.058,190.281,0.405,16.5762,74.1318
303.409,124.01,190.281,0.405,16.6083,74.1318
303.659,163.952,190.281,0.405,16.3105,74.1318
303.909,128.064,190.281,0.405,16.9142,74.1318
304.159,131.941,190.281,0.405,17.1972,74.1318
304.409,124.055,190.281,0.405,16.8741,74.1318
304.659,131.952,190.281,0.405,17.1926,74.1318
304.909,124.046,190.281,0.405,17.5394,74.1318
305.159,135.958,190.281,0.405,17.8213,74.1318
305.409,124.035,190.281,0.405,18.4794,74.1366
305.66,135.909,190.281,0.405,18.4949,74.1961
305.909,124.082,190.281,0.401,19.2422,74.2684
306.16,171.566,190.281,0.395,19.2137,74.3403
306.409,180.392,190.281,0.393,18.4325,74.4112
306.66,171.723,190.281,0.392,18.4858,74.4821
306.91,132.154,190.281,0.393,18.1679,74.5602
307.159,176.072,190.281,0.396,18.1424,74.633
307.409,192.071,190.281,0.401,18.0717,74.703
307.66,123.7,190.281,0.403,17.83,74.7771
307.909,176.436,190.281,0.404,17.7974,74.8469
308.16,135.717,190.281,0.393,17.4951,74.9207
308.409,124.27,190.281,0.39,17.5006,74.9917
308.659,143.97,190.281,0.367,17.5008,75.058
308.909,124.013,190.281,0.33,17.5004,75.1304
309.161,178.928,190.281,0.319,18.2015,75.2011
309.409,128.773,190.281,0.321,17.8469,75.2677
309.66,139.812,190.281,0.308,17.8233,75.3287
309.909,188.254,190.281,0.304,17.8207,75.3881
310.159,183.997,190.281,0.288,17.8078,75.4482
310.409,136.002,190.281,0.268,17.5123,75.5156
310.659,128.018,190.281,0.262,17.507,75.5808
310.909,127.962,190.281,0.269,17.5179,75.6556
311.16,139.771,190.281,0.277,17.5176,75.7151
311.41,171.557,190.281,0.305,17.1943,75.7734
311.662,210.342,190.281,0.316,16.5923,75.8348
311.909,170.08,190.285,0.349,16.6093,75.8976
312.16,127.786,190.285,0.37,16.9342,75.9742
312.409,136.231,190.285,0.405,17.1825,76.0467
312.66,135.454,190.285,0.42,17.2762,76.1141
312.909,120.483,190.285,0.438,17.5492,76.1841
313.16,139.807,190.285,0.446,18.1415,76.2476
313.409,124.172,190.285,0.482,18.1533,76.3183
313.659,135.933,190.285,0.502,17.8386,76.3949
313.909,124.051,190.285,0.537,18.1649,76.466
314.16,151.8,190.285,0.552,18.1781,76.5354
314.409,152.214,190.285,0.576,18.8723,76.5969
314.66,135.656,190.285,0.592,18.8496,76.6472
314.862,133.884,190.285,0.596,18.4946,76.686
315.109,165.525,190.285,0.607,18.1488,76.7257
315.36,167.817,190.285,0.616,17.4986,76.7527
315.609,128.138,190.285,0.613,17.1814,76.7549
315.86,131.872,190.285,0.613,17.2042,76.7558
316.061,124.396,190.285,0.614,17.5049,76.7568
316.309,140.685,190.285,0.616,17.4997,76.7588
316.56,167.87,190.285,0.621,17.5045,76.7603
316.909,140.088,190.285,0.624,17.4826,76.7633
317.16,183.654,190.285,0.627,16.5869,76.7653
317.409,136.253,190.285,0.627,16.8767,76.7666
317.66,135.858,190.285,0.628,17.1795,76.7686
317.909,148.135,190.285,0.63,17.7925,76.7705
318.163,212.972,190.285,0.632,18.1222,76.773
318.409,158.221,190.285,0.633,17.4986,76.7747
318.659,156.019,190.285,0.638,17.4849,76.7768
318.909,184.015,190.285,0.64,17.0516,76.7781
319.16,203.229,190.285,0.633,16.8837,76.7814
319.409,168.643,190.285,0.602,17.1704,76.8175
319.66,139.914,190.285,0.555,17.21,76.8736
319.91,171.56,190.285,0.536,18.1705,76.925
320.159,172.484,190.285,0.517,17.829,76.9851
320.361,138.648,190.285,0.52,17.839,77.0392
320.609,173.417,190.285,0.527,17.8172,77.1074
320.861,162.905,190.285,0.55,17.7735,77.1806
321.109,152.999,190.793,0.562,18.485,77.2513
321.359,123.97,190.793,0.523,18.4969,77.3221
321.609,143.989,190.793,0.512,18.8638,77.3971
321.859,164,190.793,0.493,19.2756,77.4645
322.11,147.971,190.793,0.468,18.8379,77.5362
322.359,160.041,190.793,0.425,18.4925,77.6014
322.61,131.984,190.793,0.392,18.4682,77.6711
322.859,180.012,190.793,0.349,18.814,77.7385
323.06,154.33,190.793,0.33,18.8482,77.789
323.309,172.677,190.793,0.296,18.4846,77.8568
323.512,163.263,190.793,0.278,18.565,77.9132
323.759,153.275,190.793,0.271,17.8455,77.9879
324.009,124.033,190.793,0.269,18.1567,78.0505
324.259,147.967,190.793,0.279,18.1472,78.1131
324.509,136.026,190.793,0.293,18.1586,78.1764
324.759,139.937,190.793,0.299,18.1482,78.2372
325.009,176.08,190.793,0.303,18.4764,78.2873
325.259,151.924,190.793,0.317,18.5013,78.3456
325.509,136.066,190.793,0.322,18.5184,78.4065
325.76,139.821,190.793,0.331,18.5146,78.4779
326.009,172.207,190.793,0.337,18.845,78.5529
326.26,143.874,190.793,0.345,19.5939,78.6231
326.509,128.108,190.793,0.35,19.5926,78.7012
326.76,131.831,190.793,0.356,19.6004,78.7668
327.009,208.204,190.793,0.362,19.5707,78.8383
327.259,136.024,190.793,0.367,18.8463,78.9144
327.509,136.026,190.793,0.368,19.2307,78.9862
327.759,167.954,190.793,0.369,19.2134,79.0623
328.009,136.044,190.793,0.38,19.1874,79.1376
328.259,135.96,190.793,0.407,19.2127,79.2076
328.509,131.996,190.793,0.435,18.8419,79.285
328.76,171.482,190.793,0.467,18.9047,79.355
329.009,176.59,190.793,0.464,18.4741,79.4239
329.26,143.924,190.793,0.453,18.4989,79.497
329.509,132.055,190.793,0.455,18.4681,79.5665
329.76,131.768,190.793,0.435,18.5216,79.6439
330.009,128.238,190.793,0.447,18.8454,79.7132
330.259,179.958,190.793,0.463,18.469,79.7808
330.509,175.968,190.793,0.482,18.1487,79.8562
330.76,143.73,190.793,0.497,18.1474,79.926
331.009,164.389,190.188,0.502,18.4878,79.999
331.259,175.951,190.281,0.507,18.1323,80.0711
331.509,124.033,190.281,0.476,18.5029,80.1405
331.759,139.957,190.285,0.438,18.1475,80.2185
332.009,132.039,190.285,0.422,18.1486,80.2944
332.259,131.95,190.285,0.394,17.8387,80.3604
332.46,179.41,190.285,0.393,18.1481,80.4216
332.709,140.424,190.285,0.398,17.8136,80.4923
332.959,135.97,190.285,0.401,17.4995,80.5685
333.209,128.021,190.285,0.4,17.8193,80.6411
333.459,135.947,190.285,0.403,17.4954,80.712
333.709,132.046,190.285,0.404,17.565,80.7871
333.961,142.804,190.285,0.405,17.516,80.8575
334.209,169.431,190.285,0.405,17.8062,80.9324
334.46,131.877,190.285,0.405,17.8221,81.0036
334.709,184.175,190.285,0.408,17.816,81.0742
334.959,127.959,190.285,0.412,17.5023,81.152
335.161,139.223,190.285,0.415,17.4886,81.2092
335.409,180.866,190.285,0.416,17.0032,81.278
335.66,135.801,190.285,0.416,16.8997,81.3498
335.909,132.193,190.285,0.413,17.5035,81.4178
336.16,131.775,190.285,0.411,17.5023,81.4906
336.409,128.195,190.285,0.414,17.5026,81.5645
336.66,135.951,190.285,0.417,17.202,81.6327
336.909,124.068,190.285,0.418,17.2357,81.701
337.16,179.697,190.285,0.419,17.1701,81.7691
337.409,136.224,190.285,0.419,17.1752,81.8317
337.66,139.466,190.285,0.425,17.5031,81.8996
337.909,124.466,190.285,0.433,17.5177,81.9676
338.159,132.039,190.285,0.445,18.1513,82.0377
338.361,124.193,190.285,0.45,18.4876,82.0938
338.609,180.907,190.285,0.457,18.1344,82.1645
338.86,175.609,190.285,0.465,17.8229,82.2379
339.109,200.415,190.285,0.473,17.8079,82.2933
339.359,119.998,190.285,0.494,17.8165,82.3449
339.609,132.015,190.285,0.498,17.8284,82.3878
339.859,131.946,190.285,0.5,17.4955,82.4214
340.109,128.045,190.285,0.505,17.8073,82.4276
340.36,167.832,190.285,0.508,18.1368,82.4297
340.561,163.875,190.285,0.51,17.8253,82.4307
340.809,144.96,190.285,0.513,17.4788,82.4316
341.06,147.752,190.285,0.515,17.502,82.4319
341.309,144.244,190.285,0.518,17.8089,82.4326
341.559,127.955,190.285,0.518,18.49,82.4331
341.809,132.044,190.285,0.516,18.4797,82.4334
342.06,139.909,190.285,0.517,18.5224,82.4339
342.309,160.035,190.285,0.518,18.8531,82.4345
342.561,151.322,190.285,0.52,18.8372,82.4349
342.809,176.787,190.285,0.52,18.468,82.4353
343.059,140.025,190.285,0.523,18.5116,82.4357
343.309,136.039,190.285,0.524,18.1917,82.4361
343.56,167.739,190.285,0.523,18.4885,82.4364
343.809,132.206,190.285,0.527,18.1729,82.437
344.059,127.965,190.285,0.528,18.1488,82.4373
344.309,136.037,190.285,0.524,18.4755,82.4376
344.56,135.863,190.285,0.527,18.4968,82.4383
344.809,160.159,190.285,0.525,18.4945,82.4389
345.059,135.934,190.285,0.528,18.1674,82.4394
345.309,164.079,190.285,0.531,17.8086,82.4398
345.559,131.964,190.285,0.531,18.1492,82.4403
345.809,136.031,190.285,0.529,18.8477,82.441
346.059,119.969,190.285,0.528,18.8461,82.4416
346.261,158.707,190.285,0.527,19.2224,82.4421
346.509,149.018,190.285,0.531,18.4846,82.4425
346.759,135.967,190.285,0.53,18.4708,82.443
347.009,132.033,190.285,0.528,18.1476,82.444
347.261,134.922,190.285,0.528,17.8291,82.4455
347.509,173.382,190.285,0.533,17.8126,82.4468
347.759,135.972,190.285,0.53,17.8183,82.4487
348.009,176.045,190.285,0.528,17.8241,82.4505
348.26,171.784,190.285,0.526,17.822,82.4528
348.509,152.183,190.285,0.522,17.5034,82.4551
348.76,151.811,190.285,0.51,17.4987,82.4566
348.96,184.545,190.285,0.505,17.4913,82.4581
349.209,132.412,190.285,0.501,18.1527,82.4593
349.46,151.673,190.285,0.5,18.5034,82.4605
349.709,152.349,190.348,0.497,18.109,82.4621
349.96,147.706,190.348,0.498,18.6177,82.4635
350.209,132.256,190.348,0.493,18.621,82.4651
350.461,150.808,190.348,0.495,18.496,82.4673
350.709,213.696,190.348,0.491,18.494,82.4687
350.96,131.74,190.348,0.496,18.1566,82.4702
351.209,148.291,190.348,0.496,18.4986,82.4721
351.459,135.959,190.348,0.495,18.1529,82.4731
351.709,132.044,190.348,0.496,18.2016,82.4739
351.96,167.838,190.348,0.498,18.1585,82.4742
352.209,144.128,190.348,0.497,17.8414,82.4747
352.46,135.894,190.348,0.496,17.5026,82.4751
352.661,163.561,190.348,0.498,17.3951,82.4754
352.909,149.178,190.348,0.501,17.3953,82.476
353.159,147.954,190.348,0.499,17.1808,82.4766
353.361,143.984,190.348,0.501,17.1903,82.477
353.61,217.016,190.348,0.503,17.514,82.4781
353.86,139.684,190.348,0.499,16.8947,82.4787
354.109,176.586,190.348,0.5,16.3336,82.4793
354.36,139.951,190.348,0.505,16.6066,82.48
354.609,132.058,190.348,0.504,16.611,82.4805
354.86,183.836,190.348,0.501,16.2883,82.481
355.11,163.837,190.348,0.504,16.6108,82.4822
355.359,168.302,190.348,0.508,16.8956,82.4831
355.61,163.949,190.348,0.508,16.9078,82.484
355.859,156.039,190.348,0.513,17.4956,82.4848
356.109,148.026,190.348,0.517,17.1942,82.486
356.36,175.547,190.348,0.525,17.5012,82.4874
356.609,200.541,190.348,0.525,17.7664,82.4894
356.86,139.893,190.348,0.527,17.815,82.4907
357.109,148.065,190.348,0.526,17.8231,82.4916
357.359,140.007,190.348,0.528,17.8134,82.4932
357.609,144.037,190.348,0.531,18.1483,82.5006
357.86,195.784,190.348,0.492,17.8174,82.5497
358.109,140.153,190.348,0.449,18.1491,82.6096
358.359,139.966,190.348,0.396,18.148,82.6699
358.609,144.036,190.348,0.368,17.8268,82.7425
358.86,163.877,190.348,0.333,17.7609,82.8131
359.109,148.109,190.348,0.324,17.8226,82.8766
359.359,123.964,190.348,0.329,18.4867,82.9488
359.563,176.931,190.348,0.333,18.8459,83.0042
359.809,178.531,190.348,0.337,18.4746,83.0773
360.059,127.973,190.348,0.341,18.4862,83.149
360.309,124.028,190.348,0.333,18.4902,83.215
360.559,143.958,190.348,0.342,18.8331,83.2835
360.76,164.238,190.348,0.352,18.843,83.3378
361.009,200.799,190.348,0.359,18.0461,83.4093
361.259,135.967,190.348,0.369,18.4854,83.4796
361.509,140.027,190.348,0.374,18.8435,83.5466
361.759,123.976,190.348,0.379,18.4854,83.6178
362.009,124.032,190.348,0.384,18.4867,83.6824
362.259,195.95,190.348,0.392,17.9864,83.7534
362.509,168.028,190.348,0.396,18.0658,83.8269
362.76,179.748,190.348,0.404,18.1471,83.8883
363.009,128.189,190.348,0.41,17.4989,83.9576
363.26,131.92,190.348,0.432,17.5008,84.0338
363.51,160.007,190.348,0.441,17.5006,84.1045
363.759,152.044,190.348,0.457,17.9101,84.1767
364.009,128.04,190.348,0.454,17.8206,84.2432
364.26,143.806,190.348,0.432,17.8077,84.3157
364.509,124.165,190.348,0.417,17.4995,84.3877
364.76,131.796,190.348,0.392,17.5008,84.4558
365.009,140.218,190.348,0.365,17.6524,84.53
365.259,127.969,190.348,0.329,17.9181,84.6052
365.509,132.033,190.348,0.321,17.8216,84.6657
365.76,187.841,190.348,0.308,18.1448,84.7279
366.009,136.086,190.348,0.309,18.1505,84.7889
366.261,155.278,190.348,0.306,17.8106,84.8542
366.509,192.914,190.348,0.307,18.1113,84.9214
366.759,143.972,190.348,0.317,17.4931,84.9855
367.009,136.04,190.348,0.326,17.1893,85.0456
367.259,139.951,190.348,0.325,17.8105,85.1022
367.509,140.052,190.348,0.299,17.8231,85.1556
367.76,147.919,190.348,0.264,17.4999,85.2129
368.009,184.078,190.348,0.266,17.1924,85.2717
368.26,127.829,190.348,0.276,17.1872,85.3441
368.509,128.175,190.348,0.292,17.611,85.4212
368.759,191.971,190.348,0.312,17.4991,85.4905
369.009,128,190.348,0.334,17.4999,85.5608
369.259,140.012,190.348,0.345,17.5394,85.6377
369.463,201.427,190.348,0.355,18.1256,85.6916
369.709,150.152,190.348,0.371,18.1594,85.7681
369.959,131.965,190.348,0.383,18.1491,85.8355
370.209,128.035,190.348,0.396,17.8162,85.9103
370.459,135.963,190.348,0.412,18.1573,85.9867
370.709,128.015,190.348,0.444,18.5029,86.055
370.959,123.987,190.348,0.46,18.1521,86.1325
371.161,144.017,190.348,0.5,18.1488,86.1883
371.409,160.836,190.348,0.557,17.8297,86.261
371.66,147.815,190.348,0.568,17.824,86.3356
371.909,124.208,190.348,0.576,17.8227,86.4031
372.16,131.927,190.348,0.576,17.8166,86.4797
372.41,139.773,190.348,0.579,17.8267,86.5471
372.66,204.35,190.359,0.586,17.4814,86.6228
372.909,132.04,190.359,0.592,16.6234,86.6959
373.159,128.001,190.359,0.595,16.903,86.762
373.409,128.009,190.359,0.597,17.2079,86.8346
373.659,135.987,190.359,0.597,17.5042,86.909
373.909,127.998,190.359,0.593,17.4999,86.9794
374.16,135.896,190.359,0.589,17.5366,87.0549
374.409,124.096,190.359,0.586,17.5061,87.1207
374.66,139.913,190.359,0.585,17.1952,87.1918
374.909,124.081,190.359,0.585,17.1977,87.263
375.16,131.746,190.359,0.585,17.1931,87.3317
375.409,128.247,190.359,0.536,18.1983,87.4029
375.66,127.964,190.359,0.498,18.8567,87.4699
375.909,124.046,190.359,0.433,18.8498,87.5195
376.159,135.98,190.359,0.392,18.4908,87.5671
376.361,148.595,190.359,0.369,18.4993,87.5994
376.61,157.091,190.359,0.327,18.1551,87.6313
376.86,167.953,190.359,0.33,18.1555,87.6342
377.11,132.072,190.359,0.333,18.4962,87.6348
377.36,187.899,190.359,0.331,18.4836,87.6355
377.609,152.148,190.359,0.327,18.4968,87.6368
377.859,128.011,190.359,0.327,18.4848,87.6382
378.109,139.988,190.359,0.327,18.4932,87.6402
378.359,143.996,190.359,0.325,18.4853,87.6419
378.609,136.036,190.359,0.319,18.4971,87.6439
378.863,193.346,190.359,0.318,18.8457,87.645
379.109,194.635,190.359,0.315,19.2227,87.6468
379.359,127.997,190.359,0.313,19.596,87.648
379.609,148.022,190.359,0.3,19.602,87.6492
379.859,139.972,190.359,0.302,19.6048,87.6501
380.161,209.075,190.406,0.294,20.406,87.6516
380.409,209.107,190.406,0.294,19.2453,87.6533
380.66,135.838,190.406,0.298,19.2361,87.6719
380.911,131.209,190.406,0.354,19.2426,87.7343
381.159,177.296,190.406,0.42,19.2363,87.7941
381.41,183.917,190.406,0.5,19.1939,87.8656
381.659,128.044,190.406,0.57,19.3336,87.9373
381.909,128.029,190.406,0.565,18.8665,88.0119
382.16,139.912,190.406,0.557,18.8731,88.0857
382.409,136.055,190.406,0.554,18.8637,88.1575
382.66,143.934,190.406,0.552,18.5097,88.2307
382.909,172.089,190.406,0.55,17.5266,88.3005
383.159,144.01,190.406,0.55,18.5278,88.3691
383.411,146.948,190.406,0.555,18.1444,88.442
383.66,165.063,190.406,0.559,18.1396,88.5191
383.909,188.089,190.406,0.561,17.8203,88.5903
384.161,159.32,190.406,0.565,17.578,88.6664
384.409,156.674,190.406,0.571,17.4964,88.7356
384.659,136.02,190.406,0.573,17.4999,88.8096
384.909,128,190.406,0.574,17.5004,88.8824
385.159,143.995,190.406,0.578,17.817,88.9535
385.409,136.006,190.406,0.589,17.8188,89.0239
385.659,143.967,190.406,0.568,18.1788,89.0974
385.909,128.03,190.406,0.527,18.1462,89.169
386.159,188.001,190.406,0.511,18.133,89.2463
386.409,132,190.406,0.498,18.4905,89.3179
386.66,139.944,190.406,0.498,18.4866,89.3918
386.909,136.069,190.406,0.491,18.8957,89.4668
387.16,135.819,190.406,0.488,18.8447,89.5372
387.409,192.202,190.406,0.471,18.3561,89.6068
387.66,175.922,190.406,0.459,18.0462,89.6743
387.909,140.085,190.406,0.44,17.8179,89.7471
388.11,144.34,190.406,0.397,18.1445,89.8067
388.361,242.926,190.434,0.364,18.1103,89.8781
388.609,153.273,190.449,0.326,17.5083,89.9493
388.859,123.971,190.449,0.306,17.5259,90.0218
389.11,195.82,190.449,0.295,17.8106,90.0907
389.359,124.129,190.449,0.292,17.4993,90.1525
389.609,155.996,190.449,0.317,17.5019,90.2092
389.86,179.908,190.449,0.345,17.7981,90.2698
390.109,140.075,190.449,0.338,18.1496,90.3395
390.359,123.993,190.449,0.334,18.507,90.4026
390.609,148.027,190.449,0.331,18.1506,90.4633
390.86,183.203,190.449,0.331,17.7826,90.5212
391.109,188.783,190.449,0.333,17.8313,90.5726
391.359,188,190.449,0.332,18.0414,90.6307
391.561,198.752,190.449,0.323,18.1481,90.6761
391.809,144.748,190.449,0.32,17.8117,90.7421
392.06,131.812,190.449,0.318,18.1358,90.813
392.309,136.131,190.449,0.326,17.8161,90.8749
392.559,192.027,190.449,0.334,17.4969,90.947
392.809,127.996,190.449,0.36,17.4928,91.0138
393.06,179.822,190.449,0.368,17.5002,91.0857
393.309,132.186,190.449,0.336,17.8176,91.1625
393.51,209.266,190.449,0.317,17.7674,91.2096
393.76,152.331,190.449,0.315,17.4597,91.2832
394.009,132.081,190.449,0.317,17.7889,91.3435
394.259,139.976,190.449,0.318,17.7821,91.411
394.46,139.535,190.449,0.318,17.7939,91.4598
394.709,176.464,190.449,0.309,17.4694,91.5286
394.959,124.001,190.449,0.292,17.7853,91.5958
395.16,199.513,190.449,0.292,17.6829,91.6438
395.411,143.102,190.449,0.291,17.7961,91.7032
395.661,204.313,190.449,0.294,17.467,91.7727
395.909,144.969,190.449,0.306,17.7868,91.841
396.159,139.985,190.449,0.312,17.4682,91.912
396.409,124.002,190.449,0.318,17.5141,91.9797
396.659,148.014,190.449,0.324,17.8286,92.0393
396.909,132.027,190.449,0.303,17.8198,92.0994
397.159,143.968,190.449,0.281,18.1487,92.1552
397.361,193.012,190.449,0.282,18.1089,92.2124
397.609,165.405,190.449,0.266,17.7859,92.2829
397.859,131.98,190.449,0.275,17.4945,92.3556
398.109,128.004,190.449,0.299,17.8305,92.4225
398.359,135.985,190.449,0.326,17.8395,92.4782
398.561,149.009,190.449,0.34,17.8435,92.5237
398.809,176.982,190.449,0.351,18.1497,92.5731
399.012,231.815,190.449,0.359,18.006,92.6165
399.259,169.817,190.449,0.361,17.8143,92.6695
399.461,139.17,190.449,0.36,17.5019,92.713
399.709,152.696,190.449,0.359,17.4893,92.7682
399.96,179.886,190.449,0.363,17.1899,92.8273
400.209,136.131,190.449,0.342,17.5412,92.8943
400.46,123.924,190.449,0.342,17.8149,92.9603
400.661,218.043,190.449,0.351,17.8161,93.0119
400.909,157.256,190.449,0.37,17.1937,93.0772
401.16,167.612,190.449,0.38,17.1892,93.1406
401.409,128.292,190.449,0.419,16.8974,93.2107
401.659,135.934,190.449,0.454,16.9385,93.2874
401.909,124.065,190.449,0.5,17.0246,93.3507
402.159,147.95,190.449,0.539,17.2119,93.4229
402.36,114.568,190.449,0.585,17.5313,93.4781
402.609,140.459,190.449,0.643,17.1948,93.5526
402.859,123.973,190.449,0.69,17.5139,93.619
403.109,132.024,190.449,0.754,17.1598,93.6852
403.36,159.706,190.449,0.776,17.4963,93.759
403.609,144.28,190.449,0.702,18.4755,93.8299
403.859,139.975,190.449,0.643,18.4902,93.9053
404.109,136.01,190.449,0.567,18.8413,93.9705
404.359,119.982,190.449,0.523,18.4862,94.0441
404.61,183.892,190.449,0.458,18.4903,94.1084
404.859,136.084,190.449,0.409,18.8393,94.1771
405.109,136.007,190.449,0.341,18.8465,94.2536
405.359,127.99,190.449,0.301,18.4905,94.3255
405.611,158.945,190.449,0.259,18.8472,94.3961
405.859,136.909,190.449,0.236,18.4904,94.4709
406.109,144.019,190.449,0.232,18.4928,94.5472
406.359,123.995,190.449,0.239,18.4742,94.6154
406.609,140.021,190.449,0.256,18.1438,94.6828
406.859,123.967,190.449,0.275,18.4914,94.7585
407.109,184.021,190.449,0.299,18.1455,94.8244
407.359,123.989,190.449,0.306,17.8148,94.8973
407.609,183.958,190.449,0.338,17.7877,94.9674
407.86,239.719,190.449,0.36,17.4111,95.0421
408.109,148.225,190.449,0.398,16.8977,95.1012
408.359,135.977,190.449,0.424,16.8959,95.171
408.609,132.039,190.449,0.473,17.2284,95.2433
408.86,115.938,190.449,0.511,17.1988,95.3159
409.109,148.058,190.449,0.564,16.9205,95.3928
409.359,163.989,190.449,0.6,17.1652,95.4658
409.609,140.028,190.449,0.643,17.1932,95.5283
409.859,163.969,190.449,0.673,17.2904,95.6021
410.109,140.028,190.914,0.708,17.1968,95.6723
410.359,123.978,190.938,0.745,17.5393,95.7351
410.561,183.556,190.938,0.776,17.9152,95.7952
410.809,181.161,190.938,0.826,18.4966,95.8653
411.059,119.982,190.938,0.857,18.1538,95.9392
411.31,143.932,190.938,0.903,18.148,96.0073
411.56,167.983,190.938,0.934,17.5046,96.0785
411.809,132.072,190.938,0.921,17.1969,96.1485
412.059,123.998,190.938,0.917,17.1986,96.2214
412.309,168.034,190.938,0.922,16.8944,96.2903
412.559,135.974,190.938,0.926,16.8989,96.3626
412.809,124.028,190.938,0.939,16.935,96.4193
413.059,127.952,190.938,0.95,16.8982,96.4734
413.309,136.023,190.938,0.909,16.896,96.5178
413.559,132.001,190.957,0.884,18.1821,96.5538
413.809,124.027,190.957,0.873,17.1619,96.5589
414.06,131.91,190.957,0.875,17.1864,96.5601
414.309,144.096,190.957,0.876,17.5131,96.5611
414.559,143.967,190.984,0.873,17.8101,96.5625
414.809,148.021,190.984,0.868,17.7788,96.5635
415.06,223.785,190.984,0.866,17.7591,96.5651
415.309,176.098,190.984,0.866,17.4929,96.5674
415.559,184.053,190.988,0.86,16.8886,96.569
415.809,192.038,190.988,0.858,16.5496,96.5713
416.059,143.967,190.988,0.852,16.8876,96.5733
416.309,152.034,190.988,0.849,16.8917,96.5754
416.559,147.974,191.035,0.844,16.6255,96.5778
416.809,144.03,191.035,0.844,16.895,96.5806
417.059,183.907,191.035,0.86,17.1855,96.6214
417.309,200.097,191.035,0.938,17.0909,96.6775
417.559,139.978,191.035,0.979,17.5006,96.7312
417.809,200.021,191.082,1.027,17.5451,96.7904
418.061,139.277,191.082,1.031,18.1556,96.8566
418.309,172.905,191.082,1.037,18.1121,96.9207
418.56,195.878,191.082,1.051,18.0448,96.9874
418.809,132.083,191.109,1.079,18.1172,97.0571
419.059,139.976,191.109,1.105,18.1763,97.1286
419.309,124.025,191.109,1.07,18.4917,97.2021
419.56,139.915,191.109,1.042,18.1479,97.2697
419.809,196.117,191.125,0.997,18.0708,97.3391
420.062,146.367,190.527,0.968,18.2549,97.4069
420.309,165.849,190.625,0.934,17.5001,97.4752
420.562,146.664,190.625,0.908,17.5103,97.5512
420.809,169.548,190.68,0.88,17.1437,97.6165
421.06,127.769,190.68,0.856,16.8966,97.686
421.309,132.239,190.68,0.817,17.194,97.7591
421.56,191.827,190.68,0.798,17.1634,97.8297
421.809,140.128,190.691,0.756,17.1397,97.8948
422.06,135.752,190.691,0.731,17.1928,97.9624
422.309,132.242,190.691,0.689,17.1933,98.0366
422.56,135.906,190.691,0.662,16.8992,98.1152
422.809,144.099,190.742,0.625,16.9208,98.1846
423.06,131.788,190.742,0.609,16.9231,98.2586
423.309,140.224,190.742,0.582,17.1894,98.33
423.559,127.99,190.742,0.566,17.4992,98.4079
423.809,152.013,190.754,0.536,17.8173,98.4801
424.059,127.968,190.754,0.509,17.8167,98.5468
424.309,136.038,190.754,0.495,17.8644,98.6224
424.561,155.08,190.754,0.484,17.8777,98.6978
424.809,156.928,190.754,0.497,17.8164,98.7695
425.059,147.958,190.754,0.503,17.8109,98.8395
425.309,132.037,190.754,0.539,18.1411,98.9168
425.56,139.72,190.754,0.563,17.81,98.9872
425.809,144.291,190.754,0.609,17.7872,99.0608
426.06,131.909,190.754,0.645,17.8094,99.1299
426.31,163.82,190.754,0.703,17.7572,99.2073
426.56,152.127,190.754,0.747,17.4802,99.2841
426.81,156.025,190.754,0.706,17.1653,99.3505
427.059,176.053,190.754,0.677,17.1876,99.4252
427.261,168.639,190.754,0.642,17.1747,99.4784
427.509,161.118,190.754,0.588,16.8809,99.5472
427.76,131.909,190.754,0.561,16.6075,99.6201
428.009,148.103,190.793,0.499,16.908,99.6903
428.265,148.94,190.793,0.456,16.8984,99.7534
428.509,167.438,190.793,0.408,16.9013,99.8244
428.761,147.285,190.793,0.38,16.8986,99.8945
429.009,172.84,190.793,0.324,16.591,99.9687
429.261,179.004,190.793,0.301,16.9083,100.038
429.509,164.858,190.793,0.287,17.1892,100.112
429.76,143.952,190.793,0.284,16.9004,100.175
430.009,144.101,190.793,0.287,17.1836,100.232
430.26,179.743,190.793,0.291,17.5033,100.292
430.509,188.267,190.793,0.298,17.2006,100.353
430.76,147.529,190.793,0.309,17.2061,100.417
431.009,188.613,190.793,0.315,17.174,100.478
431.261,151.177,190.793,0.318,17.2294,100.536
431.509,176.952,190.793,0.328,17.1913,100.598
431.76,143.804,190.793,0.345,16.936,100.66
432.009,140.19,190.793,0.362,17.2146,100.717
432.26,139.389,190.793,0.357,17.2705,100.775
432.509,144.638,190.793,0.348,17.1941,100.837
432.76,127.508,190.793,0.337,17.5002,100.897
433.009,144.525,190.793,0.333,17.5013,100.959
433.261,139.099,190.793,0.337,17.8185,101.013
433.51,164.937,190.793,0.329,17.8201,101.072
433.76,168.047,190.793,0.312,17.8446,101.132
434.009,140.104,190.793,0.315,17.8167,101.197
434.26,131.762,190.801,0.322,17.8236,101.271
434.509,132.251,190.801,0.333,18.1487,101.345
434.76,143.751,190.801,0.356,17.8204,101.409
435.009,132.214,190.801,0.365,17.8176,101.479
435.259,187.916,190.824,0.375,17.8116,101.548
435.461,134.297,190.824,0.383,17.501,101.607
435.709,132.616,190.824,0.387,17.5006,101.673
435.961,174.981,190.824,0.398,17.4658,101.743
436.21,140.737,190.824,0.409,17.7986,101.815
436.465,148.985,190.824,0.401,18.1464,101.883
436.709,167.489,190.824,0.392,18.1503,101.952
436.96,131.67,190.824,0.392,18.4904,102.03
437.209,196.49,190.824,0.387,18.489,102.099
437.459,123.972,190.824,0.385,18.1452,102.172
437.711,167.267,190.824,0.383,18.4877,102.24
437.96,148.401,190.824,0.382,18.2315,102.317
438.209,188.363,190.824,0.376,18.1477,102.385
438.46,131.923,190.824,0.372,18.4906,102.451
438.71,123.995,190.824,0.37,18.2133,102.527
438.96,139.814,190.824,0.37,17.838,102.605
439.21,132.154,190.824,0.369,17.8181,102.676
439.46,139.78,190.824,0.372,17.5063,102.747
439.709,172.408,190.824,0.375,17.4678,102.815
439.96,127.522,190.824,0.379,17.5403,102.892
440.209,144.541,191.168,0.381,17.4989,102.968
440.46,123.664,191.344,0.381,17.5011,103.035
440.709,144.393,191.348,0.384,17.4932,103.108
440.96,131.867,191.348,0.387,17.5677,103.182
441.209,188.2,191.348,0.39,17.5012,103.251
441.459,127.946,191.348,0.391,17.4994,103.319
441.71,151.951,191.348,0.392,17.5006,103.386
441.959,160.046,191.348,0.392,17.4998,103.454
442.21,143.904,191.348,0.388,17.8164,103.526
442.46,176.003,191.348,0.378,17.8387,103.597
442.661,164.052,191.348,0.373,17.8174,103.655
442.909,185.012,191.348,0.369,17.4698,103.719
443.16,183.812,191.348,0.363,17.4717,103.795
443.409,132.162,191.348,0.36,17.1676,103.869
443.663,154.045,191.348,0.353,17.1747,103.936
443.909,166.131,191.348,0.346,16.8957,104.004
444.161,139.292,191.348,0.344,16.8946,104.074
444.409,172.861,191.422,0.342,16.6028,104.151
444.66,131.782,191.422,0.342,16.3313,104.224
444.909,136.153,191.422,0.341,16.6086,104.291
445.16,135.745,191.422,0.338,16.3472,104.362
445.409,124.294,191.422,0.328,16.1276,104.432
445.659,191.917,191.422,0.321,16.3326,104.504
445.909,128.057,191.422,0.282,16.0898,104.577
446.159,143.941,191.422,0.299,16.3464,104.647
446.409,168.068,191.422,0.296,16.6093,104.718
446.61,149.602,191.422,0.292,16.314,104.778
446.859,172.318,191.422,0.265,16.5473,104.847
447.109,128.039,191.422,0.283,16.3172,104.921
447.36,139.711,191.422,0.289,16.9032,104.988
447.609,144.294,191.422,0.292,16.9062,105.05
447.859,131.944,191.422,0.309,17.2018,105.113
448.109,148.054,191.422,0.321,17.196,105.171
448.311,188.26,191.422,0.344,17.1989,105.221
448.559,201.454,191.422,0.372,17.4775,105.277
448.809,140.036,191.422,0.386,17.5012,105.329
449.059,143.964,191.422,0.414,17.5011,105.384
449.26,134.483,191.422,0.423,17.5029,105.426
449.509,144.478,191.422,0.435,18.2059,105.482
449.759,139.962,191.422,0.437,18.491,105.541
450.009,136.032,191.422,0.434,18.128,105.603
450.259,171.969,190.801,0.434,18.1,105.672
450.509,136.025,190.898,0.421,17.818,105.743
450.759,131.985,190.898,0.416,17.4991,105.819
450.96,154.169,190.898,0.406,17.5,105.867
451.209,164.728,190.898,0.406,17.5393,105.923
451.459,171.929,190.898,0.412,17.5016,105.992
451.709,144.065,190.898,0.419,17.4997,106.061
451.96,135.55,190.898,0.431,17.4992,106.133
452.209,176.583,190.898,0.437,17.1884,106.202
452.459,127.977,190.898,0.443,17.1878,106.271
452.662,192.834,190.898,0.445,17.192,106.332
452.909,177.625,190.898,0.446,16.6038,106.408
453.16,135.853,190.898,0.446,16.9249,106.474
453.409,136.152,190.898,0.446,17.4988,106.546
453.66,135.53,190.898,0.446,17.497,106.615
453.909,168.549,190.898,0.446,17.6045,106.691
454.159,135.996,190.898,0.446,17.1945,106.769
454.409,124.026,190.898,0.443,17.5089,106.838
454.66,147.787,190.898,0.438,17.4978,106.908
454.91,128.109,190.898,0.436,17.6048,106.985
455.161,198.505,190.898,0.434,17.8164,107.056
455.409,145.179,190.898,0.434,17.8206,107.126
455.66,155.878,190.898,0.433,18.4853,107.19
455.909,172.109,190.898,0.433,18.1491,107.265
456.159,131.977,190.898,0.433,18.1488,107.341
456.409,132.064,190.898,0.433,17.8192,107.413
456.659,135.949,190.898,0.433,18.1461,107.485
456.909,132.03,190.898,0.433,18.4923,107.554
457.16,175.73,190.898,0.433,18.0996,107.629
457.409,128.19,190.898,0.408,18.4881,107.702
457.66,143.405,190.898,0.351,18.4905,107.77
457.909,124.508,190.898,0.322,18.1478,107.844
458.16,139.677,190.898,0.289,18.4909,107.923
458.409,124.304,190.898,0.276,18.1675,107.994
458.659,180.006,190.898,0.266,18.4897,108.066
458.909,127.973,190.898,0.268,18.4911,108.133
459.159,131.978,190.898,0.274,18.1491,108.205
459.409,188.053,190.898,0.277,17.7789,108.28
459.661,147.016,190.898,0.286,17.8178,108.345
459.909,161.037,190.898,0.29,17.8649,108.418
460.16,167.75,190.898,0.292,17.5042,108.484
460.409,132.234,190.898,0.295,17.501,108.545
460.66,131.825,190.898,0.303,17.5004,108.613
460.909,136.155,190.898,0.312,17.4995,108.682
461.161,206.947,190.898,0.329,17.7389,108.746
461.409,132.705,190.898,0.343,17.1947,108.808
461.663,181.271,190.898,0.361,17.506,108.874
461.909,170.567,190.898,0.388,17.4563,108.951
462.159,140.036,190.898,0.437,17.5049,109.022
462.409,127.989,190.898,0.472,17.5035,109.098
462.659,135.961,190.898,0.495,17.502,109.173
462.909,135.96,190.898,0.491,17.5207,109.243
463.159,132.024,190.898,0.487,17.503,109.319
463.409,132.026,190.898,0.484,17.5048,109.392
463.66,167.533,190.898,0.486,17.5024,109.459
463.909,128.343,190.898,0.481,17.198,109.535
464.159,135.998,190.898,0.477,17.8181,109.612
464.409,128.02,190.898,0.47,17.8241,109.677
464.66,147.905,190.898,0.462,17.8697,109.745
464.91,143.955,190.898,0.461,17.834,109.813
465.16,159.825,190.898,0.46,17.8194,109.89
465.41,175.838,190.898,0.46,18.1463,109.957
465.659,156.393,190.898,0.459,18.4885,110.012
465.91,143.92,190.898,0.459,18.4918,110.062
466.159,156.094,190.898,0.459,18.5166,110.106
466.36,119.643,190.898,0.46,18.853,110.133
466.609,136.38,190.898,0.46,18.4959,110.138
466.859,135.981,190.898,0.461,18.4908,110.139
467.109,140.005,190.898,0.46,18.1509,110.14
467.359,175.951,190.898,0.458,18.4934,110.141
467.609,144.055,190.898,0.457,18.1501,110.143
467.86,143.839,190.898,0.451,18.1523,110.145
468.109,136.131,190.898,0.45,18.1545,110.147
468.359,131.99,190.898,0.449,18.1539,110.15
468.609,176.007,190.898,0.451,18.845,110.153
468.86,147.811,190.898,0.451,18.1156,110.155
469.109,148.201,190.898,0.449,17.7772,110.157
469.359,135.977,190.898,0.452,18.1092,110.159
469.61,215.589,190.898,0.453,18.0472,110.162
469.861,195.008,190.898,0.454,17.7863,110.166
470.109,157.118,190.898,0.458,17.4695,110.188
470.36,139.793,190.898,0.485,17.465,110.243
470.609,152.245,191.391,0.502,17.4366,110.3
470.811,188.81,191.391,0.513,17.4436,110.341
471.059,152.756,191.391,0.52,17.1627,110.403
471.309,132.02,191.391,0.518,17.1625,110.473
471.56,143.913,191.391,0.515,17.1938,110.541
471.809,136.089,191.391,0.514,17.4938,110.614
472.059,171.902,191.391,0.513,17.4749,110.683
472.261,154.193,191.391,0.513,16.9017,110.746
472.509,164.748,191.391,0.513,16.9162,110.817
472.76,187.927,191.391,0.513,16.8034,110.894
473.009,128.071,191.391,0.513,17.1981,110.969
473.26,135.858,191.391,0.513,17.2003,111.041
473.461,184.133,191.391,0.513,17.2249,111.104
473.709,148.705,191.391,0.512,17.2558,111.175
473.96,179.726,191.391,0.504,17.1698,111.251
474.209,168.25,191.391,0.466,16.556,111.327
474.459,131.989,191.391,0.407,16.9006,111.397
474.709,144.024,191.391,0.377,16.6098,111.476
474.959,127.974,191.391,0.356,16.6328,111.545
475.209,136.03,191.391,0.343,16.892,111.618
475.459,127.965,191.391,0.343,17.2046,111.691
475.709,172.012,191.391,0.343,17.1849,111.763
475.959,187.959,191.391,0.343,17.1535,111.839
476.209,128.051,191.391,0.344,16.9033,111.912
476.459,131.955,191.391,0.344,17.3162,111.982
476.66,189.339,191.391,0.345,16.9022,112.046
476.909,176.502,191.391,0.346,17.5009,112.116
477.16,147.932,191.391,0.309,17.4998,112.191
477.409,124.069,191.391,0.292,17.8154,112.262
477.659,143.974,191.391,0.269,17.5044,112.323
477.909,140.036,191.391,0.278,17.4827,112.384
478.159,131.998,191.391,0.304,17.5108,112.446
478.41,227.818,191.391,0.32,17.3897,112.51
478.66,184.07,191.391,0.377,17.1994,112.577
478.909,132.06,191.391,0.434,17.1952,112.647
479.159,131.967,191.391,0.49,17.2074,112.715
479.36,139.304,191.391,0.484,17.1858,112.767
479.609,172.752,191.391,0.471,17.2169,112.84
479.86,131.865,191.391,0.456,17.1944,112.911
480.109,136.097,191.391,0.456,17.1976,112.982
480.359,128.012,191.391,0.452,17.1979,113.057
480.609,188.043,190.895,0.446,17.1388,113.13
480.859,167.964,190.895,0.436,16.8811,113.199
481.06,179.198,190.895,0.425,16.6143,113.26
481.309,152.582,190.895,0.422,16.6546,113.333
481.559,131.968,190.895,0.421,17.197,113.399
481.809,132.019,190.895,0.416,16.8888,113.466
482.059,179.974,190.898,0.408,17.1256,113.533
482.309,176.023,190.898,0.404,16.5366,113.603
482.559,135.983,190.898,0.397,16.8895,113.672
482.809,132.045,190.898,0.395,17.1819,113.74
483.059,175.921,190.898,0.393,17.1475,113.814
483.309,128.047,190.898,0.392,17.1892,113.883
483.559,139.969,190.898,0.392,17.874,113.959
483.809,132.015,190.898,0.392,18.1372,114.026
484.059,143.969,190.898,0.39,18.1457,114.094
484.309,172.036,190.898,0.386,17.8099,114.169
484.559,123.991,190.898,0.384,18.1664,114.239
484.809,148.018,190.898,0.379,17.8726,114.315
485.059,131.973,190.898,0.372,18.1521,114.389
485.309,140.032,190.898,0.37,18.1433,114.46
485.559,135.97,190.898,0.369,17.8243,114.527
485.809,124.023,190.898,0.369,18.1975,114.598
486.059,147.973,190.898,0.362,17.8211,114.672
486.309,128.026,190.898,0.358,17.4814,114.747
486.559,139.951,190.898,0.353,17.5078,114.811
486.809,132.053,190.898,0.354,17.5036,114.878
487.061,146.96,190.898,0.356,17.8321,114.941
487.31,221.004,190.898,0.36,17.5026,115.001
487.56,196.371,190.898,0.369,17.4978,115.058
487.809,180.116,190.898,0.378,17.5017,115.114
488.059,155.94,190.898,0.397,17.5012,115.166
488.309,155.986,190.898,0.406,17.5069,115.222
488.559,168.039,190.898,0.413,17.5027,115.273
488.81,151.918,190.898,0.411,17.5081,115.328
489.059,188.08,190.898,0.417,17.5006,115.381
489.309,136.051,190.898,0.416,17.5011,115.433
489.559,183.937,190.898,0.394,17.5076,115.495
489.809,124.006,190.898,0.382,17.1943,115.567
490.059,140.005,190.898,0.369,16.9496,115.624
490.309,176.042,190.898,0.369,16.288,115.692
490.559,131.964,190.898,0.369,16.9631,115.76
490.809,136.034,190.898,0.35,16.8837,115.835
491.059,139.968,190.898,0.366,17.1928,115.901
491.309,132.027,190.898,0.373,17.2321,115.969
491.56,147.445,190.898,0.374,17.4969,116.045
491.809,164.625,190.898,0.371,17.5122,116.119
492.061,175.053,190.898,0.369,17.5005,116.19
492.309,180.997,190.898,0.369,17.4387,116.266
492.559,127.967,190.898,0.367,17.8097,116.335
492.809,144,190.898,0.363,17.8071,116.411
493.062,150.346,190.898,0.354,18.1515,116.485
493.309,234.606,190.898,0.347,18.0953,116.56
493.559,131.978,190.898,0.344,17.8411,116.63
493.809,128.017,190.898,0.342,17.822,116.701
494.059,139.982,190.898,0.342,17.5042,116.771
494.309,128.023,190.898,0.342,17.1724,116.848
494.559,147.976,190.898,0.343,17.1863,116.914
494.809,132.003,190.898,0.35,17.1829,116.984
495.059,136.003,190.898,0.347,17.5098,117.053
495.309,127.973,190.898,0.343,17.4968,117.119
495.559,140.032,190.898,0.338,17.5011,117.191
495.81,123.952,190.898,0.339,17.8111,117.259
496.059,128.039,190.898,0.34,18.2501,117.328
496.309,155.961,190.898,0.341,18.1465,117.401
496.559,192.042,190.898,0.348,18.1072,117.472
496.809,140.018,190.898,0.356,17.8026,117.545
497.059,127.994,190.898,0.361,18.1626,117.614
497.31,131.946,190.898,0.365,18.177,117.68
497.559,144.051,190.898,0.366,17.8284,117.756
497.809,124,190.898,0.368,17.8129,117.824
498.059,140.003,190.898,0.374,17.4999,117.899
498.309,135.99,190.898,0.379,17.8051,117.975
498.559,172.002,190.898,0.382,17.8161,118.044
498.809,132.031,190.898,0.388,17.4949,118.118
499.059,123.974,190.898,0.389,17.8238,118.192
499.26,154.231,190.898,0.39,18.1889,118.248
499.509,168.734,190.898,0.397,18.1519,118.323
499.759,131.945,190.898,0.4,18.5036,118.387
499.964,180.453,190.898,0.402,18.4949,118.45
500.209,167.428,190.898,0.404,18.7957,118.52
500.46,139.774,190.898,0.405,18.1479,118.595
500.709,136.22,190.898,0.394,18.1565,118.667
500.959,131.959,190.898,0.393,18.1446,118.733
501.209,132.035,190.898,0.392,18.143,118.809
501.459,163.986,190.898,0.388,18.4927,118.879
501.66,149.28,190.898,0.371,18.1524,118.931
501.861,144.272,190.898,0.37,18.1253,118.989
502.109,193.502,190.898,0.343,17.44,119.059
502.359,176.006,190.898,0.328,17.4169,119.135
502.61,127.929,190.898,0.306,17.5014,119.204
502.859,136.071,190.898,0.291,17.28,119.276
503.109,128.019,190.898,0.285,17.5013,119.342
503.36,175.883,191.188,0.286,17.4937,119.401
503.609,152.11,191.402,0.28,17.19,119.465
503.86,123.895,191.402,0.28,16.9023,119.531
504.109,132.112,191.402,0.282,16.8989,119.592
504.359,131.971,191.402,0.293,16.6106,119.661
504.609,132.017,190.906,0.31,16.6,119.726
504.81,144.58,190.906,0.316,16.8927,119.779
505.06,160.247,190.91,0.355,16.9566,119.842
505.309,144.158,190.91,0.391,16.9053,119.906
505.559,123.957,190.91,0.42,16.6232,119.983
505.809,131.963,190.91,0.455,16.8965,120.048
506.059,180.03,190.91,0.471,16.6228,120.115
506.261,143.639,190.91,0.487,16.933,120.177
506.509,165.303,190.91,0.496,17.1848,120.242
506.761,134.891,190.91,0.508,17.5033,120.317
507.009,157.295,190.91,0.539,17.1894,120.383
507.259,131.955,190.91,0.558,17.5024,120.452
507.509,128.039,190.91,0.569,17.8087,120.526
507.76,131.932,190.91,0.572,18.4938,120.59
508.009,128.069,190.91,0.576,18.4975,120.648
508.26,123.911,190.91,0.581,18.4971,120.696
508.509,184.137,190.91,0.594,18.4783,120.735
508.759,123.975,190.91,0.599,18.5061,120.762
509.009,132.019,190.91,0.605,18.5167,120.764
509.259,135.966,190.91,0.599,18.5167,120.765
509.51,135.939,190.91,0.602,18.1548,120.766
509.759,176.087,190.91,0.606,18.1456,120.767
510.009,140.035,190.91,0.613,18.1462,120.768
510.31,166.381,190.91,0.616,18.8566,120.771
510.56,140.002,190.91,0.615,18.0134,120.772
510.809,132.254,190.91,0.617,17.6866,120.772
511.061,186.463,190.91,0.618,18.3523,120.773
511.31,177.377,190.91,0.619,18.0139,120.775
511.56,187.898,190.91,0.621,18.2936,120.776
511.81,159.91,190.91,0.622,17.6837,120.778
512.06,160.155,190.91,0.623,17.0759,120.78
512.309,140.105,190.91,0.626,17.3784,120.782
512.561,147.181,190.91,0.625,17.6879,120.785
512.81,188.624,190.91,0.624,17.6858,120.786
513.059,184.326,190.91,0.624,16.7752,120.787
513.309,148.071,190.91,0.6,15.7095,120.804
513.56,139.777,190.91,0.566,16.9006,120.861
513.809,152.2,190.91,0.535,16.8994,120.915
514.059,135.995,190.91,0.519,16.6193,120.974
514.309,136.01,190.91,0.52,16.6174,121.037
514.56,147.802,190.91,0.533,17.1948,121.101
514.809,160.279,190.91,0.56,17.4996,121.176
515.061,143.066,190.91,0.549,17.4954,121.244
515.309,169.021,190.91,0.514,17.2056,121.314
515.559,148.013,190.91,0.501,17.4922,121.384
515.809,127.989,190.91,0.47,18.1478,121.453
516.06,127.878,190.91,0.456,18.1532,121.525
516.31,203.928,190.91,0.412,17.8229,121.599
516.56,148.064,190.91,0.383,17.5044,121.664
516.761,139.194,190.91,0.356,17.1848,121.716
517.01,140.671,190.91,0.318,17.2003,121.775
517.259,140.117,190.91,0.293,17.5007,121.841
517.463,157.284,190.91,0.264,17.1923,121.903
517.709,210.915,190.91,0.257,17.4317,121.972
517.96,123.831,190.91,0.259,16.6079,122.041
518.209,144.205,190.91,0.271,16.6186,122.099
518.412,182.616,190.91,0.283,16.6106,122.149
518.66,157.357,190.91,0.293,16.0561,122.21
518.909,128.265,190.91,0.301,16.0721,122.266
519.16,191.645,190.91,0.308,15.8086,122.326
519.41,135.693,190.91,0.317,16.3325,122.386
519.66,136.02,190.91,0.322,16.8962,122.454
519.909,128.502,190.91,0.327,16.8963,122.527
520.16,187.895,190.91,0.328,16.882,122.598
520.409,164.098,190.91,0.329,16.6111,122.675
520.66,143.902,190.91,0.334,16.8951,122.747
520.909,128.092,190.91,0.339,17.1988,122.815
521.159,131.963,190.91,0.34,17.5014,122.891
521.409,136.056,190.91,0.342,18.1489,122.961
521.66,139.657,190.91,0.347,18.146,123.035
521.909,164.306,190.91,0.364,18.1423,123.106
522.16,135.501,190.91,0.38,18.4891,123.174
522.409,172.751,190.91,0.431,18.4442,123.25
522.66,187.576,190.91,0.45,17.817,123.322
522.909,204.431,190.91,0.449,17.7801,123.387
523.16,139.867,190.91,0.446,17.2085,123.46
523.409,128.108,190.91,0.441,17.4929,123.528
523.662,181.978,190.91,0.42,17.4988,123.601
523.91,145.493,190.91,0.424,16.8968,123.676
524.159,156.093,190.91,0.442,16.6156,123.74
524.409,136.018,190.91,0.465,16.3334,123.817
524.659,131.949,190.91,0.489,16.3337,123.891
524.909,132.051,190.91,0.511,16.6142,123.962
525.16,131.784,190.91,0.511,16.6083,124.036
525.41,172.167,190.91,0.47,17.1846,124.102
525.66,183.413,190.91,0.441,16.6095,124.177
525.91,160.069,190.91,0.41,16.8971,124.255
526.159,144.482,190.91,0.394,17.1881,124.326
526.409,123.999,190.91,0.393,17.5016,124.402
526.66,139.77,190.91,0.398,18.1477,124.471
526.909,132.229,190.91,0.4,18.1472,124.549
527.16,127.86,190.91,0.398,17.8137,124.622
527.409,132.132,190.91,0.395,17.8209,124.691
527.659,131.989,190.91,0.393,17.8127,124.766
527.909,136.017,190.91,0.392,17.8127,124.841
528.159,127.997,190.91,0.392,18.1549,124.91
528.409,136.013,190.91,0.392,18.4958,124.982
528.66,131.561,190.91,0.392,18.8521,125.055
528.91,136.283,190.91,0.393,18.8439,125.126
529.16,215.927,190.91,0.396,18.4858,125.202
529.409,128.173,190.91,0.4,18.8473,125.272
529.66,179.481,190.91,0.401,18.4872,125.341
529.909,124.385,190.91,0.402,18.4973,125.415
530.159,131.997,190.91,0.403,18.4907,125.484
530.409,131.957,190.91,0.404,18.4972,125.557
530.663,181.475,190.91,0.408,18.4892,125.628
530.909,170.391,190.91,0.414,18.1504,125.695
531.159,124.01,190.91,0.419,17.8191,125.77
531.409,132.007,190.91,0.433,17.8202,125.834
531.66,131.651,190.91,0.439,17.5045,125.906
531.91,124.293,190.91,0.447,17.5135,125.975
532.162,170.313,190.91,0.45,17.8161,126.043
532.409,133.371,190.91,0.457,17.8438,126.118
532.662,170.119,190.91,0.461,18.1511,126.184
532.91,141.449,190.91,0.475,17.5027,126.244
533.159,132.1,190.91,0.48,17.5062,126.294
533.361,138.847,190.91,0.49,17.1889,126.325
533.609,161.088,190.91,0.494,17.5096,126.362
533.861,131.379,190.91,0.498,17.4998,126.367
534.109,172.817,191.379,0.5,17.8213,126.369
534.36,123.735,191.379,0.503,17.8179,126.372
534.609,156.343,191.379,0.505,17.8059,126.374
534.86,119.874,191.379,0.505,17.5056,126.375
535.109,124.121,190.883,0.5,17.1899,126.376
535.36,123.776,190.895,0.499,17.1905,126.377
535.609,140.261,190.895,0.5,17.8209,126.379
535.859,127.981,190.895,0.498,17.822,126.381
536.109,144.011,190.895,0.491,17.4975,126.382
536.36,123.924,190.895,0.497,17.8155,126.385
536.609,188.09,190.895,0.488,17.8176,126.386
536.86,127.949,190.895,0.489,17.5065,126.388
537.109,152.07,190.895,0.489,17.4975,126.39
537.359,132.002,190.895,0.487,18.4843,126.392
537.609,140.021,190.895,0.487,18.2395,126.393
537.86,131.911,190.895,0.486,18.9996,126.394
538.109,188.091,190.895,0.483,18.5757,126.397
538.36,135.77,190.895,0.486,18.2991,126.399
538.609,236.483,190.895,0.488,17.9299,126.402
538.859,179.923,190.895,0.488,17.6414,126.404
539.109,144.053,190.895,0.493,16.9877,126.405
539.36,135.852,190.895,0.496,17.0237,126.408
539.609,160.174,190.895,0.5,16.4463,126.411
539.859,131.962,190.895,0.5,17.0153,126.451
540.109,156.012,190.895,0.486,17.0222,126.504
540.359,131.956,190.895,0.481,16.9012,126.564
540.61,143.775,190.895,0.441,16.8931,126.63
540.86,156.228,190.895,0.427,16.8973,126.702
541.109,152.098,190.895,0.418,17.1837,126.765
541.36,163.603,190.898,0.424,17.1773,126.829
541.609,148.366,190.898,0.435,17.8035,126.906
541.861,142.938,190.898,0.443,18.4988,126.97
542.109,173.28,190.898,0.45,18.8494,127.033
542.36,123.869,190.898,0.449,18.8426,127.107
542.609,156.172,190.898,0.455,19.217,127.179
542.86,163.712,190.898,0.459,18.4769,127.248
543.109,132.227,190.898,0.465,18.4786,127.323
543.359,131.944,190.898,0.467,18.8867,127.394
543.61,159.961,190.898,0.468,18.8359,127.466
543.86,159.617,190.898,0.469,18.8435,127.536
544.061,174.14,190.898,0.469,19.2286,127.592
544.309,140.991,190.898,0.468,18.8482,127.669
544.559,139.958,190.898,0.464,18.8945,127.733
544.762,158.131,190.898,0.462,18.8458,127.786
545.009,197.827,190.898,0.465,18.473,127.848
545.26,171.449,190.898,0.456,18.1551,127.922
545.509,136.507,190.898,0.45,18.6457,127.992
545.759,175.923,190.898,0.434,18.1251,128.066
546.009,136.055,190.898,0.42,17.8166,128.142
546.26,127.784,190.898,0.418,17.8102,128.208
546.509,132.235,190.898,0.393,17.5271,128.281
546.76,143.786,190.898,0.389,17.5007,128.351
547.009,128.185,190.898,0.357,17.8025,128.418
547.26,179.308,190.898,0.341,17.5008,128.49
547.509,136.527,190.898,0.327,17.1848,128.551
547.76,139.886,190.898,0.319,17.4942,128.609
548.009,140.112,190.898,0.312,17.8686,128.674
548.259,135.939,190.898,0.311,18.4953,128.736
548.51,183.863,190.898,0.317,18.7746,128.798
548.76,215.899,190.898,0.325,18.3894,128.863
549.009,148.246,190.898,0.335,18.4888,128.918
549.26,139.856,190.898,0.343,18.1495,128.972
549.46,139.398,190.898,0.309,18.1776,129.015
549.71,188.555,190.898,0.278,17.8214,129.071
549.96,140.081,190.898,0.282,17.5004,129.132
550.209,140.133,190.898,0.295,17.5006,129.202
550.46,123.886,190.898,0.311,17.8286,129.257
550.662,148.188,190.898,0.32,17.8214,129.31
550.909,137.472,190.898,0.33,17.8171,129.378
551.16,131.74,190.898,0.336,17.8188,129.454
551.409,132.257,190.898,0.343,17.841,129.521
551.662,162.552,190.898,0.351,17.8164,129.591
551.909,137.233,190.898,0.366,18.1721,129.665
552.159,143.924,190.898,0.378,18.5101,129.735
552.36,124.47,190.898,0.385,18.5302,129.796
552.609,140.548,190.898,0.405,19.2037,129.869
552.859,127.966,190.898,0.42,19.2133,129.94
553.109,132.034,190.898,0.449,19.1923,130.014
553.36,135.553,190.898,0.483,19.2284,130.084
553.609,180.595,190.898,0.536,18.8189,130.16
553.86,179.708,190.898,0.54,18.1246,130.231
554.109,132.217,190.898,0.539,17.8021,130.304
554.36,159.283,190.898,0.541,18.1516,130.378
554.609,144.649,190.898,0.55,17.8257,130.448
554.86,123.913,190.898,0.555,17.503,130.518
555.109,148.104,190.898,0.559,17.5016,130.593
555.31,199.372,190.898,0.56,17.4954,130.648
555.56,140.268,190.898,0.561,17.205,130.724
555.81,151.922,190.898,0.562,17.1939,130.794
556.06,151.692,190.898,0.567,16.9001,130.867
556.309,144.452,190.898,0.572,16.8755,130.944
556.56,119.814,190.898,0.574,17.8498,131.014
556.81,176.011,190.898,0.576,17.8192,131.088
557.06,128.032,190.898,0.58,17.8107,131.151
557.309,136.135,190.898,0.58,18.1525,131.225
557.559,131.989,190.898,0.55,18.1517,131.298
557.809,136.015,190.898,0.484,18.1492,131.357
558.06,123.618,190.898,0.447,17.8309,131.407
558.309,124.398,190.898,0.388,18.1516,131.452
558.56,127.654,190.898,0.355,18.1515,131.487
558.809,136.354,190.898,0.355,18.493,131.493
559.059,175.975,190.898,0.351,18.4662,131.493
559.262,128.662,190.898,0.355,18.1504,131.494
559.509,149.285,190.898,0.354,18.4953,131.496
559.759,139.971,190.898,0.341,18.1495,131.497
560.009,132.012,190.898,0.341,18.4782,131.499
560.26,139.925,190.898,0.341,18.848,131.501
560.509,148.029,190.898,0.341,19.216,131.502
560.759,168.021,190.898,0.328,18.8471,131.504
561.009,140.034,190.898,0.327,18.8468,131.505
561.262,249.306,190.898,0.327,18.4765,131.507
561.509,169.857,190.898,0.322,17.5296,131.509
561.76,183.254,190.898,0.318,17.4974,131.51
562.009,140.533,190.898,0.318,17.1926,131.511
