time,cpu,memory,obstacle_distance,cmd_vel_frequency,distance_travelled
0.213494,0,170.434,0.257,0,0
0.463996,183.631,170.707,0.257,0,0
0.710522,219.044,170.707,0.257,0,0
0.960437,200.068,171.84,0.257,0,0
1.16554,151.145,172.023,0.257,20.4438,2.98785e-05
1.41257,174.067,172.059,0.289,15.5291,0.044037
1.66044,213.816,172.059,0.345,12.4456,0.116656
1.86386,162.231,172.059,0.407,12.7086,0.175056
2.11044,186.554,172.676,0.456,13.4756,0.251778
2.36361,161.941,172.676,0.456,13.7466,0.307436
2.61065,234.787,172.676,0.456,13.4226,0.397824
2.86043,196.174,172.676,0.456,13.2337,0.468942
3.11064,175.85,173.289,0.456,12.8135,0.543994
3.36064,152,173.289,0.456,13.696,0.620044
3.61038,124.13,173.293,0.456,14.0748,0.690489
3.86057,203.844,173.316,0.456,14.0472,0.764727
4.11037,124.096,173.902,0.456,14.3948,0.835578
4.36042,159.97,173.902,0.456,14.3009,0.912305
4.56123,159.351,173.902,0.456,14.4768,0.973981
4.81042,140.46,173.914,0.456,15.597,1.04448
5.06047,143.969,174.492,0.456,16.077,1.1184
5.31051,139.98,174.492,0.456,16.618,1.19477
5.56224,198.62,174.496,0.452,16.918,1.25056
5.81057,161.076,174.496,0.451,17.4993,1.3408
6.06039,180.128,175.074,0.451,17.8114,1.41131
6.31038,140.009,175.074,0.433,17.4993,1.48437
6.56124,143.506,175.078,0.404,17.8174,1.56028
6.81059,212.548,175.078,0.357,17.8192,1.6311
7.06038,196.165,175.676,0.343,18.1449,1.70545
7.31306,170.181,175.68,0.335,17.817,1.78254
7.56038,161.729,175.68,0.331,17.4988,1.8518
7.81038,128.001,175.68,0.329,17.192,1.92726
8.0118,153.907,175.68,0.32,17.1882,1.98377
8.26038,168.964,176.254,0.316,16.8919,2.05606
8.51037,128.001,176.254,0.312,17.5346,2.13198
8.76073,183.74,176.254,0.302,17.48,2.19805
9.01064,132.044,176.254,0.297,17.1988,2.26919
9.26048,196.129,176.664,0.299,17.1809,2.34004
9.46417,157.105,176.688,0.301,16.8984,2.40038
9.71122,194.292,176.688,0.308,16.6564,2.47444
9.96038,144.486,176.688,0.317,16.6091,2.53972
10.2104,179.997,177.266,0.331,16.5859,2.597
10.4135,192.049,177.266,0.345,16.923,2.64167
10.6612,165.504,177.285,0.366,16.6127,2.69618
10.9104,168.535,177.285,0.373,16.6188,2.75754
11.1604,147.998,177.824,0.378,16.9012,2.81521
11.4104,143.989,177.824,0.381,16.6129,2.87354
11.614,171.898,177.824,0.387,16.6097,2.91728
11.8604,182.634,177.824,0.387,16.6115,2.97019
12.1104,164.021,177.824,0.383,16.8897,3.02369
12.3604,207.958,178.309,0.383,16.4656,3.07942
12.6105,147.963,178.309,0.369,16.6094,3.14337
12.8605,171.97,178.309,0.357,16.608,3.21104
13.1104,160.069,178.309,0.353,16.0402,3.27246
13.3613,163.42,178.855,0.356,16.0507,3.33565
13.6104,128.456,178.855,0.362,16.3296,3.40133
13.8604,232.025,178.855,0.372,16.2183,3.47552
14.0631,207.165,178.855,0.376,16.3291,3.53219
14.3104,182.007,179.398,0.347,16.3297,3.60655
14.5604,132,179.398,0.331,16.3265,3.678
14.8104,135.996,179.398,0.327,16.607,3.7439
15.0604,148.006,179.398,0.329,17.1864,3.80656
15.3104,183.994,179.938,0.328,17.4973,3.86878
15.5604,140,179.938,0.307,17.2118,3.94159
15.8104,168.006,179.938,0.293,17.8963,4.00525
16.0604,191.998,179.938,0.29,17.4673,4.0624
16.3104,147.97,180.465,0.291,17.1898,4.12636
16.5604,188.042,180.465,0.296,16.8536,4.20069
16.8104,131.997,180.465,0.301,17.0212,4.26903
17.0604,139.995,180.465,0.312,16.6608,4.33731
17.3104,132.007,180.777,0.314,16.6156,4.40897
17.5604,135.996,180.984,0.324,16.34,4.47195
17.8107,187.751,180.984,0.312,16.0676,4.53492
18.0604,148.189,180.984,0.287,15.8076,4.60044
18.3104,136.009,180.984,0.279,15.808,4.66422
18.5605,195.935,180.969,0.279,16.3345,4.73545
18.8104,128.038,181.031,0.283,16.335,4.79616
19.0608,147.742,181.031,0.293,16.6114,4.85287
19.3104,184.326,181.031,0.302,16.5795,4.91393
19.5604,152.001,181.551,0.324,16.8982,4.98291
19.7658,194.687,181.551,0.326,16.8984,5.02587
20.0106,147.105,181.551,0.327,17.5022,5.07638
20.2604,192.112,181.551,0.33,17.51,5.13367
20.461,169.539,182.078,0.329,17.5015,5.17654
20.7104,164.344,182.078,0.329,17.8194,5.23966
20.9604,184.009,182.078,0.316,17.4823,5.31271
21.2106,135.918,182.082,0.31,17.5008,5.3835
21.4627,202.244,182.613,0.323,17.5094,5.45314
21.7105,161.478,182.613,0.343,17.1728,5.51662
21.9604,148.005,182.613,0.366,16.8967,5.58428
22.2104,136.006,182.613,0.394,16.8972,5.65046
22.4604,148.025,183.152,0.438,17.1922,5.72087
22.7105,123.964,183.152,0.475,16.909,5.79209
22.9604,144.037,183.152,0.525,16.9043,5.85718
23.2104,135.976,183.152,0.564,16.8969,5.91924
23.4627,170.487,183.152,0.628,16.6124,5.98917
23.7119,156.495,183.641,0.682,16.6101,6.05238
23.9605,172.983,183.641,0.743,16.0669,6.1233
24.2104,180.012,183.641,0.782,16.3231,6.1961
24.4606,159.863,183.641,0.708,16.6116,6.26321
24.7104,204.172,184.098,0.652,17.1761,6.33361
24.9112,184.328,184.098,0.604,17.1943,6.38776
25.1614,191.811,184.098,0.534,17.1926,6.45357
25.4105,164.601,184.098,0.488,16.6116,6.52111
25.6605,136.007,184.543,0.408,16.8998,6.58667
25.9104,124.037,184.543,0.365,16.9038,6.65423
26.1605,147.976,184.602,0.305,16.8968,6.72835
26.4105,123.982,184.602,0.258,17.235,6.79756
26.6604,152.051,185.074,0.215,17.2077,6.86986
26.9106,135.912,185.074,0.202,17.4999,6.93714
27.1604,160.096,185.074,0.208,17.194,7.00754
27.3637,186.887,185.098,0.217,17.1939,7.06888
27.6104,129.733,185.621,0.238,17.1936,7.13886
27.8604,143.986,185.621,0.275,17.4995,7.2109
28.1105,119.965,185.621,0.294,17.8781,7.28306
28.3604,148.042,185.621,0.307,17.8155,7.35333
28.6104,175.991,186.055,0.325,17.8186,7.42613
28.8615,159.307,186.082,0.364,17.8183,7.48541
29.1104,164.748,186.082,0.398,17.8192,7.55703
29.3604,136.002,186.082,0.456,18.1461,7.62819
29.564,147.337,186.082,0.478,17.8185,7.68313
29.8104,174.511,186.25,0.517,17.5584,7.75947
30.0604,172.013,186.25,0.561,17.1726,7.82822
30.3105,143.961,186.285,0.592,17.5071,7.89721
30.5613,139.505,186.285,0.648,17.5025,7.97188
30.8105,184.591,186.801,0.684,17.4885,8.04251
31.0604,156.069,186.801,0.743,17.1968,8.11125
31.3104,127.993,186.801,0.778,17.1959,8.17372
31.5604,144.009,186.801,0.82,17.2425,8.24253
31.7634,167.491,187.152,0.853,16.8985,8.30384
32.0104,133.595,187.152,0.878,16.8935,8.37034
32.2604,192.036,187.152,0.937,16.6082,8.44352
32.5104,111.987,187.152,0.969,16.9002,8.516
32.7604,151.992,187.152,0.951,17.1954,8.59096
32.9644,151.981,187.152,0.947,17.5032,8.63788
33.2127,140.98,187.152,0.945,17.5032,8.72264
33.4615,144.705,187.152,0.941,17.1963,8.79768
33.7104,172.705,187.152,0.942,17.5028,8.85948
33.9604,172.014,187.633,0.934,17.5009,8.91661
34.2104,131.983,187.633,0.9,17.5027,8.96286
34.4604,136.021,187.707,0.855,18.4896,8.99623
34.7106,139.918,187.707,0.853,17.8313,9.00138
34.9604,212.128,187.707,0.856,17.4978,9.00292
35.2107,167.775,187.707,0.848,17.1995,9.00407
35.4604,156.232,187.781,0.846,17.2024,9.00496
35.7106,147.851,187.781,0.845,17.2042,9.00566
35.9604,192.179,187.781,0.84,16.9136,9.00726
36.2106,139.859,187.781,0.851,16.6195,9.00896
36.4604,252.268,187.781,0.832,16.5257,9.01042
36.7104,139.999,187.855,0.831,16.3406,9.01254
36.9604,151.986,187.855,0.834,16.343,9.01485
37.2106,139.883,187.855,0.819,16.6183,9.01753
37.4604,164.143,187.855,0.82,15.8189,9.02007
37.6618,148.95,187.926,0.821,16.6101,9.02052
37.9104,201.142,187.926,0.82,16.8632,9.02185
38.1604,159.997,187.926,0.839,17.1931,9.0554
38.4104,139.995,187.926,0.874,17.1908,9.11039
38.6604,151.991,187.996,0.957,17.2016,9.17345
38.9105,151.953,187.996,1.005,17.1916,9.23916
39.1116,183.957,187.996,1.013,17.1905,9.30147
39.3604,168.828,187.996,1.036,17.3666,9.37703
39.6106,151.885,188.066,1.048,17.1893,9.44468
39.8604,176.124,188.066,1.066,17.193,9.51507
40.1104,160.021,188.066,1.092,16.8803,9.58938
40.3604,163.992,188.066,1.07,17.1923,9.65828
40.6104,128.005,188.137,1.032,16.8982,9.73316
40.8604,159.998,188.137,0.992,17.1917,9.80207
41.1104,164.004,188.137,0.96,17.1777,9.87428
41.3604,191.999,188.137,0.923,17.1921,9.94889
41.6104,140,188.258,0.894,17.1932,10.0187
41.8604,152,188.258,0.859,17.2111,10.087
42.0619,138.964,188.258,0.832,17.193,10.1436
42.3106,201.046,188.258,0.808,17.4989,10.2123
42.5604,160.111,188.258,0.766,17.8845,10.2883
42.8104,148.001,188.387,0.742,17.5,10.3556
43.0604,132.002,188.387,0.709,17.192,10.4239
43.3104,180.001,188.387,0.685,17.1923,10.4898
43.5604,136.006,188.387,0.635,17.1948,10.5598
43.8104,139.993,188.434,0.612,16.8924,10.6332
44.0604,143.985,188.434,0.568,17.1934,10.6924
44.3104,188.027,188.434,0.559,17.1751,10.7549
44.5643,169.364,188.434,0.545,16.8971,10.8275
44.8104,158.431,188.48,0.529,16.6106,10.8949
45.0604,152.034,188.48,0.521,16.3339,10.9551
45.3104,139.996,188.48,0.506,16.6116,11.0189
45.5604,144.006,188.48,0.484,16.6106,11.0931
45.8104,179.998,188.527,0.476,16.5962,11.169
46.0604,179.994,188.527,0.472,16.83,11.238
46.3104,187.949,188.527,0.482,17.1869,11.3015
46.5604,148.035,188.527,0.503,16.8906,11.3743
46.8105,139.949,188.598,0.538,16.89,11.4437
47.0605,135.98,188.598,0.59,16.6047,11.5078
47.3104,188.074,188.598,0.626,17.1201,11.577
47.5604,131.992,188.598,0.682,17.2222,11.6511
47.8104,139.997,189.082,0.731,16.8906,11.7263
48.0605,151.989,189.082,0.706,17.1776,11.7937
48.3112,171.483,189.082,0.659,17.188,11.8659
48.5604,136.426,189.082,0.613,16.8916,11.9419
48.8105,143.983,189.129,0.578,17.1882,12.0126
49.0604,136.025,189.129,0.515,16.8949,12.0859
49.3104,135.984,189.129,0.486,17.2028,12.156
49.5605,151.995,189.129,0.435,17.1971,12.2309
49.8104,132.02,189.129,0.395,16.9031,12.3068
50.0621,150.956,189.215,0.343,17.1934,12.3749
50.3107,173.027,189.215,0.319,17.5032,12.4438
50.5604,168.165,189.215,0.276,17.4852,12.5129
50.8105,187.967,189.215,0.262,17.2019,12.5772
51.0604,140.013,189.324,0.261,17.1979,12.644
51.3103,188.117,189.324,0.263,17.5094,12.702
51.5608,175.663,189.324,0.273,16.9014,12.7597
51.8107,152.057,188.809,0.286,16.6134,12.8176
52.0604,160.175,188.855,0.294,16.9001,12.8727
52.3104,179.961,188.855,0.298,16.8844,12.9365
52.5604,144.015,188.855,0.306,16.8987,12.9997
52.8104,172.005,188.855,0.313,16.5973,13.0632
53.0604,148.011,188.902,0.319,16.3319,13.1258
53.3104,139.976,188.902,0.323,16.611,13.1826
53.5604,188.011,188.902,0.321,16.3516,13.244
53.8106,143.902,188.902,0.325,16.3336,13.3082
54.0604,188.129,188.949,0.328,16.3148,13.3681
54.261,184.444,188.953,0.329,16.0669,13.4144
54.5105,172.396,188.953,0.327,16.3351,13.4666
54.7605,199.978,188.953,0.306,16.0665,13.5243
55.0107,131.885,189.004,0.3,15.8068,13.5853
55.2604,156.182,189.004,0.306,16.0664,13.6497
55.5104,167.975,189.004,0.317,15.806,13.7246
55.7604,148.03,189.004,0.334,16.0665,13.7953
56.0105,123.943,189.059,0.356,16.3335,13.8609
56.2618,167.167,189.066,0.364,16.065,13.9306
56.5104,197.032,189.129,0.375,16.0028,13.9958
56.7604,148.041,189.129,0.378,15.8149,14.0716
57.0104,183.991,189.164,0.382,15.7956,14.1409
57.2652,168.77,189.164,0.386,16.334,14.1912
57.5104,154.969,189.164,0.398,16.3498,14.2776
57.7604,143.992,189.164,0.409,16.8957,14.347
58.0104,143.996,188.652,0.393,16.8988,14.4136
58.2622,198.567,188.711,0.393,16.6101,14.4864
58.5104,145.063,188.711,0.392,16.6113,14.5557
58.7132,147.929,188.711,0.392,16.3329,14.6173
58.9604,173.95,188.711,0.391,16.333,14.6871
59.2106,143.873,188.762,0.386,16.3293,14.7624
59.461,163.748,188.762,0.385,16.9092,14.8349
59.7104,156.379,188.762,0.384,16.8967,14.9042
59.9604,135.969,188.762,0.377,16.8966,14.9804
60.2104,132.019,188.789,0.373,16.6039,15.0529
60.4604,148.004,188.789,0.371,16.8972,15.1216
60.7104,127.998,188.789,0.369,17.1912,15.1951
60.9606,195.827,188.789,0.369,17.1939,15.2708
61.2104,164.157,188.852,0.369,17.4993,15.3382
61.4604,147.979,188.852,0.369,17.8198,15.4115
61.7104,124.009,188.852,0.369,18.4915,15.4792
61.9604,176.004,188.852,0.37,18.0661,15.5509
62.2107,147.796,188.871,0.37,18.5227,15.6279
62.4604,132.181,188.871,0.37,18.8461,15.696
62.7104,175.997,188.871,0.37,18.4796,15.7701
62.9604,179.994,188.871,0.37,18.36,15.8404
63.2103,132.068,188.871,0.37,18.4891,15.9032
63.4604,191.918,188.871,0.369,18.1195,15.9733
63.7104,127.995,188.871,0.342,18.5097,16.0424
63.9604,143.996,188.871,0.342,18.1496,16.1123
64.2104,128.006,188.992,0.332,17.8151,16.1856
64.4604,200.009,188.992,0.33,17.4964,16.2553
64.7104,127.985,188.992,0.329,17.5122,16.3284
64.9614,151.423,188.992,0.328,17.4971,16.4031
65.2104,208.782,189.078,0.328,17.1729,16.4732
65.4604,180.016,189.078,0.325,16.562,16.547
65.6611,194.347,189.078,0.322,16.9029,16.6025
65.9104,128.358,189.078,0.32,16.896,16.6719
66.1604,147.994,189.078,0.319,16.8954,16.7486
66.4104,132.005,189.078,0.319,16.9356,16.8156
66.6604,136,189.078,0.319,16.6101,16.8822
66.9104,131.993,189.078,0.308,16.897,16.9519
67.1604,140.011,189.078,0.282,16.8974,17.0262
67.4104,187.945,189.164,0.281,16.8279,17.0965
67.6605,179.983,189.164,0.285,16.8974,17.1662
67.9104,132.011,189.164,0.282,16.8973,17.2406
68.1604,144.007,189.164,0.28,17.2599,17.3112
68.3629,153.124,189.164,0.279,17.2121,17.3735
68.6104,161.573,189.164,0.28,16.3362,17.4468
68.8604,148.006,189.164,0.286,16.6116,17.5053
69.1109,135.756,189.164,0.293,16.8977,17.5642
69.3604,160.289,189.164,0.305,16.8989,17.6283
69.6105,119.992,189.164,0.331,16.8972,17.6863
69.8605,147.998,189.164,0.348,16.6114,17.7428
70.1105,171.994,189.164,0.372,16.6121,17.7959
70.3604,200.026,189.164,0.388,16.335,17.853
70.611,179.59,189.164,0.413,16.0661,17.9061
70.8651,185.005,189.164,0.422,16.3343,17.9627
71.1104,207.832,189.164,0.429,16.0668,18.0187
71.3604,160.008,189.164,0.42,16.3342,18.0826
71.6104,127.996,189.164,0.406,16.8979,18.1474
71.8605,139.992,189.164,0.391,16.6104,18.2159
72.1104,128.014,189.164,0.369,16.612,18.2679
72.3605,151.973,189.164,0.369,16.6093,18.324
72.6105,136.01,189.164,0.375,16.3346,18.3847
72.8604,144.005,189.164,0.384,16.6102,18.4506
73.1104,155.999,189.164,0.411,16.3309,18.5134
73.3605,151.997,189.164,0.42,17.1951,18.5662
73.6107,155.835,189.164,0.429,17.4991,18.6259
73.8605,168.12,189.164,0.42,17.4997,18.696
74.1104,160.072,189.164,0.403,17.4992,18.7566
74.3604,147.988,189.164,0.394,17.1966,18.8163
74.6105,131.979,189.535,0.401,16.8964,18.8834
74.8605,136.012,189.535,0.407,17.1924,18.9499
75.1104,128.017,189.535,0.415,17.1874,19.0083
75.3604,151.991,189.535,0.418,17.1919,19.0728
75.6105,131.978,189.535,0.406,17.4956,19.1389
75.8604,188.027,189.535,0.393,17.5005,19.2075
76.1104,120.01,189.535,0.388,17.1942,19.2605
76.3114,154.243,189.535,0.389,16.9016,19.3091
76.5605,136.518,189.535,0.39,16.6071,19.3787
76.7614,164.236,189.535,0.396,16.359,19.4348
77.0109,176.343,189.535,0.411,16.0659,19.4953
77.2604,176.347,189.535,0.418,16.333,19.5498
77.5104,163.993,189.535,0.419,16.6109,19.6165
77.7604,148.005,189.535,0.402,16.6079,19.6859
78.0105,123.945,189.535,0.387,16.6079,19.7474
78.2604,152.064,189.535,0.385,16.6099,19.8037
78.5104,127.992,189.535,0.39,16.8968,19.8663
78.7604,152.01,189.535,0.396,16.9102,19.9421
79.0108,119.841,189.535,0.409,17.1935,20.0039
79.2613,179.595,189.535,0.419,17.1905,20.0576
79.5106,152.45,189.535,0.419,17.501,20.1225
79.7604,196.103,189.535,0.396,17.4237,20.1916
80.0104,123.998,189.535,0.349,17.5007,20.2545
80.2604,196.015,189.535,0.317,17.1898,20.3074
80.5105,179.985,189.535,0.281,17.3117,20.3631
80.7605,143.998,190.043,0.273,16.8961,20.4323
81.0104,124.011,190.043,0.264,16.8979,20.5019
81.2606,151.918,190.043,0.265,16.8958,20.5606
81.5104,172.096,190.043,0.267,16.8974,20.6262
81.7605,151.98,189.547,0.268,16.8916,20.6927
82.0104,116.01,189.547,0.268,16.8967,20.7667
82.2609,155.738,189.547,0.269,16.6097,20.8335
82.5104,164.283,189.547,0.279,16.5606,20.8989
82.7604,156.002,189.547,0.286,17.1912,20.9743
83.0104,115.992,189.547,0.306,16.8971,21.0507
83.2604,152.01,189.547,0.315,17.849,21.1209
83.5104,116.003,189.547,0.324,17.8193,21.1931
83.7611,143.588,189.547,0.329,17.8191,21.2625
84.0104,132.371,189.547,0.346,17.5019,21.3385
84.2604,143.996,189.547,0.361,17.5379,21.4094
84.5104,176.009,189.547,0.397,17.1945,21.4834
84.7606,183.887,189.547,0.431,16.8983,21.5599
85.0105,124.065,189.547,0.486,16.6125,21.6302
85.2606,139.934,189.547,0.524,16.6127,21.7024
85.5104,164.102,189.547,0.53,16.627,21.7729
85.761,179.557,189.547,0.529,16.6158,21.8439
86.0104,124.301,189.547,0.526,16.3363,21.9198
86.2121,148.75,189.547,0.526,16.3365,21.9801
86.4604,181.218,189.547,0.522,16.3299,22.0517
86.7104,119.997,189.547,0.519,15.8083,22.1259
86.9604,144.001,189.547,0.517,16.0684,22.1962
87.2108,119.804,189.547,0.516,15.5561,22.2726
87.4604,140.225,189.547,0.515,15.8097,22.3463
87.7104,123.997,189.547,0.51,16.3363,22.4179
87.9604,180.026,189.547,0.507,16.3313,22.4898
88.2106,127.924,189.547,0.504,16.613,22.5473
88.4605,136.031,189.547,0.502,16.6134,22.5916
88.7104,116.027,189.547,0.501,16.3358,22.6321
88.9611,147.623,189.551,0.501,16.8994,22.6555
89.2105,160.396,189.551,0.5,17.195,22.6581
89.4605,140.008,189.551,0.5,17.5025,22.6587
89.7104,128.003,189.551,0.498,17.5023,22.6594
89.9607,151.841,189.551,0.495,17.4989,22.6602
90.2104,132.139,189.551,0.49,17.8191,22.6607
90.4604,140.009,189.551,0.486,17.8195,22.6617
90.662,178.587,189.551,0.487,17.8221,22.6626
90.9105,156.972,189.551,0.486,17.5009,22.6637
91.1603,144.093,189.551,0.475,17.1931,22.6649
91.4104,183.947,189.562,0.475,18.1462,22.6661
91.6604,147.971,189.562,0.474,17.5437,22.668
91.9104,136.024,189.562,0.475,17.2323,22.6692
92.1604,191.994,189.562,0.477,17.2328,22.671
92.3644,161.783,189.613,0.478,17.2327,22.6725
92.6106,211.22,189.613,0.484,17.1997,22.6738
92.8604,176.11,189.613,0.487,17.2317,22.6894
93.1104,144.01,189.613,0.502,16.9351,22.7436
93.3604,152.001,189.613,0.513,16.9348,22.7992
93.6104,183.999,189.629,0.525,16.6456,22.8642
93.8638,177.534,189.629,0.528,16.9292,22.937
94.1104,141.972,189.629,0.527,16.9347,23.005
94.3604,147.981,189.629,0.525,16.8951,23.079
94.6104,132.013,189.68,0.526,16.8928,23.1561
94.8604,199.986,189.68,0.528,16.8966,23.2265
95.1104,120.01,189.68,0.534,16.3331,23.2988
95.3604,152,189.68,0.535,16.6122,23.3696
95.6104,132.002,189.68,0.536,16.9376,23.4457
95.8604,139.995,189.68,0.537,16.6124,23.5208
96.1104,135.983,189.68,0.537,16.8967,23.5915
96.3641,153.735,189.68,0.536,16.9007,23.6651
96.6104,166.48,189.68,0.522,16.8735,23.7364
96.8604,139.993,189.68,0.483,16.9453,23.8119
97.1104,132.007,189.68,0.429,16.8969,23.8867
97.3604,144.001,189.68,0.4,16.8968,23.9559
97.6104,127.999,189.746,0.372,16.8956,24.0301
97.8604,152,189.746,0.361,16.9482,24.1018
98.1104,124.001,189.746,0.359,16.8969,24.1711
98.3604,195.982,189.746,0.36,16.2724,24.2478
98.6104,124.005,189.746,0.366,16.6125,24.3179
98.8604,147.994,189.746,0.369,16.6114,24.3921
99.1104,131.979,189.746,0.37,16.333,24.4642
99.3604,144.026,189.746,0.37,16.6116,24.5342
99.5611,159.42,189.746,0.353,16.6333,24.5951
99.8104,168.5,189.746,0.306,16.8878,24.6589
100.06,171.93,189.746,0.281,16.8958,24.7325
100.262,223.29,189.746,0.264,16.6059,24.7915
100.51,165.079,189.746,0.258,16.3125,24.85
100.76,151.988,189.746,0.266,16.0602,24.9136
101.01,172.014,189.746,0.296,16.5978,24.9782
101.212,148.706,189.746,0.328,16.0654,25.0349
101.46,132.926,189.746,0.371,16.6095,25.1065
101.71,136.002,189.746,0.441,16.9015,25.1755
101.96,143.976,189.746,0.491,16.8972,25.2506
102.161,129.429,189.746,0.498,16.896,25.3034
102.41,184.678,189.746,0.471,17.1927,25.3721
102.662,170.79,189.746,0.457,17.0507,25.4413
102.91,153.086,189.746,0.453,16.8933,25.5097
103.161,159.468,189.746,0.45,16.8967,25.5852
103.41,156.522,189.746,0.444,17.1901,25.6529
103.662,170.767,189.746,0.44,17.199,25.7298
103.91,157.135,189.746,0.42,17.4982,25.7999
104.16,144.002,189.746,0.407,17.5002,25.8683
104.41,131.999,189.746,0.393,16.8919,25.9415
104.66,131.99,189.746,0.39,16.8964,26.0134
104.91,188.011,189.777,0.386,16.8672,26.0843
105.16,140,189.777,0.383,16.6046,26.1603
105.41,131.999,189.777,0.374,16.6088,26.2316
105.66,144.002,189.777,0.371,16.3308,26.308
105.91,136.002,189.777,0.362,16.3313,26.3815
106.16,135.995,189.777,0.342,16.6082,26.4512
106.411,135.848,189.777,0.334,16.6057,26.5274
106.66,188.203,189.777,0.33,16.585,26.6007
106.91,172.001,189.777,0.328,16.6095,26.671
107.16,152.01,189.777,0.327,16.3322,26.7475
107.41,132.001,189.777,0.322,16.8932,26.8178
107.66,135.982,189.777,0.32,17.197,26.8928
107.91,140.018,189.777,0.319,17.1897,26.9677
108.161,151.445,189.777,0.318,17.1956,27.038
108.41,176.647,189.777,0.318,17.4938,27.1139
108.66,131.997,189.777,0.317,17.5023,27.1889
108.91,140.004,189.777,0.314,17.4989,27.2594
109.16,135.997,189.777,0.314,17.5049,27.3349
109.363,182.458,189.777,0.314,17.5008,27.3868
109.61,137.537,189.777,0.314,17.8208,27.4488
109.86,156.007,189.777,0.315,17.8301,27.507
110.11,139.986,189.777,0.321,17.5012,27.5649
110.36,151.95,189.777,0.324,17.1942,27.6202
110.61,132.048,189.777,0.342,17.1938,27.6722
110.86,159.937,190.211,0.355,17.1928,27.7288
111.11,179.992,190.238,0.36,17.1641,27.7838
111.36,248.077,190.285,0.364,16.8603,27.8349
111.61,128.017,190.285,0.366,16.6145,27.8916
111.86,159.951,189.727,0.343,16.3341,27.9547
112.11,172.051,189.789,0.355,16.302,28.0201
112.36,143.998,189.789,0.342,16.066,28.0949
112.61,128.003,189.789,0.342,16.3347,28.1578
112.861,183.84,189.789,0.328,16.3343,28.2263
113.11,180.158,189.789,0.311,16.0667,28.2932
113.36,151.993,189.789,0.333,16.3339,28.3618
113.61,160.003,189.789,0.344,15.8064,28.4341
113.86,147.988,189.789,0.361,15.8098,28.4959
114.062,168.353,189.789,0.364,15.8081,28.5521
114.31,149.176,189.789,0.367,16.1051,28.6245
114.56,139.994,189.789,0.368,16.6107,28.6908
114.81,131.951,189.789,0.368,16.611,28.7645
115.06,172.07,189.789,0.369,16.6432,28.8382
115.31,144.007,189.789,0.369,16.9002,28.9065
115.56,131.986,189.789,0.374,16.896,28.9771
115.81,144.006,189.789,0.375,16.9029,29.0469
116.06,135.993,189.789,0.371,17.192,29.1221
116.31,172.019,189.789,0.37,16.8956,29.1935
116.56,131.994,189.789,0.369,17.1925,29.26
116.81,131.994,189.789,0.369,17.1932,29.3353
117.06,144.011,189.789,0.373,17.5244,29.4067
117.311,147.88,189.789,0.377,17.1947,29.4744
117.56,164.122,189.789,0.38,16.8977,29.5478
117.81,139.949,189.789,0.381,16.8917,29.6161
118.06,168.06,189.793,0.386,16.6134,29.6929
118.31,148.016,189.793,0.388,16.6118,29.7611
118.56,135.997,189.793,0.391,16.8973,29.8253
118.81,180,189.793,0.391,16.5976,29.899
119.06,131.994,189.793,0.391,16.6097,29.9681
119.31,136.004,189.793,0.387,16.6461,30.0372
119.56,136.001,189.793,0.383,16.3336,30.112
119.81,135.992,189.793,0.383,16.6067,30.1812
120.06,131.963,189.793,0.383,16.6088,30.257
120.31,136.037,189.793,0.387,16.9311,30.3316
120.562,143.139,189.793,0.389,17.1922,30.3995
120.81,193.11,189.793,0.391,17.7841,30.4715
121.06,168.056,189.793,0.39,17.5116,30.5451
121.31,135.991,189.793,0.386,17.5004,30.6124
121.56,131.964,189.793,0.383,17.8326,30.6863
121.81,136.038,189.793,0.383,18.14,30.7549
122.06,131.983,189.793,0.383,18.1482,30.8288
122.311,195.937,189.848,0.386,18.0788,30.9052
122.56,172.072,189.848,0.39,17.4616,30.9729
122.81,136.013,189.848,0.396,17.4999,31.046
123.06,135.999,189.848,0.402,17.5036,31.1188
123.31,131.997,189.848,0.403,17.1915,31.1872
123.562,151.249,189.848,0.404,16.609,31.2618
123.81,156.784,189.848,0.393,16.3566,31.3317
124.06,135.954,189.848,0.372,16.334,31.4082
124.31,132.011,189.914,0.371,16.0784,31.4818
124.561,135.953,189.914,0.356,16.3367,31.5488
124.81,136.081,189.914,0.343,16.0733,31.6218
125.06,131.992,189.914,0.324,16.3343,31.6893
125.31,136.009,189.914,0.325,16.6271,31.7522
125.56,143.987,189.914,0.292,16.8983,31.8166
125.81,140.012,189.914,0.291,16.8983,31.8745
126.064,161.545,189.914,0.293,16.3353,31.9424
126.31,150.281,189.914,0.28,16.3387,32.0118
126.561,131.898,189.914,0.284,17.2311,32.0785
126.81,180.143,189.914,0.295,17.1819,32.145
127.06,131.992,189.914,0.305,17.5022,32.1966
127.311,139.925,189.918,0.325,17.1957,32.2551
127.56,196.096,189.918,0.343,17.191,32.3184
127.81,140.015,189.918,0.362,17.1915,32.3827
128.06,131.969,189.918,0.39,17.1946,32.4566
128.31,176.029,189.918,0.408,16.8844,32.5233
128.561,135.776,189.918,0.432,17.1954,32.5879
128.81,124.205,189.918,0.448,17.5022,32.6615
129.061,139.914,189.918,0.474,17.8228,32.7339
129.31,180.121,189.918,0.49,17.1951,32.8019
129.56,168.001,189.918,0.522,16.8924,32.8768
129.811,147.686,189.918,0.554,16.9017,32.9467
130.06,200.403,189.918,0.57,16.8923,33.0219
130.31,135.982,189.918,0.569,16.0733,33.0927
130.562,154.876,189.918,0.577,16.0913,33.1481
130.811,149.027,189.918,0.577,16.0751,33.1951
131.06,172.094,189.918,0.595,16.0643,33.2325
131.31,132.005,189.918,0.604,15.8089,33.2638
131.56,167.994,189.918,0.612,15.8179,33.267
131.81,132.009,189.918,0.61,15.5585,33.2677
132.06,171.987,189.918,0.61,15.3146,33.2688
132.31,132.012,189.918,0.612,15.5592,33.2696
132.56,143.957,189.918,0.615,15.8121,33.2706
132.81,167.973,189.918,0.617,16.0691,33.2715
133.06,160.073,189.926,0.622,16.0743,33.2728
133.262,198.369,189.926,0.624,16.2837,33.274
133.51,189.245,189.926,0.624,16.0128,33.2751
133.76,159.972,189.926,0.626,16.2839,33.2764
134.01,172.016,189.926,0.627,16.2864,33.2783
134.261,207.199,189.926,0.637,16.5569,33.2802
134.51,132.524,189.926,0.631,16.855,33.2818
134.76,159.972,189.926,0.637,17.1324,33.2835
135.01,136,189.926,0.638,17.1642,33.2848
135.26,163.988,189.926,0.633,16.8426,33.2872
135.462,153.668,189.926,0.612,16.8442,33.3134
135.71,217.501,189.926,0.579,16.7307,33.3652
135.96,147.99,189.926,0.551,16.8462,33.4306
136.21,132.045,189.926,0.543,17.5514,33.4975
136.461,175.857,189.926,0.541,17.5001,33.5714
136.71,184.151,189.926,0.546,16.8945,33.6381
136.96,135.989,189.926,0.562,17.1956,33.7061
137.21,220.013,189.926,0.563,16.8863,33.7788
137.46,144.002,189.926,0.524,16.6141,33.8466
137.71,120.003,189.926,0.513,16.6158,33.9179
137.96,187.915,189.926,0.484,16.3201,33.9907
138.161,154.546,189.926,0.465,16.3341,34.041
138.41,148.366,189.926,0.443,16.0695,34.1129
138.66,140.015,189.926,0.392,16.349,34.1829
138.91,168.012,189.926,0.357,16.0484,34.2523
139.16,187.975,189.926,0.32,16.0428,34.3208
139.41,172.027,189.926,0.296,16.0536,34.386
139.664,149.908,189.926,0.265,16.3512,34.4619
139.91,154.146,189.926,0.261,16.334,34.5353
140.111,164.328,189.926,0.269,16.6248,34.5845
140.36,172.551,189.926,0.28,16.6127,34.6454
140.61,119.993,189.926,0.294,16.8964,34.7057
140.86,152.008,189.926,0.307,17.2058,34.7701
141.11,128.007,189.926,0.314,16.898,34.8289
141.36,163.992,190.398,0.306,17.1923,34.8826
141.562,163.714,190.414,0.307,16.8975,34.9284
141.81,213.404,190.414,0.317,16.6101,34.9878
142.06,143.918,190.414,0.358,16.6097,35.055
142.31,128.034,189.91,0.344,16.9156,35.1291
142.56,135.996,189.918,0.342,16.8962,35.1957
142.762,163.853,189.918,0.33,16.6231,35.2458
143.01,152.872,189.918,0.33,16.6102,35.303
143.26,155.99,189.918,0.336,16.9004,35.3757
143.51,124.005,189.918,0.355,16.6102,35.4471
143.711,174.083,189.918,0.364,16.8962,35.4976
143.961,156.6,189.918,0.374,16.61,35.5672
144.21,128.035,189.918,0.38,16.8963,35.6355
144.46,144.022,189.918,0.4,17.8175,35.7118
144.71,123.983,189.918,0.42,18.148,35.7841
144.961,171.715,189.918,0.453,18.1478,35.8541
145.21,136.232,189.918,0.455,17.818,35.9262
145.461,151.957,189.918,0.451,18.1486,35.9959
145.711,171.815,189.918,0.45,18.1255,36.0668
145.96,172.245,189.918,0.449,18.1482,36.1385
146.211,135.949,189.918,0.451,18.4909,36.2085
146.46,144.012,189.922,0.454,18.165,36.284
146.661,144.355,189.922,0.456,18.4895,36.3392
146.91,168.671,189.922,0.459,17.8183,36.4126
147.16,183.968,189.922,0.464,17.4633,36.4895
147.41,136.027,189.922,0.467,17.4998,36.56
147.66,219.961,189.922,0.469,16.8838,36.6361
147.91,172.011,189.922,0.469,16.317,36.7099
148.16,136.007,189.922,0.47,16.6104,36.7808
148.41,127.978,189.922,0.47,16.333,36.8573
148.66,152.039,189.922,0.457,16.346,36.9283
148.91,127.991,189.922,0.457,16.3457,37.0014
149.161,143.918,189.922,0.463,16.065,37.0771
149.41,124.063,189.922,0.464,16.3341,37.1449
149.66,147.985,189.922,0.467,15.8089,37.2191
149.91,124.023,189.922,0.466,15.8194,37.2919
150.16,135.979,189.922,0.461,16.0655,37.361
150.362,169.007,189.922,0.459,16.0921,37.4215
150.61,144.696,189.922,0.458,15.8075,37.4921
150.86,195.965,189.922,0.457,16.5832,37.5675
151.11,116.015,189.922,0.456,16.6107,37.6392
151.36,148.001,189.922,0.451,16.6117,37.7092
151.61,131.985,189.922,0.45,17.1883,37.7842
151.86,136.005,189.922,0.445,17.1952,37.852
152.11,124.023,189.922,0.44,17.1957,37.9242
152.36,143.984,189.922,0.437,17.1953,37.9992
152.61,119.978,189.922,0.436,18.1511,38.0687
152.86,148.022,189.922,0.435,17.8211,38.146
153.11,164.023,189.922,0.435,17.822,38.218
153.365,176.573,189.922,0.432,18.154,38.2877
153.61,134.618,189.922,0.432,17.8728,38.357
153.86,187.96,189.922,0.437,17.8219,38.4278
154.11,120.025,189.922,0.442,17.5032,38.501
154.363,166.413,189.922,0.449,17.1952,38.5692
154.61,153.429,189.922,0.452,16.8994,38.6337
154.86,148.029,189.922,0.45,16.8995,38.7067
155.11,112.002,189.922,0.452,16.6132,38.775
155.36,139.996,189.922,0.461,16.8991,38.8404
155.61,176.01,189.922,0.474,16.6117,38.8969
155.86,135.991,189.922,0.494,16.8998,38.9409
156.11,151.936,189.922,0.503,17.1966,38.9793
156.361,187.377,189.922,0.523,16.9076,38.999
156.61,136.498,189.922,0.524,17.1956,39
156.862,171.216,189.922,0.525,17.8203,39.0011
157.111,144.591,189.922,0.523,17.8208,39.0017
157.36,180.114,189.922,0.53,17.5079,39.0021
157.61,120,190.172,0.53,17.8194,39.0025
157.86,152.005,190.172,0.527,18.1496,39.0029
158.11,159.923,190.172,0.534,17.8158,39.0034
158.366,207.435,190.172,0.535,17.8231,39.0039
158.61,143.221,190.172,0.53,17.8176,39.0046
158.86,151.992,190.172,0.536,17.5006,39.0049
159.11,116.004,190.172,0.54,17.5003,39.0052
159.36,195.987,190.172,0.54,17.1807,39.0057
159.61,112.003,190.172,0.542,16.8995,39.0063
159.86,152.006,190.172,0.543,16.8963,39.0068
160.11,120.015,190.172,0.544,16.9022,39.0072
160.36,143.981,190.172,0.547,17.1926,39.008
160.61,128,190.172,0.547,17.196,39.0086
160.861,143.729,190.172,0.548,17.4973,39.0091
161.11,120.224,190.172,0.547,17.5031,39.0097
161.36,147.997,190.172,0.55,17.5019,39.01
161.61,119.955,190.172,0.553,17.1957,39.0104
161.86,188.075,190.172,0.55,16.8942,39.0109
162.063,142.964,190.172,0.552,17.1929,39.0112
162.31,153.756,190.172,0.554,17.5,39.0115
162.56,127.977,190.172,0.555,17.5026,39.0119
162.81,184.012,190.172,0.553,17.4991,39.0125
163.06,139.996,190.172,0.553,17.8182,39.0129
163.31,123.996,190.172,0.554,17.819,39.0134
163.56,144.011,190.172,0.555,17.8184,39.0144
163.811,155.901,190.172,0.549,17.8186,39.015
164.06,156.075,190.172,0.553,17.1918,39.0162
164.311,143.93,190.172,0.549,17.8182,39.0177
164.56,220.138,190.172,0.548,17.8113,39.0191
164.811,151.814,190.172,0.547,17.8177,39.0209
165.06,168.222,190.172,0.547,17.8189,39.0227
165.31,191.945,190.172,0.539,17.4968,39.0242
165.56,148.036,190.172,0.529,16.8934,39.0259
165.81,144.056,190.234,0.524,17.8164,39.0273
166.06,143.943,190.234,0.523,17.2411,39.0292
166.311,135.865,190.234,0.521,17.2409,39.0305
166.56,140.115,190.234,0.516,17.5493,39.032
166.81,139.988,190.234,0.514,18.2029,39.0337
167.06,144.035,190.234,0.513,18.2016,39.0352
167.413,192.962,190.234,0.509,18.5032,39.0377
167.66,169.627,190.234,0.508,18.5101,39.0399
167.91,135.988,190.234,0.514,18.8849,39.0424
168.16,144.017,190.234,0.51,19.6338,39.0435
168.41,139.969,190.234,0.511,18.1793,39.0447
168.66,176.051,190.234,0.516,18.4174,39.0455
168.91,135.983,190.234,0.517,18.4655,39.0462
169.16,144.018,190.234,0.513,18.4599,39.0467
169.411,131.927,190.234,0.518,18.4658,39.0473
169.66,152.072,190.234,0.513,18.4589,39.048
169.91,124.004,190.234,0.515,18.4661,39.0484
170.161,143.798,190.234,0.514,18.9126,39.0487
170.41,140.205,190.234,0.517,18.495,39.0494
170.66,139.99,190.719,0.517,18.4829,39.0498
170.861,159.358,190.719,0.517,18.4989,39.0502
171.11,156.499,190.719,0.522,18.8471,39.0506
171.36,147.994,190.719,0.518,19.2125,39.0513
171.61,132.019,190.23,0.519,18.8467,39.0518
171.86,179.995,190.23,0.524,18.3183,39.0523
172.062,173.453,190.23,0.523,18.4912,39.0529
172.31,149.052,190.23,0.523,18.152,39.0535
172.56,152.016,190.23,0.523,17.808,39.0541
172.81,183.924,190.23,0.53,17.4915,39.0547
173.06,188.016,190.23,0.533,17.1634,39.0557
173.311,143.483,190.23,0.538,17.4997,39.0572
173.56,184.672,190.23,0.542,17.1895,39.0593
173.811,143.812,190.23,0.544,16.897,39.0605
174.06,152.213,190.23,0.549,17.1897,39.0617
174.31,135.981,190.23,0.551,17.179,39.0627
174.561,203.769,190.23,0.551,17.2071,39.064
174.811,208.029,190.23,0.551,17.2017,39.0652
175.06,164.197,190.23,0.55,17.4996,39.0784
175.31,147.945,190.23,0.501,17.4995,39.1322
175.56,200.069,190.23,0.46,17.4672,39.1908
175.81,156.074,190.23,0.426,17.5005,39.2502
176.06,167.922,190.23,0.385,17.4951,39.3222
176.31,171.986,190.23,0.363,17.5263,39.3963
176.56,136.014,190.23,0.349,17.8079,39.4645
176.81,139.988,190.23,0.363,17.8217,39.5407
177.011,139.299,190.23,0.366,17.8089,39.5971
177.26,188.773,190.242,0.367,17.817,39.674
177.51,163.976,190.242,0.367,17.8236,39.7405
177.763,162.484,190.242,0.338,17.8581,39.8094
178.01,153.456,190.242,0.363,17.4977,39.8833
178.26,183.944,190.242,0.37,17.4994,39.9518
178.51,172.047,190.242,0.379,17.1599,40.0206
178.711,144.649,190.242,0.384,16.8967,40.0795
178.96,176.321,190.242,0.387,16.8939,40.1499
179.212,146.991,190.242,0.389,16.6151,40.2238
179.46,169.166,190.242,0.394,16.6169,40.2922
179.71,135.997,190.242,0.398,16.3317,40.3642
179.96,143.981,190.242,0.399,16.3304,40.4307
180.212,139.306,190.242,0.402,16.6168,40.499
180.46,176.929,190.258,0.41,16.6226,40.5741
180.71,139.983,190.258,0.414,16.6154,40.6408
180.96,136.016,190.258,0.422,17.1851,40.7044
181.161,164.402,190.258,0.433,17.5318,40.7616
181.41,196.572,190.258,0.456,17.8065,40.8276
181.66,144.004,190.258,0.454,18.5101,40.8988
181.91,127.996,190.258,0.42,18.4873,40.9667
182.163,158.453,190.258,0.392,19.2226,41.0391
182.41,157.549,190.258,0.356,18.495,41.1106
182.66,139.993,190.258,0.329,18.5034,41.1795
182.91,140.011,190.258,0.293,18.1452,41.2482
183.16,147.935,190.258,0.277,18.4881,41.3149
183.411,139.945,190.258,0.251,18.4879,41.3768
183.66,172.125,190.258,0.247,18.1534,41.4447
183.91,176.005,190.258,0.247,17.7688,41.5103
184.162,166.907,190.258,0.254,18.1677,41.5796
184.413,163.218,190.258,0.268,17.8141,41.6428
184.661,173.206,190.258,0.286,17.182,41.6968
184.91,144.623,190.258,0.311,17.1965,41.7525
185.16,152.01,190.258,0.31,17.5283,41.8093
185.41,136.009,190.258,0.316,17.501,41.8644
185.66,151.978,190.258,0.317,17.8147,41.9264
185.91,180.036,190.258,0.33,17.4813,41.9926
186.16,135.982,190.258,0.364,17.4984,42.0656
186.41,140.019,190.258,0.391,17.8228,42.1264
186.66,191.997,190.258,0.406,17.8538,42.1833
186.862,193.872,190.258,0.415,17.5029,42.2367
187.11,176.82,190.258,0.42,17.8215,42.3039
187.36,180.002,190.258,0.423,17.7474,42.3712
187.61,132.004,190.258,0.43,17.4994,42.4345
187.86,151.959,190.258,0.439,17.5,42.5013
188.11,124.027,190.258,0.456,17.8219,42.5732
188.36,136.009,190.258,0.484,17.8257,42.6448
188.61,131.998,190.258,0.511,17.5014,42.714
188.86,187.975,190.258,0.534,17.8254,42.7897
189.11,128.016,190.258,0.588,17.5013,42.8579
189.36,187.983,190.258,0.59,17.1977,42.9313
189.61,128.005,190.258,0.592,17.5027,43.0062
189.86,179.989,190.258,0.593,17.5083,43.077
190.11,120.004,190.258,0.596,17.9036,43.1484
190.36,148.013,190.258,0.597,17.5036,43.2218
190.61,123.997,190.258,0.598,17.5019,43.2924
190.86,147.973,190.258,0.598,17.1866,43.3683
191.111,135.935,190.258,0.598,17.1965,43.4432
191.36,164.09,190.258,0.598,17.5042,43.5123
191.61,164.02,190.258,0.598,17.5031,43.5885
191.811,144.255,190.258,0.598,17.2055,43.6441
192.06,172.667,190.258,0.595,17.1944,43.7155
192.31,124.042,190.258,0.59,17.5031,43.7825
192.56,127.984,190.258,0.586,17.1923,43.8534
192.81,175.982,190.258,0.579,17.2122,43.9294
193.06,132.007,190.258,0.536,17.1951,43.9958
193.31,135.948,190.258,0.471,17.8255,44.0545
193.561,211.8,190.258,0.434,17.8226,44.1064
193.81,128.165,190.258,0.383,17.5029,44.1488
194.061,135.948,190.258,0.355,17.5157,44.1801
194.31,124.083,190.258,0.355,17.5055,44.1823
194.56,139.947,190.258,0.355,17.8178,44.1835
194.81,136.008,190.258,0.355,17.8221,44.1846
195.06,140.002,190.258,0.353,18.1506,44.1856
195.31,140.055,190.258,0.342,18.1499,44.1871
195.567,167.756,190.258,0.342,18.4958,44.1885
195.811,147.265,190.258,0.341,18.4983,44.1899
196.014,142.863,190.258,0.34,18.4868,44.1917
196.26,198.914,190.258,0.331,18.7882,44.1931
196.51,132.021,190.258,0.328,18.4935,44.1952
196.76,147.971,190.258,0.328,18.4954,44.1974
197.01,175.979,190.258,0.325,18.4894,44.199
197.26,188.056,190.258,0.324,18.1442,44.2009
197.51,127.98,190.258,0.319,18.1484,44.2026
197.76,151.994,190.258,0.319,18.1482,44.2037
198.01,132.036,190.258,0.318,18.4945,44.2052
198.262,210.381,190.258,0.316,17.7756,44.2078
198.51,173.334,190.258,0.35,16.8384,44.254
198.712,143.602,190.258,0.404,16.5713,44.3045
198.96,141.07,190.258,0.438,16.5711,44.3641
199.211,151.914,190.258,0.522,16.8592,44.4318
199.46,184.125,190.258,0.575,16.859,44.4997
199.71,127.981,190.258,0.564,16.8546,44.5721
199.96,192.038,190.258,0.557,16.8453,44.6394
200.162,159.016,190.258,0.55,16.8555,44.6903
200.41,156.774,190.258,0.553,16.8567,44.7633
200.66,139.997,190.258,0.558,16.857,44.8346
200.91,136.007,190.258,0.565,16.2978,44.9076
201.16,187.989,190.734,0.569,17.1877,44.9807
201.41,180,190.734,0.574,17.4053,45.0498
201.66,143.989,190.734,0.575,17.194,45.1257
201.91,120.008,190.734,0.58,16.8977,45.197
202.161,155.606,190.734,0.582,16.8975,45.2684
202.41,176.412,190.734,0.584,16.8958,45.3421
202.66,140.023,190.734,0.581,16.8972,45.4128
202.91,140.009,190.734,0.581,17.5016,45.4841
203.16,139.975,190.734,0.584,17.8161,45.5547
203.362,198.079,190.734,0.575,17.816,45.615
203.61,149.126,190.734,0.526,17.8165,45.6916
203.86,180.067,190.734,0.503,17.8186,45.7614
204.11,136,190.734,0.484,17.4985,45.8353
204.36,148.011,190.734,0.473,18.1462,45.9053
204.561,154.409,190.734,0.46,17.8163,45.9656
204.81,156.469,190.734,0.46,17.8183,46.0401
205.06,136.002,190.734,0.458,17.4976,46.1096
205.31,143.972,190.734,0.454,17.4972,46.1765
205.562,158.734,190.734,0.435,17.192,46.2506
205.81,165.337,190.734,0.421,16.8983,46.315
206.06,183.974,190.734,0.397,16.5726,46.386
206.31,132.003,190.734,0.356,16.6105,46.4562
206.56,139.989,190.734,0.34,16.607,46.5249
206.811,155.926,190.734,0.316,17.1931,46.5991
207.06,160.135,190.734,0.32,16.8977,46.6589
207.264,191.922,190.734,0.324,16.6115,46.7082
207.51,145.844,190.734,0.327,16.6114,46.7646
207.76,148.001,190.734,0.316,16.8975,46.8294
208.01,136.009,190.734,0.31,16.8965,46.9059
208.26,143.986,190.734,0.308,17.5014,46.9734
208.51,124.016,190.734,0.32,17.8395,47.0323
208.761,147.739,190.734,0.335,18.1854,47.0851
209.01,144.251,190.734,0.356,17.8187,47.1419
209.26,155.993,190.758,0.363,17.8174,47.1992
209.511,159.91,190.758,0.378,17.4974,47.2521
209.76,212.121,190.758,0.381,17.4136,47.3119
210.01,140.01,190.758,0.384,17.8132,47.3861
210.26,151.985,190.766,0.384,18.1437,47.4477
210.51,127.988,190.766,0.386,18.1443,47.5105
210.76,152.025,190.766,0.389,18.1457,47.5734
210.965,166.131,190.766,0.396,17.8144,47.6314
211.21,138.583,190.27,0.372,17.5007,47.7062
211.46,151.998,190.27,0.361,17.189,47.7653
211.71,140.004,190.27,0.354,17.494,47.8266
211.96,143.976,190.27,0.343,17.1915,47.9033
212.21,124.021,190.27,0.334,17.8166,47.9715
212.413,187.927,190.27,0.332,17.5178,48.0322
212.66,153.342,190.27,0.329,17.8186,48.1013
212.91,128.004,190.27,0.325,17.5015,48.176
213.161,147.569,190.27,0.323,17.1935,48.2518
213.41,132.393,190.27,0.321,17.5008,48.3201
213.66,139.991,190.27,0.32,17.4999,48.3876
213.91,136.006,190.27,0.32,17.8204,48.4536
214.161,171.905,190.27,0.32,18.1227,48.5216
214.41,192.063,190.27,0.32,17.7193,48.5865
214.66,196.045,190.27,0.301,17.4854,48.6469
214.91,136.003,190.27,0.264,17.5023,48.7103
215.16,140.002,190.27,0.248,17.8214,48.7785
215.41,132.001,190.27,0.235,17.5019,48.8499
215.661,155.573,190.27,0.241,17.8193,48.9248
215.91,200.536,190.27,0.265,17.5029,48.9861
216.115,186.116,190.27,0.289,17.5013,49.0341
216.36,154.561,190.27,0.307,17.1987,49.0859
216.61,136.022,190.27,0.313,17.1864,49.142
216.86,147.972,190.27,0.315,17.1947,49.1947
217.11,136.026,190.27,0.317,17.1939,49.2464
217.36,155.992,190.27,0.317,17.4978,49.3004
217.61,132.01,190.27,0.317,17.4997,49.3625
217.86,151.972,190.27,0.305,17.5002,49.4277
218.065,170.756,190.27,0.298,17.8185,49.4883
218.311,146.802,190.27,0.31,17.822,49.5538
218.56,172.152,190.27,0.324,17.1911,49.6194
218.81,135.984,190.27,0.358,17.8182,49.6909
219.06,144.02,190.27,0.382,18.1477,49.7603
219.311,147.883,190.27,0.443,18.157,49.8346
219.56,180.088,190.27,0.487,17.8172,49.9103
219.81,128.031,190.27,0.55,17.8186,49.9766
220.06,180.006,190.27,0.588,18.1096,50.0516
220.31,132.006,190.27,0.677,18.4899,50.1214
220.56,147.989,190.27,0.705,18.4911,50.1883
220.765,151.618,190.27,0.747,18.4905,50.2421
221.01,187.28,190.27,0.753,17.8182,50.3142
221.26,164.042,190.27,0.701,17.8182,50.3875
221.51,124.006,190.27,0.62,17.8185,50.4563
221.76,196.029,190.27,0.567,17.7964,50.5263
221.965,175.663,190.27,0.511,17.5047,50.5808
222.21,130.581,190.27,0.444,17.5027,50.6541
222.46,143.985,190.27,0.393,17.4989,50.7301
222.71,172.014,190.27,0.322,17.4952,50.7958
222.96,171.958,190.27,0.292,17.2146,50.8674
223.21,140.034,190.27,0.242,16.8968,50.9307
223.46,151.954,190.27,0.223,16.6109,51.0055
223.71,132.032,190.27,0.202,16.3307,51.0768
223.96,131.969,190.27,0.207,16.6101,51.1399
224.21,132.02,190.27,0.226,16.8976,51.2098
224.46,148.018,190.27,0.275,16.332,51.2827
224.664,147.594,190.27,0.284,16.333,51.3393
224.911,186.316,190.27,0.308,16.3339,51.4102
225.16,160.056,190.27,0.344,16.3341,51.4787
225.41,176.048,190.27,0.369,15.7818,51.5424
225.661,175.668,190.27,0.398,16.0692,51.6154
225.91,128.222,190.27,0.435,16.0668,51.6835
226.16,139.984,190.27,0.478,15.8075,51.7557
226.41,128.026,190.27,0.512,16.0672,51.8252
226.66,139.973,190.27,0.559,16.3345,51.8927
226.911,143.94,190.27,0.591,16.3338,51.963
227.16,164.104,190.27,0.65,16.3248,52.0344
227.41,123.953,190.27,0.687,16.6133,52.1091
227.66,188.033,190.27,0.741,16.3362,52.1841
227.91,119.993,190.27,0.777,16.9149,52.2555
228.16,140.014,190.27,0.831,17.1958,52.3258
228.362,153.781,190.27,0.844,17.5026,52.3853
228.61,144.943,190.27,0.892,17.8217,52.4557
228.86,139.971,190.27,0.948,18.1507,52.5301
229.111,151.897,190.27,0.983,18.1518,52.5987
229.361,195.401,190.27,0.967,17.8207,52.6719
229.61,164.623,190.27,0.952,18.1514,52.7476
229.86,139.998,190.27,0.944,18.15,52.814
230.062,154.037,190.27,0.944,18.4936,52.8703
230.31,184.959,190.27,0.95,18.5067,52.9317
230.56,127.978,190.27,0.935,17.821,52.9881
230.81,123.997,190.27,0.901,17.8218,53.0315
231.06,127.999,190.289,0.857,17.8174,53.0718
231.31,132.035,190.289,0.845,16.8885,53.0827
231.56,136.001,190.289,0.847,16.8877,53.0834
231.81,143.999,190.289,0.85,16.8876,53.0839
232.06,135.944,190.348,0.849,16.601,53.0848
232.31,144.06,190.348,0.849,16.8879,53.0855
232.56,151.998,190.348,0.838,16.892,53.0864
232.811,179.532,190.348,0.838,16.8891,53.0875
233.06,168.428,190.348,0.841,16.3247,53.0885
233.264,162.342,190.367,0.84,16.3297,53.0898
233.511,242.271,190.367,0.828,16.0645,53.0911
233.713,197.988,190.367,0.829,15.7721,53.0923
233.966,198.164,190.367,0.823,15.5464,53.0939
234.21,167.504,190.391,0.821,15.0714,53.0956
234.46,152.008,190.391,0.82,15.8059,53.0965
234.711,187.686,190.391,0.817,15.556,53.0981
234.96,200.319,190.391,0.839,15.5557,53.1296
235.21,196.009,190.449,0.887,15.5348,53.1895
235.46,159.991,190.449,0.958,15.311,53.2468
235.71,184.005,190.449,1.016,15.2545,53.3144
235.96,184.05,190.449,1.025,15.053,53.3792
236.162,143.861,190.508,1.028,15.3339,53.4359
236.363,208.495,190.508,1.035,15.0132,53.4879
236.61,210.547,190.508,1.052,15.3087,53.5629
236.86,148.002,190.508,1.075,15.8056,53.6305
237.11,135.948,190.508,1.074,16.3321,53.6969
237.361,187.929,190.566,1.046,16.0591,53.7722
237.61,144.108,190.566,0.998,16.3308,53.8461
237.86,148.005,190.566,0.964,16.61,53.913
238.111,183.654,190.566,0.938,16.6332,53.9883
238.36,188.356,190.625,0.905,16.6108,54.0525
238.61,135.995,190.625,0.882,16.6493,54.1213
238.86,196.009,190.625,0.84,16.6098,54.1943
239.11,155.991,190.625,0.815,16.0529,54.2618
239.36,168.007,190.625,0.777,16.1337,54.3361
239.61,123.989,190.625,0.751,16.3478,54.4015
239.861,159.924,190.625,0.704,16.3319,54.4679
240.11,124.07,190.625,0.678,16.0649,54.5425
240.36,187.959,190.66,0.626,16.0654,54.612
240.61,132.006,190.66,0.598,15.5969,54.6859
240.861,151.879,190.66,0.56,15.8072,54.756
241.11,164.134,190.66,0.545,15.5555,54.8225
241.364,189.411,190.672,0.532,15.5555,54.8954
241.611,149.59,190.672,0.51,15.8053,54.9641
241.86,184.559,190.672,0.487,15.303,55.0378
242.11,120,190.672,0.471,15.3432,55.1087
242.36,147.971,190.672,0.458,16.0664,55.1799
242.61,132.017,190.672,0.457,15.806,55.2562
242.86,151.974,190.672,0.477,15.8062,55.3301
243.11,128.039,190.672,0.493,15.551,55.3989
243.36,160.015,190.676,0.531,15.5476,55.4716
243.61,123.983,190.676,0.557,16.3176,55.5471
243.862,211.006,190.676,0.614,15.7793,55.6134
244.11,152.681,190.676,0.648,15.5508,55.6804
244.36,160.02,190.676,0.719,15.5517,55.7487
244.61,124.002,190.676,0.742,15.8028,55.8169
244.861,191.693,190.676,0.68,16.1116,55.8836
245.062,183.707,190.676,0.649,16.0611,55.936
245.31,137.002,190.676,0.617,16.0615,56.0073
245.56,147.995,190.68,0.566,16.3177,56.0791
245.811,147.863,190.68,0.537,16.3308,56.153
246.06,164.168,190.68,0.49,16.0668,56.2253
246.31,143.959,190.684,0.455,16.6165,56.2958
246.561,163.91,190.684,0.395,16.3548,56.3648
246.811,152.053,190.684,0.37,16.6347,56.4383
247.06,196.066,190.684,0.316,16.6112,56.5088
247.31,132.017,190.684,0.298,16.334,56.5813
247.56,187.973,190.684,0.288,16.6246,56.6452
247.81,148.017,190.684,0.287,16.8991,56.7141
248.06,191.968,190.684,0.297,16.9008,56.775
248.311,231.934,190.684,0.303,16.6062,56.8306
248.56,248.067,190.684,0.315,15.9919,56.8885
248.81,160.009,190.684,0.329,15.5576,56.9411
249.06,148.013,190.684,0.331,15.5752,57.0031
249.31,144.02,190.684,0.335,15.8087,57.0645
249.56,155.968,190.684,0.336,15.3147,57.1256
249.811,143.954,190.684,0.345,15.3208,57.1903
250.062,195.195,190.684,0.357,15.5478,57.2558
250.31,208.945,190.684,0.347,15.0653,57.3155
250.56,148.006,190.684,0.347,15.0796,57.3773
250.764,226.076,190.688,0.349,15.0794,57.4238
251.01,166.324,190.688,0.349,14.8498,57.4833
251.261,227.824,190.688,0.354,14.6128,57.5403
251.51,176.127,190.688,0.339,14.6423,57.5938
251.76,156.007,190.688,0.304,14.9128,57.653
252.01,131.997,190.688,0.302,15.3135,57.7161
252.26,151.994,190.688,0.312,15.3155,57.791
252.51,124,190.688,0.317,15.3125,57.8644
252.76,148.005,190.688,0.334,15.5562,57.9335
252.962,193.785,190.688,0.356,15.5559,57.9921
253.21,132.663,190.688,0.363,15.5559,58.0606
253.46,159.961,190.688,0.374,16.0644,58.134
253.711,135.758,190.688,0.378,16.0647,58.2069
253.96,172.348,190.688,0.387,16.3784,58.2724
254.21,144.006,190.688,0.395,16.3557,58.3496
254.46,135.977,190.688,0.41,16.333,58.4237
254.711,139.772,190.688,0.409,16.8962,58.4927
254.96,140.253,190.688,0.401,16.8964,58.566
255.21,127.986,190.688,0.397,16.896,58.6358
255.46,200.005,190.688,0.395,16.898,58.7119
255.661,129.385,190.688,0.393,16.6109,58.7729
255.91,220.847,190.688,0.392,16.0229,58.8435
256.16,135.98,190.688,0.389,16.0655,58.9176
256.41,132.022,190.688,0.386,16.3323,58.9884
256.66,152.009,190.688,0.384,16.3333,59.0642
256.91,175.939,190.688,0.383,16.0822,59.1376
257.16,148.051,190.688,0.377,16.333,59.2077
257.41,131.965,190.688,0.374,16.0643,59.2843
257.66,152.099,190.688,0.371,16.3321,59.3577
257.91,131.907,190.715,0.368,16.3298,59.4263
258.16,144.032,190.715,0.364,16.0651,59.4996
258.41,188.015,190.715,0.363,16.3332,59.5704
258.66,183.925,190.715,0.365,16.065,59.6468
258.911,135.914,190.727,0.367,16.3742,59.7203
259.16,176.132,190.727,0.368,16.6102,59.7902
259.41,132.005,190.727,0.368,16.0663,59.8668
259.661,143.967,190.727,0.37,16.0638,59.9363
259.91,140.012,190.727,0.371,16.3528,59.9965
260.16,144.028,190.727,0.369,16.6096,60.0648
260.362,188.694,190.727,0.355,16.8956,60.1203
260.61,156.862,190.727,0.34,16.6089,60.194
260.86,160.026,190.73,0.328,16.6086,60.2646
261.062,168.805,190.73,0.326,16.6083,60.3168
261.31,152.845,190.73,0.323,16.3315,60.3843
261.511,139.549,190.73,0.321,16.894,60.4421
261.76,176.476,190.73,0.319,17.1948,60.5148
262.01,131.991,190.848,0.319,17.1908,60.5888
262.26,143.993,190.848,0.319,17.4991,60.6585
262.51,136.002,190.848,0.319,17.4986,60.7308
262.712,183.77,190.848,0.314,17.5018,60.7882
262.96,148.794,190.848,0.309,16.8952,60.8604
263.21,136.035,190.848,0.301,16.8958,60.9298
263.461,139.905,190.848,0.292,17.1926,61.0009
263.71,136.062,190.848,0.28,16.8959,61.0718
263.96,180.012,191.359,0.264,16.8355,61.1421
264.212,143.075,191.387,0.251,17.1924,61.2141
264.462,204.402,191.387,0.253,16.8668,61.2821
264.712,147.866,191.387,0.254,16.6102,61.349
264.96,168.917,191.387,0.254,16.3342,61.4234
265.161,214.222,191.387,0.254,16.6072,61.4665
265.41,156.44,191.387,0.253,16.067,61.545
265.66,148.012,191.387,0.253,16.0656,61.61
265.911,179.933,191.387,0.256,16.3169,61.6692
266.16,188.08,191.387,0.276,16.0675,61.7332
266.41,172.001,191.387,0.29,16.3337,61.7916
266.66,204.016,191.387,0.308,15.5549,61.852
266.91,131.997,191.387,0.334,15.5565,61.9068
267.16,152.001,191.387,0.363,15.8122,61.9599
267.362,158.922,191.387,0.379,15.5575,62.0066
267.61,164.884,191.387,0.39,15.5325,62.0588
267.86,164.01,191.387,0.409,15.8078,62.116
268.11,128.005,191.387,0.415,15.8072,62.1735
268.36,191.976,191.387,0.393,16.3203,62.2361
268.61,123.999,191.387,0.383,15.8058,62.3108
268.861,167.883,191.387,0.369,16.0668,62.3678
269.11,212.1,191.387,0.367,14.9901,62.4205
269.361,183.92,191.387,0.368,15.3295,62.4846
269.61,140.112,191.387,0.372,15.0781,62.5561
269.86,155.955,191.387,0.381,15.5549,62.6202
270.11,120.032,191.387,0.387,15.5568,62.6863
270.36,155.933,191.387,0.39,15.3147,62.7534
270.61,120.05,191.387,0.391,15.3124,62.8305
270.861,167.853,191.387,0.387,15.8067,62.9053
271.11,192.173,191.387,0.386,15.2998,62.9747
271.36,159.928,191.387,0.384,15.3153,63.0485
271.61,116.039,191.387,0.383,15.5559,63.1187
271.86,187.928,191.387,0.383,15.5554,63.1955
272.111,131.88,191.387,0.383,16.3344,63.2694
272.364,173.669,191.387,0.383,16.6105,63.3401
272.61,133.981,191.387,0.383,16.8973,63.4168
272.86,183.98,191.387,0.383,16.551,63.4895
273.062,153.962,191.387,0.382,17.1938,63.5468
273.31,160.88,191.387,0.381,17.1938,63.6159
273.56,131.984,191.387,0.375,17.193,63.6845
273.81,140.023,191.387,0.375,17.5185,63.7575
274.06,171.974,190.848,0.38,17.5033,63.8306
274.31,136.021,190.848,0.382,17.4997,63.9015
274.56,195.98,190.848,0.388,17.4986,63.9722
274.81,176.006,190.848,0.39,17.517,64.0392
275.061,147.583,190.848,0.392,17.1932,64.1135
275.31,168.476,190.848,0.392,17.2132,64.1812
275.561,139.642,190.848,0.399,17.1928,64.2445
275.81,132.287,190.848,0.384,17.1918,64.3152
276.06,144.007,190.848,0.343,17.2068,64.3863
276.31,128.043,190.848,0.323,17.1891,64.4538
276.56,143.997,190.848,0.305,17.1923,64.5211
276.81,127.997,190.848,0.303,17.194,64.5821
277.06,143.982,190.848,0.294,17.1935,64.6502
277.31,144.019,190.848,0.295,16.8932,64.7213
277.56,135.949,190.848,0.295,17.1932,64.7901
277.81,140.047,190.848,0.296,17.4997,64.8591
278.06,128.005,190.848,0.303,17.5373,64.9319
278.31,132.002,190.848,0.31,17.4992,65.0011
278.561,151.858,190.848,0.319,17.5006,65.0731
278.811,156.085,190.848,0.324,17.1916,65.1343
279.062,154.956,190.848,0.33,17.5006,65.2041
279.311,205.381,190.848,0.33,17.1581,65.2777
279.56,148.064,190.848,0.327,17.1945,65.3459
279.81,131.993,190.848,0.33,17.1944,65.4167
280.06,131.98,190.848,0.347,17.1943,65.4933
280.31,136.01,190.848,0.368,17.5013,65.564
280.56,144.014,190.848,0.415,17.5024,65.6376
280.81,124.012,190.848,0.452,17.5025,65.7109
281.06,139.971,190.848,0.473,17.502,65.7837
281.31,128.012,190.848,0.47,17.5025,65.8591
281.56,144.013,190.848,0.465,17.824,65.9304
281.811,127.928,190.848,0.462,17.8215,66.006
282.06,180.062,190.848,0.461,17.8523,66.0774
282.31,140.013,190.848,0.458,17.8213,66.1528
282.56,131.996,190.848,0.453,17.8213,66.2226
282.81,179.963,190.848,0.452,17.4974,66.2917
283.06,172.041,190.848,0.451,17.1791,66.3666
283.31,124.011,190.848,0.451,16.902,66.4402
283.56,147.99,190.848,0.45,17.1957,66.51
283.811,139.94,190.848,0.45,17.1954,66.5764
284.06,164.092,190.848,0.45,17.1955,66.6281
284.311,123.935,190.848,0.449,17.1987,66.6761
284.56,136.047,190.848,0.45,16.9,66.7153
284.811,135.916,190.848,0.451,16.8995,66.734
285.062,198.773,190.848,0.453,16.9015,66.7356
285.311,156.81,190.848,0.454,16.887,66.7366
285.561,199.55,190.848,0.453,16.3363,66.7372
285.811,204.718,190.848,0.452,15.8085,66.7383
286.06,140.03,190.848,0.439,15.8077,66.7396
286.311,135.971,190.848,0.438,16.0665,66.7407
286.56,188.086,190.848,0.438,15.8078,66.7423
286.86,139.992,190.848,0.438,16.0644,66.744
287.11,175.973,190.848,0.436,15.5459,66.7459
287.36,168.033,190.848,0.441,15.5572,66.7481
287.61,171.981,190.848,0.439,15.8082,66.749
287.86,200.048,190.871,0.437,15.5388,66.7513
288.11,143.932,190.871,0.438,15.5643,66.753
288.36,200.079,190.871,0.439,15.3067,66.7547
288.61,143.972,190.871,0.453,15.8143,66.7853
288.86,152.014,190.871,0.46,16.335,66.8388
289.11,131.985,190.891,0.476,16.6114,66.9003
289.311,209.36,190.891,0.478,16.6093,66.9574
289.56,136.362,190.891,0.476,16.3348,67.0265
289.811,191.77,190.891,0.475,16.0689,67.0979
290.06,144.159,190.891,0.474,16.609,67.1667
290.31,136.009,190.891,0.474,16.6094,67.2423
290.56,143.998,190.891,0.477,16.3318,67.3158
290.763,197.901,190.891,0.481,16.6166,67.3714
291.01,193.69,190.891,0.484,16.3359,67.4466
291.26,163.968,190.891,0.486,16.9029,67.5174
291.51,123.986,190.891,0.487,16.8967,67.5938
291.76,152.029,190.891,0.487,16.6093,67.6681
291.962,168.941,190.891,0.487,16.9008,67.7243
292.211,156.657,190.891,0.488,16.3343,67.7993
292.46,188.15,190.891,0.47,16.6061,67.8712
292.666,165.609,190.891,0.428,16.3322,67.9331
292.91,159.407,190.891,0.375,16.3532,68.0064
293.16,179.977,190.891,0.352,16.3201,68.0766
293.41,143.981,190.891,0.329,16.0649,68.1523
293.66,180.02,190.891,0.323,16.3073,68.2265
293.91,140.005,190.891,0.324,16.8966,68.2943
294.162,146.9,191.398,0.326,16.6053,68.3658
294.41,169.19,191.398,0.329,16.8962,68.4359
294.618,163.635,191.398,0.33,17.1976,68.4829
294.861,193.302,191.398,0.332,16.8302,68.568
295.11,136.55,191.398,0.34,16.8979,68.644
295.36,148.007,191.398,0.341,16.8992,68.7173
295.61,127.971,191.398,0.305,17.5273,68.7881
295.86,152.025,191.398,0.28,17.1929,68.8642
296.11,164.01,191.398,0.269,17.4991,68.929
296.365,180.825,191.398,0.282,17.5011,68.9907
296.61,142.487,191.398,0.31,17.1944,69.0616
296.86,155.995,191.398,0.345,17.1933,69.1274
297.11,123.995,191.398,0.408,17.2078,69.2017
297.36,160.099,191.398,0.45,16.8969,69.2715
297.61,119.928,191.398,0.498,17.3116,69.3339
297.86,148.001,191.398,0.498,17.4987,69.403
298.11,135.993,191.398,0.494,17.4993,69.4731
298.36,192.002,191.398,0.493,17.4977,69.5391
298.61,136.003,191.398,0.487,16.8972,69.6115
298.86,140.013,191.398,0.471,16.8962,69.6831
299.11,123.979,191.398,0.457,17.1928,69.7529
299.36,156.022,191.398,0.451,17.206,69.8248
299.61,124.02,191.398,0.434,17.1931,69.8907
299.86,151.95,191.398,0.424,17.1922,69.9624
300.11,124.009,191.398,0.42,16.9001,70.037
300.36,156.005,191.398,0.42,17.1917,70.1032
300.61,208.044,191.398,0.416,17.1736,70.1786
300.861,139.927,191.398,0.411,16.8956,70.2488
301.11,136.044,191.398,0.398,16.8956,70.3241
301.36,152.02,191.398,0.392,17.4984,70.3677
301.61,120.002,191.398,0.391,17.4976,70.3701
301.86,144.005,191.398,0.388,17.1904,70.3702
302.11,163.931,191.398,0.388,16.8785,70.3703
302.361,151.87,191.398,0.388,17.1912,70.3703
302.61,120.127,191.398,0.387,17.1917,70.3703
302.861,147.953,191.398,0.387,17.1921,70.3703
303.11,156.061,191.398,0.386,17.1921,70.3703
303.36,156.004,191.398,0.387,16.8906,70.3704
303.562,158.362,191.398,0.387,17.5448,70.3704
303.811,197.53,191.398,0.387,17.4993,70.3704
304.06,168.067,190.879,0.387,16.8907,70.3705
304.31,139.996,190.879,0.387,16.8952,70.3705
304.56,136.023,190.879,0.387,16.6094,70.3705
304.81,135.997,190.879,0.387,16.6087,70.3706
305.06,136.004,190.879,0.387,16.6263,70.3707
305.31,132.008,190.879,0.387,16.3331,70.3707
305.56,136.002,190.879,0.386,16.6091,70.3707
305.81,131.988,190.879,0.387,16.6086,70.3707
306.062,146.78,190.879,0.387,16.9311,70.3711
306.31,221.856,190.879,0.386,16.5788,70.4169
306.561,195.883,190.879,0.38,16.3013,70.4935
306.81,168.095,190.879,0.37,16.884,70.5624
307.06,144,190.879,0.367,16.6093,70.6376
307.263,187.157,190.879,0.359,16.6101,70.6927
307.51,137.679,190.879,0.348,16.3331,70.768
307.76,155.972,190.879,0.344,16.6102,70.838
308.01,128.016,190.879,0.344,16.61,70.9008
308.213,158.275,190.879,0.329,16.3335,70.96
308.46,181.574,190.879,0.328,16.2978,71.03
308.711,139.921,190.879,0.32,16.0638,71.1021
308.96,228.15,190.879,0.305,15.792,71.1707
309.164,171.765,190.879,0.303,15.5548,71.223
309.41,154.315,190.879,0.298,15.839,71.2988
309.66,140.003,190.879,0.296,15.836,71.3696
309.91,136.005,190.879,0.294,16.3339,71.4434
310.16,135.988,190.879,0.298,16.6126,71.505
310.361,199.033,190.879,0.298,17.197,71.5485
310.61,152.59,191.223,0.305,16.8945,71.6103
310.86,188.007,191.223,0.31,16.8602,71.6684
311.113,194.01,191.223,0.316,16.8847,71.7238
311.36,193.996,191.223,0.324,16.6522,71.7795
311.61,139.998,191.223,0.34,16.8949,71.8298
311.86,148.004,191.223,0.348,17.267,71.8861
312.113,181.96,191.223,0.357,17.1942,71.9378
312.36,214.396,191.223,0.364,16.6133,71.9919
312.562,163.653,191.223,0.343,16.6193,72.0412
312.81,165.083,191.223,0.345,16.3353,72.1029
313.063,146.584,191.223,0.329,16.3359,72.1693
313.31,165.618,191.223,0.326,15.8093,72.2235
313.56,147.997,191.223,0.323,16.069,72.283
313.81,143.999,191.223,0.308,15.8056,72.3573
314.06,167.986,191.223,0.327,16.0519,72.419
314.311,147.955,191.223,0.343,16.6107,72.484
314.563,186.212,191.223,0.348,16.6171,72.5481
314.81,137.367,191.223,0.349,16.6114,72.6147
315.06,139.993,191.223,0.345,17.5376,72.6835
315.31,188.028,191.223,0.342,17.0553,72.7493
315.56,144.006,191.223,0.342,17.4991,72.8159
315.763,177.636,191.223,0.342,17.4991,72.8785
316.01,133.422,191.223,0.35,17.1934,72.9427
316.26,147.957,191.223,0.356,17.1931,73.0125
316.51,128.029,191.223,0.363,16.901,73.0838
316.761,163.488,191.223,0.362,17.1922,73.1536
317.01,156.503,191.223,0.358,17.1933,73.2287
317.26,143.988,191.223,0.357,17.1872,73.295
317.51,176.011,191.223,0.356,16.8233,73.367
317.76,187.98,191.238,0.357,16.8926,73.4395
318.01,131.998,191.238,0.364,16.6092,73.5043
318.261,143.939,191.238,0.366,16.8967,73.5738
318.51,128.056,191.238,0.368,16.8974,73.6434
318.76,147.999,191.238,0.368,16.9585,73.7105
319.01,168.014,191.238,0.369,16.8876,73.7827
319.26,187.996,191.238,0.369,17.1741,73.8531
319.51,135.976,191.238,0.375,16.896,73.9268
319.76,151.996,191.242,0.377,17.2097,73.9911
320.01,116.029,191.242,0.384,17.1927,74.0603
320.211,154.605,191.242,0.387,17.1909,74.1224
320.46,140.277,191.242,0.389,17.4997,74.1931
320.665,151.391,191.242,0.391,17.5209,74.2548
320.911,199.041,191.242,0.391,17.195,74.3286
321.16,196.761,191.242,0.392,17.4994,74.3987
321.365,156.619,191.242,0.392,16.896,74.4601
321.61,162.786,191.242,0.393,17.193,74.528
321.86,140.003,191.242,0.395,17.2023,74.6009
322.11,132.002,191.242,0.401,17.5008,74.6715
322.362,170.625,191.242,0.406,17.8177,74.7428
322.61,193.535,191.242,0.413,17.5009,74.8145
322.86,140.026,191.242,0.416,16.8933,74.8836
323.11,172.002,191.242,0.418,16.8962,74.9564
323.36,143.997,191.242,0.417,16.3329,75.0302
323.61,160.004,191.242,0.411,16.6109,75.0981
323.86,207.991,191.242,0.407,16.341,75.1684
324.11,124.002,191.242,0.403,16.0648,75.2411
324.36,148.003,191.242,0.403,16.6092,75.3115
324.61,124.006,191.242,0.405,16.3327,75.3862
324.86,187.983,191.242,0.4,16.5956,75.4552
325.11,172.013,191.242,0.392,15.7941,75.5275
325.36,143.984,191.242,0.372,15.5555,75.5978
325.61,131.984,191.242,0.345,15.5688,75.6665
325.86,148.023,191.242,0.328,16.0657,75.7417
326.064,211.409,191.242,0.319,16.3348,75.7921
326.31,150.047,191.242,0.325,16.0681,75.8534
326.561,171.44,191.242,0.308,16.3349,75.9069
326.81,216.68,191.691,0.305,16.2888,75.9626
327.06,136.014,191.738,0.28,16.3348,76.0325
327.261,169.153,191.738,0.266,16.3356,76.0825
327.51,136.556,191.738,0.264,16.3364,76.1497
327.711,199.336,191.738,0.278,16.3367,76.2078
327.961,192.018,191.25,0.295,15.8217,76.2678
328.21,176.449,191.25,0.324,16.0809,76.3269
328.46,151.978,191.25,0.351,16.3362,76.3819
328.71,140.022,191.25,0.372,16.6075,76.4471
328.96,139.965,191.254,0.392,16.6116,76.5103
329.211,151.688,191.254,0.427,16.8986,76.5752
329.46,164.377,191.254,0.443,16.3351,76.6409
329.71,123.975,191.254,0.456,16.9489,76.7078
329.96,143.996,191.254,0.462,16.8967,76.7749
330.21,140.033,191.254,0.476,16.6116,76.8398
330.46,131.984,191.254,0.492,16.8988,76.9099
330.661,159.417,191.254,0.513,16.9009,76.9575
330.91,188.502,191.254,0.553,16.8965,77.0417
331.161,135.975,191.254,0.566,17.1959,77.1083
331.41,128.043,191.254,0.579,16.8992,77.172
331.66,143.991,191.254,0.578,16.9004,77.2254
331.91,120.008,191.254,0.593,17.1954,77.2724
332.16,128.001,191.254,0.599,17.8208,77.3111
332.41,120.013,191.254,0.608,17.8207,77.3282
332.66,135.981,191.254,0.611,17.8206,77.3295
332.91,132.013,191.254,0.609,18.15,77.3301
333.16,144.006,191.254,0.61,17.82,77.3309
333.41,127.98,191.254,0.612,17.8189,77.3317
333.66,171.978,191.254,0.614,18.4937,77.3327
334.01,131.445,191.254,0.621,18.4874,77.3343
334.215,166.127,191.254,0.623,18.1434,77.3359
334.46,179.383,191.254,0.625,17.4974,77.3373
334.71,136.002,191.254,0.625,17.4925,77.3391
334.96,147.939,191.254,0.628,17.4972,77.3408
335.21,148.059,191.254,0.628,17.186,77.3422
335.46,151.999,191.254,0.626,17.189,77.344
335.711,135.899,191.254,0.627,17.1902,77.3457
335.961,204.041,191.254,0.627,17.4401,77.3473
336.21,148.043,191.254,0.631,17.8103,77.3495
336.46,144.013,191.254,0.624,18.1451,77.3649
336.71,139.995,191.254,0.574,17.4931,77.4209
336.96,143.979,191.254,0.551,18.5104,77.4763
337.21,152.02,191.254,0.526,18.8396,77.5344
337.461,223.796,191.254,0.516,18.8513,77.6017
337.71,140.125,191.254,0.522,18.147,77.6723
337.96,135.995,191.254,0.537,18.4919,77.7479
338.21,180.011,191.254,0.563,18.1284,77.8233
338.461,175.925,191.254,0.537,18.1408,77.893
338.71,140.067,191.254,0.499,17.8756,77.9677
338.96,139.957,191.254,0.484,17.5032,78.0414
339.211,127.944,191.254,0.457,17.5004,78.1128
339.46,192.13,191.254,0.433,17.1935,78.1881
339.71,131.979,191.254,0.382,17.1875,78.259
339.96,135.996,191.254,0.356,17.1927,78.3197
340.21,184.059,191.254,0.319,16.8768,78.3846
340.46,151.978,191.254,0.29,17.4999,78.4483
340.71,128.003,191.254,0.263,17.4982,78.5228
340.961,139.896,191.254,0.247,17.5008,78.5937
341.211,171.685,191.254,0.259,17.1862,78.6624
341.46,180.48,191.254,0.271,17.1527,78.7247
341.71,147.979,191.254,0.294,17.1892,78.7822
341.96,148.023,191.254,0.303,17.4997,78.8386
342.21,183.983,191.254,0.312,17.8136,78.8963
342.468,221.53,191.254,0.312,17.8182,78.9498
342.71,156.564,191.254,0.319,17.1895,79.0105
342.961,159.478,191.254,0.34,17.1933,79.0779
343.21,152.474,191.254,0.341,17.4946,79.1483
343.462,166.932,191.254,0.335,17.5004,79.2211
343.71,152.991,191.254,0.329,17.1929,79.2804
343.961,143.927,191.254,0.329,17.5136,79.3399
344.21,136.071,191.254,0.336,17.5114,79.4135
344.461,135.921,191.254,0.356,17.4997,79.4815
344.71,132.08,191.254,0.372,17.1905,79.5474
344.961,143.961,191.254,0.383,17.1927,79.6133
345.211,124.006,191.254,0.388,17.1872,79.6812
345.461,131.988,191.254,0.402,17.8217,79.7564
345.71,188.055,191.254,0.431,17.494,79.8248
345.961,131.938,191.254,0.446,17.4996,79.8976
346.211,140.009,191.254,0.446,17.5028,79.9732
346.46,180.094,191.254,0.447,17.5058,80.0375
346.71,132,191.254,0.447,17.4963,80.1117
346.96,135.992,191.254,0.451,17.4996,80.1858
347.21,127.984,191.254,0.453,17.4924,80.2557
347.461,195.967,191.254,0.455,17.4993,80.3296
347.71,124.029,191.254,0.455,17.1882,80.4027
347.977,157.299,191.254,0.456,17.5002,80.4735
348.21,150.233,191.254,0.456,16.8957,80.5497
348.461,195.886,191.254,0.456,16.8742,80.6205
348.71,176.096,191.254,0.456,16.8895,80.6973
348.96,131.984,191.254,0.456,16.6107,80.7727
349.21,136.045,191.254,0.456,16.9067,80.8434
349.462,182.945,191.254,0.457,16.8967,80.9039
349.71,132.743,191.254,0.458,16.895,80.9897
349.965,168.712,191.254,0.458,17.1931,81.0626
350.21,138.68,191.254,0.465,16.608,81.1388
350.461,215.915,191.254,0.467,17.2178,81.1953
350.71,144.077,191.254,0.467,16.6072,81.2861
350.965,169.166,191.254,0.464,16.6113,81.3598
351.211,146.405,191.254,0.46,16.8914,81.4299
351.461,184.008,191.254,0.459,16.6105,81.506
351.71,140.077,191.254,0.458,16.8968,81.5767
351.96,131.967,191.254,0.458,17.1933,81.6484
352.21,136.003,191.254,0.458,17.4958,81.7244
352.46,147.981,191.254,0.46,17.8216,81.7957
352.71,132.018,191.254,0.464,17.5011,81.8715
352.96,136.005,191.254,0.467,18.1499,81.9446
353.21,123.971,191.254,0.466,18.8622,82.0152
353.461,155.968,191.254,0.462,18.4929,82.0911
353.712,131.328,191.254,0.46,18.4943,82.1644
353.96,176.978,191.254,0.457,18.4933,82.2337
354.21,127.993,191.254,0.453,18.8479,82.3066
354.46,136.002,191.254,0.449,18.8489,82.3744
354.71,132.001,191.254,0.448,18.8481,82.4491
354.96,136.01,191.254,0.449,18.8492,82.5199
355.21,135.979,191.254,0.45,19.2178,82.5929
355.46,132.011,191.254,0.449,18.8502,82.6678
355.71,135.996,191.254,0.449,18.8402,82.7343
355.96,140.027,191.254,0.455,19.2182,82.8063
356.21,123.979,191.254,0.47,18.8462,82.8792
356.46,191.972,191.254,0.489,18.4877,82.9364
356.71,124.024,191.254,0.5,18.4869,82.9896
356.96,147.98,191.254,0.515,18.4937,83.0288
357.21,120.013,191.254,0.536,18.1513,83.0614
357.46,143.977,191.254,0.541,17.821,83.0642
357.71,120.019,191.727,0.545,17.4998,83.0656
357.96,144.005,191.75,0.548,17.1949,83.067
358.21,115.996,191.75,0.545,17.501,83.068
358.461,179.944,191.75,0.55,17.4994,83.0696
358.71,132.042,191.242,0.549,17.19,83.0711
358.96,131.999,191.242,0.551,17.5012,83.0727
359.21,119.978,191.242,0.551,17.8184,83.0739
359.412,179.037,191.242,0.548,18.1491,83.0752
359.663,155.171,191.242,0.545,17.5004,83.0759
359.91,169.678,191.242,0.542,17.5003,83.0769
360.111,164.318,191.242,0.545,17.8182,83.0775
360.36,164.558,191.242,0.543,17.5001,83.0791
360.61,131.979,191.242,0.538,17.8177,83.0805
360.86,180.017,191.242,0.536,17.4981,83.0826
361.11,131.992,191.242,0.532,17.193,83.0842
361.36,155.995,191.242,0.529,17.1956,83.0868
361.611,175.929,191.242,0.532,17.1931,83.0886
361.86,152.073,191.242,0.527,16.8968,83.0899
362.161,163.243,191.242,0.525,17.1922,83.0921
362.41,144.12,191.242,0.528,17.1779,83.0933
362.66,148,191.242,0.528,17.1858,83.0953
362.911,183.881,191.242,0.535,16.8671,83.0972
363.16,200.126,191.242,0.537,17.1783,83.0986
363.41,147.998,191.242,0.538,17.485,83.1011
363.66,147.992,191.242,0.54,18.1322,83.1032
363.862,207.995,191.242,0.546,17.8024,83.1043
364.11,177.378,191.242,0.55,17.4835,83.1256
364.36,159.996,191.242,0.528,17.7984,83.1798
364.61,139.98,191.242,0.51,17.8019,83.2379
364.86,155.984,191.242,0.486,17.8003,83.2964
365.11,128.006,191.242,0.454,17.4993,83.3675
365.36,148.022,191.242,0.415,17.8119,83.4383
365.61,120.015,191.242,0.403,18.1661,83.5026
365.86,200.023,191.242,0.397,18.1638,83.5751
366.111,123.922,191.242,0.399,17.8213,83.644
366.36,192.08,191.242,0.403,17.1923,83.7178
366.61,120.013,191.242,0.404,17.4993,83.7934
366.86,147.956,191.242,0.381,17.8182,83.8597
367.11,128.025,191.242,0.396,17.4976,83.9358
367.36,147.996,191.242,0.402,17.4992,84.0038
367.611,139.919,191.242,0.404,17.4968,84.0748
367.86,184.094,191.242,0.41,17.8163,84.1486
368.11,128.012,191.242,0.413,17.498,84.2184
368.36,151.998,191.242,0.417,17.1902,84.2909
368.562,129.193,191.242,0.418,17.1873,84.3487
368.763,248.286,191.242,0.424,16.8945,84.4038
369.01,181.913,191.242,0.428,16.3327,84.4735
369.26,147.986,191.242,0.435,16.9082,84.5424
369.51,172.005,191.242,0.44,16.3321,84.615
369.76,147.993,191.242,0.444,16.3341,84.684
370.01,124.011,191.242,0.447,16.3313,84.7528
370.26,139.989,191.242,0.456,16.065,84.8293
370.51,140.024,191.242,0.462,16.3347,84.8985
370.76,139.975,191.242,0.454,16.0648,84.9705
370.962,198.381,191.242,0.434,16.6723,85.0292
371.21,169.118,191.242,0.421,16.0668,85.0973
371.461,187.229,191.242,0.393,16.3343,85.161
371.71,128.497,191.242,0.372,16.3347,85.2294
371.96,152.035,191.242,0.331,16.8941,85.2996
372.161,149.344,191.242,0.32,16.8969,85.3592
372.41,172.608,191.242,0.308,17.1943,85.4244
372.66,143.981,191.242,0.31,17.4997,85.487
372.91,140.007,191.242,0.308,17.5017,85.5448
373.16,148.007,191.242,0.311,17.4994,85.607
373.41,135.994,191.242,0.313,17.8181,85.6709
373.66,159.993,191.242,0.317,17.8176,85.7289
373.911,187.883,191.242,0.32,17.9784,85.7872
374.16,184.114,191.242,0.308,17.819,85.8404
374.41,136.023,191.242,0.307,17.8182,85.897
374.66,155.997,191.242,0.315,17.8181,85.963
374.91,131.997,191.242,0.324,18.1482,86.0309
375.161,155.609,191.242,0.358,17.8366,86.0887
375.41,176.448,191.242,0.365,17.5005,86.1444
375.66,151.986,191.242,0.379,17.4948,86.2032
375.91,136,191.242,0.381,17.8197,86.2763
376.16,136.001,191.242,0.376,17.819,86.3317
376.362,158.726,191.242,0.371,17.8229,86.3758
376.61,169.082,191.242,0.372,17.1943,86.4348
376.86,207.959,191.242,0.392,17.8187,86.4988
377.11,120.022,191.242,0.424,17.8181,86.569
377.36,195.988,191.242,0.445,18.1369,86.62
377.562,178.736,191.242,0.457,17.819,86.6664
377.81,148.863,191.242,0.469,17.5002,86.734
378.06,135.981,191.242,0.488,18.1496,86.7994
378.311,143.932,191.242,0.501,17.8188,86.8575
378.56,224.166,191.242,0.55,17.4899,86.9145
378.761,179.196,191.242,0.573,16.8932,86.9669
379.01,136.467,191.242,0.58,16.6119,87.0335
379.26,156.002,191.242,0.597,16.3345,87.0894
379.51,140.013,191.242,0.605,16.8986,87.148
379.761,167.928,191.242,0.611,16.8996,87.2119
380.011,179.956,191.242,0.599,16.6101,87.2848
380.26,164.078,191.242,0.586,16.336,87.3438
380.462,153.48,191.242,0.585,16.6133,87.3862
380.71,209.623,191.242,0.585,16.6016,87.4494
380.96,176.085,191.242,0.593,16.3284,87.5183
381.21,124.002,191.242,0.617,16.0679,87.5773
381.46,151.972,191.242,0.625,16.3356,87.6326
381.711,135.947,191.242,0.627,16.899,87.6886
381.96,140.078,191.242,0.613,17.1953,87.7559
382.165,210.141,191.242,0.599,17.196,87.8093
382.411,195.147,191.242,0.586,16.6127,87.8643
382.66,156.37,191.242,0.579,16.0688,87.9238
382.91,131.999,191.242,0.581,16.3615,87.989
383.16,179.983,191.242,0.589,16.6123,88.0564
383.41,132.008,191.242,0.55,16.6126,88.1166
383.661,147.831,191.242,0.485,17.196,88.1702
383.91,132.157,191.242,0.446,17.5021,88.2209
384.161,187.446,191.242,0.392,17.5031,88.2637
384.41,168.494,191.242,0.369,16.8992,88.2982
384.661,171.855,191.242,0.356,16.8994,88.3035
384.91,136.119,191.242,0.356,17.1949,88.3044
385.16,139.997,191.242,0.356,17.8195,88.3054
385.366,170.445,191.242,0.357,18.8486,88.3064
385.61,179.845,191.242,0.355,18.4926,88.3076
385.86,160.003,191.242,0.344,18.1551,88.3089
386.11,104.001,191.242,0.343,17.8196,88.31
386.36,159.99,191.242,0.342,17.8187,88.3115
386.61,120.006,191.242,0.342,17.823,88.3135
386.86,159.99,191.242,0.337,18.4898,88.3156
387.11,123.993,191.242,0.33,18.8459,88.3179
387.363,225.295,191.242,0.328,18.4693,88.3195
387.61,170.063,191.242,0.328,18.1482,88.3214
387.861,155.819,191.73,0.328,18.1481,88.323
388.11,152.165,191.754,0.326,17.5001,88.3243
388.361,163.911,191.754,0.319,17.82,88.3263
388.61,144.085,191.16,0.321,18.8431,88.3278
388.86,155.958,191.242,0.319,18.4715,88.3312
389.11,168.009,191.242,0.323,18.455,88.3686
389.36,148.033,191.242,0.387,18.4706,88.4234
389.61,179.971,191.242,0.435,18.1252,88.4797
389.86,199.977,191.242,0.521,17.7527,88.5495
390.11,132.005,191.242,0.549,18.1292,88.6154
390.36,156.008,191.242,0.536,18.1293,88.6695
390.61,167.98,191.242,0.535,18.1139,88.7232
390.86,164.031,191.242,0.537,18.1285,88.7874
391.062,138.918,191.242,0.548,18.1269,88.8473
391.31,161.008,191.242,0.556,17.7996,88.9014
391.56,147.994,191.242,0.571,17.5081,88.9603
391.81,147.986,191.242,0.565,17.4862,89.0313
392.06,128.01,191.242,0.549,17.1925,89.0999
392.262,183.665,191.242,0.536,17.1938,89.147
392.511,160.867,191.242,0.535,17.1996,89.1979
392.76,184.054,191.277,0.543,17.22,89.2564
393.011,127.957,191.277,0.553,17.1896,89.3303
393.26,148.048,191.277,0.579,17.4985,89.3852
393.51,135.979,191.277,0.589,17.8212,89.4413
393.76,212.04,191.312,0.586,17.8192,89.4977
394.01,155.966,191.312,0.577,17.8333,89.564
394.26,200.057,191.312,0.552,17.4651,89.6371
394.51,124.007,191.312,0.549,17.1908,89.6903
394.761,175.874,191.312,0.539,17.4987,89.7467
395.01,164.11,191.312,0.514,17.1894,89.8159
395.26,156.011,191.312,0.496,17.4977,89.8792
395.51,128.002,191.312,0.489,17.4955,89.9402
395.712,148.782,191.312,0.47,17.498,89.988
395.96,148.97,191.312,0.447,17.1918,90.0569
396.21,131.985,191.312,0.421,17.1925,90.1252
396.46,136.01,191.312,0.395,17.2083,90.1911
396.711,143.901,191.312,0.393,17.1931,90.2606
396.961,199.526,191.324,0.389,16.897,90.3158
397.21,144.435,191.324,0.383,17.4978,90.4028
397.46,144.004,191.324,0.369,17.502,90.4775
397.661,134.612,191.324,0.356,17.1932,90.5329
397.91,180.425,191.324,0.342,17.1938,90.6092
398.16,139.992,191.324,0.329,16.8979,90.6768
398.41,139.994,191.324,0.323,16.8996,90.7499
398.66,140.017,191.324,0.321,16.8986,90.8121
398.865,176.172,191.324,0.323,17.1946,90.8532
399.11,154.669,191.324,0.323,16.8985,90.9095
399.369,208.718,191.324,0.32,17.1942,90.9699
399.61,174.113,191.324,0.317,16.8985,91.0373
399.861,195.459,191.324,0.314,17.1996,91.1123
400.11,120.293,191.324,0.32,17.1936,91.1689
400.367,191.313,191.324,0.329,16.8972,91.2233
400.61,159.901,191.324,0.336,16.8978,91.2759
400.86,228.106,191.324,0.348,16.3184,91.3333
401.11,135.994,191.324,0.352,16.331,91.3944
401.363,182.327,191.324,0.352,16.6079,91.4614
401.61,185.71,191.324,0.357,16.3313,91.5318
401.86,155.987,191.324,0.363,16.0592,91.5979
402.111,139.908,191.324,0.365,16.3275,91.66
402.36,184.111,191.324,0.377,15.8038,91.7279
402.611,131.887,191.324,0.369,16.3404,91.803
402.86,144.133,191.324,0.357,16.0614,91.8671
403.11,135.969,191.324,0.354,16.06,91.934
403.36,160.03,191.324,0.344,16.33,91.9967
403.61,168.006,191.324,0.343,16.8858,92.0671
403.86,144.001,191.324,0.338,17.8178,92.1441
404.111,127.931,191.324,0.333,17.8155,92.2143
404.36,148.073,191.324,0.33,17.8184,92.2874
404.61,131.975,191.324,0.324,18.1541,92.3588
404.86,148.021,191.324,0.322,17.8196,92.432
405.063,158.221,191.324,0.321,18.4893,92.4871
405.311,165.353,191.324,0.32,18.1507,92.5505
405.56,216.108,191.324,0.323,18.0283,92.6245
405.81,136.03,191.324,0.318,18.4963,92.6888
406.06,144.013,191.324,0.301,18.1513,92.7514
406.31,139.997,191.324,0.274,17.8227,92.8102
406.56,148.03,191.324,0.252,17.8253,92.8729
406.764,166.949,191.324,0.239,17.5017,92.9328
407.011,178.054,191.324,0.227,17.1987,92.999
407.26,204.577,191.324,0.24,17.1961,93.0722
407.51,128.011,191.324,0.266,16.6119,93.1424
407.713,153.161,191.324,0.281,16.8987,93.1746
407.961,177.635,191.324,0.301,16.6147,93.2386
408.211,191.956,191.324,0.308,16.8844,93.2905
408.46,212.168,191.324,0.316,16.3492,93.3477
408.662,188.44,191.324,0.323,16.3455,93.3942
408.91,144.986,191.324,0.331,16.334,93.4457
409.16,155.974,191.324,0.335,16.0665,93.5074
409.41,131.984,191.324,0.328,16.334,93.5743
409.66,144.01,191.324,0.327,16.6109,93.6384
409.91,140.005,191.324,0.336,16.8966,93.7079
410.16,139.978,191.324,0.348,17.5077,93.7742
410.41,136.021,191.324,0.373,17.4996,93.8426
410.612,173.71,191.324,0.39,17.8333,93.8953
410.86,144.851,191.324,0.443,17.4994,93.9674
411.11,135.996,191.324,0.501,17.8556,94.043
411.36,183.98,191.324,0.539,17.7352,94.1096
411.61,131.987,191.324,0.602,17.816,94.1805
411.86,144.025,191.324,0.64,18.148,94.2579
412.062,168.593,191.324,0.686,17.8179,94.3139
412.31,136.893,191.324,0.748,17.1898,94.3888
412.56,140.023,191.324,0.767,17.1905,94.4568
412.81,135.991,191.324,0.701,16.8958,94.5204
413.06,179.99,191.324,0.646,16.5914,94.5914
413.31,136,191.324,0.565,16.6096,94.6617
413.562,162.817,191.324,0.511,16.0651,94.7281
413.81,153.119,191.324,0.443,16.101,94.7983
414.06,144.016,191.324,0.395,15.8068,94.8641
414.262,159.055,191.324,0.352,16.0656,94.9209
414.51,152.684,191.324,0.3,15.8729,94.9959
414.76,152.027,191.324,0.276,15.8064,95.06
414.961,149.494,191.324,0.245,15.8059,95.112
415.21,152.403,191.324,0.216,15.8182,95.1839
415.46,188.033,191.324,0.211,16.0458,95.2546
415.661,144.582,191.324,0.217,15.808,95.3049
415.91,160.364,191.324,0.235,15.8073,95.3717
416.16,139.989,191.324,0.266,16.3333,95.4375
416.41,132.001,191.324,0.294,16.3305,95.51
416.66,192.023,191.324,0.31,16.8989,95.5841
416.91,123.989,191.336,0.352,16.8968,95.651
417.16,136.005,191.336,0.38,17.194,95.7229
417.41,139.993,191.336,0.419,17.8201,95.7967
417.66,136.021,191.336,0.457,17.8195,95.8633
417.91,127.968,191.336,0.497,18.1505,95.9296
418.161,139.841,191.336,0.526,18.8468,95.9997
418.41,132.158,191.824,0.561,18.4938,96.0698
418.66,180.03,191.828,0.595,18.8495,96.1349
418.864,152.44,191.828,0.623,18.494,96.1941
419.11,145.926,191.828,0.681,18.1546,96.271
419.36,159.995,191.242,0.722,18.4963,96.3423
419.61,116.013,191.336,0.769,18.151,96.4124
419.813,197.043,191.336,0.809,18.1514,96.4654
420.06,157.88,191.336,0.841,17.8212,96.5359
420.31,188.018,191.336,0.89,17.5031,96.6127
420.561,171.942,191.336,0.925,17.1788,96.6811
420.81,132.027,191.336,0.961,16.8993,96.7515
421.061,159.546,191.336,0.949,16.8991,96.8254
421.31,148.468,191.336,0.938,17.2031,96.897
421.56,143.982,191.336,0.931,17.2031,96.9678
421.81,132.004,191.336,0.934,17.5197,97.0396
422.061,135.669,191.336,0.945,17.8219,97.0998
422.31,156.392,191.336,0.92,17.5056,97.1534
422.561,135.925,191.336,0.894,17.5034,97.1959
422.81,124.077,191.336,0.851,17.5054,97.2318
423.06,135.983,191.336,0.845,17.874,97.2372
423.31,136,191.336,0.843,18.1531,97.2379
423.561,179.288,191.336,0.846,17.8246,97.2388
423.811,160.566,191.34,0.849,17.5061,97.2394
424.06,172.048,191.34,0.836,16.9085,97.2403
424.31,148.022,191.34,0.84,16.6147,97.2411
424.56,147.979,191.34,0.845,16.9005,97.242
424.81,152.006,191.348,0.829,16.6129,97.243
425.06,152.013,191.348,0.827,16.6106,97.2441
425.31,143.995,191.348,0.833,16.8944,97.2453
425.56,196.023,191.348,0.815,16.6153,97.2466
425.81,155.98,191.402,0.812,16.6107,97.2473
426.013,236.702,191.402,0.812,16.3291,97.2478
426.261,222.33,191.402,0.808,15.5437,97.2535
426.511,139.989,191.402,0.838,15.5568,97.2937
426.76,200.139,191.402,0.891,15.2944,97.3529
427.01,136.021,191.406,0.972,15.5521,97.4136
427.261,151.865,191.406,1.012,15.8052,97.4832
427.51,124.104,191.406,1.028,15.8039,97.5519
427.76,160.005,191.406,1.045,16.0663,97.6135
428.01,123.988,191.461,1.069,15.8128,97.6854
428.264,181.668,191.461,1.095,16.0676,97.7575
428.51,145.867,191.461,1.124,15.807,97.8233
428.714,147.593,191.461,1.096,16.4325,97.8795
428.96,190.48,191.512,1.074,15.8125,97.9464
429.21,176.001,191.512,1.019,16.8612,98.0187
429.46,140.006,191.512,0.986,16.9051,98.0784
429.71,135.999,191.512,0.945,17.1817,98.1424
429.96,184.015,191.527,0.927,17.1754,98.2128
430.21,128.02,191.527,0.895,17.1948,98.2803
430.462,162.754,191.527,0.881,17.1914,98.341
430.71,197.507,191.527,0.846,16.6106,98.4043
430.96,191.999,191.535,0.81,16.877,98.4715
431.164,182.072,191.535,0.768,16.6098,98.5267
431.41,133.726,191.535,0.716,16.6102,98.5858
431.66,195.969,191.535,0.681,16.3133,98.6501
431.91,139.994,191.609,0.641,16.3322,98.7149
432.16,148.003,191.609,0.622,16.3464,98.791
432.41,131.997,191.609,0.6,16.3323,98.8572
432.66,144.006,191.609,0.584,16.6075,98.9196
432.91,187.98,191.609,0.559,16.2944,98.9912
433.16,136.012,191.609,0.53,16.069,99.0636
433.41,131.996,191.609,0.488,16.3335,99.1258
433.66,192.01,191.609,0.471,16.3528,99.188
433.911,219.915,191.609,0.446,16.3332,99.2575
434.162,163.207,191.609,0.444,15.8039,99.3271
434.41,168.875,191.609,0.447,16.0654,99.3921
434.66,188.003,191.609,0.458,16.3097,99.46
434.911,159.949,191.609,0.472,16.6058,99.5228
435.16,172.058,191.629,0.486,16.8905,99.5927
435.41,192.005,191.629,0.519,16.8896,99.6613
435.66,140.006,191.629,0.55,17.1865,99.7285
435.91,143.979,191.629,0.605,17.4968,99.8036
436.164,169.887,191.629,0.651,17.4932,99.8735
436.41,218.731,191.629,0.707,17.1591,99.9443
436.66,147.997,191.629,0.755,17.9336,100.012
436.91,132.01,191.629,0.704,18.1421,100.084
437.16,139.99,191.629,0.664,18.1431,100.158
437.41,144.014,191.629,0.619,17.8661,100.226
437.66,139.999,191.629,0.588,17.82,100.295
437.91,140.003,191.629,0.525,17.5082,100.37
438.16,231.94,191.633,0.489,17.5029,100.44
438.41,172.062,191.633,0.435,16.5343,100.511
438.66,147.982,191.633,0.394,16.3358,100.577
438.91,123.985,191.633,0.355,16.6125,100.651
439.16,188.033,191.633,0.319,16.3164,100.723
439.41,139.973,191.633,0.313,16.9019,100.787
439.66,144.031,191.633,0.309,16.6169,100.854
439.861,179.014,191.633,0.307,16.6135,100.9
440.11,192.844,191.633,0.312,16.6143,100.963
440.36,152,191.633,0.322,16.3361,101.025
440.61,144.006,191.633,0.332,16.6133,101.08
440.86,156.009,191.633,0.343,16.6132,101.142
441.11,179.981,191.633,0.344,17.4533,101.203
441.36,160.007,191.633,0.344,17.499,101.26
441.562,143.742,191.633,0.344,17.8209,101.309
441.81,181.276,191.633,0.349,16.8991,101.369
442.063,150.69,191.633,0.349,16.9165,101.435
442.31,181.585,191.633,0.33,16.6072,101.504
442.56,147.987,191.633,0.326,16.6113,101.566
442.81,144.008,191.633,0.326,16.3339,101.63
443.06,131.998,191.633,0.328,16.6101,101.688
443.31,156.003,191.633,0.331,16.8971,101.74
443.56,180.006,191.633,0.327,16.8824,101.798
443.81,143.99,191.633,0.308,16.8986,101.857
444.061,175.764,191.633,0.312,16.7,101.924
444.311,160.017,191.633,0.323,16.3369,101.999
444.56,136.17,191.633,0.334,17.2213,102.068
444.81,132.003,191.633,0.363,17.1927,102.135
445.06,140.002,191.633,0.37,17.199,102.199
445.31,148,191.633,0.38,16.8966,102.27
445.56,191.995,191.633,0.386,17.1924,102.342
445.81,132.005,191.633,0.391,17.1934,102.418
446.06,191.997,191.633,0.392,17.1667,102.483
446.31,140,191.633,0.397,16.897,102.553
446.56,139.99,191.633,0.408,17.1923,102.622
446.811,147.88,191.633,0.403,17.1931,102.695
447.061,203.384,191.633,0.393,17.1078,102.769
447.31,188.742,191.633,0.392,16.8998,102.837
447.56,139.994,191.633,0.388,16.3338,102.91
447.81,132.004,191.633,0.385,16.6105,102.976
448.06,179.951,191.633,0.384,16.0447,103.048
448.31,143.994,192.012,0.377,16.3336,103.123
448.56,143.981,192.109,0.373,16.6112,103.189
448.81,140.018,192.109,0.367,16.333,103.257
449.063,150.362,192.109,0.364,16.6297,103.327
449.31,169.877,192.117,0.364,16.6103,103.403
449.562,147.278,192.117,0.364,16.6105,103.477
449.81,164.819,192.117,0.363,15.8025,103.547
450.06,199.953,192.117,0.363,15.8189,103.624
450.312,203.061,192.117,0.36,16.3343,103.697
450.56,168.809,192.117,0.363,16.6131,103.766
450.81,128.007,192.117,0.367,16.0655,103.842
451.06,136.01,192.117,0.367,16.6332,103.91
451.31,147.978,192.117,0.368,16.6102,103.985
451.56,143.999,192.117,0.369,16.3317,104.058
451.762,188.672,192.117,0.369,16.6098,104.113
452.01,140.805,192.117,0.369,16.0654,104.185
452.26,151.973,192.117,0.369,16.3489,104.254
452.511,131.964,192.117,0.361,16.3348,104.33
452.76,188.083,192.117,0.349,16.6086,104.398
453.011,171.898,192.117,0.342,16.8953,104.465
453.26,148.075,192.117,0.342,16.9096,104.54
453.51,132.005,192.23,0.342,16.6079,104.616
453.76,147.997,192.23,0.342,17.1899,104.683
454.01,124.019,192.23,0.342,17.1897,104.752
454.261,155.903,192.23,0.342,17.1899,104.823
454.511,187.949,192.23,0.333,17.0982,104.897
454.76,172.139,192.23,0.33,17.4981,104.968
455.01,167.998,192.23,0.323,17.4994,105.036
455.213,152.934,192.23,0.321,17.5004,105.095
455.46,230.446,192.23,0.32,17.1461,105.16
455.714,146.216,192.23,0.306,17.1941,105.23
455.96,174.161,192.23,0.29,16.9135,105.304
456.21,132.016,192.23,0.27,16.897,105.369
456.46,187.981,192.23,0.273,16.5173,105.435
456.711,143.876,192.23,0.271,16.3276,105.506
456.96,140.122,192.23,0.273,16.6117,105.575
457.21,136.012,192.23,0.275,16.3351,105.646
457.46,143.973,192.23,0.276,16.6995,105.713
457.71,140.026,192.23,0.276,16.3279,105.772
457.96,139.98,192.23,0.283,16.0861,105.834
458.21,139.975,192.23,0.294,16.3343,105.896
458.461,139.937,191.742,0.308,16.3772,105.958
458.71,148.09,191.742,0.321,16.6117,106.011
458.96,148.006,191.746,0.351,16.8943,106.067
459.21,135.992,191.746,0.361,16.8957,106.124
459.46,143.994,191.746,0.377,17.2106,106.176
459.71,148.033,191.746,0.392,16.8925,106.233
459.96,139.975,191.746,0.395,16.6114,106.293
460.21,139.995,191.746,0.395,16.8969,106.356
460.46,143.97,191.746,0.393,17.1927,106.43
460.71,136.057,191.746,0.37,16.8948,106.507
460.96,135.951,191.746,0.357,17.1933,106.574
461.21,136.022,191.746,0.355,17.1932,106.63
461.46,147.995,191.746,0.355,17.1927,106.688
461.661,139.464,191.746,0.357,17.1936,106.747
461.91,176.587,191.746,0.366,16.8947,106.815
462.16,175.938,191.75,0.377,16.8973,106.882
462.41,136.042,191.75,0.384,16.0656,106.949
462.66,143.963,191.75,0.388,16.6104,107.014
462.911,123.92,191.75,0.386,16.6098,107.091
463.16,140.087,191.75,0.381,16.6107,107.161
463.361,204.01,191.75,0.38,16.6104,107.216
463.61,124.486,191.75,0.381,16.0655,107.286
463.86,159.998,191.75,0.382,16.3308,107.356
464.11,112.025,191.75,0.385,16.065,107.428
464.36,147.985,191.75,0.387,16.3331,107.498
464.611,211.868,191.75,0.386,16.0658,107.568
464.86,152.072,191.75,0.383,16.0873,107.644
465.11,172.032,191.75,0.377,16.0515,107.718
465.36,151.961,191.75,0.373,16.894,107.787
465.61,124.049,191.75,0.375,16.6103,107.86
465.86,147.963,191.75,0.379,16.8969,107.931
466.11,156.034,191.75,0.381,16.5968,108.007
466.361,195.717,191.75,0.382,16.9642,108.08
466.61,124.181,191.75,0.382,16.8964,108.15
466.86,155.966,191.75,0.383,16.8937,108.227
467.063,207.374,191.75,0.385,16.8964,108.281
467.31,141.454,191.75,0.387,16.6106,108.355
467.564,161.523,191.75,0.387,16.6102,108.428
467.81,190.932,191.75,0.359,16.5957,108.492
468.061,143.931,191.75,0.314,15.8057,108.558
468.31,136.041,191.75,0.285,16.0655,108.617
468.56,131.992,191.75,0.274,15.555,108.688
468.81,136.024,191.75,0.267,15.3121,108.762
469.062,146.98,191.75,0.273,15.3124,108.826
469.31,165.113,191.75,0.284,15.5672,108.894
469.56,144.017,191.75,0.297,15.818,108.967
469.81,140.008,191.75,0.309,15.8074,109.037
470.06,127.995,191.75,0.318,15.8061,109.106
470.31,176.036,191.75,0.324,16.3346,109.172
470.56,131.987,191.75,0.328,16.0652,109.246
470.81,136.012,191.75,0.329,16.8998,109.32
471.06,216.036,191.75,0.331,17.1939,109.388
471.311,147.854,191.75,0.332,17.1945,109.462
471.56,224.148,191.75,0.338,17.1733,109.536
471.762,168.282,191.75,0.345,17.5052,109.595
472.01,137.124,191.75,0.366,16.8961,109.669
472.261,147.753,191.75,0.405,16.8982,109.74
472.51,124.209,191.75,0.438,16.8981,109.817
472.76,152.02,191.75,0.492,16.6133,109.892
472.963,147.821,191.75,0.514,16.8986,109.951
473.211,189.94,191.75,0.514,16.5999,110.026
473.46,156.246,191.75,0.514,16.6125,110.095
473.71,123.968,191.75,0.514,16.336,110.164
473.961,195.379,191.75,0.512,16.3362,110.236
474.21,128.414,191.75,0.5,16.3374,110.302
474.461,167.582,191.75,0.488,16.0684,110.37
474.71,192.5,191.75,0.484,16.3362,110.43
474.96,139.986,191.75,0.485,16.6148,110.499
475.21,120.019,191.75,0.487,16.0675,110.573
475.46,139.943,191.75,0.495,16.3362,110.637
475.71,132.043,191.75,0.499,15.8084,110.706
475.96,179.994,191.75,0.5,15.8087,110.766
476.21,127.999,191.75,0.495,16.081,110.815
476.46,135.993,191.75,0.487,16.3362,110.86
476.71,119.998,191.75,0.483,16.6134,110.892
476.96,136.03,191.75,0.478,16.6189,110.893
477.21,131.959,191.75,0.476,16.3354,110.894
477.46,144.024,191.75,0.473,16.6125,110.894
477.71,172.018,191.75,0.473,16.3491,110.895
477.96,143.968,191.75,0.472,16.612,110.896
478.161,179.177,191.75,0.462,17.1919,110.896
478.41,144.545,191.75,0.466,17.5015,110.897
478.66,152.009,191.75,0.463,17.8192,110.899
478.91,135.988,191.75,0.459,17.5034,110.9
479.16,188.119,191.75,0.46,17.8189,110.902
479.41,223.888,192.246,0.459,18.1436,110.903
479.66,155.992,192.246,0.459,17.0503,110.904
479.911,135.529,192.246,0.459,17.0516,110.906
480.16,204.738,192.246,0.46,17.3507,110.909
480.363,227.43,192.246,0.46,17.6655,110.91
480.61,173.53,192.246,0.462,17.0521,110.915
480.86,196.011,192.246,0.477,16.7434,110.964
481.11,132.023,192.246,0.498,16.7518,111.016
481.36,199.953,192.246,0.51,16.7586,111.078
481.61,172.043,192.246,0.517,16.1645,111.145
481.861,147.904,192.246,0.523,16.4773,111.215
482.11,156.07,192.246,0.523,15.9402,111.29
482.36,160.001,192.246,0.518,15.6766,111.363
482.61,128.012,192.246,0.517,16.6063,111.434
482.86,195.991,192.246,0.521,15.9957,111.511
483.11,124.017,192.246,0.522,16.0519,111.582
483.36,147.982,192.246,0.523,15.8057,111.657
483.611,179.859,192.246,0.524,15.8181,111.731
483.86,184.158,192.246,0.524,15.8879,111.801
484.11,128,192.246,0.524,15.8061,111.878
484.36,203.962,192.246,0.524,15.8061,111.951
484.61,128.012,192.246,0.491,16.3602,112.023
484.86,199.977,192.246,0.435,16.0618,112.095
485.11,116.022,192.246,0.404,16.0801,112.166
485.362,159.283,192.246,0.371,16.065,112.24
485.61,200.916,192.246,0.369,15.7859,112.314
485.861,191.259,192.246,0.358,15.7871,112.383
486.11,124.481,192.246,0.353,15.8191,112.457
486.311,154.467,192.246,0.352,16.3336,112.52
486.56,180.49,192.246,0.355,16.1032,112.59
486.769,172.752,192.246,0.356,16.3263,112.65
487.01,177.97,192.246,0.357,16.3338,112.72
487.26,160.01,192.246,0.359,16.0811,112.796
487.51,124,192.246,0.328,16.331,112.865
487.76,159.99,192.246,0.294,16.0612,112.941
488.01,116.005,192.246,0.277,16.3325,113.012
488.26,156.006,192.246,0.268,16.6071,113.075
488.462,144.109,192.246,0.28,16.3331,113.131
488.713,207.159,192.246,0.3,16.9212,113.182
488.96,153.384,192.246,0.341,17.1943,113.267
489.21,128,192.246,0.38,17.1923,113.34
489.46,143.983,191.746,0.46,17.508,113.41
489.71,132.013,191.746,0.483,17.5003,113.485
489.96,144.001,191.746,0.497,17.5005,113.556
490.21,127.998,191.746,0.498,17.5011,113.625
490.46,147.999,191.746,0.488,17.5012,113.7
490.661,149.255,191.746,0.486,17.5073,113.756
490.91,120.485,191.746,0.479,17.8201,113.832
491.16,151.996,191.746,0.473,18.1482,113.901
491.41,167.977,191.746,0.468,18.1479,113.965
491.66,156.012,191.746,0.452,17.8146,114.042
491.91,128.012,191.746,0.434,18.1474,114.109
492.16,195.992,191.746,0.42,17.8159,114.178
492.41,119.947,191.746,0.42,17.8012,114.253
492.66,192.071,191.746,0.411,17.439,114.323
492.91,135.994,191.746,0.408,17.514,114.398
493.16,135.981,191.746,0.4,17.4974,114.469
493.411,167.786,191.125,0.396,17.4862,114.539
493.66,168.19,191.125,0.393,16.9027,114.616
493.91,172.041,191.129,0.388,16.6059,114.686
494.163,166.44,191.129,0.385,16.6081,114.761
494.41,141.344,191.129,0.383,16.37,114.835
494.66,155.996,191.129,0.376,16.894,114.904
494.91,128.002,191.129,0.373,16.8955,114.98
495.16,151.988,191.129,0.375,16.7246,115.051
495.411,123.93,191.129,0.374,16.6098,115.121
495.66,184.075,191.129,0.371,16.6109,115.197
495.91,128.015,191.129,0.37,16.9146,115.265
496.16,140.016,191.129,0.37,17.1986,115.34
496.41,139.98,191.129,0.37,17.493,115.414
496.66,180.014,191.129,0.375,17.8234,115.484
496.861,149.451,191.129,0.378,17.5043,115.543
497.11,164.476,191.129,0.38,17.5149,115.599
497.361,171.926,191.129,0.383,17.5013,115.657
497.61,216.13,191.129,0.381,17.7816,115.713
497.86,195.979,191.129,0.373,17.193,115.765
498.11,132.013,191.129,0.363,17.1832,115.822
498.36,167.97,191.129,0.358,17.2495,115.878
498.61,128.023,191.129,0.351,17.5171,115.934
498.86,211.955,191.129,0.328,17.8459,115.993
499.11,176.023,191.129,0.315,16.9068,116.051
499.364,177.678,191.129,0.305,17.2076,116.12
499.61,154.019,191.129,0.288,16.6112,116.19
499.86,139.983,191.129,0.308,16.907,116.257
500.11,120.018,191.129,0.314,16.8989,116.333
500.361,195.747,191.129,0.316,16.8973,116.399
500.61,132.161,191.129,0.317,17.1962,116.464
500.86,148.001,191.129,0.314,17.5023,116.538
501.11,120.013,191.129,0.317,17.4995,116.608
501.36,147.955,191.129,0.331,17.1954,116.677
501.61,119.997,191.129,0.339,16.897,116.746
501.863,185.812,191.129,0.348,17.1764,116.812
502.11,125.515,191.129,0.351,17.1985,116.887
502.36,159.983,191.129,0.353,17.8184,116.958
502.561,159.615,191.129,0.354,17.8241,117.014
502.763,187.974,191.129,0.354,17.7972,117.073
503.01,153.637,191.129,0.357,17.1768,117.144
503.26,143.982,191.129,0.364,17.2203,117.217
503.51,128.015,191.129,0.366,17.1922,117.284
503.714,176.658,191.129,0.367,17.193,117.343
503.96,194.942,191.129,0.368,16.9099,117.414
504.162,154.083,191.129,0.369,16.8971,117.471
504.41,160.777,191.129,0.369,16.3134,117.54
504.66,191.954,191.129,0.369,16.61,117.61
504.91,164.039,191.129,0.37,16.0395,117.686
505.16,187.996,191.129,0.377,16.0571,117.758
505.41,123.975,191.129,0.381,16.0657,117.826
505.66,139.969,191.129,0.387,15.8134,117.901
505.91,168.025,191.129,0.389,16.3608,117.971
506.16,144.01,191.129,0.387,16.0603,118.047
506.41,176.013,191.129,0.387,16.0657,118.121
506.661,135.628,191.129,0.387,16.3312,118.19
506.91,124.329,191.129,0.389,16.3213,118.266
507.16,143.985,191.129,0.39,16.6072,118.339
507.41,124.028,191.129,0.391,16.8918,118.408
507.66,147.994,191.129,0.392,16.3976,118.485
507.91,123.99,191.129,0.392,16.9,118.554
508.16,187.986,191.129,0.389,16.8907,118.628
508.41,132.007,191.129,0.387,17.1896,118.703
508.66,136.002,191.129,0.385,17.1917,118.774
508.91,179.986,191.129,0.384,17.4982,118.848
509.16,179.994,191.129,0.386,17.1675,118.919
509.41,132.033,191.129,0.389,17.4999,118.988
509.66,135.996,191.129,0.393,17.5,119.062
509.91,123.982,191.129,0.399,17.5013,119.132
510.16,147.996,191.129,0.403,17.5023,119.203
510.411,131.927,191.129,0.404,17.798,119.276
510.66,184.12,191.129,0.395,17.825,119.346
510.91,168.003,191.129,0.394,17.823,119.423
511.161,151.854,191.613,0.389,17.7977,119.491
511.411,176.038,191.633,0.371,17.1184,119.568
511.66,140.094,191.633,0.357,17.1946,119.639
511.91,136.019,191.633,0.343,17.2071,119.71
512.16,139.974,191.137,0.323,17.194,119.785
512.41,180.013,191.137,0.308,16.8232,119.859
512.66,136,191.137,0.292,17.1823,119.926
512.911,143.945,191.137,0.278,17.1944,119.992
513.16,188.072,191.137,0.265,17.1753,120.053
513.413,189.854,191.137,0.262,16.8998,120.112
513.66,173.985,191.137,0.247,16.3347,120.187
513.91,115.99,191.137,0.247,16.6133,120.256
514.165,168.794,191.137,0.264,16.3499,120.331
514.41,150.849,191.137,0.295,16.6158,120.387
514.66,152.034,191.137,0.31,16.8995,120.437
514.911,135.933,191.137,0.334,17.1936,120.497
515.16,180.059,191.137,0.365,16.8915,120.56
515.411,163.908,191.141,0.379,16.8985,120.631
515.66,152.084,191.141,0.426,16.6173,120.7
515.91,156.038,191.141,0.455,16.2868,120.766
516.16,147.975,191.141,0.473,16.9336,120.841
516.41,123.983,191.52,0.492,16.9179,120.912
516.66,144.011,191.52,0.505,17.1973,120.975
516.91,123.99,191.52,0.537,17.2105,121.043
517.161,127.973,191.52,0.555,17.5064,121.116
517.411,187.958,191.52,0.566,17.1833,121.18
517.66,168.114,191.52,0.551,16.3364,121.252
517.91,167.963,191.52,0.555,16.0627,121.313
518.16,144.001,191.52,0.56,16.3359,121.368
518.411,123.577,191.52,0.574,16.6217,121.411
518.66,172.621,191.52,0.582,16.8997,121.448
518.91,119.981,191.52,0.6,16.9046,121.466
519.16,176.013,191.52,0.599,16.6087,121.467
519.41,131.989,191.52,0.599,16.6086,121.468
519.66,140.001,191.52,0.598,16.6122,121.469
519.91,131.986,191.52,0.601,16.8978,121.47
520.16,179.999,191.52,0.605,16.8981,121.471
520.462,168.86,191.52,0.611,17.8203,121.473
520.711,181.373,191.52,0.615,17.4286,121.475
520.96,152.124,191.52,0.614,17.3948,121.477
521.21,139.974,191.52,0.617,17.3968,121.478
521.46,192.03,191.52,0.616,17.694,121.479
521.712,147.285,191.52,0.619,16.7964,121.481
521.961,224.178,191.52,0.62,17.0654,121.483
522.21,200.778,191.52,0.622,16.7986,121.484
522.46,152.042,191.52,0.622,16.2412,121.486
522.71,143.962,191.52,0.621,16.2371,121.489
522.96,152.026,191.52,0.596,16.2414,121.525
523.213,142.67,191.52,0.551,16.5143,121.578
523.46,197.909,191.52,0.528,16.2437,121.622
523.71,195.954,191.52,0.514,16.0622,121.696
523.911,154.511,191.52,0.517,16.6119,121.734
524.16,216.554,191.52,0.527,15.3124,121.821
524.41,127.99,191.52,0.55,15.8074,121.889
524.66,143.992,191.52,0.565,15.806,121.956
524.91,172.028,191.52,0.524,16.087,122.027
525.16,147.947,191.52,0.512,16.6097,122.098
525.414,142.132,191.52,0.498,16.6103,122.168
525.66,174.341,191.52,0.467,16.6099,122.242
525.91,136.009,191.52,0.431,17.1911,122.308
526.16,139.988,191.52,0.394,16.3344,122.378
526.41,143.95,191.52,0.356,16.3331,122.443
526.661,199.935,191.52,0.326,16.6155,122.505
526.911,195.98,191.52,0.28,16.9247,122.577
527.16,188.141,191.52,0.252,17.4487,122.644
527.41,131.999,191.52,0.244,17.5007,122.717
527.66,195.995,191.52,0.246,17.6068,122.785
527.91,132.01,191.52,0.259,17.1943,122.845
528.16,187.939,191.52,0.272,17.5012,122.91
528.41,176.065,191.52,0.287,17.2257,122.971
528.66,151.999,191.52,0.297,17.8184,123.025
528.866,184.553,191.52,0.307,17.192,123.073
529.11,147.488,191.52,0.318,17.193,123.132
529.363,174.013,191.52,0.323,17.1929,123.201
529.61,153.755,191.52,0.328,16.6137,123.271
529.86,147.997,191.52,0.328,16.8958,123.342
530.11,127.998,191.52,0.329,17.1925,123.416
530.363,166.548,191.52,0.329,17.1919,123.486
530.611,237.233,191.52,0.329,16.8662,123.559
530.86,148.523,191.52,0.33,15.8128,123.636
531.064,137.607,191.52,0.335,16.3338,123.692
531.311,206.703,191.52,0.343,15.8066,123.767
531.56,148.078,191.52,0.356,16.0643,123.838
531.81,140.042,191.52,0.381,16.3345,123.913
532.06,128.006,191.52,0.404,16.3344,123.987
532.31,139.999,191.52,0.456,17.819,124.063
532.562,166.796,191.52,0.456,17.1905,124.133
532.81,140.999,191.52,0.455,16.8975,124.202
533.06,140.004,191.52,0.453,16.8955,124.276
533.31,140.012,191.52,0.45,16.6094,124.352
533.56,135.971,191.52,0.451,18.1493,124.422
533.762,178.409,191.52,0.456,18.144,124.48
534.01,149.098,191.52,0.475,18.1476,124.55
534.26,151.986,191.52,0.491,18.1472,124.624
534.51,124.006,191.52,0.495,18.1465,124.698
534.711,179.218,191.52,0.496,18.1461,124.753
534.96,160.566,191.52,0.497,17.8193,124.828
535.21,172.006,191.52,0.481,18.1453,124.903
535.462,159.043,191.52,0.456,17.5147,124.974
535.71,156.915,191.52,0.44,17.8186,125.047
535.961,147.907,191.52,0.423,17.4968,125.118
536.21,168.107,191.52,0.424,18.1479,125.19
536.46,140.01,191.52,0.428,17.8221,125.266
536.71,184.003,191.52,0.431,18.4908,125.337
536.96,140.004,191.52,0.432,18.1464,125.412
537.21,136.008,191.52,0.433,18.4929,125.482
537.46,131.991,191.52,0.433,18.1734,125.554
537.71,132.004,191.52,0.433,18.4954,125.63
537.96,139.998,191.52,0.433,18.8456,125.702
538.163,147.941,191.52,0.433,19.6241,125.762
538.411,202.07,191.52,0.433,19.543,125.836
538.661,143.533,191.52,0.434,18.4972,125.906
538.91,136.539,191.52,0.44,17.8209,125.981
539.161,179.876,191.52,0.443,18.1283,126.053
539.41,124.102,191.52,0.445,17.5027,126.125
539.66,143.994,191.52,0.446,18.154,126.201
539.91,127.989,191.52,0.446,17.8212,126.271
540.16,152.008,192,0.446,18.1526,126.345
540.41,123.996,192,0.446,18.1512,126.413
540.66,131.994,192,0.446,18.1524,126.482
540.91,132.027,192,0.447,17.8205,126.557
541.161,163.482,191.504,0.446,19.2187,126.623
541.41,152.463,191.504,0.447,19.6034,126.696
541.66,140.012,191.504,0.447,20.0022,126.772
541.91,167.952,191.504,0.451,20.0037,126.837
542.16,140.036,191.504,0.454,19.2191,126.908
542.361,154.473,191.504,0.457,19.2169,126.961
542.61,156.428,191.504,0.468,18.8504,127.021
542.861,191.747,191.504,0.485,18.8498,127.072
543.111,156.042,191.504,0.503,18.4898,127.113
543.364,158.009,191.504,0.506,18.4938,127.139
543.61,150.048,191.504,0.509,17.822,127.141
543.86,191.982,191.504,0.515,17.5067,127.142
544.11,128.006,191.504,0.515,16.9075,127.142
544.36,148.004,191.504,0.512,17.1952,127.142
544.61,123.976,191.504,0.518,17.1947,127.143
544.86,140.039,191.504,0.519,17.8195,127.143
545.11,123.98,191.504,0.517,17.8192,127.144
545.36,156.024,191.504,0.518,17.8185,127.144
545.563,153.116,191.504,0.519,17.8187,127.145
545.81,157.542,191.504,0.524,17.8189,127.145
546.063,146.653,191.504,0.523,17.8175,127.146
546.31,169.558,191.504,0.526,17.8234,127.146
546.561,147.404,191.504,0.526,17.8216,127.146
546.81,160.633,191.504,0.525,18.1518,127.147
547.06,136.007,191.504,0.528,18.1486,127.148
547.311,159.929,191.504,0.526,17.8186,127.148
547.56,156.095,191.504,0.521,17.4997,127.149
547.811,139.906,191.504,0.525,17.5001,127.149
548.06,168.085,191.504,0.525,17.4968,127.15
548.311,147.918,191.504,0.525,17.5002,127.15
548.56,164.096,191.504,0.527,17.499,127.151
548.81,175.947,191.504,0.529,17.5004,127.151
549.06,140.046,191.504,0.53,17.4981,127.151
549.31,171.996,191.504,0.531,17.5001,127.152
549.56,139.988,191.504,0.529,17.8181,127.152
549.81,132.006,191.504,0.528,17.5,127.153
550.06,171.999,191.504,0.529,17.4988,127.153
550.267,169.546,191.504,0.532,17.1963,127.154
550.51,164.255,191.504,0.535,17.4999,127.154
550.76,151.985,191.504,0.531,17.5004,127.155
551.01,124.004,191.504,0.527,17.5,127.156
551.26,156.002,191.504,0.53,17.8147,127.157
551.51,135.99,191.504,0.53,17.8187,127.158
551.76,147.986,191.504,0.525,18.1503,127.159
552.01,128.005,191.504,0.514,18.4912,127.161
552.26,152.011,191.504,0.509,18.8503,127.162
552.462,173.972,191.504,0.504,18.8465,127.163
552.71,152.699,191.504,0.503,18.8461,127.164
552.96,156.04,191.504,0.5,19.2262,127.165
553.162,173.37,191.504,0.5,19.2161,127.166
553.41,181.357,191.504,0.495,18.7609,127.167
553.664,146.177,191.504,0.497,19.1237,127.169
553.91,190.366,191.504,0.498,18.2451,127.171
554.16,143.987,191.504,0.5,18.2477,127.172
554.41,140.016,191.504,0.495,18.2465,127.173
554.66,191.957,191.504,0.498,18.248,127.175
554.91,144.027,191.504,0.499,17.5904,127.176
555.162,138.861,191.504,0.498,17.5951,127.177
555.411,225.709,191.504,0.499,17.5808,127.178
555.662,194.607,191.504,0.5,16.6918,127.18
555.911,157.101,191.504,0.502,16.4133,127.181
556.16,168.103,191.504,0.501,16.137,127.183
556.381,176.758,191.504,0.494,16.48,127.184
556.61,143.902,191.504,0.497,15.9383,127.186
556.86,148.004,191.504,0.503,16.6142,127.188
557.111,179.926,191.504,0.496,16.0596,127.189
557.361,211.933,191.504,0.496,15.7902,127.19
557.61,164.119,191.504,0.496,15.556,127.192
557.86,152,191.504,0.498,15.6178,127.195
558.11,148.01,191.504,0.502,15.8078,127.197
558.36,151.967,191.504,0.497,16.0826,127.199
558.61,140.03,191.504,0.498,17.2474,127.201
558.812,232.852,191.504,0.5,17.1907,127.202
559.06,177.294,191.504,0.502,17.1931,127.204
559.31,140.011,191.504,0.504,17.2068,127.216
559.564,185.63,191.504,0.503,17.1925,127.266
559.81,162.059,191.504,0.494,17.5498,127.32
560.06,143.981,191.504,0.484,18.1487,127.383
560.31,136.022,191.504,0.444,18.8426,127.449
560.563,154.425,191.504,0.432,18.1487,127.513
560.81,165.693,191.504,0.432,17.8177,127.579
561.015,185.381,191.504,0.439,17.8178,127.64
561.26,195.91,191.504,0.444,17.8178,127.71
561.462,148.919,191.504,0.449,17.4953,127.762
561.71,164.918,191.504,0.456,17.5261,127.836
561.96,140.002,191.504,0.449,17.4941,127.906
562.21,184.047,191.504,0.459,17.4496,127.979
562.461,191.731,191.504,0.464,17.4981,128.052
562.71,168.197,191.504,0.467,16.8955,128.121
562.96,200.002,191.504,0.468,16.5583,128.198
563.161,184.198,191.504,0.469,16.5466,128.253
563.41,140.507,191.504,0.47,17.1794,128.327
563.66,136.009,191.504,0.47,17.498,128.402
563.91,175.986,191.504,0.47,16.9521,128.468
564.167,175.521,191.504,0.47,17.5102,128.54
564.41,147.775,191.504,0.467,17.22,128.608
564.661,151.751,191.504,0.463,17.4993,128.682
564.91,168.289,191.504,0.46,17.1639,128.756
565.162,155.247,191.504,0.458,17.4988,128.82
565.41,172.827,191.504,0.452,17.5573,128.895
565.66,183.967,191.504,0.441,18.2175,128.969
565.91,140.024,191.504,0.42,18.1498,129.034
566.16,139.948,191.504,0.406,18.1459,129.105
566.41,136.033,191.504,0.389,18.1452,129.174
566.663,177.939,191.504,0.361,18.4949,129.243
566.91,133.56,191.504,0.33,18.2015,129.314
567.16,139.955,191.504,0.305,18.4892,129.377
567.361,239.182,191.504,0.296,18.4928,129.433
567.565,190.938,191.504,0.279,17.8349,129.469
567.81,150.992,191.504,0.278,17.8217,129.547
568.06,131.987,191.504,0.286,18.4924,129.614
568.311,139.972,191.504,0.292,18.5883,129.676
568.56,196.071,191.504,0.303,17.8263,129.738
568.81,136.022,191.504,0.309,17.8212,129.791
569.06,147.999,191.992,0.311,17.5095,129.848
569.31,147.99,192.012,0.299,17.221,129.908
569.56,180.003,192.012,0.305,16.9304,129.976
569.81,136.009,192.012,0.31,17.1927,130.05
570.06,183.973,191.504,0.318,16.8795,130.12
570.31,180.023,191.516,0.323,16.6101,130.195
570.561,135.936,191.516,0.347,16.6339,130.266
570.81,176.115,191.516,0.352,16.6091,130.327
571.061,155.834,191.516,0.36,16.6102,130.399
571.31,188.177,191.516,0.365,16.6108,130.473
571.56,147.974,191.52,0.368,16.6104,130.538
571.81,136.003,191.52,0.369,16.3186,130.606
572.06,136.001,191.52,0.384,16.3354,130.681
572.31,132.011,191.52,0.4,16.3354,130.752
572.56,183.988,191.52,0.452,16.8967,130.828
572.81,132.005,191.52,0.48,16.6035,130.899
573.066,148.539,191.52,0.513,17.1987,130.974
573.31,163.817,191.52,0.518,17.8205,131.049
573.563,174.417,191.52,0.516,17.5147,131.12
573.81,185.655,191.52,0.522,17.196,131.194
574.06,136.04,191.52,0.528,17.5027,131.271
574.31,139.998,191.52,0.531,17.817,131.341
574.56,131.997,191.52,0.533,17.8236,131.418
574.81,140.009,191.52,0.533,18.4978,131.489
575.06,135.993,191.52,0.534,18.1512,131.562
575.31,128.007,191.52,0.535,17.4997,131.639
575.561,139.918,191.52,0.537,17.8301,131.71
575.81,128.068,191.52,0.537,17.8223,131.783
576.06,144.013,191.52,0.54,17.8215,131.854
576.31,127.982,191.52,0.543,17.8182,131.931
576.56,136.005,191.52,0.546,18.1518,132.007
576.81,136.007,191.52,0.547,18.1513,132.078
577.06,215.952,191.52,0.485,18.1226,132.14
577.31,140.021,191.52,0.435,18.4898,132.194
577.56,183.981,191.52,0.382,18.4953,132.237
577.761,189.233,191.52,0.356,18.4937,132.27
578.01,112.379,191.52,0.342,18.4939,132.28
578.26,148.011,191.52,0.344,18.4958,132.281
578.51,167.991,191.52,0.343,18.1508,132.282
578.76,147.983,191.52,0.345,18.1499,132.282
579.01,136.004,191.52,0.342,18.4926,132.283
579.26,147.958,191.52,0.342,18.4927,132.284
579.51,180.05,191.52,0.342,17.8194,132.284
579.766,172.187,191.52,0.341,17.5022,132.286
580.01,139.088,191.52,0.328,17.1981,132.287
580.26,152.004,191.52,0.328,16.8973,132.288
580.51,179.995,191.52,0.325,17.1824,132.289
580.76,151.994,191.52,0.326,17.1973,132.29
581.01,180.009,191.52,0.319,16.8949,132.291
581.26,148.002,191.52,0.315,16.9003,132.292
581.461,149.247,191.52,0.315,16.8938,132.293
581.71,184.72,191.52,0.317,16.61,132.294
