time,cpu,memory,obstacle_distance,cmd_vel_frequency,distance_travelled
0.236187,0,171.664,0.261,20.9584,1.46681e-05
0.437287,144.207,171.676,0.261,20.2724,0.00649184
0.648706,175.007,171.676,0.296,15.0943,0.0460436
0.887169,155.161,171.684,0.383,13.8964,0.117729
1.08946,207.621,172.105,0.447,13.7832,0.16481
1.33932,188.102,172.312,0.46,13.3677,0.254561
1.58826,220.944,173.215,0.46,12.517,0.325044
1.83931,191.195,173.215,0.46,10.6481,0.401119
2.08752,209.495,173.215,0.46,10.5186,0.472555
2.33687,176.465,173.223,0.46,10.8029,0.546391
2.58643,176.304,173.836,0.46,11.1131,0.62304
2.83615,160.181,173.836,0.46,11.2134,0.693282
3.08614,152.006,173.836,0.46,11.2832,0.767496
3.28685,164.418,173.836,0.46,11.3803,0.830029
3.53612,184.535,174.449,0.46,11.5562,0.900424
3.7862,147.958,174.449,0.461,11.7052,0.975614
4.03671,203.581,174.473,0.461,12.045,1.04593
4.28693,211.814,174.477,0.465,11.938,1.11783
4.53735,187.681,175.023,0.469,11.5555,1.1915
4.78814,207.35,175.023,0.467,11.5515,1.22972
5.03769,220.39,175.023,0.47,11.1584,1.30365
5.28675,184.701,175.023,0.481,11.2839,1.37516
5.53622,172.366,175.602,0.461,11.2888,1.44039
5.73684,184.425,175.602,0.427,11.8032,1.49807
5.98614,200.563,175.602,0.381,12.09,1.55455
6.23614,211.998,175.602,0.352,12.2339,1.62675
6.48614,156.002,175.602,0.329,12.4152,1.69474
6.73614,139.998,176.043,0.332,12.7251,1.76352
6.98625,135.943,176.051,0.333,13.2303,1.83942
7.23614,152.064,176.051,0.333,13.4102,1.91031
7.48615,139.995,176.051,0.339,13.6107,1.9843
7.73614,168.003,176.629,0.343,13.7948,2.0586
7.98667,179.625,176.629,0.345,14.0232,2.1283
8.23617,180.357,176.629,0.346,14.9069,2.20504
8.43693,169.357,176.629,0.347,15.1054,2.26257
8.68651,164.279,177.137,0.347,15.5226,2.33546
8.88804,133.971,177.137,0.329,15.8259,2.39552
9.13615,181.375,177.137,0.311,15.8385,2.46446
9.38615,148,177.141,0.306,16.0801,2.53265
9.63613,184.011,177.711,0.323,16.0872,2.59105
9.88614,147.994,177.711,0.355,16.0639,2.6496
10.1361,140.002,177.711,0.368,16.0902,2.71839
10.3861,140.002,177.711,0.371,16.3279,2.77973
10.6361,147.996,178.281,0.374,16.0798,2.83759
10.8861,155.996,178.285,0.381,16.8878,2.89285
11.1361,196.001,178.285,0.385,17.1383,2.94534
11.3861,144.003,178.285,0.385,17.1891,3.00273
11.6365,167.778,178.855,0.384,17.1977,3.05571
11.8863,160.122,178.855,0.369,17.2234,3.1113
12.1362,152.078,178.855,0.369,17.206,3.18224
12.3865,187.733,178.934,0.345,16.8895,3.25042
12.6361,164.238,178.934,0.346,16.5885,3.30862
12.8863,151.933,179.48,0.348,16.0334,3.36684
13.1361,156.071,179.48,0.356,16.0593,3.43022
13.3861,135.998,179.48,0.37,15.8034,3.50739
13.6361,140.004,179.48,0.358,15.5413,3.57706
13.8862,147.992,180.02,0.344,15.5618,3.64205
14.1361,148.011,180.02,0.336,15.3115,3.71049
14.3861,147.997,180.02,0.333,15.5562,3.77213
14.6366,151.748,180.02,0.32,15.8042,3.83606
14.8862,172.272,180.578,0.307,15.7612,3.90971
15.1361,144.015,180.578,0.296,16.3413,3.97351
15.3861,139.998,180.578,0.283,16.6439,4.03519
15.6361,152.003,180.578,0.283,17.2287,4.0982
15.8861,143.995,181.121,0.283,17.4849,4.1688
16.1361,140.001,181.121,0.289,17.5076,4.24477
16.3861,171.998,181.121,0.294,17.8423,4.31503
16.5866,154.616,181.121,0.299,17.5191,4.37602
16.8361,180.356,181.625,0.302,17.4153,4.43948
17.0369,129.543,181.625,0.311,17.2009,4.48805
17.2862,148.418,181.625,0.317,17.1933,4.55305
17.5361,140.007,181.625,0.294,17.2001,4.62134
17.7861,135.999,181.625,0.282,17.4995,4.69243
18.0361,152,182.156,0.287,17.5001,4.76047
18.2861,135.994,182.156,0.298,17.5001,4.82634
18.5361,144.024,182.156,0.304,17.1957,4.88878
18.7861,143.98,182.156,0.335,17.1926,4.94487
19.0362,147.986,182.691,0.347,17.5041,5.00441
19.2862,156.008,182.691,0.35,18.1513,5.05851
19.5361,140.007,182.691,0.349,18.1513,5.11901
19.7861,143.995,182.691,0.35,17.8157,5.17372
20.0361,144.007,183.227,0.35,17.804,5.22493
20.2862,155.976,183.227,0.339,17.5088,5.28207
20.5361,132.016,183.227,0.319,17.5094,5.3559
20.7861,136.003,183.227,0.314,17.495,5.42387
21.0361,135.999,183.754,0.321,17.4995,5.49153
21.2861,151.999,183.754,0.346,17.4781,5.55823
21.5361,144,183.754,0.367,17.4988,5.62464
21.7862,135.995,183.754,0.401,17.1663,5.69836
22.0361,136.005,184.246,0.44,17.2003,5.76965
22.2862,147.964,184.246,0.49,17.1903,5.84091
22.5364,131.91,184.262,0.529,17.8198,5.90813
22.7862,148.108,184.262,0.592,17.8122,5.97639
23.0361,132.028,184.684,0.641,18.1478,6.04986
23.2861,131.998,184.684,0.709,18.4896,6.11548
23.5364,139.873,184.684,0.774,18.148,6.18576
23.7861,140.128,184.684,0.752,18.1466,6.26026
24.0367,147.646,185.141,0.7,18.1739,6.33037
24.2862,132.296,185.141,0.62,18.1585,6.40345
24.5362,135.982,185.141,0.552,18.1464,6.47058
24.7862,148.031,185.141,0.499,18.477,6.53692
25.0362,135.991,185.594,0.448,18.4942,6.61183
25.2861,148.023,185.594,0.37,18.1624,6.679
25.5366,127.787,185.594,0.305,18.1416,6.75243
25.7861,136.229,185.594,0.267,17.8144,6.82915
26.0365,143.776,185.77,0.214,17.8211,6.89629
26.2862,132.178,185.77,0.198,17.82,6.96491
26.5364,147.874,185.789,0.205,17.8279,7.03706
26.7861,136.146,185.199,0.212,17.8139,7.10712
27.0362,143.954,185.805,0.225,17.8277,7.18207
27.2863,131.976,185.805,0.26,18.1327,7.24448
27.5361,144.101,185.805,0.277,17.8293,7.31524
27.7861,143.965,185.805,0.293,17.8309,7.39168
28.0362,131.98,185.805,0.34,17.4889,7.4594
28.2861,148.026,186.168,0.362,17.4782,7.52832
28.5362,131.991,186.203,0.417,17.2015,7.60262
28.7861,144.012,186.203,0.452,17.4816,7.66442
29.0362,131.954,186.203,0.497,17.5046,7.74136
29.2861,140.044,186.203,0.52,17.4945,7.81147
29.5361,136.005,186.203,0.581,17.5048,7.8812
29.7861,132.001,186.203,0.602,17.805,7.94794
30.0363,143.919,186.203,0.649,17.8258,8.01491
30.2861,136.069,186.688,0.679,17.8292,8.08158
30.5362,143.986,186.691,0.728,18.1542,8.15553
30.7861,132.015,186.691,0.759,18.1422,8.22458
31.0362,127.996,186.691,0.81,18.1497,8.30092
31.2861,148.007,186.691,0.841,18.5193,8.36891
31.5361,128,186.691,0.898,18.1443,8.44202
31.7861,144.002,186.691,0.932,18.4854,8.51307
32.0361,131.996,186.691,0.979,18.8422,8.58434
32.2861,144.003,187.055,1.016,18.8281,8.65682
32.5361,128.011,187.055,1.066,18.8432,8.73049
32.7861,127.997,187.055,1.106,18.5242,8.79903
33.0361,139.994,187.055,1.161,18.4915,8.86258
33.2861,139.996,187.055,1.18,18.4929,8.9146
33.5361,132.006,187.055,1.223,18.8531,8.95823
33.7861,139.993,187.398,1.246,18.8282,8.99673
34.0362,143.994,187.398,1.267,18.7827,9.0106
34.2861,136.004,187.398,1.268,18.441,9.01159
34.5361,152.008,187.398,1.27,18.0892,9.01233
34.7862,151.978,187.441,1.266,18.0899,9.01275
35.0361,148.02,187.441,1.266,17.7818,9.01356
35.2861,143.999,187.441,1.265,17.7616,9.01422
35.5361,147.999,187.441,1.266,18.0878,9.01534
35.7861,152.003,187.441,1.266,17.7634,9.01611
36.0361,151.998,187.559,1.265,17.7589,9.017
36.2861,148.001,187.559,1.266,17.4471,9.01777
36.5361,151.999,187.559,1.268,17.7793,9.01966
36.7862,159.99,187.559,1.275,17.4994,9.02033
37.0361,164.005,187.629,1.276,17.8177,9.04703
37.2861,148.004,187.629,1.284,18.1481,9.10043
37.5361,151.999,187.629,1.283,17.5078,9.1553
37.7861,200,187.629,1.277,17.7701,9.21434
38.0361,151.995,187.699,1.239,17.5017,9.27588
38.2861,136.01,187.699,1.216,17.4998,9.34587
38.5361,135.993,187.699,1.174,17.817,9.41257
38.7861,148.001,187.699,1.142,17.818,9.47749
39.0362,143.988,187.848,1.11,17.8143,9.55347
39.2861,148.014,187.848,1.086,17.8183,9.62058
39.5361,140.001,187.848,1.044,17.8181,9.69315
39.7862,139.984,187.848,1.024,17.5217,9.76508
40.0362,152.009,187.957,0.988,17.5007,9.83033
40.2861,184.003,187.957,0.965,17.4991,9.89885
40.5361,136.004,187.957,0.923,17.5008,9.97006
40.7861,152,187.957,0.897,17.5,10.04
41.0362,139.988,188.031,0.871,17.4991,10.1146
41.2861,152.014,188.031,0.844,17.4996,10.1833
41.5362,135.986,188.031,0.807,17.1925,10.2553
41.7861,136.016,188.031,0.771,16.8958,10.3322
42.0361,155.998,188.102,0.728,17.194,10.4028
42.2862,135.994,188.102,0.702,17.1898,10.4758
42.5361,152.007,188.102,0.665,17.1926,10.5528
42.7861,139.997,188.102,0.638,17.4992,10.6248
43.0362,143.99,188.148,0.61,17.8191,10.6986
43.2861,144.015,188.148,0.607,17.8188,10.7649
43.5361,135.998,188.148,0.577,17.8141,10.8337
43.7868,163.573,188.148,0.552,17.8183,10.9025
44.0361,172.443,188.195,0.541,17.8187,10.9751
44.2861,144.004,188.195,0.54,17.8169,11.0401
44.5362,151.987,188.195,0.54,18.1472,11.1055
44.7861,152.017,188.195,0.54,18.157,11.1685
45.0371,143.473,188.223,0.545,18.4868,11.2407
45.2862,140.506,188.223,0.546,18.4832,11.3106
45.5361,156.008,188.223,0.566,18.4835,11.3761
45.7861,147.997,188.223,0.589,18.8387,11.4439
46.0361,140.001,188.223,0.632,19.2085,11.5138
46.2861,156.004,188.27,0.675,18.4827,11.5866
46.5361,140,188.27,0.735,18.8795,11.6617
46.7861,143.999,188.27,0.733,18.4909,11.7299
47.0361,151.999,188.27,0.67,18.8395,11.8028
47.2861,135.996,188.762,0.635,18.8373,11.8706
47.4888,182.622,188.762,0.605,18.4849,11.9291
47.7361,161.708,188.77,0.556,18.144,11.9975
47.9861,183.981,188.77,0.514,17.8101,12.0746
48.2363,159.901,188.855,0.464,17.8152,12.1502
48.4861,140.089,188.855,0.434,17.8187,12.2194
48.7361,152.031,188.855,0.378,17.483,12.293
48.9861,135.972,188.855,0.347,18.1411,12.3697
49.2361,148.019,188.367,0.295,18.4931,12.44
49.4861,135.977,188.367,0.272,18.4929,12.5138
49.7361,144.033,188.367,0.263,18.4948,12.5858
49.9861,143.973,188.367,0.269,18.1504,12.6479
50.2361,199.996,188.484,0.275,18.1493,12.7093
50.4861,136.003,188.484,0.282,18.8486,12.7664
50.7361,159.991,188.484,0.305,18.4828,12.8259
50.9861,148,188.484,0.308,18.4857,12.8885
51.2361,160.006,188.531,0.317,18.4916,12.9443
51.4862,143.99,188.531,0.324,18.1508,13.0044
51.7363,151.901,188.531,0.331,18.1619,13.0649
51.9861,148.105,188.531,0.339,17.8206,13.1211
52.2361,152.035,188.562,0.332,17.5014,13.1839
52.4861,143.965,188.562,0.329,17.5006,13.2425
52.7362,151.969,188.562,0.318,17.4855,13.3057
52.9861,136.032,188.562,0.317,17.8231,13.3757
53.2361,151.993,188.613,0.318,17.8211,13.429
53.4861,140.007,188.613,0.316,17.4991,13.4851
53.7362,147.983,188.613,0.316,17.5013,13.5488
53.9861,144.012,188.613,0.316,17.4999,13.6103
54.2362,151.989,188.613,0.324,17.5023,13.6817
54.4861,136.015,188.613,0.338,17.4858,13.7526
54.7361,140.015,188.613,0.368,17.4945,13.8259
54.9861,135.983,188.613,0.376,17.8186,13.8974
55.2361,139.995,188.613,0.397,17.5003,13.964
55.4861,140.005,188.641,0.396,17.4999,14.0353
55.7361,144.02,188.641,0.397,17.4998,14.1045
55.9861,131.98,188.641,0.399,17.1961,14.1789
56.2361,148.027,188.645,0.4,17.4995,14.2507
56.4861,131.981,188.684,0.399,17.4953,14.3211
56.7362,147.949,188.684,0.397,17.5031,14.3907
56.9861,132.039,188.684,0.395,17.5013,14.4606
57.2362,155.962,188.18,0.396,17.5012,14.5286
57.4861,136.038,188.309,0.396,17.4937,14.6042
57.7361,140.007,188.309,0.397,17.1971,14.666
57.9861,139.987,188.309,0.396,17.187,14.7379
58.2362,139.969,188.309,0.391,17.1906,14.8134
58.4861,132.034,188.355,0.387,17.1925,14.8836
58.7361,143.999,188.355,0.38,17.4996,14.9571
58.9861,127.995,188.355,0.375,17.193,15.0329
59.2365,147.787,188.355,0.372,17.4996,15.1031
59.4861,136.203,188.355,0.37,17.8179,15.1763
59.7362,143.973,188.355,0.369,17.8182,15.247
59.9861,144.024,188.355,0.369,18.1477,15.3229
60.2361,140.013,188.355,0.369,17.8229,15.3966
60.4861,135.987,188.359,0.37,18.49,15.4673
60.7362,151.979,188.359,0.377,18.491,15.5396
60.9861,132.019,188.363,0.379,18.4906,15.6145
61.2361,139.996,188.363,0.381,18.1488,15.685
61.4861,144.007,188.363,0.382,17.819,15.7585
61.7361,148.003,188.363,0.383,18.1485,15.8286
61.9861,123.997,188.363,0.383,17.8176,15.9023
62.2361,148.014,188.363,0.383,17.8173,15.9752
62.4861,139.987,188.387,0.381,17.4973,16.0453
62.7361,143.996,188.387,0.375,17.4975,16.1194
62.9861,136,188.387,0.373,17.8154,16.1933
63.2361,144.007,188.387,0.367,17.4975,16.2639
63.4861,143.993,188.387,0.363,17.4976,16.337
63.7361,140.021,188.387,0.35,17.8165,16.4051
63.9861,131.983,188.387,0.346,18.1429,16.4769
64.2361,144.022,188.387,0.338,18.146,16.5528
64.4862,131.973,188.387,0.336,17.8205,16.6232
64.7361,148.031,188.738,0.334,18.1462,16.6968
64.9861,139.976,188.738,0.333,17.8176,16.773
65.2361,140.025,188.738,0.332,18.1466,16.8409
65.4861,131.981,188.738,0.319,18.49,16.909
65.7361,152.025,188.738,0.307,18.8427,16.9838
65.9861,131.975,188.738,0.292,18.491,17.0532
66.2362,151.956,188.738,0.285,18.1498,17.121
66.4861,132.039,188.738,0.281,18.148,17.1849
66.7361,159.998,188.844,0.281,18.1276,17.2554
66.9861,128,188.844,0.281,18.4925,17.332
67.2361,140.036,188.844,0.272,18.1446,17.4025
67.4861,139.963,188.844,0.283,18.1497,17.4712
67.7362,155.994,188.844,0.293,18.4692,17.5377
67.9861,128.011,188.844,0.3,18.4945,17.5964
68.2361,159.998,188.844,0.324,18.1508,17.657
68.4861,144.002,188.844,0.337,18.4907,17.7089
68.7362,155.976,188.844,0.356,18.1385,17.7691
68.9861,140.022,188.844,0.374,18.4929,17.8279
69.2361,155.992,188.844,0.397,18.1492,17.8827
69.4861,143.998,188.844,0.418,18.1494,17.9371
69.7362,151.99,188.844,0.428,18.4925,17.9907
69.9861,136.013,188.844,0.431,18.1477,18.0532
70.2361,152.039,188.844,0.433,17.8193,18.1239
70.4861,139.968,188.844,0.431,17.8401,18.1903
70.7361,139.999,188.844,0.411,17.5004,18.2602
70.9861,127.998,188.844,0.397,17.5001,18.3362
71.2361,144,188.844,0.383,17.4977,18.3941
71.4861,144,188.844,0.383,17.5002,18.4517
71.7365,159.761,189.176,0.383,17.4992,18.5156
71.9861,176.266,189.176,0.389,17.4993,18.5907
72.2361,140.029,189.176,0.399,17.818,18.6576
72.4861,143.97,189.176,0.404,18.1521,18.7214
72.7362,151.991,189.176,0.407,17.8182,18.7943
72.9861,132.008,189.176,0.402,18.1483,18.8667
73.2361,135.998,189.176,0.399,17.8184,18.9389
73.4861,136,189.176,0.398,17.8178,19.0122
73.7362,139.958,189.176,0.392,17.8182,19.0832
73.9861,132.039,189.176,0.389,17.8172,19.1598
74.2361,148.033,189.176,0.385,17.817,19.236
74.4861,127.975,189.176,0.384,17.8343,19.31
74.7361,143.995,189.176,0.374,17.815,19.3798
74.9861,139.999,189.176,0.373,17.8148,19.4545
75.2361,136.02,189.176,0.371,17.5159,19.5243
75.4861,131.984,189.176,0.37,17.82,19.5977
75.7361,151.993,189.176,0.369,17.4874,19.6722
75.9861,132.002,189.176,0.369,17.8159,19.7432
76.2362,143.995,189.176,0.369,18.1501,19.8197
76.4861,128.003,189.176,0.366,17.8198,19.8885
76.7361,140.027,189.176,0.363,17.8222,19.963
76.9862,143.969,189.191,0.362,18.1418,20.034
77.2361,140.037,189.191,0.365,18.1438,20.1027
77.4861,131.97,189.191,0.367,18.1477,20.176
77.7362,147.985,189.191,0.359,18.1473,20.2407
77.9861,136.013,189.191,0.324,18.1362,20.3099
78.2361,147.998,189.191,0.3,18.144,20.3791
78.4861,144.005,189.191,0.286,18.1481,20.4492
78.7361,139.996,189.191,0.279,17.8187,20.5181
78.9861,136.009,189.191,0.281,17.8171,20.5866
79.2362,139.979,189.191,0.285,17.82,20.6508
79.487,171.429,189.191,0.291,17.8188,20.7207
79.7361,156.556,189.191,0.298,17.5018,20.7884
79.9862,139.956,189.672,0.303,17.1864,20.8602
80.2361,140.049,189.695,0.306,16.8929,20.9363
80.4861,127.984,189.695,0.308,17.1943,20.9999
80.7361,144.023,189.695,0.315,17.194,21.0679
80.9861,135.974,189.188,0.324,17.1941,21.1452
81.2362,139.992,189.199,0.337,17.1931,21.2144
81.4861,140.006,189.199,0.351,16.8992,21.2863
81.7361,140.003,189.199,0.363,17.1946,21.3571
81.9861,132,189.199,0.376,17.1907,21.4345
82.2361,147.995,189.199,0.416,16.8977,21.5096
82.4861,132.007,189.199,0.45,17.5009,21.5803
82.7361,135.992,189.199,0.499,17.4981,21.6547
82.9862,135.983,189.203,0.514,17.8201,21.7209
83.2361,140.018,189.203,0.518,17.492,21.7937
83.4862,135.997,189.203,0.517,17.5024,21.8681
83.7361,140.005,189.203,0.516,17.5032,21.936
83.9861,132.006,189.203,0.516,17.5014,22.0092
84.2361,143.989,189.203,0.515,17.8211,22.0863
84.4861,136.007,189.203,0.515,17.5033,22.1588
84.7362,147.991,189.203,0.515,17.5012,22.2326
84.9862,127.986,189.207,0.515,17.5033,22.3093
85.2361,144.053,189.207,0.516,17.5047,22.3799
85.4862,131.961,189.207,0.517,17.5029,22.4548
85.7362,135.992,189.207,0.52,17.5035,22.52
85.9862,127.992,189.207,0.519,17.5049,22.5788
86.2362,140.019,189.207,0.517,17.5025,22.6288
86.4862,131.996,189.207,0.517,17.5019,22.6697
86.7361,140.012,189.207,0.516,17.5034,22.703
86.9861,124.012,189.207,0.518,17.5055,22.7063
87.2361,151.982,189.207,0.517,17.504,22.7069
87.4861,140.003,189.207,0.514,17.5014,22.7075
87.7362,147.974,189.207,0.514,17.5021,22.7083
87.9863,131.929,189.207,0.514,17.5045,22.7095
88.2361,156.109,189.207,0.512,17.8044,22.7105
88.4861,136.001,189.207,0.51,17.8194,22.7122
88.7361,160.019,189.207,0.508,17.8193,22.7136
89.0362,143.303,189.219,0.501,18.4889,22.7151
89.2861,148.02,189.219,0.501,17.8037,22.7165
89.5362,159.994,189.219,0.501,17.8032,22.718
89.7862,148.001,189.219,0.505,18.1333,22.7192
90.0361,152.003,189.227,0.505,17.8041,22.7203
90.2861,160.004,189.227,0.517,17.8036,22.7553
90.5362,139.989,189.227,0.543,17.8159,22.8083
90.7861,152.015,189.227,0.555,17.8034,22.8646
91.0362,151.979,189.227,0.541,17.5009,22.9208
91.2861,156.016,189.234,0.541,17.4857,22.9751
91.5394,150.064,189.234,0.545,17.4851,23.0431
91.7861,174.251,189.234,0.556,17.1535,23.1096
92.0361,147.999,189.234,0.564,17.1927,23.1703
92.2862,135.989,189.238,0.565,17.1927,23.2421
92.5361,140.011,189.238,0.564,17.1931,23.3193
92.7861,144,189.238,0.565,17.4995,23.3899
93.0361,136.009,189.238,0.564,17.4995,23.4627
93.2861,147.992,189.246,0.564,17.4954,23.5318
93.5361,140.002,189.246,0.564,17.5022,23.605
93.7861,135.993,189.246,0.565,17.5003,23.6723
94.0361,140.018,189.246,0.565,17.5031,23.7468
94.2861,147.986,189.25,0.564,17.4954,23.8177
94.5361,132.001,189.25,0.526,17.8462,23.8873
94.7861,144.001,189.25,0.478,17.8181,23.9619
95.0361,139.996,189.25,0.459,17.8185,24.0386
95.2861,139.999,189.25,0.433,17.8182,24.1059
95.5362,143.945,189.25,0.427,17.4997,24.1772
95.7861,136.054,189.25,0.419,17.4994,24.2501
96.0361,139.996,189.25,0.416,17.4998,24.3199
96.2861,143.999,189.25,0.399,17.4997,24.3886
96.5361,144.001,189.25,0.387,17.4997,24.4574
96.7861,140.004,189.25,0.373,17.4998,24.5318
97.0361,176,189.25,0.372,17.3949,24.6014
97.2861,148.003,189.285,0.354,17.4992,24.6647
97.5361,143.999,189.285,0.32,17.4996,24.7374
97.7861,136,189.285,0.285,17.4996,24.8051
98.0361,136.002,189.285,0.277,17.5063,24.8769
98.2861,143.998,189.285,0.276,17.1922,24.9432
98.5361,131.999,189.285,0.291,17.5009,25.0082
98.7861,151.998,189.285,0.324,17.4993,25.0819
99.0369,147.58,189.285,0.36,17.4989,25.1507
99.2861,180.516,189.285,0.423,17.194,25.2149
99.5362,135.981,189.285,0.475,17.1924,25.2884
99.7862,144.013,189.285,0.475,17.1921,25.3525
100.036,143.999,189.285,0.461,17.1914,25.4175
100.286,144.005,189.285,0.447,16.9012,25.4827
100.536,151.99,189.285,0.447,17.1928,25.5507
100.786,136.014,189.285,0.447,17.1914,25.6266
101.036,135.984,189.285,0.443,16.8957,25.6944
101.286,144.015,189.285,0.434,17.1906,25.7594
101.536,143.999,189.285,0.427,17.1919,25.8335
101.786,140,189.285,0.397,17.192,25.903
102.036,147.98,189.285,0.395,17.8161,25.971
102.286,136.015,189.285,0.383,17.8159,26.0444
102.536,140.003,189.32,0.383,17.8147,26.1157
102.786,151.991,189.32,0.377,17.8178,26.1908
103.036,135.977,189.32,0.373,18.1481,26.2663
103.286,136.034,189.32,0.37,17.8185,26.3359
103.536,147.997,189.32,0.37,17.8127,26.406
103.786,136.002,189.32,0.369,18.1461,26.4759
104.036,131.986,189.32,0.367,17.817,26.5514
104.286,144.016,189.32,0.362,17.8022,26.6251
104.536,139.936,189.32,0.361,17.8208,26.6962
104.786,180.082,189.32,0.36,17.1916,26.7723
105.036,151.996,189.32,0.357,16.895,26.8478
105.287,151.246,189.32,0.351,17.1921,26.9184
105.536,164.818,189.32,0.348,17.1931,26.9907
105.786,148.006,189.32,0.347,17.193,27.0616
106.036,139.996,189.32,0.341,17.1932,27.1381
106.286,139.998,189.32,0.336,17.5014,27.2114
106.536,140.004,189.32,0.334,17.1934,27.2815
106.786,140,189.32,0.331,17.1939,27.3579
107.036,135.999,189.32,0.324,17.1942,27.4326
107.286,139.999,189.32,0.321,17.1942,27.501
107.536,144,189.355,0.322,17.6059,27.5621
107.786,144.005,189.355,0.327,17.5012,27.6187
108.036,151.971,189.355,0.333,17.5002,27.6798
108.286,152.023,189.355,0.342,17.5174,27.7338
108.536,152.001,189.355,0.353,17.5012,27.7855
108.786,148.002,189.355,0.363,17.5004,27.842
109.036,139.991,189.355,0.366,17.1948,27.8983
109.286,151.998,189.355,0.375,17.4952,27.9498
109.536,147.992,189.355,0.373,17.4988,28.0035
109.786,140.016,189.355,0.369,17.5007,28.0605
110.036,143.999,189.355,0.357,17.5004,28.131
110.286,144.005,189.355,0.347,17.4899,28.1915
110.536,139.997,189.676,0.346,17.5,28.2525
110.786,148.001,189.852,0.346,17.8188,28.3256
111.036,135.998,189.852,0.348,18.1475,28.4002
111.286,147.997,189.852,0.346,18.49,28.4696
111.536,136.006,189.852,0.352,18.1485,28.5415
111.786,135.995,189.852,0.359,18.4863,28.6117
112.036,144.001,189.852,0.362,18.1473,28.6856
112.286,139.999,189.852,0.365,18.1448,28.759
112.536,135.966,189.852,0.367,18.4873,28.8295
112.786,152.044,189.852,0.368,18.148,28.906
113.036,127.997,189.852,0.368,18.1477,28.9819
113.286,140.003,189.852,0.368,18.1705,29.0528
113.536,139.983,189.852,0.369,17.8192,29.1262
113.786,136.014,189.852,0.369,17.8102,29.1966
114.036,139.995,189.852,0.369,17.4996,29.273
114.286,148.003,189.852,0.374,17.1905,29.3449
114.536,135.998,189.852,0.378,17.499,29.4156
114.786,147.957,189.852,0.38,17.4975,29.4902
115.036,140.041,189.852,0.381,17.8169,29.5585
115.286,132.002,189.852,0.382,17.5021,29.6319
115.536,148.003,189.852,0.383,17.5068,29.7068
115.786,135.999,189.852,0.39,17.4997,29.7732
116.036,131.978,189.852,0.393,17.4997,29.8466
116.286,144.021,189.852,0.395,17.4991,29.9208
116.536,135.998,189.852,0.394,17.5003,29.9883
116.786,140.006,189.852,0.392,17.5014,30.0628
117.036,143.985,189.852,0.393,17.5003,30.1356
117.288,147.076,189.852,0.395,17.5003,30.2056
117.536,169.093,189.852,0.395,17.505,30.2793
117.786,143.988,189.852,0.402,17.4985,30.3481
118.036,175.995,189.852,0.406,17.5004,30.4237
118.286,148.002,189.871,0.416,16.8959,30.495
118.536,131.998,189.883,0.421,17.1922,30.5622
118.786,140.006,189.883,0.427,17.1918,30.6371
119.036,139.979,189.883,0.429,17.1926,30.7107
119.286,132.016,189.883,0.431,17.1926,30.7787
119.536,132.001,189.883,0.43,17.1939,30.8538
119.787,143.581,189.91,0.426,17.1932,30.9198
120.036,136.399,189.91,0.425,17.1919,30.9938
120.286,139.959,189.91,0.423,17.2123,31.0655
120.536,148.042,189.352,0.412,17.1926,31.1361
120.786,140.006,189.434,0.403,17.1924,31.2101
121.036,131.976,189.434,0.401,17.1945,31.2848
121.286,148.021,189.434,0.384,17.4986,31.3506
121.536,132,189.434,0.372,17.4996,31.4189
121.786,143.996,189.434,0.372,17.4988,31.4876
122.036,136.003,189.434,0.371,17.499,31.5621
122.286,143.937,189.434,0.369,17.4996,31.6341
122.536,136.066,189.434,0.359,17.4999,31.702
122.786,135.994,189.434,0.335,17.5002,31.7712
123.036,144,189.434,0.329,17.5015,31.8383
123.286,147.986,189.434,0.308,17.502,31.8983
123.536,140.014,189.434,0.308,17.5017,31.9571
123.786,144.003,189.434,0.299,17.5056,32.0179
124.036,143.996,189.434,0.291,17.4987,32.0844
124.286,136.002,189.434,0.282,17.5035,32.1562
124.536,132.001,189.434,0.284,17.5031,32.223
124.786,143.996,189.434,0.292,17.505,32.2839
125.036,144.004,189.434,0.3,17.5035,32.3452
125.286,144,189.434,0.327,17.1959,32.4131
125.536,128.002,189.434,0.352,16.6121,32.4868
125.787,143.737,189.434,0.403,16.8993,32.5521
126.036,140.263,189.434,0.426,16.8946,32.6226
126.286,143.989,189.434,0.462,16.6117,32.6865
126.536,148.003,189.434,0.481,16.8984,32.7502
126.786,136.002,189.434,0.491,16.6117,32.8244
127.036,131.998,189.434,0.5,16.9033,32.8931
127.286,144.001,189.434,0.531,16.6122,32.9662
127.536,123.97,189.434,0.55,16.337,33.0398
127.786,132.034,189.434,0.574,16.6136,33.1083
128.036,143.963,189.434,0.568,16.899,33.1811
128.286,128.03,189.434,0.572,16.6126,33.2402
128.536,135.998,189.434,0.582,17.1956,33.2903
128.786,140.006,189.434,0.6,17.1869,33.3357
129.036,135.995,189.434,0.606,16.8994,33.3626
129.286,132.001,189.434,0.609,17.195,33.3639
129.536,139.991,189.434,0.61,17.1952,33.3645
129.786,144.016,189.434,0.61,17.195,33.3656
129.987,134.26,189.434,0.611,17.5018,33.3664
130.236,180.78,189.434,0.614,17.4906,33.3672
130.486,152.007,189.434,0.619,17.1937,33.3683
130.736,135.999,189.441,0.627,17.8168,33.3694
130.986,144.001,189.441,0.627,16.8989,33.3717
131.236,148.002,189.441,0.628,16.8984,33.3733
131.486,139.999,189.441,0.631,16.6093,33.3744
131.736,152.003,189.441,0.631,16.9046,33.376
131.986,160.002,189.441,0.63,16.8974,33.3773
132.236,143.995,189.441,0.631,16.6119,33.3787
132.486,148.003,189.441,0.525,16.8951,33.3803
132.736,151.97,189.441,0.356,16.3336,33.382
132.986,152.033,189.441,0.428,16.6113,33.4127
133.236,151.997,189.441,0.559,16.334,33.4709
133.486,144,189.441,0.536,16.335,33.5285
133.736,147.998,189.441,0.524,16.8967,33.5894
133.986,132.005,189.441,0.524,16.333,33.6579
134.236,143.99,189.441,0.53,16.6103,33.728
134.486,136.005,189.441,0.558,16.3367,33.8016
134.736,148.001,189.441,0.554,15.8064,33.876
134.986,135.998,189.441,0.514,16.064,33.9433
135.236,139.99,189.441,0.498,15.8065,34.0148
135.486,144.014,189.441,0.467,15.8034,34.0824
135.736,139.999,189.441,0.447,15.8073,34.1532
135.986,140,189.441,0.414,16.0622,34.2234
136.236,140.001,189.441,0.383,16.6114,34.2876
136.486,139.998,189.441,0.347,16.6106,34.3445
136.736,143.995,189.441,0.319,16.334,34.4104
136.986,132,189.441,0.278,16.8972,34.4799
137.236,152.005,189.441,0.255,17.1942,34.5507
137.486,132.002,189.441,0.255,17.1928,34.6192
137.736,139.998,189.441,0.263,17.4971,34.6809
137.986,148.001,189.562,0.279,17.4964,34.7413
138.236,147.997,189.562,0.291,17.5004,34.8036
138.486,144.006,189.562,0.3,17.1891,34.8653
138.736,147.992,189.562,0.306,17.1926,34.9214
138.986,155.999,189.562,0.323,17.1931,34.978
139.236,140.003,189.562,0.329,17.1923,35.0427
139.486,139.999,189.562,0.335,16.8961,35.1134
139.736,140.003,189.562,0.336,16.8878,35.1842
139.986,127.999,189.562,0.335,16.8966,35.2606
140.236,147.991,189.562,0.335,16.8968,35.3296
140.486,136.008,189.562,0.334,16.609,35.4049
140.736,139.999,189.562,0.334,16.3359,35.4749
140.986,152,190.066,0.334,16.6134,35.5463
141.236,143.993,190.066,0.335,16.3331,35.6229
141.486,136.01,190.066,0.344,16.3355,35.6966
141.736,148.002,190.066,0.353,16.6092,35.7693
141.986,131.995,190.066,0.386,16.3398,35.8435
142.236,136.004,190.066,0.418,16.6107,35.9156
142.486,139.994,190.066,0.434,16.894,35.9913
142.736,144.003,190.066,0.434,16.6104,36.0659
142.986,132.004,190.066,0.425,16.8995,36.1366
143.236,147.987,190.066,0.429,17.1939,36.2122
143.486,124.006,190.066,0.425,16.8969,36.2863
143.736,143.968,190.066,0.425,17.1934,36.3568
143.986,140.037,190.066,0.44,17.5005,36.4331
144.236,139.995,190.066,0.466,17.5004,36.5042
144.486,140,190.066,0.506,17.4997,36.581
144.736,144.003,190.066,0.525,17.4994,36.6539
144.986,131.997,190.066,0.484,17.5006,36.7246
145.236,139.992,190.066,0.451,17.4996,36.801
145.486,144.005,190.066,0.412,17.4996,36.872
145.736,184.001,190.066,0.397,17.4998,36.9405
145.986,128.002,190.066,0.384,16.8962,37.0165
146.236,155.997,190.066,0.384,16.8937,37.0869
146.486,127.998,190.066,0.391,16.8961,37.1625
146.736,140,190.066,0.394,16.6101,37.2372
146.986,148.005,190.066,0.398,16.6104,37.3076
147.236,135.816,190.066,0.403,16.0656,37.3836
147.486,136.183,190.066,0.404,16.067,37.4573
147.736,143.998,190.066,0.407,15.8071,37.5251
147.986,132.002,190.066,0.408,15.8068,37.5953
148.236,151.98,190.066,0.41,16.0615,37.6656
148.486,132.018,190.066,0.417,15.8074,37.7413
148.736,136.021,190.074,0.423,15.8082,37.8136
148.986,143.978,190.086,0.428,16.6115,37.8812
149.236,139.995,190.086,0.432,16.6244,37.9479
149.486,136.002,190.086,0.437,16.3357,38.0228
149.736,135.984,190.086,0.442,16.8988,38.0918
149.986,124.02,190.086,0.441,16.613,38.1685
150.236,155.889,190.086,0.437,16.8987,38.2384
150.486,132.09,190.086,0.438,17.1951,38.3132
150.736,139.995,190.086,0.436,17.1956,38.3844
150.986,136.006,189.582,0.434,17.1957,38.4534
151.236,143.982,189.645,0.433,17.1815,38.5303
151.486,132.017,189.645,0.429,16.8996,38.5973
151.736,143.989,189.645,0.427,16.8948,38.6617
151.986,128.011,189.645,0.428,16.6125,38.7324
152.236,147.993,189.645,0.431,16.8996,38.8006
152.486,128.003,189.645,0.439,16.901,38.8706
152.736,140.004,189.645,0.451,16.6135,38.9271
152.986,140.002,189.645,0.47,16.8989,38.9765
153.236,139.996,189.645,0.492,16.899,39.018
153.486,127.999,189.645,0.506,16.6124,39.0416
153.736,148.002,189.645,0.511,16.8986,39.043
153.986,127.999,189.645,0.512,16.3354,39.0445
154.236,144.003,189.645,0.511,16.6258,39.0451
154.486,131.998,189.645,0.511,16.898,39.0455
154.736,144,189.645,0.511,16.6158,39.046
154.937,154.054,189.645,0.511,16.6119,39.0466
155.186,164.806,189.645,0.51,16.3343,39.047
155.436,144.003,189.645,0.51,16.6079,39.0475
155.686,132.001,189.645,0.511,16.8963,39.0479
155.936,140,189.645,0.511,16.6106,39.0485
156.186,140,189.645,0.509,16.8971,39.0491
156.436,176.005,189.645,0.509,16.8939,39.0495
156.686,139.991,189.645,0.511,16.6106,39.0498
156.936,132.003,189.645,0.511,16.8967,39.0502
157.186,136.002,189.645,0.511,16.6106,39.0508
157.436,139.996,189.645,0.511,16.8965,39.0513
157.686,132.006,189.645,0.511,17.1931,39.0516
157.936,135.998,189.645,0.511,16.897,39.052
158.186,139.99,189.645,0.511,16.8969,39.0522
158.436,131.998,189.645,0.511,16.8938,39.0527
158.686,140.011,189.645,0.511,16.6109,39.053
158.936,135.999,189.645,0.511,16.8966,39.0534
159.186,143.999,189.645,0.511,17.193,39.0538
159.436,144.007,189.645,0.511,17.5,39.0542
159.686,131.995,189.645,0.513,17.4999,39.0549
159.936,143.993,189.645,0.514,17.4998,39.0552
160.186,132.008,189.645,0.514,17.5003,39.0558
160.436,140.001,189.645,0.515,17.4999,39.0563
160.686,140.003,189.645,0.511,17.8182,39.057
160.936,132,189.645,0.518,17.8182,39.0583
161.186,143.996,189.645,0.518,17.8215,39.0593
161.436,135.973,189.645,0.525,18.1483,39.0602
161.686,144.027,189.645,0.531,17.8183,39.0612
161.936,144.003,189.645,0.538,17.8179,39.0624
162.186,147.998,189.645,0.539,17.8182,39.0642
162.436,156,189.645,0.538,17.8182,39.0656
162.638,173.14,189.645,0.538,17.8183,39.0665
162.886,157.352,189.645,0.534,17.499,39.0677
163.136,156.007,189.707,0.527,17.8191,39.0686
163.386,139.995,189.707,0.528,17.6561,39.0702
163.636,151.995,189.707,0.527,17.6559,39.0714
163.886,140.004,189.707,0.526,17.6564,39.0727
164.136,143.999,189.715,0.528,18.3137,39.0738
164.386,136.005,189.715,0.526,17.7988,39.0747
164.637,143.694,189.715,0.528,17.8032,39.076
164.886,132.278,189.715,0.525,17.4856,39.0764
165.136,156.018,189.715,0.528,17.4858,39.0767
165.386,131.984,189.715,0.531,17.4848,39.0771
165.636,151.986,189.715,0.53,18.1327,39.0776
165.887,151.296,189.715,0.529,17.8041,39.0781
166.136,164.779,189.715,0.53,17.9683,39.0788
166.386,144.006,189.715,0.533,17.9677,39.0791
166.636,143.998,189.715,0.532,17.9684,39.0796
166.886,131.983,189.715,0.528,17.3348,39.0801
167.136,152.002,189.715,0.527,18.1532,39.0805
167.386,128.017,189.719,0.525,17.8174,39.081
167.636,152.006,189.719,0.525,17.8183,39.0814
167.886,135.995,189.719,0.527,18.1484,39.0821
168.136,139.993,189.719,0.525,17.8195,39.0826
168.386,144.004,189.719,0.525,17.8192,39.0831
168.637,147.248,189.719,0.523,17.5004,39.0838
168.886,136.7,189.719,0.521,17.5003,39.0844
169.136,147.998,189.719,0.52,17.8191,39.0848
169.386,135.998,189.719,0.511,17.5001,39.0855
169.636,156,189.719,0.511,17.192,39.0863
169.886,132.004,189.719,0.511,17.1934,39.0869
170.136,155.999,189.719,0.511,16.8964,39.0876
170.386,144.004,190.242,0.511,16.6007,39.0886
170.636,148.009,190.242,0.511,16.8967,39.0896
170.886,147.964,190.242,0.511,16.8963,39.0909
171.087,214.346,190.242,0.511,16.8959,39.0918
171.337,219.879,190.242,0.509,16.3341,39.0932
171.586,140.436,190.242,0.514,16.0652,39.0945
171.839,165.876,190.242,0.525,16.3333,39.0956
172.086,186.399,190.242,0.528,15.8064,39.1157
172.336,159.977,190.242,0.501,15.8046,39.1698
172.586,144.019,190.242,0.468,16.3317,39.2286
172.836,147.996,190.242,0.414,16.0644,39.2958
173.086,136.003,190.242,0.391,16.3325,39.3599
173.336,151.991,190.242,0.37,16.6185,39.4292
173.586,128.005,190.242,0.369,16.3327,39.5049
173.836,140.004,190.242,0.376,16.6017,39.5745
174.086,147.999,190.242,0.379,17.0107,39.6498
174.336,139.976,190.242,0.381,16.9091,39.7232
174.586,136.022,190.242,0.381,17.1937,39.7938
174.836,156,190.242,0.367,17.4956,39.8704
175.086,128.001,190.242,0.377,17.4967,39.941
175.336,167.901,190.242,0.389,17.4976,40.0138
175.586,168.097,190.242,0.393,17.4921,40.0814
175.836,151.994,190.242,0.4,17.1905,40.1511
176.086,132.007,190.242,0.407,17.1908,40.2227
176.336,139.999,190.242,0.417,17.1949,40.2957
176.586,143.999,190.242,0.42,17.1927,40.3628
176.836,140.003,190.242,0.427,17.1894,40.4379
177.086,131.999,190.242,0.431,17.1905,40.5068
177.336,151.99,190.242,0.44,17.1969,40.5781
177.586,136.005,190.242,0.448,17.1902,40.6486
177.836,152.003,190.277,0.463,17.1958,40.716
178.086,136.001,190.277,0.448,17.1943,40.7886
178.336,147.996,190.277,0.426,17.2867,40.8597
178.586,132.007,190.277,0.411,17.5091,40.9306
178.836,147.98,190.297,0.37,17.5002,41.0068
179.086,136.017,190.297,0.359,17.5125,41.077
179.336,143.996,190.297,0.319,17.5037,41.1485
179.586,139.994,190.297,0.298,17.5008,41.2167
179.836,151.881,190.297,0.275,17.5014,41.2769
180.086,132.111,190.297,0.257,17.1929,41.3429
180.336,147.997,189.773,0.236,17.1933,41.4095
180.586,139.998,189.801,0.233,17.1946,41.4768
180.836,144.001,189.801,0.243,17.1946,41.5499
181.086,144.009,189.801,0.257,17.1938,41.6085
181.336,148.001,189.801,0.274,17.193,41.665
181.586,143.994,189.801,0.29,17.1954,41.7225
181.836,155.881,189.801,0.314,17.1947,41.7762
182.086,180.137,189.801,0.32,16.8967,41.8389
182.336,147.954,189.801,0.321,16.6115,41.9039
182.586,136.046,189.801,0.326,16.8958,41.9727
182.837,163.343,189.801,0.343,16.8959,42.0482
183.086,160.639,189.801,0.357,16.8965,42.1086
183.336,155.995,189.801,0.364,16.8962,42.1744
183.586,132.003,189.801,0.366,16.8994,42.251
183.836,139.997,189.801,0.368,16.8971,42.3201
184.086,132.008,189.801,0.368,16.899,42.3908
184.336,151.999,189.801,0.369,16.6088,42.4578
184.586,139.999,189.801,0.371,16.8969,42.5271
184.836,148,189.805,0.389,16.8972,42.6002
185.086,124.002,189.805,0.411,17.1934,42.6713
185.336,151.993,189.805,0.468,17.1936,42.7441
185.586,131.999,189.805,0.5,17.5002,42.8191
185.836,155.927,189.805,0.57,17.8162,42.8864
186.086,132.068,189.805,0.57,17.8207,42.963
186.336,143.992,189.805,0.573,17.82,43.0341
186.586,176.002,189.805,0.578,17.802,43.1048
186.836,143.999,189.805,0.585,17.5025,43.1793
187.037,159.397,189.805,0.59,17.503,43.2351
187.286,164.501,189.805,0.593,17.1954,43.3114
187.536,136,189.805,0.599,17.5025,43.3851
187.786,140.004,189.805,0.601,17.1948,43.4545
188.036,139.992,189.805,0.602,17.1952,43.5273
188.286,132.005,189.805,0.603,17.1961,43.5972
188.536,132.001,189.805,0.603,16.8995,43.6703
188.786,144.001,189.805,0.605,16.3389,43.7425
189.036,135.997,189.805,0.608,16.6126,43.8111
189.286,136.001,189.805,0.606,16.8989,43.884
189.536,147.998,189.805,0.553,17.1959,43.9556
189.786,140.019,189.805,0.498,17.1958,44.0197
190.036,139.977,189.805,0.434,17.503,44.08
190.286,128.004,189.805,0.397,17.5031,44.1258
190.536,144.001,189.805,0.344,17.1957,44.1694
190.786,135.999,189.805,0.32,17.5025,44.1914
191.036,139.976,189.805,0.327,17.5025,44.193
191.286,140.022,189.805,0.325,17.502,44.1935
191.536,143.966,189.805,0.322,18.1506,44.1946
191.786,144.04,189.805,0.319,17.8193,44.1955
192.036,147.989,189.805,0.319,17.5013,44.1965
192.286,139.992,189.805,0.318,17.1938,44.1978
192.536,156.014,189.805,0.317,17.5007,44.199
192.786,148.005,189.805,0.305,17.5004,44.2006
193.036,139.995,189.805,0.304,17.8188,44.2017
193.286,151.984,189.805,0.301,17.8185,44.2034
193.536,152.012,189.805,0.289,17.8136,44.2042
193.786,144.01,189.805,0.29,17.8183,44.205
194.036,143.992,189.805,0.291,17.8182,44.206
194.286,136.005,189.805,0.292,18.1455,44.207
194.536,159.983,189.805,0.287,17.8265,44.2096
194.786,136.018,189.805,0.295,17.8255,44.2446
195.036,136.003,189.805,0.363,18.1536,44.3016
195.286,151.993,189.805,0.414,17.8251,44.3656
195.536,139.997,189.805,0.5,18.1546,44.4382
195.786,140.006,189.805,0.563,17.8251,44.5018
196.036,143.981,189.805,0.563,17.8249,44.5616
196.286,148.022,189.805,0.564,17.825,44.6239
196.536,139.991,189.805,0.572,17.1984,44.697
196.786,140.009,189.805,0.581,17.1983,44.7581
197.036,143.998,189.805,0.591,17.2014,44.8202
197.286,139.995,189.805,0.586,17.1926,44.8956
197.536,184.001,189.84,0.576,16.8562,44.9665
197.786,148.002,189.84,0.57,17.1926,45.0365
198.036,144.001,189.84,0.563,17.5004,45.1049
198.286,135.997,189.84,0.563,17.5038,45.174
198.536,144.003,189.84,0.566,17.5001,45.2472
198.787,155.526,189.84,0.569,17.4992,45.32
199.036,176.532,189.84,0.574,17.1925,45.3869
199.286,135.999,189.84,0.576,17.4992,45.4632
199.536,151.971,189.84,0.585,17.4962,45.5271
199.786,136.035,189.84,0.581,17.4986,45.5975
200.036,135.984,189.84,0.526,17.8166,45.6734
200.286,136.01,189.84,0.492,18.1936,45.7442
200.536,152,190.309,0.469,17.8125,45.8173
200.786,184.003,190.309,0.457,17.8164,45.8933
201.036,147.981,190.309,0.448,17.191,45.9626
201.286,140.016,190.309,0.447,17.1917,46.0377
201.536,139.999,190.309,0.446,17.1932,46.1068
201.786,152.002,190.309,0.443,17.226,46.1783
202.036,140.001,190.309,0.439,17.4987,46.2521
202.286,136.003,190.309,0.434,17.4997,46.3189
202.536,147.993,190.309,0.391,17.4999,46.3894
202.786,140.004,190.309,0.35,17.1944,46.4669
203.036,151.996,190.309,0.308,17.1927,46.5376
203.286,135.996,190.309,0.292,17.1947,46.6125
203.536,144.01,190.309,0.287,17.1935,46.6769
203.786,147.998,190.309,0.295,17.189,46.7406
204.036,144,190.309,0.322,16.6122,46.8036
204.286,140,190.309,0.356,16.8981,46.8653
204.536,151.998,190.309,0.349,16.8993,46.9385
204.786,140.006,190.309,0.352,16.6131,47.0149
205.036,147.999,190.309,0.36,16.9054,47.0783
205.286,147.994,190.309,0.369,17.1937,47.1346
205.536,147.998,190.309,0.39,17.1939,47.1873
205.786,144.007,190.309,0.399,17.1936,47.2426
206.036,155.995,190.309,0.412,17.1939,47.2993
206.286,147.994,190.309,0.416,17.1904,47.3542
206.536,152.006,190.309,0.413,17.4993,47.4204
206.786,140.005,190.309,0.412,17.8141,47.4939
207.036,143.991,190.309,0.41,17.8144,47.5585
207.286,152.088,190.309,0.41,18.1423,47.6249
207.536,151.92,190.309,0.411,18.4841,47.6934
207.786,143.956,190.309,0.38,18.4871,47.7625
208.036,140.04,190.309,0.354,18.1475,47.8329
208.286,143.997,190.316,0.341,18.4872,47.8988
208.536,144.004,190.316,0.335,18.1452,47.9614
208.786,139.99,190.316,0.32,18.1479,48.0368
209.036,140.004,190.316,0.306,18.1624,48.1016
209.286,143.908,190.316,0.298,18.1487,48.1661
209.536,152.106,190.316,0.298,18.4904,48.2331
209.786,143.911,190.316,0.301,18.488,48.3073
210.036,132.078,190.316,0.303,18.151,48.3793
210.287,143.736,190.316,0.305,18.1513,48.4486
210.536,148.272,190.316,0.306,17.8207,48.5211
210.786,139.989,190.328,0.306,17.8148,48.594
211.036,144.011,190.328,0.315,17.8198,48.6528
211.286,136.003,190.328,0.316,17.4992,48.7169
211.536,155.981,190.328,0.306,17.5022,48.7752
211.786,200.008,190.328,0.284,17.4283,48.8388
212.036,132.011,190.328,0.268,16.8982,48.9151
212.286,135.998,190.328,0.27,17.1951,48.986
212.536,148.001,190.328,0.282,16.8983,49.0565
212.786,140.001,190.328,0.306,16.6122,49.1216
213.036,148.001,190.328,0.322,16.8974,49.1775
213.286,147.987,190.328,0.329,16.6132,49.2333
213.536,156.005,190.328,0.335,16.8966,49.2862
213.786,155.998,190.328,0.341,17.1947,49.3401
214.036,143.999,190.328,0.34,17.5004,49.399
214.286,147.976,190.328,0.342,17.5009,49.4623
214.536,144.034,190.328,0.331,17.193,49.5326
214.786,139.976,190.328,0.332,17.1934,49.5954
215.036,144.024,190.328,0.337,17.4971,49.6572
215.286,147.914,190.328,0.35,17.5008,49.7279
215.537,195.773,190.328,0.367,17.1933,49.7998
215.786,164.292,190.328,0.4,17.1939,49.8656
216.036,143.993,190.328,0.433,17.4995,49.936
216.286,136.001,190.328,0.484,17.1928,49.9998
216.536,147.994,190.328,0.517,16.8999,50.0648
216.786,140.005,190.328,0.596,16.6159,50.1374
217.036,136.003,190.328,0.631,16.8965,50.2026
217.286,147.995,190.328,0.695,17.4999,50.2704
217.536,144.005,190.328,0.738,17.819,50.3351
217.786,139.993,190.328,0.78,17.4999,50.4056
218.036,131.959,190.328,0.73,17.819,50.4823
218.286,148.044,190.328,0.652,17.8186,50.5458
218.536,143.969,190.328,0.609,18.1516,50.6124
218.786,140.032,190.328,0.523,17.8171,50.6891
219.036,140.001,190.328,0.474,18.4904,50.7589
219.286,147.999,190.328,0.395,18.1495,50.8345
219.536,139.993,190.328,0.345,18.4907,50.9058
219.786,144.012,190.328,0.279,18.4899,50.9775
220.036,131.999,190.328,0.245,18.4886,51.047
220.286,152.004,190.328,0.214,18.8458,51.1163
220.536,135.994,190.328,0.212,18.4858,51.1867
220.786,144.003,190.328,0.224,18.4743,51.2579
221.036,136.001,190.328,0.244,18.4886,51.3254
221.286,140.001,190.328,0.289,17.8192,51.401
221.536,139.998,190.328,0.32,18.1491,51.4637
221.786,148.006,190.328,0.337,18.1492,51.5366
222.036,139.996,190.328,0.352,18.1466,51.6099
222.286,136.001,190.328,0.395,18.1427,51.6783
222.536,139.997,190.328,0.421,17.5012,51.7443
222.786,140,190.328,0.456,17.1989,51.8182
223.036,148.001,190.328,0.485,17.1943,51.889
223.286,175.977,190.328,0.52,16.8358,51.9602
223.536,140.019,190.328,0.554,16.8975,52.0308
223.786,136.003,190.328,0.599,16.8992,52.1016
224.036,135.992,190.328,0.632,16.6125,52.1747
224.286,136.008,190.328,0.683,17.1954,52.2453
224.536,135.989,190.328,0.727,16.8994,52.3183
224.786,148.003,190.328,0.774,16.6159,52.3927
225.036,140.007,190.328,0.811,16.8992,52.4603
225.286,139.999,190.328,0.857,17.1956,52.5358
225.536,140.001,190.328,0.892,17.1967,52.6086
225.786,139.998,190.328,0.944,17.5033,52.6791
226.036,140.003,190.328,0.97,17.5704,52.7523
226.286,140,190.328,1.02,18.1492,52.8234
226.536,143.981,190.328,1.054,17.821,52.8985
226.786,132.016,190.328,1.102,18.1515,52.9753
227.036,136.001,190.328,1.146,17.8218,53.0425
227.286,143.994,190.328,1.178,17.8219,53.1058
227.536,128.007,190.328,1.207,18.1507,53.1543
227.786,135.995,190.328,1.24,18.1507,53.198
228.036,140.004,190.383,1.258,19.2157,53.2335
228.288,174.869,190.383,1.27,18.1425,53.236
228.536,152.984,190.383,1.274,17.4944,53.2366
228.786,147.999,190.383,1.275,17.8097,53.2373
229.036,152.007,190.438,1.276,17.8134,53.238
229.286,151.953,190.438,1.266,17.8101,53.2389
229.536,144.046,190.438,1.266,17.8114,53.2392
229.786,159.998,190.438,1.268,17.4925,53.2406
230.036,151.994,190.492,1.267,17.4922,53.2416
230.286,152.006,190.492,1.267,17.4919,53.2438
230.536,159.998,190.492,1.264,17.1854,53.2446
230.786,156.002,190.492,1.272,16.8884,53.2461
231.036,156.002,190.508,1.276,17.4987,53.2469
231.286,163.995,190.559,1.277,18.1477,53.2512
231.536,151.991,190.559,1.28,18.1488,53.2926
231.786,160.012,190.559,1.285,18.1479,53.3458
232.036,152.005,190.559,1.279,18.4898,53.4071
232.286,151.949,190.574,1.256,18.8446,53.4654
232.536,152.052,190.574,1.239,18.4891,53.5326
232.786,139.991,190.574,1.189,18.8498,53.6068
233.036,152.002,190.574,1.166,19.2147,53.6761
233.286,143.998,190.633,1.127,18.8447,53.7482
233.536,140.004,190.633,1.095,18.8458,53.8135
233.786,155.999,190.633,1.049,18.8583,53.88
234.036,136.003,190.633,1.022,18.8461,53.9577
234.286,155.994,190.652,0.982,18.8255,54.0238
234.536,139.971,190.652,0.962,18.4935,54.0905
234.786,144.019,190.652,0.917,18.4851,54.1609
235.036,204.017,190.652,0.898,18.4875,54.2285
235.286,139.994,190.711,0.859,18.1423,54.3026
235.536,148.005,190.711,0.843,18.1488,54.3695
235.786,140.003,190.711,0.809,17.815,54.4357
236.036,135.997,190.711,0.772,18.1453,54.5118
236.286,152.007,190.766,0.729,17.4995,54.5828
236.536,131.997,190.766,0.694,17.2097,54.6538
236.786,156.006,190.766,0.658,17.1911,54.7149
237.036,191.794,190.766,0.632,16.8964,54.7842
237.287,171.92,190.816,0.612,16.3457,54.8622
237.536,160.211,190.816,0.601,16.3331,54.9277
237.786,152.028,190.816,0.591,16.336,54.9959
238.036,131.999,190.816,0.584,16.4703,55.0693
238.286,151.999,190.824,0.549,16.9044,55.1384
238.536,144.002,190.887,0.53,16.8953,55.2092
238.786,144.004,190.887,0.496,16.893,55.2705
239.036,151.993,190.887,0.49,16.8968,55.3343
239.286,156.001,190.902,0.5,17.1896,55.4084
239.536,136.005,190.902,0.51,17.1964,55.4749
239.786,151.992,190.902,0.528,17.1826,55.5357
240.036,151.999,190.902,0.545,17.8161,55.6001
240.286,204.005,190.902,0.579,18.0775,55.663
240.536,148.001,190.902,0.602,18.1416,55.7375
240.786,140.004,190.902,0.635,17.805,55.8028
241.036,151.985,190.281,0.671,17.8127,55.8631
241.286,152.008,190.363,0.73,17.8012,55.9397
241.536,144.005,190.41,0.734,17.8141,56.0061
241.786,151.997,190.41,0.673,17.8125,56.075
242.036,139.994,190.41,0.641,18.1432,56.1483
242.286,144.007,190.41,0.583,18.1458,56.2179
242.536,155.999,190.434,0.553,18.1482,56.2922
242.786,143.997,190.434,0.5,18.1433,56.3669
243.036,151.999,190.434,0.465,18.4952,56.4376
243.286,143.886,190.434,0.413,18.4844,56.5131
243.536,148.119,190.434,0.38,18.8429,56.5831
243.786,156,190.434,0.333,19.2191,56.6544
244.036,136,190.434,0.302,18.8593,56.7245
244.286,148,190.434,0.273,18.8538,56.7932
244.536,144.005,190.434,0.263,18.4865,56.8633
244.786,143.999,190.434,0.269,18.4795,56.9263
245.036,147.996,190.434,0.275,18.1475,56.9838
245.286,148.003,190.434,0.289,17.8209,57.0445
245.536,155.996,190.438,0.298,17.8214,57.0989
245.786,163.989,190.438,0.304,17.5037,57.1552
246.036,279.941,190.438,0.31,17.1924,57.2193
246.286,280.08,190.438,0.319,17.1889,57.2762
246.536,216.005,190.438,0.327,16.6187,57.3401
246.786,147.993,190.438,0.335,16.6087,57.3987
247.036,147.995,190.438,0.336,16.3354,57.4602
247.286,144.006,190.438,0.335,16.3322,57.5232
247.536,148.001,190.438,0.334,16.6115,57.5826
247.786,147.996,190.438,0.334,16.9037,57.6379
248.036,140.007,190.438,0.336,16.8974,57.6952
248.286,155.991,190.438,0.334,16.899,57.7508
248.536,152.011,190.438,0.32,16.6256,57.8121
248.786,147.993,190.438,0.323,16.8933,57.8795
249.036,140.001,190.438,0.332,16.9078,57.9559
249.286,163.902,190.438,0.347,17.5224,58.0319
249.536,168.11,190.438,0.36,17.1984,58.1034
249.786,143.992,190.438,0.373,17.5006,58.1764
250.036,132.004,190.438,0.384,17.8176,58.2478
250.286,151.997,190.438,0.397,17.5005,58.3171
250.536,135.999,190.438,0.404,17.1947,58.3897
250.786,148.006,190.438,0.411,17.1933,58.4581
251.036,131.992,190.438,0.405,17.5004,58.5336
251.286,144.006,190.438,0.401,17.5018,58.6076
251.536,147.998,190.438,0.399,17.4995,58.6773
251.786,140.002,190.438,0.397,17.4994,58.7495
252.036,135.998,190.438,0.395,17.1942,58.8249
252.286,151.999,190.438,0.39,17.5008,58.8941
252.536,140.004,190.438,0.388,17.5037,58.9679
252.786,143.998,190.438,0.385,17.4952,59.0387
253.036,148.004,190.438,0.384,17.4994,59.1137
253.286,179.993,190.438,0.383,17.4205,59.19
253.536,136.009,190.438,0.383,17.5029,59.2599
253.786,155.994,190.438,0.382,17.4988,59.3309
254.036,135.982,190.438,0.383,17.1951,59.4063
254.286,136.018,190.438,0.383,17.5004,59.4773
254.536,151.996,190.438,0.387,17.5111,59.5507
254.786,136.002,190.438,0.393,17.5015,59.6212
255.036,144.001,190.438,0.394,17.5003,59.698
255.286,143.999,190.438,0.4,17.5018,59.7751
255.536,139.994,190.438,0.404,17.5058,59.8459
255.786,152.003,190.469,0.408,17.5023,59.9193
256.036,136,190.469,0.411,17.9003,59.9915
256.286,136.006,190.469,0.416,17.8179,60.0589
256.536,183.992,190.469,0.416,17.8158,60.1281
256.786,144.006,190.473,0.412,18.1346,60.1957
257.036,131.995,190.473,0.397,17.8166,60.2709
257.286,148.007,190.473,0.383,17.8075,60.3417
257.536,139.996,190.473,0.383,17.8236,60.4112
257.786,143.997,190.473,0.382,17.8146,60.4856
258.036,148.008,190.473,0.378,18.1312,60.559
258.286,143.994,190.473,0.373,17.8151,60.6292
258.536,136.002,190.473,0.371,17.8188,60.7001
258.786,148.001,190.57,0.368,17.8173,60.7765
259.036,139.996,190.57,0.363,17.8163,60.847
259.286,147.996,190.57,0.357,17.8198,60.9219
259.536,132,190.57,0.352,17.83,60.9893
259.786,196.004,190.57,0.347,17.742,61.0569
260.036,140.006,190.57,0.333,17.8078,61.1326
260.286,139.992,190.57,0.317,17.5,61.1989
260.536,139.995,190.57,0.306,17.5034,61.2679
260.786,152.013,190.645,0.3,17.4982,61.3384
261.036,179.994,190.645,0.298,17.1758,61.4149
261.286,155.998,190.645,0.296,17.1933,61.4907
261.536,267.918,190.645,0.296,17.1875,61.5593
261.786,272.089,190.645,0.287,16.8948,61.6246
262.036,212.003,190.645,0.271,16.6118,61.6891
262.286,144.002,190.645,0.258,16.9032,61.7492
262.536,139.998,190.645,0.257,17.1942,61.8145
262.786,139.996,190.645,0.264,17.5055,61.8736
263.036,143.981,190.645,0.27,17.5053,61.9372
263.286,144.023,190.645,0.286,17.4966,61.9965
263.536,139.997,190.645,0.296,17.5047,62.0493
263.786,160.001,190.645,0.318,17.84,62.1044
264.036,147.994,191.156,0.321,18.1434,62.1672
264.286,147.996,191.156,0.347,17.8208,62.2283
264.536,136.007,191.156,0.353,17.8273,62.2987
264.786,147.994,191.156,0.357,18.1385,62.368
265.036,135.989,191.156,0.358,17.8141,62.4435
265.286,184.031,191.156,0.354,17.4616,62.5194
265.536,135.962,191.156,0.351,17.5001,62.5881
265.786,140.036,191.156,0.348,17.5048,62.6611
266.036,147.998,191.156,0.347,17.8185,62.7305
266.286,131.997,191.156,0.347,17.5046,62.8054
266.536,136.062,191.156,0.347,17.5116,62.8794
266.786,147.939,191.156,0.347,17.4925,62.9485
267.037,143.638,191.156,0.347,17.5033,63.0243
267.286,140.35,191.156,0.347,17.1921,63.0998
267.536,147.981,191.156,0.347,17.1928,63.169
267.786,136.019,191.156,0.347,17.1923,63.2424
268.037,139.737,191.156,0.347,17.1927,63.3186
268.286,148.268,191.156,0.347,17.1923,63.3888
268.536,135.985,191.156,0.344,17.1924,63.4629
268.786,148.027,191.156,0.338,17.191,63.5306
269.036,131.968,191.156,0.337,17.1928,63.602
269.238,188.451,191.156,0.34,17.1925,63.6617
269.486,144.992,191.156,0.344,17.1844,63.7317
269.736,147.988,191.156,0.353,17.1861,63.804
269.986,132.008,191.156,0.354,17.1957,63.875
270.236,155.99,191.156,0.36,17.1937,63.9489
270.486,128.011,191.156,0.364,17.8168,64.0241
270.736,143.999,191.156,0.367,17.8177,64.0949
270.986,139.999,191.156,0.37,17.8225,64.1687
271.236,143.996,191.156,0.377,17.8147,64.2432
271.486,128.008,191.156,0.384,17.8193,64.3112
271.736,187.999,191.156,0.362,17.8179,64.3835
271.986,139.995,191.156,0.339,17.8176,64.4453
272.236,152.003,191.156,0.31,17.8172,64.5131
272.486,139.999,191.156,0.309,17.5002,64.5866
272.736,144.003,191.156,0.305,17.4957,64.6545
272.986,132.001,191.156,0.311,17.5021,64.7188
273.236,159.972,191.156,0.322,17.4999,64.7823
273.486,155.938,191.156,0.325,17.1942,64.8473
273.736,164.094,191.156,0.339,17.1956,64.9216
273.986,131.997,190.645,0.345,17.1954,64.9905
274.236,152.003,190.645,0.357,17.19,65.0666
274.486,131.996,190.645,0.365,16.8965,65.1423
274.736,140.003,190.645,0.377,16.8973,65.2127
274.986,139.997,190.645,0.383,16.8965,65.2872
275.236,135.995,190.645,0.395,17.1943,65.3636
275.486,128.005,190.645,0.402,17.1944,65.4342
275.736,151.998,190.645,0.421,17.5006,65.5071
275.986,136.003,190.645,0.434,17.5032,65.5777
276.236,144.002,190.645,0.47,17.5024,65.6536
276.486,143.998,190.645,0.503,17.8187,65.7223
276.736,140.005,190.645,0.552,17.8206,65.7931
276.986,127.996,190.645,0.563,17.8249,65.8678
277.236,148.001,190.645,0.562,18.4862,65.9385
277.486,131.997,190.645,0.56,18.1505,66.0155
277.736,144.001,190.645,0.559,18.1504,66.088
277.986,131.998,190.645,0.558,18.4963,66.1559
278.236,140.004,190.645,0.561,18.1488,66.2308
278.486,128.001,190.645,0.563,18.1486,66.3059
278.736,151.997,190.645,0.565,18.4833,66.3732
278.986,128.002,190.645,0.565,18.1523,66.4465
279.236,140,190.645,0.565,18.1533,66.5232
279.486,135.999,190.645,0.565,17.8219,66.5946
279.736,139.992,190.645,0.562,17.8219,66.6641
279.986,140,190.648,0.56,17.8283,66.7185
280.236,136.006,190.648,0.555,17.8216,66.7678
280.486,132.002,190.648,0.551,17.8221,66.8081
280.736,136.001,190.648,0.547,17.8194,66.8299
280.986,123.996,190.648,0.546,17.8237,66.8313
281.236,147.999,190.648,0.542,17.8207,66.8323
281.486,136.005,190.648,0.542,17.5023,66.8335
281.736,143.996,190.648,0.541,17.4962,66.8345
281.986,139.996,190.648,0.531,17.5025,66.8352
282.236,156.002,190.648,0.532,17.5014,66.8363
282.486,144.002,190.648,0.529,17.5031,66.8377
282.736,152.004,190.648,0.523,17.4959,66.8388
282.986,131.996,190.648,0.518,17.5007,66.8402
283.236,152.016,190.648,0.52,18.4879,66.8416
283.437,243.861,190.648,0.517,17.4433,66.8427
283.686,285.075,190.648,0.516,17.1624,66.844
283.939,269.398,190.648,0.519,17.1632,66.8452
284.186,177.701,190.648,0.519,16.8679,66.8461
284.436,144.009,190.648,0.524,16.8673,66.8475
284.686,195.979,190.648,0.529,16.8695,66.849
284.888,173.77,190.648,0.532,16.3069,66.865
285.136,176.992,190.648,0.553,16.3063,66.916
285.386,152.01,190.648,0.559,16.3062,66.9762
285.636,147.998,190.648,0.544,16.5816,67.0396
285.886,140.03,190.648,0.543,16.5818,67.1109
286.136,147.948,190.648,0.543,15.7828,67.1805
286.386,136.026,190.68,0.545,16.6064,67.25
286.636,143.99,190.68,0.552,16.8939,67.325
286.886,128.004,190.68,0.554,16.6237,67.3983
287.136,155.992,190.68,0.556,17.1935,67.4691
287.386,135.93,190.68,0.556,17.5026,67.5434
287.636,148.055,190.68,0.561,18.1455,67.6126
287.887,175.372,190.68,0.563,18.148,67.6854
288.136,152.6,190.68,0.562,17.8124,67.7577
288.386,151.897,190.68,0.56,17.8169,67.8262
288.636,144.069,190.68,0.559,17.814,67.8978
288.886,132.005,190.68,0.553,17.8186,67.9727
289.136,151.998,190.68,0.502,17.8205,68.0415
289.386,140.002,190.68,0.48,17.8179,68.1088
289.637,155.693,190.68,0.451,18.1475,68.1774
289.886,132.26,190.68,0.434,17.8225,68.2497
290.136,148.012,190.68,0.426,17.5028,68.319
290.386,135.822,190.68,0.421,17.5012,68.3873
290.636,144.188,190.68,0.418,17.4964,68.4569
290.886,191.983,190.68,0.401,17.5017,68.5318
291.136,151.997,190.68,0.386,17.193,68.6005
291.386,132.007,190.711,0.375,17.1939,68.6739
291.637,155.389,190.711,0.37,17.1958,68.7406
291.886,136.53,190.711,0.353,17.1933,68.8154
292.136,140.003,190.711,0.319,17.1933,68.89
292.386,144,190.711,0.31,17.1936,68.9599
292.636,144.015,190.711,0.301,17.193,69.0321
292.886,131.99,190.711,0.312,16.8967,69.1041
293.087,174.065,190.711,0.324,17.1924,69.1572
293.336,156.663,190.711,0.364,16.6101,69.2261
293.586,148.01,190.711,0.404,16.9003,69.2928
293.836,143.999,190.711,0.465,16.992,69.3697
294.086,132,190.711,0.476,16.8892,69.4406
294.336,151.994,190.711,0.467,17.1959,69.5077
294.586,140.005,191.18,0.462,17.2039,69.578
294.836,151.956,191.18,0.448,17.1936,69.6491
295.086,136.042,191.18,0.448,17.1913,69.7255
295.336,140.002,191.188,0.444,17.1962,69.7991
295.586,187.993,191.188,0.439,17.1268,69.8675
295.836,143.989,191.188,0.434,16.8956,69.9408
296.086,128.01,191.188,0.429,16.8967,70.0138
296.336,151.935,191.188,0.421,17.196,70.0821
296.586,136.053,191.188,0.416,17.1846,70.1556
296.836,140.003,191.188,0.412,17.1919,70.2256
297.086,147.998,191.188,0.411,17.1905,70.299
297.336,143.973,191.188,0.406,16.8944,70.3719
297.586,136.031,191.188,0.401,17.1915,70.4411
297.836,151.965,191.188,0.388,17.1906,70.5161
298.086,132.027,191.188,0.384,16.8925,70.5875
298.336,144,191.188,0.38,17.1893,70.6558
298.586,144,191.188,0.38,17.4975,70.7299
298.836,140.003,191.188,0.38,17.4984,70.7928
299.086,143.998,191.188,0.375,17.4975,70.8686
299.288,198.303,191.188,0.373,17.4989,70.9255
299.536,144.992,191.188,0.367,17.1923,70.9911
299.786,151.999,191.188,0.366,17.1917,71.0611
300.036,140.009,191.188,0.368,17.1933,71.1317
300.286,135.994,191.188,0.368,17.1934,71.2048
300.536,156.032,191.188,0.369,17.1933,71.2548
300.786,135.978,191.188,0.369,17.1933,71.2586
301.036,136.018,191.188,0.369,17.1942,71.2587
301.286,135.965,191.188,0.369,16.8984,71.2587
301.536,135.939,191.188,0.369,17.1921,71.2587
301.786,136.071,191.188,0.369,17.1933,71.2587
302.036,139.995,191.188,0.369,17.1942,71.2587
302.286,136.005,191.188,0.369,17.5004,71.2587
302.536,139.999,191.188,0.369,17.5061,71.2587
302.786,139.999,191.188,0.369,17.499,71.2587
303.036,136.025,191.188,0.369,17.4973,71.2587
303.286,139.974,191.188,0.369,17.499,71.2588
303.536,140.027,191.188,0.369,17.5016,71.2588
303.786,139.979,191.188,0.369,16.8908,71.2588
304.036,135.992,191.188,0.369,17.196,71.2588
304.286,139.993,191.188,0.369,17.1911,71.2588
304.536,136.015,190.711,0.369,17.1953,71.2588
304.786,135.997,190.988,0.369,17.1923,71.2588
305.036,140.018,190.988,0.369,17.193,71.2588
305.286,131.983,190.988,0.369,16.8972,71.2678
305.536,140.021,190.988,0.369,17.1921,71.3231
305.786,143.98,190.988,0.369,17.1924,71.4001
306.036,147.994,190.988,0.369,17.193,71.4691
306.286,135.992,190.988,0.367,17.1938,71.544
306.536,184.032,190.988,0.368,17.1535,71.613
306.786,151.991,190.988,0.37,17.5003,71.6707
307.036,160.029,190.988,0.382,17.5037,71.7291
307.287,143.715,190.988,0.389,17.82,71.7911
307.536,148.251,190.988,0.398,17.5004,71.844
307.786,148.013,190.988,0.407,17.5014,71.8984
308.036,155.99,190.988,0.412,17.5006,71.9506
308.289,189.954,190.988,0.415,17.5008,72.0065
308.536,149.617,190.988,0.421,16.8976,72.061
308.786,151.998,190.988,0.405,17.1885,72.1128
309.036,159.994,190.988,0.396,17.1923,72.1698
309.286,136.003,190.988,0.378,16.8975,72.2432
309.536,135.988,190.988,0.359,17.194,72.3065
309.786,140.019,190.988,0.364,17.2002,72.3741
310.036,188.027,190.988,0.363,17.159,72.4385
310.286,131.975,190.988,0.364,16.8976,72.5137
310.536,144.006,190.988,0.345,16.6119,72.5867
310.786,179.996,190.988,0.362,16.8442,72.653
311.036,140.031,190.988,0.366,16.6187,72.7244
311.286,131.969,190.988,0.367,16.6105,72.794
311.536,144.025,190.988,0.369,16.6115,72.8699
311.786,135.821,190.988,0.369,16.3344,72.9432
312.036,148.196,190.988,0.369,16.6121,73.0194
312.286,131.978,190.988,0.369,16.6099,73.0893
312.536,136.027,190.988,0.364,16.6102,73.162
312.786,147.967,190.988,0.362,16.6093,73.2324
313.036,139.996,190.988,0.361,16.6104,73.3063
313.286,135.993,190.988,0.361,16.8959,73.3826
313.536,144.014,190.988,0.361,16.8953,73.4539
313.786,155.808,190.988,0.361,16.8962,73.5266
314.036,164.191,190.988,0.361,16.8944,73.5963
314.286,148.006,190.988,0.361,16.8955,73.6725
314.536,136,190.988,0.362,16.8973,73.7436
314.786,136.001,190.988,0.362,16.8966,73.8143
315.036,148.018,190.988,0.362,16.8988,73.8894
315.286,139.979,190.988,0.361,16.6102,73.9611
315.536,152.004,190.988,0.363,16.8957,74.031
315.786,135.885,190.988,0.366,16.3336,74.1044
316.036,140.12,190.988,0.368,16.6096,74.1748
316.286,143.994,190.988,0.374,16.0653,74.248
316.536,135.936,190.988,0.379,16.0619,74.3196
316.786,140.071,190.988,0.38,16.3338,74.39
317.036,148.005,190.988,0.381,16.6106,74.4652
317.286,135.997,190.988,0.382,16.6103,74.5335
317.536,135.997,190.988,0.383,16.896,74.6109
317.786,148.006,190.988,0.383,16.8961,74.6845
318.036,135.992,190.988,0.383,16.8969,74.7554
318.286,136.002,190.988,0.383,16.8957,74.8317
318.536,148.029,190.988,0.386,16.8991,74.901
318.786,135.797,190.988,0.391,17.1924,74.9711
319.036,144.189,190.988,0.399,17.1921,75.0479
319.286,131.991,190.988,0.404,17.1935,75.1155
319.536,136.006,190.988,0.415,17.1903,75.1881
319.786,148,190.988,0.419,17.1919,75.2596
320.036,135.994,190.988,0.418,17.1925,75.3308
320.286,131.987,190.988,0.416,17.1915,75.4059
320.536,140.045,190.988,0.413,16.8969,75.4768
320.786,139.981,190.988,0.408,16.8947,75.5469
321.036,135.995,190.988,0.403,16.3332,75.6178
321.286,147.797,190.988,0.398,16.6108,75.6813
321.536,144.217,190.988,0.385,16.6136,75.7524
321.786,131.962,190.988,0.371,16.0661,75.8217
322.036,136.058,190.988,0.348,16.6114,75.8919
322.287,143.52,190.988,0.322,16.611,75.9689
322.536,180.556,190.988,0.311,16.6115,76.0394
322.786,135.922,190.988,0.291,16.3349,76.1005
323.036,144.108,190.988,0.304,16.067,76.1752
323.286,135.946,190.988,0.308,16.3353,76.2352
323.536,140.055,190.988,0.312,16.067,76.2995
323.786,143.959,190.988,0.319,16.0693,76.3606
324.036,144.023,190.988,0.325,16.613,76.421
324.286,143.993,191.215,0.344,16.3356,76.486
324.536,200.015,191.215,0.353,16.2969,76.5425
324.786,143.982,191.215,0.376,16.6122,76.5979
325.036,144.023,191.215,0.388,16.619,76.6625
325.287,147.264,191.215,0.415,16.6125,76.7257
325.536,132.648,191.215,0.433,16.8989,76.7973
325.786,136.002,191.215,0.452,16.6124,76.8674
326.036,187.991,191.215,0.464,16.8999,76.935
326.286,140.004,191.215,0.487,16.8964,77.0071
326.536,128.009,191.215,0.493,16.6133,77.0775
326.786,139.991,191.215,0.532,16.892,77.1493
327.036,135.999,191.215,0.551,16.8988,77.2259
327.286,140.002,191.695,0.564,16.6089,77.3
327.536,140.001,191.695,0.56,17.1951,77.3671
327.786,135.988,191.695,0.558,17.1953,77.4301
328.036,140.044,191.695,0.57,17.1954,77.4811
328.286,131.899,191.699,0.587,17.1953,77.5274
328.536,124.054,191.699,0.595,17.1958,77.5654
328.786,140.012,191.699,0.605,17.1947,77.5865
329.036,136.003,191.699,0.61,17.5016,77.5883
329.286,135.997,191.699,0.61,17.1948,77.589
329.536,144.002,191.699,0.61,17.5089,77.5899
329.786,143.999,191.699,0.611,17.5013,77.5908
330.036,151.998,191.699,0.613,17.823,77.5917
330.336,180.001,191.699,0.622,17.493,77.5932
330.586,147.979,191.699,0.628,17.1947,77.5947
330.836,160.019,191.699,0.628,17.1943,77.5964
331.088,146.716,191.699,0.63,17.1935,77.5981
331.336,189.607,191.699,0.632,16.8761,77.5993
331.586,148.041,191.699,0.632,16.8966,77.6012
331.836,156.007,191.699,0.63,16.3342,77.6034
332.086,139.997,191.699,0.633,16.6113,77.6056
332.336,159.974,191.699,0.627,16.6138,77.6155
332.586,144.018,191.699,0.578,16.0667,77.664
332.836,152.004,191.699,0.55,16.3341,77.7167
333.086,151.98,191.699,0.518,16.0663,77.777
333.336,151.994,191.699,0.512,16.0656,77.842
333.586,140.031,191.699,0.515,16.3328,77.9089
333.836,151.991,191.699,0.526,16.065,77.9837
334.086,128.007,191.699,0.554,16.3335,78.0524
334.336,147.997,191.699,0.564,16.6104,78.1243
334.586,132.001,191.699,0.528,16.0641,78.1959
334.836,147.995,191.699,0.512,16.6108,78.2655
335.086,136.004,191.699,0.489,16.6104,78.3417
335.336,139.999,191.699,0.471,16.333,78.4144
335.586,139.998,191.699,0.433,16.8972,78.4789
335.836,152.028,191.699,0.411,16.3349,78.5444
336.086,135.978,191.699,0.37,16.6113,78.6044
336.336,148.008,191.699,0.343,16.8977,78.6725
336.586,143.974,191.699,0.304,16.6111,78.7421
336.836,140.013,191.699,0.282,16.6105,78.8084
337.086,167.859,191.699,0.273,16.6104,78.8799
337.336,152.129,191.699,0.273,16.3126,78.9421
337.589,166.044,191.699,0.279,16.3357,79.0071
337.836,165.959,191.699,0.28,15.8067,79.0743
338.086,139.996,191.699,0.287,16.0655,79.1302
338.336,152.003,191.699,0.294,15.806,79.1908
338.586,143.998,191.699,0.307,15.8067,79.2549
338.836,148.001,191.699,0.312,16.0654,79.3218
339.086,132.004,191.699,0.322,16.0655,79.3969
339.336,144.023,191.699,0.327,16.0651,79.4709
339.586,147.973,191.699,0.331,16.6119,79.5417
339.836,184.039,191.699,0.333,16.0652,79.6188
340.086,135.974,191.699,0.339,16.3335,79.6901
340.336,147.998,191.699,0.344,16.8956,79.7674
340.586,135.999,191.699,0.347,16.612,79.8413
340.837,175.586,191.699,0.353,17.1932,79.9115
341.086,280.584,191.699,0.364,17.1897,79.9855
341.336,280.021,191.699,0.377,16.81,80.0566
341.586,168.039,191.699,0.417,16.8957,80.13
341.788,173.38,191.699,0.452,16.3312,80.1916
342.036,161.222,191.699,0.45,16.332,80.2672
342.286,135.962,191.699,0.448,16.6094,80.339
342.537,143.782,191.699,0.446,16.3286,80.4094
342.786,144.243,191.699,0.439,16.6071,80.4785
343.036,132.016,191.699,0.435,16.333,80.5556
343.287,139.566,191.699,0.436,16.6102,80.6255
343.536,136.397,191.699,0.451,16.6114,80.7024
343.786,139.993,191.699,0.486,16.3258,80.7764
344.036,132.038,191.699,0.512,16.6127,80.8471
344.286,147.977,191.699,0.519,16.9019,80.9242
344.536,128.005,191.699,0.488,16.904,80.9952
344.786,143.993,191.699,0.438,17.5181,81.0682
345.036,144.004,191.699,0.421,16.8965,81.1439
345.286,155.861,191.699,0.4,16.6078,81.215
345.536,160.172,191.699,0.398,16.8966,81.2902
345.786,147.966,191.699,0.401,16.6071,81.3614
346.036,132.009,191.699,0.405,16.8964,81.4319
346.286,139.962,191.699,0.401,16.8977,81.5084
346.536,144.059,191.699,0.399,16.61,81.5801
346.786,135.955,191.699,0.398,16.897,81.6512
347.036,132.042,191.699,0.395,16.6181,81.7273
347.286,147.969,191.699,0.389,16.8976,81.7979
347.536,136.001,191.699,0.386,16.8975,81.8744
347.786,139.993,191.699,0.384,17.1975,81.9479
348.036,188.009,191.699,0.382,17.1735,82.0125
348.286,132.003,191.699,0.379,17.2204,82.0832
348.536,140.01,191.699,0.381,17.1958,82.1533
348.786,139.995,191.699,0.386,17.1952,82.2211
349.036,132.022,191.699,0.391,17.1955,82.2963
349.286,151.927,191.699,0.394,17.1969,82.3642
349.536,128.055,191.699,0.396,16.8994,82.4382
349.786,151.924,191.699,0.404,16.616,82.5126
350.036,128.04,191.699,0.413,16.8985,82.5827
350.286,140.004,191.699,0.421,16.8992,82.6535
350.536,135.999,191.699,0.427,16.8989,82.726
350.738,178.487,191.699,0.43,16.9041,82.781
350.988,155.86,191.699,0.436,16.3556,82.8507
351.236,189.468,191.699,0.445,16.6127,82.9196
351.486,127.992,191.699,0.464,16.3358,82.9931
351.736,148.005,191.699,0.469,16.3357,83.0643
351.986,131.995,191.699,0.474,16.3357,83.1352
352.236,136.004,191.699,0.486,16.0679,83.2053
352.486,135.997,191.699,0.501,16.6126,83.2584
352.736,131.984,191.699,0.51,16.614,83.3082
352.986,128.013,191.699,0.528,16.3356,83.3496
353.236,152.004,191.699,0.536,16.3356,83.3787
353.486,128.001,191.699,0.545,16.0676,83.3807
353.688,158.835,191.699,0.545,16.3335,83.3811
353.936,173.026,191.699,0.542,16.0875,83.3817
354.187,159.655,191.699,0.551,16.3305,83.3824
354.436,156.324,191.699,0.551,16.8981,83.3831
354.686,148.003,191.699,0.552,16.8978,83.3838
354.936,135.955,191.699,0.553,16.6112,83.3842
355.187,135.672,191.699,0.555,16.8971,83.3846
355.436,184.433,191.699,0.557,16.6053,83.3851
355.686,132.047,191.699,0.553,16.8976,83.3857
355.936,140.003,191.699,0.553,17.1928,83.3862
356.186,139.999,191.699,0.555,17.1931,83.3868
356.436,127.997,191.699,0.56,17.1936,83.3872
356.686,144.007,191.699,0.558,17.5003,83.3877
356.936,131.996,191.699,0.562,17.8185,83.3881
357.186,144.004,191.699,0.565,17.522,83.3886
357.436,148,191.699,0.564,17.1936,83.389
357.686,135.99,191.699,0.562,17.1935,83.3893
357.936,192.001,191.699,0.564,16.8815,83.3897
358.186,144.011,191.699,0.567,16.6104,83.3901
358.436,127.999,191.699,0.566,16.8966,83.3906
358.686,140.001,191.699,0.567,16.8963,83.391
358.936,128.003,191.699,0.568,16.8969,83.3914
359.186,143.996,191.699,0.569,16.8964,83.3919
359.436,140.002,191.699,0.571,16.8965,83.3921
359.686,135.979,191.699,0.569,16.8962,83.3925
359.936,140.044,191.699,0.572,16.8993,83.393
360.186,135.976,191.699,0.57,16.8956,83.3937
360.436,139.999,191.699,0.574,17.1931,83.394
360.686,147.999,191.699,0.575,16.8965,83.395
360.936,135.996,191.699,0.571,17.1929,83.3959
361.186,160.003,191.699,0.571,17.1928,83.3971
361.436,136.027,191.699,0.564,17.5001,83.3984
361.686,147.98,191.699,0.562,17.5,83.3997
361.936,132.002,191.699,0.558,17.4998,83.4009
362.186,167.988,191.699,0.553,17.4971,83.4021
362.391,170.685,191.699,0.547,17.4992,83.4028
362.636,183.708,191.699,0.544,16.9877,83.4043
362.886,136,191.699,0.542,16.9877,83.406
363.136,156.006,191.699,0.536,16.9845,83.4074
363.386,151.97,191.699,0.536,16.9876,83.4089
363.636,140.025,191.699,0.532,16.9879,83.4098
363.886,144.012,191.699,0.53,17.2556,83.4108
364.136,151.993,191.699,0.531,16.9541,83.4132
364.386,143.998,191.699,0.533,16.6669,83.4141
364.636,147.994,191.699,0.532,16.6558,83.4151
364.886,136.004,191.699,0.53,16.948,83.4156
365.136,151.998,191.699,0.537,16.669,83.4161
365.386,140.005,191.699,0.536,16.3909,83.4166
365.636,140.005,191.699,0.53,17.4651,83.4169
365.886,147.993,191.699,0.535,17.1501,83.4173
366.136,172.018,191.699,0.539,16.5824,83.4176
366.386,159.978,191.699,0.53,16.8571,83.418
366.636,151.978,191.699,0.531,16.8672,83.4183
366.886,144.02,191.699,0.535,17.1851,83.4187
367.136,195.999,191.699,0.532,17.1858,83.419
367.386,140.007,191.699,0.531,16.3339,83.4194
367.636,139.998,191.699,0.531,16.6424,83.4198
367.886,148.001,191.699,0.532,16.3287,83.4203
368.136,139.99,191.699,0.54,16.8858,83.4209
368.386,144.008,191.699,0.539,16.6178,83.4213
368.636,156.008,191.699,0.542,16.8765,83.4216
368.886,143.999,191.699,0.543,16.6191,83.4225
369.136,155.989,191.699,0.544,17.1903,83.4233
369.386,152.007,191.699,0.552,16.9035,83.4242
369.636,151.999,191.699,0.552,17.1837,83.4253
369.886,139.997,191.699,0.559,16.6051,83.4261
370.136,148.025,191.699,0.561,16.4028,83.427
370.386,159.979,191.699,0.567,16.621,83.4278
370.636,151.993,191.699,0.567,16.6267,83.429
370.886,144.006,191.699,0.573,16.89,83.4299
371.136,163.992,191.699,0.569,16.9155,83.4312
371.386,151.999,191.699,0.559,16.6113,83.459
371.636,152.01,191.699,0.507,16.6283,83.5139
371.886,144,191.699,0.451,15.8145,83.5753
372.137,163.717,191.699,0.399,16.0595,83.6392
372.386,132.223,191.699,0.367,16.0994,83.7123
372.636,139.984,191.699,0.349,16.0673,83.7854
372.886,147.99,191.699,0.326,16.6055,83.8543
373.136,148.045,191.699,0.321,16.332,83.927
373.386,131.987,191.699,0.328,16.8958,84.0004
373.64,192.967,191.699,0.329,16.6009,84.0709
373.886,142.236,191.699,0.331,16.0609,84.1463
374.136,143.992,191.699,0.326,16.6004,84.2153
374.386,140.007,191.699,0.328,16.6048,84.2853
374.636,135.842,191.699,0.339,16.6026,84.3541
374.886,144.168,191.699,0.347,16.8819,84.4215
375.136,155.994,191.699,0.354,17.4928,84.488
375.386,144.001,191.699,0.36,17.4902,84.5614
375.636,143.96,191.699,0.369,17.1793,84.6285
375.886,132.029,191.699,0.375,16.8981,84.7007
376.136,156.014,191.699,0.381,16.8581,84.7673
376.386,135.998,191.699,0.388,16.8834,84.835
376.636,159.942,191.699,0.4,17.5032,84.9029
376.886,132.049,191.699,0.413,17.5169,84.9693
377.136,152,191.699,0.42,17.5042,85.0426
377.386,139.999,191.699,0.424,17.5311,85.1072
377.636,143.99,191.699,0.435,17.4878,85.1809
377.886,140.009,191.699,0.447,17.2134,85.2537
378.136,151.812,191.699,0.462,17.504,85.3213
378.386,144.184,191.699,0.446,18.1472,85.3883
378.636,143.997,191.699,0.412,18.5168,85.4605
378.886,135.921,191.699,0.384,18.8486,85.5267
379.136,152.087,191.699,0.335,18.1464,85.5981
379.386,124,191.699,0.317,18.1615,85.6695
379.636,155.989,191.699,0.285,18.4771,85.7346
379.886,132.008,191.699,0.278,18.1371,85.8021
380.136,148.001,191.699,0.263,18.4744,85.8646
380.386,151.999,191.699,0.264,18.1004,85.9308
380.636,152.003,191.699,0.273,18.493,85.9976
380.886,183.996,191.699,0.281,18.1533,86.0559
381.136,156.003,191.699,0.294,17.8146,86.1148
381.386,139.995,191.699,0.301,17.196,86.1675
381.636,159.978,191.699,0.319,16.9034,86.2262
381.886,144.019,191.699,0.327,16.8908,86.2981
382.136,184.004,191.699,0.334,17.1926,86.3652
382.386,187.999,191.699,0.34,16.2906,86.4426
382.636,139.997,191.699,0.358,15.8219,86.5092
382.886,140.004,191.699,0.363,16.0939,86.573
383.136,140.003,191.699,0.367,16.3245,86.6477
383.386,131.994,191.699,0.369,16.6503,86.7227
383.636,152.009,191.699,0.37,16.3536,86.7903
383.886,135.989,191.699,0.37,16.8921,86.8565
384.136,148.007,191.699,0.377,16.9052,86.9242
384.386,135.977,191.707,0.392,17.5161,86.9989
384.636,148.025,191.707,0.418,17.1973,87.0736
384.886,131.998,191.707,0.454,17.5698,87.1446
385.136,140.006,191.707,0.513,18.5046,87.221
385.386,143.995,191.707,0.552,18.8473,87.2886
385.636,139.997,191.707,0.581,18.4789,87.3602
385.886,132.003,191.707,0.583,17.8371,87.4367
386.136,147.995,191.707,0.586,17.5046,87.5057
386.386,132.001,191.707,0.589,17.817,87.5761
386.587,139.151,191.707,0.589,17.5269,87.6319
386.836,180.891,191.707,0.586,16.906,87.7066
387.086,127.994,191.707,0.582,16.9152,87.7838
387.336,148.004,191.707,0.575,16.6116,87.8535
387.586,136,191.73,0.569,16.8879,87.9282
387.836,144.004,191.73,0.563,16.6067,87.9987
388.086,131.995,191.73,0.558,16.3359,88.0684
388.336,148.002,191.73,0.558,16.6205,88.1437
388.586,128.003,191.223,0.558,16.6204,88.211
388.836,143.997,191.234,0.555,16.9026,88.2835
389.086,131.99,191.234,0.553,17.1926,88.3542
389.336,147.999,191.234,0.5,16.9078,88.4206
389.586,132.01,191.234,0.459,16.9099,88.4815
389.836,140.004,191.234,0.398,17.5039,88.5317
390.086,127.995,191.234,0.37,17.2006,88.5724
390.336,152.003,191.234,0.347,17.1952,88.5916
390.586,135.985,191.234,0.347,17.2008,88.593
390.836,152.02,191.234,0.347,17.5009,88.5942
391.086,131.996,191.234,0.346,17.8212,88.5953
391.336,152.005,191.234,0.345,17.8259,88.5965
391.586,139.998,191.234,0.346,17.8166,88.5976
391.836,152.002,191.234,0.333,17.5019,88.5999
392.086,135.986,191.234,0.333,17.8051,88.6017
392.336,148.014,191.234,0.333,17.8221,88.6035
392.586,147.997,191.234,0.331,18.1386,88.6047
392.836,148.004,191.234,0.319,17.8157,88.6064
393.086,139.998,191.234,0.317,18.4919,88.6072
393.336,164.001,191.234,0.314,17.8189,88.6081
393.586,143.985,191.234,0.314,17.4956,88.6092
393.836,156.018,191.234,0.306,16.8995,88.6105
394.086,152.076,191.234,0.304,17.515,88.6118
394.336,151.918,191.234,0.305,16.8207,88.6161
394.586,140.004,191.234,0.318,16.5374,88.6574
394.836,143.99,191.234,0.411,16.8206,88.7229
395.086,132.01,191.242,0.475,16.8297,88.7961
395.336,152.003,191.242,0.56,17.4295,88.8659
395.586,135.992,191.242,0.563,17.4181,88.9405
395.836,147.954,191.242,0.563,17.731,89.0171
396.086,136.044,191.242,0.562,17.7341,89.0874
396.336,148.002,191.242,0.559,17.7369,89.1635
396.537,149.218,191.242,0.557,18.4067,89.2177
396.786,184.772,191.242,0.557,17.4328,89.2856
397.036,140.005,191.242,0.561,17.8179,89.3616
397.286,139.99,191.242,0.562,18.149,89.4294
397.536,148.01,191.242,0.562,18.1482,89.5066
397.786,131.996,191.242,0.565,17.8188,89.5817
398.036,148.022,191.242,0.572,17.8166,89.6522
398.286,143.981,191.242,0.574,17.4952,89.7274
398.536,135.994,191.242,0.576,17.4996,89.7981
398.786,148.003,191.242,0.575,17.4977,89.8719
399.036,140.004,191.242,0.578,17.5023,89.9472
399.286,143.993,191.242,0.542,17.4893,90.0161
399.536,144.033,191.242,0.498,17.8156,90.0913
399.786,143.973,191.242,0.476,17.8173,90.1605
400.036,136.023,191.242,0.45,17.5011,90.2334
400.286,147.971,191.242,0.448,17.1925,90.3068
400.536,132.005,191.242,0.435,17.1914,90.376
400.786,140,191.242,0.435,17.1921,90.4472
401.036,151.997,191.242,0.433,17.1913,90.5222
401.286,140,191.242,0.43,17.4992,90.5886
401.536,147.983,191.242,0.427,17.4992,90.6621
401.786,136.014,191.242,0.412,17.4993,90.7317
402.036,136.002,191.242,0.378,17.1932,90.8033
402.286,147.998,191.242,0.352,17.1939,90.8804
402.536,140.005,191.242,0.325,17.1936,90.9485
402.786,135.997,191.242,0.308,17.1934,91.0223
403.036,144.002,191.242,0.314,16.8974,91.0914
403.286,151.982,191.242,0.319,17.1944,91.1511
403.536,144.014,191.242,0.349,17.1908,91.2127
403.786,148.005,191.242,0.347,17.193,91.2807
404.04,149.404,191.242,0.352,17.5011,91.3481
404.286,170.971,191.242,0.356,17.1949,91.4077
404.537,159.715,191.242,0.36,17.1935,91.4603
404.786,152.267,191.242,0.364,17.4999,91.5153
405.036,147.996,191.242,0.37,17.8181,91.5718
405.286,148.003,191.242,0.364,17.8177,91.6254
405.536,155.947,191.242,0.365,18.1464,91.6856
405.786,140.05,191.242,0.361,18.4865,91.7559
406.036,139.996,191.242,0.353,18.4904,91.8201
406.286,147.981,191.242,0.356,18.8407,91.8852
406.536,148.048,191.242,0.361,18.8365,91.9479
406.786,139.965,191.242,0.364,18.9018,92.0195
407.036,128.011,191.242,0.366,19.2115,92.0888
407.286,159.996,191.242,0.346,18.842,92.1628
407.536,271.784,191.242,0.326,18.84,92.2295
407.786,280.267,191.242,0.329,18.0722,92.2923
408.036,259.945,191.242,0.32,17.0885,92.3604
408.286,152.007,191.242,0.308,16.5848,92.4277
408.536,196.008,191.242,0.298,16.2333,92.4954
408.786,132.001,191.242,0.284,16.0434,92.567
409.036,139.992,191.242,0.269,16.0429,92.626
409.286,148.002,191.242,0.267,16.0444,92.6843
409.536,148.011,191.242,0.267,15.5293,92.7534
409.786,135.989,191.242,0.271,15.7858,92.8224
410.036,180.005,191.242,0.282,15.5224,92.8973
410.286,156.044,191.242,0.289,15.5373,92.9673
410.536,167.956,191.242,0.306,15.2961,93.0281
410.739,192.699,191.242,0.32,15.2951,93.076
410.986,149.42,191.242,0.308,15.5378,93.1362
411.236,148.027,191.242,0.282,16.0607,93.2057
411.486,139.976,191.242,0.269,16.4099,93.2824
411.736,148.004,191.242,0.271,16.6148,93.3519
411.986,132.001,191.242,0.275,16.0659,93.4126
412.237,167.1,191.242,0.293,15.8074,93.4721
412.486,176.94,191.242,0.311,15.8093,93.5286
412.736,152.011,191.242,0.312,15.82,93.5873
412.986,135.996,191.242,0.31,16.0647,93.6437
413.236,155.997,191.242,0.311,15.8127,93.6996
413.486,144.003,191.242,0.311,15.8401,93.7583
413.736,152.005,191.242,0.308,16.3337,93.8159
413.986,143.988,191.242,0.311,16.3346,93.8882
414.236,144.004,191.242,0.309,16.6195,93.9579
414.486,143.998,191.242,0.329,16.6111,94.0196
414.736,156.003,191.258,0.353,16.3307,94.0849
414.986,131.99,191.258,0.383,16.8972,94.1544
415.236,140.008,191.258,0.435,17.2742,94.2262
415.486,140.005,191.258,0.466,17.8157,94.2989
415.736,140.004,191.258,0.517,17.502,94.3637
415.986,127.999,191.258,0.566,17.5001,94.4336
416.236,155.993,191.258,0.621,18.1563,94.4985
416.486,132.001,191.258,0.671,17.8169,94.5742
416.736,148.005,191.258,0.739,17.491,94.6454
416.986,143.962,191.258,0.783,17.5039,94.7157
417.236,140.038,191.258,0.717,17.4995,94.7885
417.486,139.999,191.258,0.654,17.8204,94.8646
417.736,148.002,191.754,0.576,17.4938,94.9339
417.986,131.999,191.754,0.529,17.1934,95.0063
418.236,151.991,191.754,0.45,17.1935,95.0831
418.486,132.008,191.754,0.4,17.1944,95.1541
418.688,158.896,191.242,0.352,16.8968,95.2165
418.936,168.941,191.258,0.292,16.8951,95.2869
419.186,135.99,191.258,0.254,16.6134,95.3532
419.436,148.006,191.258,0.214,16.8981,95.4224
419.686,140.004,191.258,0.201,17.2026,95.4933
419.936,151.999,191.258,0.202,17.4994,95.5665
420.186,179.997,191.258,0.215,17.4533,95.6343
420.436,135.996,191.258,0.244,17.5004,95.7054
420.686,152.005,191.258,0.263,16.8973,95.7775
420.936,136.001,191.258,0.272,17.1956,95.8468
421.186,139.984,191.258,0.288,16.8971,95.9155
421.436,132.005,191.258,0.323,16.9059,95.9923
421.686,151.948,191.258,0.357,17.5004,96.0617
421.936,132.053,191.258,0.399,17.1932,96.1285
422.187,147.644,191.258,0.433,17.4924,96.1931
422.436,144.35,191.258,0.469,17.5003,96.2578
422.686,179.999,191.258,0.505,17.1953,96.3331
422.936,136.001,191.258,0.54,17.1955,96.3974
423.186,143.843,191.258,0.574,17.5023,96.4656
423.436,136.146,191.258,0.62,18.151,96.5336
423.686,143.968,191.258,0.657,18.151,96.6095
423.936,136.031,191.258,0.717,18.1526,96.6849
424.186,136.043,191.258,0.758,18.1484,96.75
424.436,143.958,191.258,0.81,17.8215,96.8183
424.686,131.881,191.258,0.841,18.1495,96.8913
424.936,148.132,191.258,0.901,18.4924,96.961
425.186,136.055,191.258,0.94,18.1514,97.0307
425.436,139.941,191.258,0.993,18.5,97.1011
425.686,136.014,191.258,1.048,18.151,97.1777
425.936,131.99,191.258,1.088,17.8176,97.2529
426.186,151.987,191.258,1.141,17.821,97.3182
426.436,136.007,191.258,1.166,17.821,97.3827
426.686,135.939,191.258,1.208,18.1513,97.439
426.936,144.067,191.258,1.23,18.4897,97.4841
427.236,133.334,191.277,1.268,19.2154,97.5311
427.486,135.99,191.277,1.275,18.5399,97.5384
427.736,148.007,191.277,1.277,18.888,97.5391
427.986,147.998,191.277,1.28,18.8872,97.5398
428.236,156,191.336,1.28,18.8879,97.5405
428.486,155.997,191.336,1.28,19.262,97.5412
428.736,156.002,191.336,1.28,18.8864,97.5425
428.986,151.972,191.336,1.274,19.2569,97.5439
429.236,164.03,191.336,1.271,18.8827,97.5454
429.437,258.652,191.395,1.276,18.8845,97.5469
429.686,281.169,191.395,1.278,18.5278,97.5482
429.936,263.902,191.395,1.279,17.5028,97.5496
430.186,168.067,191.395,1.279,17.5007,97.5509
430.387,214.002,191.457,1.282,17.1925,97.5518
430.641,189.343,191.457,1.287,16.896,97.5665
430.886,174.981,191.457,1.295,16.6075,97.6207
431.136,160.158,191.457,1.299,16.6096,97.6784
431.386,151.975,191.52,1.282,16.6091,97.7339
431.636,156.003,191.52,1.266,16.3356,97.7965
431.886,132.01,191.52,1.225,16.6103,97.8664
432.136,151.999,191.52,1.204,16.3335,97.9248
432.386,151.962,191.52,1.173,16.0654,97.991
432.636,187.874,191.52,1.161,16.0653,98.0603
432.886,172.041,191.52,1.146,15.5665,98.1282
433.136,164.056,191.52,1.125,15.8067,98.186
433.386,147.961,191.523,1.087,16.0658,98.2485
433.636,139.926,191.523,1.048,16.0659,98.3201
433.886,136.111,191.523,0.996,16.0677,98.3884
434.136,164.007,191.523,0.974,16.0653,98.4443
434.386,143.992,191.523,0.938,16.0653,98.5094
434.636,148.003,191.543,0.922,16.3298,98.5778
434.886,135.998,191.543,0.902,16.0663,98.6458
435.136,160.003,191.543,0.885,16.6076,98.7147
435.386,191.985,191.543,0.838,16.2991,98.7803
435.636,147.998,191.551,0.809,17.5031,98.8519
435.886,140.012,191.551,0.76,17.8175,98.9239
436.087,149.571,191.551,0.731,17.819,98.9728
436.336,148.341,191.551,0.708,17.8173,99.0456
436.586,143.995,191.551,0.678,18.1469,99.1144
436.836,151.995,191.551,0.665,18.1493,99.1862
437.086,136.006,191.551,0.625,18.4843,99.2574
437.336,152.008,191.551,0.623,18.8458,99.3281
437.586,140,191.551,0.606,18.4895,99.3973
437.836,159.996,191.551,0.594,18.847,99.4714
438.087,151.579,191.551,0.567,19.2145,99.5386
438.336,164.464,191.551,0.547,18.8442,99.6157
438.586,155.975,191.551,0.53,18.4896,99.6825
438.836,144.013,191.551,0.527,18.148,99.7509
439.086,139.955,191.551,0.526,18.4889,99.8214
439.336,152.048,191.551,0.543,18.1438,99.8878
439.586,144.004,191.559,0.579,17.4938,99.9612
439.837,163.297,191.559,0.601,17.4892,100.031
440.086,168.732,191.559,0.658,16.891,100.107
440.336,144.002,191.559,0.701,16.6048,100.183
440.586,152.001,191.559,0.756,16.8909,100.25
440.836,139.991,191.559,0.711,16.8923,100.318
441.086,151.982,191.559,0.657,16.8902,100.389
441.338,147.127,191.559,0.621,17.1885,100.457
441.586,189.159,191.559,0.563,17.1885,100.531
441.836,152.013,191.559,0.527,17.1883,100.597
442.086,143.996,191.559,0.487,17.1941,100.673
442.336,144.004,191.559,0.447,17.1948,100.749
442.586,143.982,191.559,0.387,17.822,100.816
442.836,152.018,191.559,0.359,17.8204,100.887
443.086,139.994,191.559,0.317,18.1511,100.96
443.336,152.007,191.559,0.285,17.8193,101.031
443.586,135.952,191.559,0.269,17.5024,101.104
443.836,148.051,191.559,0.263,17.4998,101.159
444.086,195.999,191.559,0.265,17.466,101.218
444.336,156.001,191.559,0.27,16.902,101.278
444.586,147.99,191.559,0.28,16.8985,101.334
444.836,156.009,191.605,0.288,16.609,101.393
445.086,151.99,191.605,0.297,16.6113,101.463
445.336,152.009,191.605,0.306,16.8983,101.524
445.586,147.998,191.605,0.318,16.6131,101.582
445.836,156.002,191.605,0.327,16.9001,101.639
446.086,155.912,191.605,0.344,16.8978,101.7
446.336,152.093,191.605,0.35,16.6137,101.76
446.586,147.991,191.605,0.34,16.8973,101.819
446.836,156.004,191.605,0.328,16.6115,101.879
447.086,147.982,191.605,0.327,17.1932,101.943
447.336,156.023,191.605,0.328,17.5008,101.997
447.588,202.624,191.605,0.328,17.4257,102.056
447.836,209.417,192.078,0.32,17.1136,102.116
448.086,183.938,192.078,0.325,16.8587,102.185
448.336,144.048,192.078,0.33,16.6113,102.256
448.586,131.997,192.078,0.343,16.895,102.327
448.836,156.007,192.078,0.358,16.8969,102.401
449.086,135.993,192.078,0.373,16.898,102.472
449.336,144.007,192.078,0.384,16.8967,102.535
449.586,135.992,192.078,0.393,16.6091,102.607
449.836,148.006,192.078,0.396,16.9086,102.674
450.086,147.971,192.078,0.404,16.9026,102.746
450.336,144.023,192.078,0.412,16.8921,102.823
450.586,132,192.078,0.404,16.8888,102.894
450.836,148.006,192.078,0.401,17.1977,102.968
451.086,139.864,192.078,0.394,17.5002,103.043
451.336,148.144,192.078,0.389,17.4988,103.113
451.587,143.604,192.078,0.385,17.4973,103.185
451.836,192.53,192.078,0.379,17.1589,103.256
452.086,136,192.078,0.374,17.19,103.331
452.336,144.001,192.078,0.371,16.8961,103.407
452.538,153.882,192.078,0.367,17.1955,103.464
452.786,168.963,192.078,0.362,17.1976,103.538
453.036,148.015,192.078,0.357,17.1846,103.614
453.286,143.982,192.078,0.351,17.1923,103.684
453.536,136.018,192.078,0.349,16.8962,103.76
453.786,155.999,192.078,0.347,17.1879,103.828
454.036,132,192.078,0.349,17.193,103.902
454.286,151.979,192.078,0.355,17.1914,103.973
454.536,140.011,192.078,0.357,17.1995,104.05
454.737,179.539,192.078,0.359,17.1969,104.112
454.986,152.256,192.098,0.361,17.191,104.181
455.236,136.058,192.098,0.365,17.193,104.256
455.486,135.998,192.098,0.367,16.8921,104.331
455.736,156.005,192.098,0.368,17.1946,104.398
455.986,131.996,192.098,0.369,16.6187,104.464
456.236,156.002,192.098,0.369,16.8962,104.531
456.486,135.997,192.098,0.362,16.8952,104.606
456.737,155.521,192.102,0.354,16.3311,104.677
456.986,180.561,192.102,0.349,16.3312,104.746
457.236,139.999,192.102,0.348,16.069,104.82
457.486,139.994,192.102,0.347,16.3319,104.89
457.736,140.005,191.531,0.347,16.3312,104.967
457.986,132.003,191.703,0.347,16.3323,105.04
458.236,152,191.738,0.347,16.5989,105.11
458.487,151.66,191.738,0.347,16.6068,105.184
458.736,172.374,191.738,0.344,16.0712,105.259
458.986,144.004,191.738,0.338,16.6083,105.33
459.236,148.004,191.738,0.336,16.3481,105.402
459.486,135.991,191.738,0.32,16.6131,105.469
459.736,196.01,191.738,0.306,16.9045,105.546
459.986,131.996,191.738,0.271,16.6131,105.619
460.236,163.914,191.738,0.287,16.892,105.687
460.486,176.098,191.738,0.283,16.6104,105.756
460.736,152.002,191.738,0.283,16.3346,105.83
460.986,131.974,191.738,0.283,16.6113,105.9
461.236,148.032,191.738,0.281,16.3319,105.97
461.486,139.992,191.738,0.28,16.613,106.034
461.736,140.004,191.738,0.288,16.8901,106.103
461.986,147.982,191.738,0.296,16.6131,106.166
462.236,152.022,191.738,0.307,16.8976,106.225
462.486,155.996,191.738,0.336,16.8961,106.283
462.736,148.002,191.738,0.348,16.8976,106.35
462.986,143.999,191.738,0.387,17.1952,106.408
463.236,192.004,191.738,0.41,17.2256,106.462
463.486,143.997,191.738,0.429,17.1953,106.516
463.736,152.002,191.738,0.447,17.1935,106.573
463.986,151.974,191.738,0.458,17.194,106.628
464.236,148.027,191.738,0.463,17.194,106.683
464.486,147.994,191.742,0.448,17.1862,106.746
464.736,140.004,191.742,0.435,16.9024,106.822
464.986,136.002,191.742,0.412,17.1933,106.877
465.236,151.996,191.742,0.411,17.1944,106.93
465.486,155.971,191.742,0.413,17.1938,106.99
465.736,144.027,191.742,0.418,17.1929,107.065
465.986,131.999,191.742,0.427,17.1925,107.122
466.236,152,191.742,0.431,17.5006,107.181
466.486,143.995,191.742,0.432,17.4994,107.25
466.736,140.008,191.742,0.429,17.499,107.318
466.986,143.997,191.742,0.413,17.4998,107.376
467.236,143.997,191.742,0.419,17.5005,107.444
467.486,143.988,191.742,0.422,17.4998,107.516
467.736,140.015,191.742,0.427,17.1927,107.59
467.986,135.998,191.742,0.437,17.1913,107.661
468.236,152.005,191.742,0.442,17.193,107.729
468.486,179.949,191.742,0.445,17.1782,107.805
468.736,144.039,191.742,0.446,16.6105,107.882
468.986,143.995,191.742,0.447,16.8925,107.952
469.236,144.006,191.742,0.447,16.6097,108.025
469.486,132,191.742,0.447,16.6112,108.096
469.736,152,191.742,0.443,16.6101,108.172
469.986,127.997,191.742,0.439,16.333,108.245
470.236,143.998,191.742,0.437,16.6099,108.316
470.486,144.002,191.742,0.435,16.8955,108.39
470.736,140.003,191.742,0.433,16.6097,108.466
470.986,144.001,191.742,0.432,16.8964,108.537
471.236,143.998,191.742,0.431,16.8954,108.611
471.486,139.973,191.742,0.429,17.19,108.682
471.736,148.03,191.742,0.428,17.1933,108.757
471.986,179.993,191.742,0.39,16.8795,108.832
472.236,136.008,191.742,0.358,17.1929,108.901
472.486,143.995,191.742,0.31,17.1895,108.971
472.736,187.993,191.742,0.29,16.8965,109.048
472.986,132.006,191.742,0.27,17.1924,109.117
473.236,151.998,191.742,0.273,17.196,109.188
473.486,131.995,191.742,0.272,17.1931,109.257
473.736,136.008,191.742,0.275,17.1925,109.334
473.986,147.997,191.742,0.284,17.1907,109.402
474.237,139.749,191.742,0.292,17.1933,109.47
474.486,180.298,191.742,0.3,16.8828,109.546
474.736,148.004,191.742,0.318,16.8971,109.611
474.938,158.493,191.742,0.322,16.8971,109.669
475.186,161.221,191.742,0.33,16.3348,109.741
475.437,135.823,191.742,0.333,16.6101,109.807
475.686,140.205,191.742,0.338,16.6114,109.875
475.936,143.992,191.742,0.36,16.3344,109.945
476.186,139.993,191.742,0.38,16.6187,110.015
476.436,132.003,191.742,0.437,16.3345,110.086
476.637,154.409,191.742,0.464,16.6119,110.136
476.886,176.551,191.742,0.499,16.5877,110.207
477.136,155.997,191.742,0.528,16.0674,110.282
477.386,132.002,191.742,0.526,16.6258,110.354
477.636,139.983,191.742,0.521,16.3356,110.428
477.886,140.013,191.742,0.519,16.8993,110.498
478.136,143.999,191.742,0.521,17.1959,110.571
478.386,135.999,191.742,0.524,17.1983,110.648
478.636,143.992,191.742,0.527,17.2037,110.715
478.886,132.002,191.742,0.523,17.1956,110.791
479.136,148.01,191.742,0.519,16.9018,110.866
479.386,180.011,191.742,0.518,17.1779,110.937
479.636,139.977,191.742,0.517,16.8961,111.012
479.886,140.018,191.742,0.516,17.1965,111.081
480.136,183.972,191.742,0.51,16.9075,111.149
480.386,131.996,191.742,0.507,16.6127,111.202
480.636,148.035,192.25,0.505,16.8993,111.247
480.886,131.991,192.25,0.504,16.8988,111.29
481.136,144.001,192.25,0.503,16.6131,111.304
481.386,140.002,192.25,0.502,16.8989,111.306
481.636,156.006,191.738,0.502,17.1952,111.307
481.886,127.998,191.754,0.499,17.1949,111.307
482.136,144.003,191.754,0.497,17.1948,111.308
482.386,143.993,191.754,0.495,17.5014,111.309
482.636,156.004,191.754,0.494,17.5013,111.31
482.886,135.984,191.754,0.492,17.514,111.311
483.136,196.012,191.754,0.48,17.8186,111.312
483.386,152.004,191.754,0.48,18.4838,111.314
483.636,155.988,191.754,0.48,17.4824,111.316
483.886,144.011,191.754,0.482,17.4843,111.317
484.136,143.958,191.754,0.484,17.18,111.318
484.386,152.049,191.754,0.48,16.8814,111.319
484.587,183.843,191.754,0.487,16.8841,111.32
484.837,188.495,191.754,0.49,16.8812,111.321
485.086,184.429,191.754,0.492,16.8668,111.323
485.336,152.004,191.754,0.5,16.8805,111.368
485.586,151.989,191.754,0.513,16.5921,111.424
485.836,152.015,191.754,0.533,16.8808,111.477
486.089,166.372,191.754,0.541,16.3188,111.543
486.336,181.78,191.754,0.541,15.7983,111.616
486.586,136.001,191.754,0.532,16.3308,111.685
486.836,148,191.754,0.515,16.0642,111.751
487.086,148.003,191.754,0.515,16.61,111.809
487.336,155.968,191.754,0.519,16.3312,111.877
487.586,132.024,191.754,0.529,16.0622,111.949
487.836,144.004,191.754,0.54,16.3333,112.012
488.086,139.986,191.754,0.547,16.0771,112.083
488.336,148,191.754,0.555,16.0656,112.157
488.586,139.995,191.754,0.556,16.0651,112.227
488.836,144.006,191.754,0.551,16.0651,112.3
489.086,136.007,191.754,0.548,16.61,112.367
489.336,156.001,191.754,0.55,16.8962,112.443
489.586,140,191.754,0.516,16.8971,112.517
489.836,148.019,191.754,0.474,16.897,112.585
490.086,135.986,191.754,0.446,17.1921,112.659
490.336,143.995,191.754,0.425,17.1939,112.73
490.586,151.996,191.754,0.415,16.8973,112.805
490.836,144.007,191.754,0.409,16.8962,112.877
491.086,132,191.754,0.406,16.8963,112.948
491.336,148.014,191.754,0.393,16.6083,113.024
491.586,143.986,191.754,0.391,16.6084,113.096
491.836,143.994,191.754,0.377,16.8966,113.167
492.086,140.007,191.754,0.376,16.8959,113.241
492.336,143.995,191.754,0.341,16.8961,113.312
492.586,136.003,191.754,0.306,16.8965,113.379
492.836,151.99,191.754,0.281,16.6094,113.448
493.086,131.995,191.754,0.261,16.897,113.515
493.336,144.013,191.754,0.267,16.8957,113.581
493.586,144.003,191.754,0.275,16.6133,113.644
493.836,155.989,191.754,0.308,16.8963,113.706
494.086,140.009,191.754,0.343,17.1919,113.781
494.336,140,191.754,0.415,17.1935,113.849
494.586,139.994,191.754,0.468,16.9,113.919
494.836,152.006,191.754,0.479,16.8965,113.992
495.086,131.988,191.754,0.486,16.8955,114.061
495.336,144.011,191.754,0.492,17.191,114.137
495.586,148.002,191.754,0.487,17.1924,114.21
495.836,144,191.754,0.466,17.1916,114.28
496.086,135.982,191.754,0.465,17.1918,114.356
496.336,152.018,191.754,0.476,17.1927,114.423
496.586,131.989,191.754,0.484,17.4993,114.491
496.836,148.01,191.754,0.476,17.1915,114.561
497.086,140.003,191.754,0.462,17.1909,114.626
497.336,139.996,191.754,0.462,17.4933,114.696
497.586,144.006,191.754,0.462,17.5002,114.768
497.836,147.999,191.754,0.462,17.1916,114.835
498.086,136.002,191.754,0.462,16.6079,114.905
498.336,147.997,191.754,0.457,16.6038,114.975
498.586,132.004,191.754,0.452,16.3318,115.05
498.836,147.987,191.754,0.437,16.054,115.122
499.086,143.992,191.754,0.436,16.3314,115.191
499.336,148.017,191.754,0.434,16.3254,115.263
499.586,127.999,191.754,0.431,16.0624,115.337
499.836,159.999,191.754,0.431,16.6099,115.407
500.086,132.001,191.754,0.432,16.0664,115.482
500.336,140.004,191.754,0.433,16.0644,115.55
500.586,143.999,191.754,0.434,15.5553,115.626
500.836,147.998,191.754,0.434,15.5528,115.7
501.086,131.991,191.754,0.434,15.8073,115.771
501.336,160.003,191.754,0.434,15.8105,115.841
501.586,131.951,191.754,0.434,16.0658,115.913
501.836,144.055,191.754,0.429,16.3336,115.983
502.086,144.007,191.754,0.427,15.807,116.059
502.336,143.998,191.754,0.422,16.0669,116.127
502.586,175.987,191.754,0.424,15.4945,116.194
502.836,164.015,191.754,0.425,15.3147,116.252
503.037,144.505,191.754,0.427,15.3138,116.297
503.286,140.358,191.754,0.433,15.3111,116.363
503.536,152.032,191.754,0.441,15.3209,116.421
503.786,151.974,191.754,0.452,16.0664,116.473
504.036,152.019,191.754,0.455,16.3336,116.528
504.286,143.986,191.754,0.455,16.6112,116.579
504.536,159.942,191.754,0.443,16.6112,116.635
504.786,148.061,191.754,0.445,16.3408,116.689
505.036,148.031,191.754,0.428,16.6085,116.741
505.286,147.959,191.754,0.426,16.0661,116.802
505.536,144.028,191.754,0.374,16.6107,116.867
505.786,147.984,191.754,0.37,16.6097,116.926
506.036,148.004,191.754,0.347,16.3332,116.981
506.286,139.987,191.754,0.347,16.8927,117.042
506.536,144.022,191.754,0.352,16.8973,117.117
506.786,135.991,191.754,0.351,16.6097,117.181
507.036,155.999,191.754,0.357,16.6054,117.243
507.286,140,191.754,0.363,16.3325,117.317
507.536,140.003,191.754,0.364,16.6092,117.385
507.786,151.986,191.754,0.362,17.1927,117.445
508.036,152.013,191.754,0.365,17.496,117.518
508.286,131.991,191.754,0.367,17.5002,117.584
508.536,144.007,191.754,0.375,17.4986,117.641
508.786,148.002,191.754,0.379,17.5012,117.708
509.036,136.003,191.754,0.37,17.4994,117.778
509.286,135.985,191.754,0.366,17.4993,117.846
509.536,143.982,191.754,0.347,17.4997,117.911
509.788,163.131,191.754,0.347,17.193,117.983
510.036,168.938,191.754,0.347,16.8538,118.052
510.286,132.001,191.754,0.35,16.6106,118.125
510.536,135.998,191.754,0.357,16.3333,118.196
510.786,147.997,191.754,0.361,16.0666,118.265
511.036,140,192.223,0.364,16.0674,118.333
511.286,135.997,192.258,0.362,15.5555,118.407
511.536,144.006,192.258,0.361,15.8065,118.468
511.786,192.002,192.258,0.361,15.2643,118.538
512.036,136.002,192.258,0.365,15.3128,118.612
512.286,139.99,192.258,0.367,15.3128,118.677
512.536,143.999,192.258,0.375,15.3118,118.75
512.786,180.001,192.258,0.379,15.5126,118.825
513.036,144.008,192.258,0.383,15.5559,118.893
513.286,147.984,192.258,0.388,15.806,118.97
513.536,132.017,192.258,0.392,16.0651,119.04
513.786,139.998,192.258,0.395,16.0633,119.117
514.036,156.007,192.258,0.402,16.0646,119.191
514.286,135.974,192.258,0.406,16.6098,119.261
514.487,149.29,192.258,0.408,16.61,119.323
514.736,180.712,192.258,0.409,16.5408,119.39
514.986,128.003,192.258,0.41,16.6085,119.465
515.236,135.996,192.258,0.41,16.0643,119.539
515.486,140.002,192.258,0.408,16.3324,119.605
515.736,143.997,192.258,0.402,16.0616,119.675
515.986,136.009,192.258,0.405,16.0649,119.747
516.236,195.987,192.258,0.409,16.3213,119.818
516.486,127.993,192.258,0.416,16.0645,119.892
516.736,148.015,192.258,0.406,16.3325,119.959
516.987,171.15,192.258,0.402,16.3324,120.034
517.236,160.779,192.258,0.391,16.0635,120.108
517.486,132.012,192.258,0.384,16.3337,120.182
517.736,140.001,192.258,0.371,16.3342,120.252
517.986,151.899,192.258,0.367,16.3355,120.324
518.236,168.112,192.258,0.349,16.6124,120.391
518.486,131.998,192.258,0.339,16.0658,120.466
518.736,152,192.258,0.334,16.3348,120.527
518.986,140.005,192.258,0.322,16.3344,120.59
519.236,151.997,192.258,0.298,16.1222,120.652
519.486,139.997,192.258,0.286,16.3365,120.717
519.736,144.002,192.258,0.279,16.0678,120.786
519.986,136.004,192.258,0.28,16.3352,120.849
520.236,147.981,192.258,0.271,16.0832,120.921
520.486,140.014,192.258,0.278,15.557,120.994
520.736,140,192.258,0.291,15.8083,121.057
520.986,139.956,191.656,0.309,15.5576,121.122
521.236,144.042,191.738,0.351,15.5576,121.185
521.486,139.995,191.738,0.366,15.8089,121.245
521.736,144.008,191.738,0.399,15.5574,121.305
521.986,139.975,191.738,0.419,15.559,121.366
522.236,144.027,191.738,0.437,15.5579,121.431
522.486,123.999,191.738,0.451,15.557,121.505
522.736,148.005,191.738,0.462,15.5575,121.568
522.986,135.925,191.738,0.47,15.3148,121.637
523.236,152.08,191.738,0.494,15.5564,121.705
523.486,127.956,191.738,0.532,16.0677,121.781
523.736,140.049,191.738,0.55,15.8085,121.843
523.986,131.876,191.738,0.581,16.3354,121.913
524.236,136.131,191.738,0.586,16.6129,121.97
524.486,131.989,191.738,0.592,16.6132,122.024
524.736,144.013,191.738,0.604,16.8999,122.067
524.986,131.852,191.738,0.61,16.6131,122.108
525.236,136.146,191.738,0.614,16.3542,122.122
525.486,132.003,191.738,0.613,16.8965,122.122
525.736,144.003,191.738,0.612,17.195,122.123
525.987,147.734,191.738,0.614,16.8982,122.124
526.236,180.319,191.738,0.616,17.1978,122.125
526.486,139.995,191.738,0.628,17.1918,122.126
526.736,148.01,191.738,0.628,17.499,122.127
526.986,135.999,191.738,0.629,17.1805,122.129
527.236,151.993,191.738,0.631,16.5984,122.131
527.486,140.009,191.738,0.634,16.8841,122.133
527.736,151.993,191.738,0.635,16.884,122.134
527.986,144,191.738,0.637,16.8837,122.136
528.236,156.005,191.738,0.636,17.1797,122.137
528.486,143.976,191.738,0.642,16.8831,122.138
528.736,156.029,191.738,0.643,16.8845,122.14
528.986,155.99,191.738,0.628,16.5975,122.148
529.236,204.006,191.738,0.596,16.295,122.198
529.486,139.999,191.738,0.554,16.3211,122.25
529.736,155.997,191.742,0.538,15.7966,122.308
529.986,135.998,191.742,0.531,16.0628,122.368
530.236,152.002,191.742,0.536,16.3328,122.428
530.486,132.002,191.742,0.552,16.0654,122.487
530.736,148.004,191.742,0.563,16.3338,122.549
530.986,131.997,191.742,0.541,16.3299,122.623
531.236,143.981,191.742,0.515,16.0661,122.693
531.486,144.012,191.742,0.506,16.609,122.758
531.736,152.012,191.742,0.496,16.8914,122.828
531.986,135.997,191.742,0.456,16.8973,122.895
532.236,135.998,191.742,0.425,17.1936,122.969
532.486,144.004,191.742,0.371,17.1928,123.041
532.736,147.995,191.742,0.348,17.1943,123.103
532.986,136.002,191.742,0.306,17.5012,123.172
533.238,194.829,191.742,0.283,17.1695,123.245
533.486,132.789,191.742,0.258,17.1973,123.315
533.736,148.012,191.742,0.261,16.8968,123.388
533.986,143.999,191.742,0.264,16.8965,123.451
534.236,151.995,191.742,0.276,16.8959,123.512
534.486,143.989,191.742,0.291,16.6097,123.577
534.736,152.021,191.742,0.296,16.8974,123.632
534.986,151.992,191.742,0.307,16.8967,123.692
535.236,148.002,191.742,0.313,16.6098,123.755
535.486,143.999,191.742,0.323,16.8966,123.82
535.736,148.003,191.742,0.328,17.1921,123.889
535.986,136.001,191.742,0.332,17.1938,123.961
536.236,139.998,191.742,0.333,17.5004,124.036
536.486,179.971,191.742,0.334,17.4603,124.111
536.736,148.026,191.742,0.334,17.4998,124.178
536.986,136.003,191.742,0.335,17.1918,124.254
537.236,135.999,191.742,0.338,16.8955,124.327
537.486,147.998,191.742,0.343,16.8925,124.398
537.736,135.999,191.742,0.357,16.8966,124.475
537.986,251.963,191.742,0.377,16.6074,124.548
538.236,280.036,191.742,0.402,16.8821,124.616
538.487,235.023,191.742,0.455,16.3131,124.692
538.69,246.482,191.742,0.46,16.3124,124.748
538.936,219.423,191.742,0.456,15.7775,124.822
539.186,139.989,191.742,0.44,15.3084,124.892
539.436,128.006,191.742,0.436,15.3125,124.969
539.686,144.004,191.742,0.432,15.0768,125.044
539.936,135.995,191.742,0.437,15.077,125.115
540.186,140.006,191.742,0.454,15.3081,125.191
540.387,144.495,191.742,0.472,15.5561,125.246
540.636,140.366,191.742,0.494,15.5585,125.318
540.886,132.025,191.742,0.527,15.5523,125.395
541.136,147.993,192.223,0.493,15.8078,125.464
541.386,135.993,192.246,0.438,15.5651,125.539
541.636,132.01,192.246,0.415,15.8249,125.613
541.887,139.567,192.25,0.385,15.873,125.684
542.136,188.593,191.738,0.372,16.0522,125.759
542.386,131.998,191.754,0.37,16.3335,125.829
542.636,135.997,191.754,0.37,16.8968,125.901
542.886,139.991,191.754,0.37,16.6098,125.97
543.136,144.012,191.754,0.37,16.6103,126.039
543.386,135.997,191.754,0.37,16.6102,126.116
543.636,147.983,191.754,0.37,16.334,126.191
543.886,128.022,191.754,0.373,16.6111,126.261
544.136,143.992,191.754,0.376,16.6149,126.336
544.386,179.991,191.754,0.38,16.6061,126.404
544.636,144.008,191.754,0.381,16.6151,126.477
544.886,135.982,191.754,0.383,16.335,126.552
545.136,136.019,191.754,0.386,16.6276,126.622
545.386,135.996,191.754,0.392,16.6119,126.698
545.636,148.007,191.754,0.394,16.0677,126.768
545.886,131.998,191.754,0.396,16.3368,126.835
546.136,140,191.754,0.398,16.0682,126.911
546.386,139.992,191.754,0.408,16.333,126.981
546.636,135.99,191.754,0.415,16.3362,127.052
546.886,132.019,191.754,0.424,16.0673,127.119
547.136,147.998,191.754,0.428,16.3379,127.189
547.386,131.98,191.754,0.431,16.3548,127.261
547.636,136.019,191.754,0.432,16.3362,127.336
547.886,143.998,191.754,0.433,16.8988,127.405
548.136,135.998,191.754,0.435,16.6121,127.476
548.386,143.999,191.754,0.441,16.613,127.54
548.636,140.006,191.754,0.448,16.6128,127.609
548.886,131.999,191.754,0.463,16.3362,127.672
549.136,144.002,191.754,0.481,16.8996,127.722
549.386,131.99,191.754,0.5,16.61,127.773
549.636,148.004,191.754,0.504,16.0674,127.812
549.886,131.991,191.754,0.51,16.3359,127.839
550.136,144.015,191.754,0.517,16.336,127.841
550.386,131.972,191.754,0.52,16.6128,127.842
550.636,136.018,191.754,0.519,16.6117,127.844
550.886,140.007,191.754,0.521,16.6107,127.845
551.136,136.002,191.754,0.518,16.898,127.846
551.386,140.004,191.754,0.515,17.194,127.847
551.636,132.02,191.754,0.505,16.6111,127.848
551.886,131.958,191.754,0.504,16.6113,127.849
552.136,156.026,191.754,0.504,16.3339,127.85
552.386,147.944,191.754,0.5,16.3336,127.85
552.636,144.056,191.754,0.501,16.6198,127.851
552.886,139.999,191.754,0.499,16.3336,127.852
553.136,143.984,191.754,0.502,16.3336,127.853
553.386,164.02,191.754,0.497,15.8064,127.854
553.636,139.858,191.754,0.498,16.3289,127.855
553.886,200.19,191.754,0.5,15.3075,127.857
554.136,144.012,191.754,0.498,15.3072,127.858
554.386,151.999,191.754,0.502,15.5516,127.86
554.636,152.002,191.754,0.499,15.3092,127.861
554.841,199.926,191.754,0.503,15.7997,127.861
555.086,155.129,191.754,0.503,15.3078,127.862
555.337,187.606,191.754,0.515,15.3085,127.866
555.586,172.367,191.754,0.512,15.3043,127.906
555.836,196.012,191.754,0.498,15.3077,127.962
556.037,168.884,191.754,0.487,15.0711,128.012
556.286,180.96,191.754,0.457,14.844,128.074
556.536,140.002,191.754,0.432,15.072,128.149
556.786,143.99,191.754,0.413,14.8453,128.217
557.036,135.999,191.754,0.407,15.5564,128.289
557.286,152.007,191.754,0.411,15.8052,128.365
557.536,132.005,191.754,0.411,15.8062,128.436
557.786,143.996,191.754,0.411,15.5524,128.51
558.036,147.998,191.754,0.41,16.0825,128.582
558.286,140.006,191.754,0.407,16.6093,128.654
558.536,131.998,191.754,0.415,16.8946,128.728
558.786,151.992,191.754,0.42,17.2208,128.795
559.036,136.006,191.754,0.422,17.4996,128.867
559.286,139.997,191.754,0.427,17.498,128.939
559.536,140.002,191.754,0.429,17.1908,129.009
559.786,140.006,191.754,0.431,17.1901,129.083
560.036,139.995,191.754,0.433,17.1912,129.15
560.286,143.98,191.754,0.438,16.8949,129.215
560.536,136.018,191.754,0.447,16.3327,129.288
560.786,147.999,191.754,0.463,16.6085,129.359
561.036,139.923,191.754,0.448,16.0643,129.429
561.286,140.077,191.754,0.435,16.065,129.499
561.536,147.998,191.754,0.431,16.3337,129.568
561.786,140.004,191.754,0.426,16.0657,129.642
562.036,135.977,191.754,0.411,16.0658,129.713
562.286,148.01,191.754,0.384,16.3344,129.784
562.536,136.015,191.754,0.37,16.3338,129.859
562.786,155.997,191.754,0.347,16.3342,129.926
563.036,135.991,191.754,0.322,16.6109,129.995
563.286,151.991,191.754,0.307,16.6108,130.063
563.536,132.018,191.754,0.297,16.8982,130.124
563.786,151.986,191.754,0.293,17.4996,130.187
564.036,152.009,191.754,0.287,17.8193,130.25
564.286,195.996,191.754,0.29,17.3905,130.315
564.536,135.992,191.754,0.298,17.5008,130.378
564.786,200.024,191.754,0.306,17.505,130.431
565.036,147.963,191.754,0.311,17.1933,130.486
565.286,156.032,191.754,0.32,17.193,130.544
565.536,140.001,191.754,0.315,17.1938,130.6
565.786,147.968,191.754,0.32,17.1819,130.666
566.036,148.03,191.754,0.324,17.4961,130.735
566.286,136.005,191.754,0.349,17.1923,130.805
566.536,140.019,191.754,0.358,17.1924,130.865
566.786,143.973,191.754,0.367,16.6099,130.927
567.036,143.982,191.754,0.369,16.6065,130.999
567.286,136.02,191.754,0.37,16.6096,131.067
567.536,147.866,191.754,0.371,16.8962,131.127
567.738,163.598,191.754,0.373,17.4995,131.185
567.986,173.306,191.754,0.383,17.4988,131.257
568.236,135.955,191.754,0.403,17.1968,131.326
568.486,132.073,191.754,0.418,16.898,131.404
568.736,147.997,191.754,0.442,17.1938,131.474
568.986,131.998,191.754,0.47,17.1947,131.548
569.236,144.009,191.754,0.519,17.1946,131.617
569.486,143.995,191.754,0.564,17.5004,131.687
569.736,139.996,191.754,0.59,17.5014,131.761
569.986,140.006,191.754,0.591,17.5023,131.83
570.236,139.998,191.754,0.597,17.1961,131.894
570.486,191.98,191.754,0.6,16.6124,131.969
570.736,140.017,191.754,0.6,16.6128,132.038
570.986,132.001,192.102,0.596,16.3366,132.112
571.236,148.002,192.207,0.592,16.3358,132.187
571.486,131.999,192.207,0.591,16.3365,132.256
571.736,136.003,192.207,0.585,16.0675,132.331
571.986,139.98,192.207,0.585,16.3358,132.402
572.236,144.019,192.207,0.585,16.0646,132.474
572.438,138.424,192.207,0.585,16.3365,132.532
572.686,177.617,192.207,0.583,16.0696,132.604
572.936,135.995,192.207,0.585,16.0679,132.681
573.186,132.004,192.207,0.586,16.6125,132.75
573.436,148,192.207,0.5,16.8992,132.818
573.686,132.001,192.207,0.462,16.8995,132.88
573.936,131.989,192.207,0.398,17.1961,132.929
574.186,136.006,192.207,0.366,17.1925,132.975
574.436,140.001,192.207,0.319,16.8989,133.012
574.686,131.999,192.207,0.319,17.1959,133.02
574.936,140.003,192.207,0.319,16.6125,133.021
575.186,148.001,192.207,0.318,16.8989,133.022
575.436,144.004,192.207,0.318,16.3351,133.023
575.686,139.997,192.207,0.317,16.3349,133.024
575.936,147.999,192.207,0.317,16.6117,133.026
576.186,159.957,192.207,0.306,16.6114,133.027
576.436,144.04,192.207,0.306,16.6115,133.028
576.686,144,192.207,0.305,16.6114,133.029
576.936,144.002,192.207,0.297,16.6106,133.03
577.186,152.003,192.207,0.295,16.8971,133.031
577.436,183.994,192.207,0.292,16.8891,133.032
577.686,147.984,192.207,0.291,17.1936,133.034
577.936,140.018,192.207,0.283,17.1935,133.034
