time,cpu,memory,obstacle_distance,cmd_vel_frequency,distance_travelled
0.237246,0,115.73,0.246,50.8258,0
0.487126,112.054,115.73,0.254,50.3282,0.0317034
0.737666,95.7931,115.73,0.31,50.2808,0.092694
0.987136,100.212,115.73,0.392,49.9006,0.155714
1.23716,91.9907,115.734,0.437,50.004,0.217939
1.48712,92.0153,115.734,0.492,49.9505,0.273038
1.73718,99.9743,115.734,0.506,50.1015,0.333312
1.98714,100.017,115.734,0.549,49.9484,0.397296
2.23801,99.6548,115.734,0.584,50.0205,0.461819
2.48711,104.375,115.734,0.65,49.9228,0.535125
2.73746,111.843,115.734,0.691,50.0415,0.602795
2.98713,100.132,115.734,0.753,49.9521,0.666686
3.23719,103.977,115.734,0.783,49.9742,0.7301
3.48711,92.028,115.734,0.825,49.9844,0.785365
3.73717,83.9808,115.734,0.845,49.9849,0.845167
3.98712,96.0183,115.734,0.863,49.9975,0.907596
4.23751,91.8585,115.734,0.872,50.0946,0.970243
4.48713,96.1446,115.734,0.88,50.0219,1.04044
4.73742,99.8861,115.734,0.88,49.9922,1.11235
4.93811,89.6904,115.734,0.88,50.0394,1.16822
5.18711,96.3828,115.734,0.875,49.9068,1.24464
5.4372,83.9727,115.734,0.869,50.0593,1.31202
5.68709,88.037,115.734,0.866,50.0127,1.38217
5.93723,91.9473,115.734,0.867,50.1011,1.45046
6.18711,92.0459,115.734,0.868,49.9614,1.51857
6.43714,87.9892,115.734,0.85,50.0226,1.59567
6.68709,92.0184,115.734,0.841,49.9827,1.66292
6.93713,91.9849,115.734,0.816,50.0372,1.72836
7.1871,104.015,115.734,0.806,49.9447,1.79142
7.43716,87.979,115.734,0.754,50.0461,1.84927
7.68708,88.0258,115.734,0.705,50.0049,1.91281
7.93716,91.9709,115.734,0.64,50.0298,1.97369
8.18709,92.027,115.734,0.597,50.0296,2.03446
8.43719,91.9632,115.734,0.532,50.0393,2.10466
8.68708,92.0388,115.734,0.507,49.964,2.17303
8.93729,91.9225,115.734,0.456,50.061,2.24516
9.1871,96.0761,115.734,0.433,50.0216,2.31533
9.43722,91.9536,115.734,0.408,50.093,2.37676
9.68716,96.0221,115.734,0.395,49.927,2.44139
9.93714,92.008,115.734,0.366,49.9821,2.50528
10.1871,88.0152,115.734,0.339,49.9752,2.56973
10.4371,91.9829,115.734,0.316,49.9725,2.64004
10.6871,88.019,115.734,0.303,49.9348,2.70392
10.9372,91.9691,115.734,0.298,49.9379,2.77208
11.1872,112.01,115.734,0.318,49.9043,2.84567
11.4371,92.0072,115.734,0.351,49.9462,2.9157
11.6871,92.0105,115.734,0.367,49.9662,2.98364
11.9371,87.9906,115.734,0.4,50.0539,3.04027
12.1871,92.0115,115.734,0.424,49.9948,3.09913
12.4371,91.9872,115.734,0.454,50.0349,3.15377
12.6871,96.0189,115.734,0.473,49.9698,3.20559
12.9371,91.9808,115.734,0.494,49.9456,3.25979
13.1872,107.979,115.734,0.473,50.0221,3.31612
13.4372,100,115.734,0.446,50.009,3.37016
13.6871,88.031,115.734,0.43,49.9178,3.43093
13.9371,87.9899,115.734,0.429,50.036,3.49188
14.1871,92.0052,115.734,0.429,49.998,3.55943
14.4371,91.9945,115.734,0.433,49.9257,3.63398
14.6871,88.0091,115.734,0.438,50.0043,3.70342
14.9371,87.9846,115.734,0.447,49.9533,3.76916
15.1871,96.0106,115.734,0.451,50.039,3.83878
15.4372,91.9844,115.734,0.418,50.0154,3.90692
15.6871,88.0259,115.734,0.401,49.9983,3.98405
15.9372,87.9693,115.734,0.381,50.0055,4.05976
16.1871,84.0277,115.734,0.38,49.9952,4.13021
16.4372,87.9536,115.734,0.38,50.0569,4.20549
16.6871,84.044,115.734,0.378,49.9919,4.27298
16.9371,87.9876,115.734,0.372,49.9823,4.34874
17.1871,84.0154,115.734,0.37,49.9665,4.42617
17.4372,87.9558,115.734,0.36,50.0302,4.49804
17.6871,92.0349,115.734,0.347,49.9773,4.57268
17.9371,95.9889,115.734,0.338,50.0316,4.64448
18.1871,92.0215,115.734,0.332,50.027,4.71293
18.4371,83.9793,115.734,0.328,50.0517,4.78653
18.6871,96.0161,115.734,0.326,50.0368,4.85326
18.9371,91.9864,115.734,0.326,49.9424,4.92477
19.1871,88.0159,115.734,0.332,49.9728,4.99567
19.4371,91.9829,115.734,0.357,50.0093,5.06543
19.6871,92.0181,115.734,0.388,50.0185,5.13658
19.9372,107.975,115.734,0.437,49.968,5.20171
20.1872,99.9933,115.734,0.465,49.9322,5.25857
20.4374,99.9082,115.734,0.502,49.879,5.31272
20.6871,96.1254,115.785,0.524,49.9711,5.36651
20.9371,99.9776,115.785,0.557,50.0099,5.4262
21.1872,99.9786,115.785,0.563,50.0231,5.48561
21.4372,100.008,115.789,0.553,50.058,5.53643
21.6871,100.022,115.969,0.53,50.0517,5.59675
21.9372,115.97,115.969,0.507,49.9804,5.661
22.1871,96.0273,115.969,0.493,49.9535,5.72379
22.4372,99.9674,115.969,0.505,49.9251,5.79058
22.6871,96.0408,115.969,0.522,49.9688,5.85345
22.9371,95.9733,115.969,0.565,49.9775,5.92445
23.1871,100.003,115.969,0.571,49.9031,6.00142
23.4371,95.9957,115.969,0.59,50.0002,6.06994
23.6871,104.018,115.969,0.604,50.0033,6.14607
23.9371,99.9815,115.969,0.628,50.0219,6.21468
24.1872,103.992,115.969,0.662,50.042,6.28608
24.4372,95.9956,115.969,0.699,49.934,6.35325
24.6378,109.675,115.969,0.716,49.9962,6.39755
24.8871,96.2619,115.969,0.736,49.9958,6.45918
25.1372,95.9781,115.969,0.769,49.9417,6.51461
25.3871,100.011,115.969,0.803,49.9783,6.57564
25.6372,95.9773,115.969,0.828,50.0218,6.63663
25.8871,100.038,115.969,0.837,49.9643,6.69679
26.1372,95.9595,115.969,0.847,49.9552,6.75962
26.3871,104.028,115.969,0.819,50.0077,6.82384
26.6372,111.979,115.969,0.781,49.9913,6.88687
26.8871,100.039,115.969,0.768,49.982,6.95488
27.1372,99.9691,115.969,0.747,49.9079,7.02511
27.3871,100.003,115.969,0.743,49.9844,7.09226
27.6372,95.9941,115.969,0.724,49.9523,7.16744
27.8871,96.0064,115.969,0.719,50.0164,7.2358
28.1371,103.999,115.969,0.717,49.9453,7.311
28.3871,104.007,115.969,0.722,49.9885,7.38732
28.6373,111.916,115.969,0.729,49.963,7.45723
28.8872,108.07,115.969,0.737,49.9665,7.52785
29.1371,96.0053,115.969,0.701,49.9909,7.5931
29.3871,92.0098,115.969,0.665,50.0338,7.65674
29.6372,99.9833,115.969,0.628,49.9548,7.73042
29.8871,100.023,115.969,0.607,50.0382,7.79331
30.1372,95.952,115.969,0.597,49.9753,7.86297
30.3871,108.043,115.969,0.599,49.9839,7.93045
30.6372,119.977,115.969,0.616,49.8135,7.99216
30.8871,104.029,115.969,0.635,49.9547,8.05824
31.1371,99.9844,115.969,0.677,49.9509,8.12441
31.3871,100.009,115.969,0.715,50.0293,8.18726
31.6371,95.9946,115.969,0.779,49.9361,8.25758
31.8871,104.017,115.969,0.825,49.974,8.31865
32.1372,111.97,115.969,0.893,50.0218,8.38186
32.3871,104.008,115.969,0.938,49.9782,8.44566
32.6371,108,115.969,0.942,49.9377,8.50238
32.8871,104.024,115.969,0.939,49.9647,8.56903
33.1372,95.9726,115.969,0.95,49.9498,8.63491
33.3871,100.014,115.969,0.963,50.0083,8.7056
33.6372,99.9838,115.969,0.978,49.9326,8.775
33.8871,100.03,115.969,1.005,50.0042,8.84097
34.1372,99.9699,115.969,1.024,49.9756,8.90761
34.3871,116.013,115.969,1.051,50.0232,8.98264
34.6371,111.994,115.969,1.089,49.8921,9.05061
34.8871,96.0183,115.969,1.103,49.9757,9.12367
35.1371,95.9807,115.969,1.133,50.0059,9.19113
35.3871,104.008,115.969,1.148,49.9908,9.26095
35.6372,99.9835,115.969,1.163,49.9777,9.33254
35.8871,104.027,115.969,1.177,50.0028,9.40288
36.1372,111.971,115.969,1.198,49.9873,9.47701
36.3871,108.01,115.969,1.207,50.0255,9.54884
36.6372,103.998,115.969,1.193,49.9814,9.61598
36.8871,100.026,115.969,1.182,50.015,9.68763
37.1371,99.9753,115.969,1.182,49.9848,9.75693
37.3871,104.013,115.969,1.19,49.9964,9.82735
37.6372,95.9872,115.969,1.207,49.9413,9.9049
37.8871,108.023,115.969,1.219,50,9.97556
38.1371,107.986,115.969,1.198,50.0025,10.0415
38.3871,100.001,115.969,1.178,49.9756,10.1092
38.6371,107.998,115.969,1.162,50.0046,10.168
38.8871,100.013,115.969,1.141,50.0062,10.231
39.1372,99.9692,115.969,1.112,49.9842,10.2869
39.3871,104.022,115.969,1.098,50.036,10.3181
39.6372,95.9907,115.969,1.093,49.9767,10.3198
39.8872,115.985,115.969,1.09,49.9608,10.3208
40.1371,104.016,115.969,1.083,49.9277,10.3222
40.3871,104.007,115.969,1.08,49.9991,10.3247
40.6371,99.993,115.969,1.081,49.9826,10.3261
40.8871,104.01,115.969,1.08,50.0444,10.3263
41.1372,103.98,115.969,1.079,50.0065,10.3263
41.3871,100.02,115.969,1.079,49.9542,10.3263
41.6372,103.984,115.969,1.079,50.0054,10.3263
41.8871,112.025,115.969,1.079,49.9978,10.3263
42.1371,111.981,115.969,1.078,49.821,10.3264
42.3872,99.9939,115.969,1.078,50.0233,10.3265
42.6372,103.996,116.125,1.078,49.9486,10.3266
42.8871,104.034,116.125,1.079,50.0229,10.3271
43.1371,107.975,116.125,1.077,49.9809,10.3283
43.3871,104.007,116.125,1.069,49.9997,10.3315
43.6371,103.996,116.125,1.066,50.0362,10.3351
43.8871,104.026,116.125,1.066,49.99,10.3387
44.1372,111.949,116.125,1.066,50.011,10.3433
44.3871,108.029,116.125,1.094,50.0524,10.3878
44.6371,103.992,116.125,1.153,49.9626,10.4381
44.8871,104.019,116.125,1.18,49.9705,10.4986
45.1372,95.9673,116.125,1.234,50.0076,10.56
45.3871,104.025,116.125,1.271,49.9244,10.6184
45.6371,103.992,116.125,1.273,49.974,10.6783
45.8871,119.998,116.125,1.273,50.0057,10.7337
46.1373,107.919,116.125,1.281,49.9215,10.7936
46.3871,104.085,116.125,1.292,50.0434,10.8593
46.6372,99.9773,116.125,1.318,49.975,10.9229
46.8872,104.012,116.125,1.345,50.0628,10.9942
47.1371,108.01,116.125,1.325,49.9972,11.0639
47.3871,112.007,116.125,1.304,49.9954,11.138
47.6372,115.984,116.125,1.278,49.9028,11.2117
47.8871,100.005,116.125,1.273,50.0176,11.2803
48.1371,100.002,116.125,1.259,49.9838,11.3482
48.3871,100.002,116.125,1.234,49.9721,11.4174
48.6371,107.995,116.125,1.208,49.9495,11.4802
48.8871,108.026,116.125,1.188,49.9975,11.5514
49.1371,99.9801,116.125,1.124,50.028,11.6219
49.3871,103.994,116.125,1.1,50.0225,11.6953
49.6372,111.991,116.125,1.057,50.0144,11.766
49.8871,108.03,116.125,1.036,49.9493,11.8364
50.1371,107.983,116.125,1.013,49.9254,11.9064
50.3871,96.0013,116.125,1.006,49.9976,11.9811
50.6371,103.995,116.125,0.993,50.0009,12.0512
50.8871,104.024,116.125,0.993,50.0061,12.1245
51.1371,103.976,116.125,1.005,50.0477,12.1871
51.3871,112.006,116.125,1.009,50.0603,12.2509
51.6371,103.994,116.125,1.007,49.9847,12.3182
51.8872,115.996,116.125,0.974,50.018,12.3819
52.1371,112.009,116.125,0.911,49.9246,12.4485
52.3871,104,116.125,0.876,50.0185,12.5184
52.6371,104.003,116.125,0.826,50.0006,12.5839
52.8871,104.025,116.125,0.791,50.0745,12.6569
53.1371,119.97,116.125,0.751,49.9777,12.7239
53.3871,120.006,116.125,0.734,49.9871,12.796
53.6371,107.992,116.125,0.708,49.9436,12.8732
53.8871,104.024,116.125,0.705,50.0431,12.9414
54.1371,99.9799,116.125,0.692,50.042,13.0114
54.3871,99.9976,116.125,0.692,49.9974,13.0802
54.6371,103.997,116.125,0.705,50.0109,13.1508
54.8871,100.013,116.125,0.715,49.9849,13.2208
55.1371,111.988,116.125,0.748,49.9986,13.2807
55.3871,104.001,116.125,0.739,50.0299,13.3462
55.6371,107.995,116.125,0.732,49.8931,13.415
55.8871,100.013,116.125,0.741,49.975,13.4827
56.1371,95.9897,116.125,0.753,49.931,13.5538
56.3872,103.994,116.125,0.766,50.0017,13.6245
56.6372,103.993,116.125,0.783,50.0186,13.6975
56.8871,112.029,116.125,0.792,49.9819,13.7645
57.1371,99.9878,116.125,0.805,50.0227,13.8248
57.3873,99.9285,116.125,0.807,50.049,13.8871
57.6372,96.0551,116.125,0.807,49.9954,13.9481
57.8871,96.0183,116.125,0.803,49.9717,14.0091
58.1371,103.994,116.125,0.791,49.9676,14.0719
58.3878,115.712,116.125,0.785,49.982,14.1327
58.6371,104.259,116.125,0.765,49.9664,14.1938
58.8871,96.0087,116.125,0.752,50.0133,14.257
59.1371,95.9899,116.125,0.709,50.0059,14.3184
59.3871,100.021,116.125,0.69,50.0632,14.3789
59.6371,103.982,116.125,0.659,49.9748,14.4434
59.8871,100.015,116.125,0.641,49.9828,14.5058
60.1372,99.972,116.125,0.617,50.0434,14.5743
60.3871,96.0396,116.125,0.582,50.0064,14.644
60.6372,111.96,116.125,0.571,50.0137,14.716
60.8871,108.02,116.125,0.551,50.0281,14.7914
61.1373,95.9308,116.125,0.534,49.9606,14.8591
61.3871,100.078,116.125,0.514,50.0115,14.9298
61.6371,95.9821,116.125,0.518,49.9825,15.0002
61.8871,100.031,116.125,0.538,49.9651,15.065
62.1372,103.96,116.125,0.552,49.9328,15.1275
62.3871,108.039,116.125,0.568,50.0095,15.1849
62.6372,111.925,116.125,0.577,49.9661,15.2467
62.8871,104.069,116.125,0.569,50.0187,15.3025
63.1372,95.9659,116.125,0.553,50.0503,15.353
63.3871,104.041,116.125,0.527,50.043,15.4054
63.6371,99.9659,116.125,0.501,50.0351,15.4657
63.8871,100.028,116.125,0.448,50.0123,15.5254
64.1372,107.966,116.125,0.408,50.0511,15.5894
64.3871,96.0194,116.125,0.366,49.9703,15.6579
64.6372,91.9766,116.125,0.344,49.9941,15.7257
64.8871,92.0389,116.125,0.315,50.028,15.8027
65.1371,95.9681,116.125,0.315,50.0936,15.8714
65.3871,96.0131,116.125,0.322,50.0047,15.9459
65.6372,91.9847,116.125,0.326,49.9703,16.0184
65.8871,92.0114,116.125,0.335,50.0144,16.0859
66.1372,91.9761,116.125,0.342,49.9178,16.1588
66.3871,88.0268,116.125,0.352,50.0045,16.2358
66.6373,103.928,116.125,0.359,50.0596,16.3067
66.8871,88.0611,116.125,0.364,50.0268,16.3839
67.1372,87.9811,116.125,0.367,49.9961,16.4582
67.3871,88.0207,116.125,0.376,50.0492,16.5299
67.6372,87.9829,116.125,0.379,50.0343,16.6069
67.8871,88.0174,116.125,0.392,49.9965,16.6767
68.1373,87.9281,116.125,0.406,49.9911,16.7534
68.3871,84.0669,116.125,0.444,50.0104,16.8294
68.6372,87.9832,116.125,0.444,49.9779,16.8994
68.8871,104.021,116.125,0.444,49.9818,16.9714
69.1372,87.982,116.125,0.444,50.051,17.0384
69.3871,92.0154,116.125,0.444,50.0059,17.1136
69.6372,91.9767,116.125,0.448,49.9179,17.1866
69.8871,92.0238,116.125,0.453,49.8742,17.2525
70.1372,107.983,116.125,0.458,49.9137,17.3267
70.3871,92.0169,116.125,0.464,49.9532,17.3959
70.6372,91.9819,116.125,0.472,49.9396,17.4704
70.8871,88.0143,116.125,0.478,49.9901,17.5469
71.1372,91.9748,116.125,0.484,50.0662,17.6148
71.3871,92.0285,116.125,0.49,49.9974,17.6873
71.6372,95.982,116.125,0.486,49.9882,17.7565
71.8871,100.017,116.125,0.46,49.9814,17.8256
72.1373,99.9212,116.125,0.458,49.9534,17.8944
72.3878,99.8221,116.125,0.459,49.8938,17.9652
72.6372,92.2199,116.125,0.46,49.9546,18.0394
72.8871,96.0161,116.125,0.445,50.0179,18.1105
73.1372,87.9823,116.125,0.442,50.1118,18.1765
73.3871,88.0151,116.125,0.435,50.0255,18.2436
73.6372,95.9856,116.125,0.439,49.9816,18.3187
73.8871,88.0172,116.125,0.442,49.9771,18.3883
74.1372,91.9744,116.125,0.443,49.9781,18.4617
74.3871,88.0228,116.125,0.445,50.0158,18.5284
74.6371,99.9919,116.125,0.449,49.9276,18.6049
74.8871,92.0101,116.125,0.454,49.9954,18.6801
75.1372,87.9731,116.125,0.456,50.0059,18.7513
75.3871,84.0295,116.125,0.458,49.9922,18.8225
75.6371,83.987,116.125,0.462,50.0514,18.8984
75.8871,92.0095,116.125,0.465,49.9764,18.9686
76.1372,95.9708,116.125,0.466,50.0054,19.0412
76.3871,84.0323,116.125,0.468,50.0079,19.1119
76.6371,87.9837,116.125,0.467,49.9475,19.187
76.8871,88.0111,116.125,0.464,50.0041,19.2633
77.1372,83.9812,116.125,0.464,50.0382,19.3347
77.3871,88.0163,116.125,0.464,50.0058,19.4088
77.6372,91.9879,116.125,0.465,49.9979,19.483
77.8871,92.0113,116.125,0.462,50.004,19.551
78.1371,99.9897,116.125,0.462,49.9386,19.6204
78.3871,92.0162,116.125,0.465,49.9879,19.687
78.6372,91.9813,116.125,0.467,49.982,19.7631
78.8871,92.0161,116.125,0.468,49.995,19.8311
79.1372,91.9833,116.125,0.47,50.0099,19.8918
79.3871,92.0063,116.125,0.477,50.0387,19.9556
79.6372,95.9904,116.125,0.482,49.9537,20.0179
79.8871,108.021,116.125,0.497,49.971,20.0724
80.1372,99.9801,116.125,0.499,49.9927,20.1306
80.3871,96.0171,116.125,0.506,50.0248,20.1869
80.6371,91.9913,116.125,0.51,50.0035,20.2502
80.8871,92.0138,116.125,0.482,49.9915,20.3214
81.1372,95.95,116.125,0.468,50.0616,20.3801
81.3871,92.0444,116.125,0.448,50.0266,20.4467
81.6372,103.979,116.125,0.445,49.9531,20.5169
81.8871,92.0182,116.125,0.436,49.9732,20.5861
82.1372,87.9805,116.125,0.42,50.0484,20.657
82.3871,84.0171,116.125,0.424,50.0181,20.7224
82.6371,87.9913,116.125,0.446,50.0621,20.7993
82.8871,88.0106,116.125,0.471,50.0111,20.8741
83.1372,87.964,116.125,0.473,50.006,20.9433
83.3871,88.0415,116.125,0.48,50.0337,21.0178
83.6372,87.9759,116.125,0.483,49.9832,21.0931
83.8871,92.0111,116.125,0.477,49.9781,21.1649
84.1372,95.9892,116.125,0.467,50.001,21.2387
84.3871,84.024,116.125,0.449,50.0135,21.3097
84.6371,87.9849,116.125,0.452,49.9809,21.3873
84.8871,88.0082,116.125,0.46,50.0225,21.4641
85.1371,83.9922,116.125,0.462,50.0489,21.5357
85.3871,84.0074,116.125,0.464,50.0153,21.6028
85.6373,87.9384,116.125,0.461,50.0101,21.6774
85.8871,88.0635,116.125,0.459,50.0013,21.7489
86.1372,87.9806,116.125,0.459,49.9658,21.8211
86.3871,84.0189,116.125,0.458,50.0214,21.893
86.6372,99.9677,116.125,0.458,49.9658,21.9651
86.8871,88.033,116.125,0.458,49.979,22.044
87.1372,83.9777,116.125,0.458,50.001,22.1139
87.3871,88.0157,116.125,0.452,49.9516,22.1903
87.6371,87.9898,116.125,0.452,50.0878,22.2616
87.8871,88.0115,116.125,0.466,50.0065,22.3378
88.1371,87.9899,116.125,0.483,49.9645,22.4134
88.3871,88.0123,116.125,0.486,50.0178,22.4848
88.6371,91.9883,116.125,0.486,49.9892,22.5614
88.8871,92.0023,116.125,0.486,49.9902,22.6367
89.1372,87.9822,116.125,0.459,50.0258,22.7073
89.3871,88.0338,116.125,0.396,50.0283,22.7807
89.6371,91.9822,116.125,0.364,49.9922,22.8587
89.8871,84.025,116.125,0.327,50.075,22.9308
90.1371,87.9698,116.125,0.316,49.9776,23.0052
90.3871,92.0178,116.125,0.315,50.0132,23.0777
90.6373,91.9247,116.125,0.322,49.9762,23.1472
90.8871,88.0752,116.125,0.333,50.0223,23.2176
91.1372,87.9766,116.125,0.341,50.019,23.2783
91.3871,100.023,116.125,0.361,50.0178,23.3475
91.6373,91.9251,116.125,0.388,50.0131,23.4169
91.8871,104.098,116.125,0.414,49.9068,23.4896
92.1372,91.96,116.125,0.438,49.9503,23.5581
92.3871,84.0361,116.125,0.453,50.0253,23.6223
92.6372,95.9661,116.125,0.463,50.0657,23.6941
92.8871,88.0229,116.125,0.473,50.0189,23.7663
93.1372,91.9498,116.125,0.483,50.0313,23.8307
93.3871,92.0557,116.125,0.502,50.0229,23.9009
93.6372,87.9739,116.125,0.508,49.9917,23.973
93.8871,96.0243,116.125,0.532,49.9904,24.0445
94.1372,95.9615,116.125,0.532,50.0175,24.1192
94.3871,96.0339,116.125,0.533,50.0277,24.1885
94.6372,87.9768,116.125,0.539,49.9656,24.2593
94.8871,88.024,116.125,0.548,50.0344,24.332
95.1371,87.9858,116.125,0.554,50.0141,24.4026
95.3871,92.0135,116.125,0.558,50.0369,24.4769
95.6371,87.984,116.125,0.56,50.0257,24.5436
95.8871,80.0188,116.125,0.561,50.054,24.6209
96.1371,91.9803,116.125,0.56,50.0301,24.6954
96.3871,108.012,116.125,0.556,49.967,24.7672
96.6371,79.9911,116.125,0.557,49.9943,24.8445
96.8871,88.0174,116.125,0.556,49.9821,24.9217
97.1371,87.9848,116.125,0.553,50.0032,24.9861
97.3871,80.0145,116.125,0.55,50.0151,25.0378
97.6372,87.975,116.125,0.55,49.9727,25.052
97.8871,88.0238,116.125,0.558,50.0378,25.0529
98.1371,87.9811,116.125,0.562,49.9256,25.0542
98.3871,104.023,116.125,0.562,50.0197,25.0555
98.6372,87.9796,116.125,0.562,49.9948,25.0568
98.9372,83.3265,116.199,0.551,50.0249,25.0584
99.1872,91.9859,116.199,0.552,50.0223,25.0595
99.4372,92.0084,116.199,0.555,50.0146,25.0601
99.6871,88.0228,116.199,0.556,50.0106,25.0614
99.9372,99.9875,116.199,0.557,49.9918,25.0626
100.187,100.029,116.199,0.562,50.0059,25.074
100.437,79.9811,116.199,0.535,50.0188,25.1215
100.687,88.0132,116.199,0.515,49.9775,25.1801
100.937,87.9874,116.199,0.511,50.0643,25.2417
101.187,92.0185,116.199,0.511,50.0428,25.3125
101.437,87.9789,116.199,0.511,50.003,25.3769
101.687,84.0165,116.199,0.512,50.016,25.4526
101.937,95.9842,116.199,0.515,50.0015,25.5229
102.187,100.003,116.199,0.522,49.9958,25.5956
102.437,84.0009,116.199,0.527,50.0245,25.6658
102.687,88.0166,116.199,0.532,50.0318,25.739
102.937,87.9805,116.199,0.534,49.9637,25.8108
103.187,88.0162,116.199,0.534,50.0429,25.881
103.437,91.9606,116.199,0.534,49.9573,25.9543
103.687,91.9987,116.199,0.534,50.0146,26.0258
103.937,92.0229,116.199,0.533,50.0072,26.0898
104.187,84.0181,116.199,0.533,49.9654,26.1563
104.438,107.762,116.199,0.521,50.0881,26.2238
104.687,100.22,116.199,0.52,49.9409,26.3
104.937,91.9759,116.199,0.525,50.0167,26.3667
105.187,88.0234,116.199,0.531,50.0361,26.4297
105.437,91.9745,116.199,0.537,50.0846,26.4954
105.687,88.0278,116.199,0.533,50.0157,26.5583
105.937,91.9563,116.199,0.495,50.0078,26.6157
106.187,96.0362,116.199,0.447,50.0126,26.681
106.437,95.956,116.199,0.406,49.9933,26.7459
106.687,108.053,116.199,0.355,49.9698,26.8186
106.937,91.9825,116.199,0.332,49.9961,26.8918
107.187,96.0157,116.199,0.309,49.9603,26.9585
107.437,95.9783,116.199,0.303,49.9761,27.0261
107.687,92.0264,116.199,0.295,50.0016,27.0949
107.937,95.9704,116.199,0.298,50.0919,27.1632
108.187,100.043,116.199,0.301,50.0606,27.2295
108.437,87.9089,116.199,0.318,50.0173,27.2957
108.687,92.0892,116.199,0.355,50.0384,27.3691
108.937,91.9703,116.199,0.381,49.9583,27.4431
109.187,88.0241,116.199,0.434,50.0297,27.5163
109.437,91.9879,116.199,0.472,50.05,27.59
109.687,88.0107,116.199,0.469,50.0153,27.6676
109.937,99.8672,116.199,0.468,50.063,27.7391
110.187,88.1223,116.199,0.46,50.0159,27.8135
110.437,83.9778,116.199,0.444,50.0099,27.883
110.687,88.0186,116.199,0.42,50.0115,27.9563
110.937,83.9573,116.199,0.42,49.9879,28.0316
111.187,84.0432,116.199,0.434,50.011,28.1032
111.437,99.9758,116.199,0.439,50.0285,28.1799
111.687,88.0221,116.199,0.441,50.0299,28.2571
111.937,87.9609,116.199,0.443,50.0151,28.3281
112.187,84.0347,116.199,0.444,50.0007,28.4023
112.437,83.9822,116.199,0.445,50.0062,28.4734
112.687,88.0182,116.199,0.445,49.9982,28.5505
112.937,91.9838,116.199,0.445,49.9364,28.6255
113.187,92.004,116.199,0.445,50.0199,28.6978
113.437,87.9992,116.199,0.445,50.0091,28.7751
113.687,84.0155,116.199,0.442,50.0335,28.852
113.937,87.8915,116.199,0.441,50.0783,28.9238
114.187,100.11,116.199,0.455,50.0305,28.9986
114.437,95.878,116.199,0.466,50.0033,29.0689
114.687,84.1139,116.199,0.474,49.9807,29.1442
114.937,91.9604,116.199,0.474,49.9621,29.2168
115.187,84.0408,116.199,0.475,50.0461,29.2879
115.437,83.9544,116.199,0.475,50.0422,29.3652
115.687,88.0407,116.199,0.459,50.0225,29.4427
115.938,99.6457,116.199,0.446,50.0237,29.5133
116.187,92.3326,116.199,0.441,49.9841,29.5852
116.437,91.9536,116.199,0.447,50.0097,29.6571
116.687,88.0501,116.199,0.454,50.0196,29.7349
116.937,92.0036,116.199,0.456,50.0668,29.8067
117.187,87.9809,116.199,0.457,50.0216,29.8714
117.437,99.8524,116.199,0.461,50.0566,29.9363
117.687,92.1458,116.199,0.468,50.011,29.9984
117.937,95.9913,116.199,0.492,50.0157,30.0537
118.187,100.009,116.199,0.511,50.0071,30.1117
118.437,99.9486,116.199,0.534,50.0894,30.1692
118.687,96.0513,116.199,0.499,49.9962,30.2307
118.937,100.04,116.199,0.466,50.0095,30.2891
119.187,91.9642,116.199,0.417,49.9495,30.3446
119.438,91.6905,116.199,0.382,50.0427,30.4047
119.687,92.3096,116.199,0.368,50.0142,30.4713
119.937,95.9705,116.199,0.358,50.066,30.5329
120.187,100.024,116.199,0.362,50.0533,30.597
120.437,99.9802,116.199,0.37,50.0627,30.6604
120.687,104.026,116.199,0.379,49.9704,30.7314
120.937,91.973,116.199,0.393,50.0073,30.8076
121.187,91.9538,116.199,0.409,50.0466,30.8731
121.437,92.0453,116.199,0.427,50.0301,30.9451
121.687,84.0192,116.199,0.436,50.0171,31.0162
121.937,91.969,116.199,0.443,49.9917,31.0854
122.187,88.0402,116.199,0.449,50.0113,31.1592
122.437,87.9661,116.199,0.455,50.0701,31.2294
122.687,96.0202,116.199,0.457,50.0333,31.3054
122.937,87.8969,116.199,0.458,50.044,31.3794
123.187,88.1253,116.199,0.458,49.9808,31.4511
123.437,87.9674,116.199,0.458,50.0614,31.5286
123.687,84.0319,116.199,0.458,50.0176,31.6056
123.937,91.9704,116.199,0.459,50.0568,31.6758
124.187,84.0151,116.199,0.459,50.0328,31.7535
124.437,91.9439,116.199,0.459,50.0085,31.8287
124.687,88.0561,116.199,0.459,50.018,31.9013
124.937,87.9817,116.199,0.459,50.0022,31.9751
125.187,96.0152,116.199,0.458,50.0142,32.047
125.438,95.8425,116.199,0.459,49.991,32.1242
125.687,84.1299,116.199,0.458,50.0075,32.1911
125.937,87.9945,116.199,0.458,50.0224,32.2644
126.187,92.0096,116.199,0.434,50.0559,32.3357
126.437,91.9734,116.199,0.432,50.0577,32.4048
126.687,92.0379,116.199,0.431,50.049,32.4825
126.937,91.948,116.199,0.44,49.9919,32.5548
127.187,96.0502,116.199,0.458,49.9628,32.619
127.437,103.989,116.199,0.491,49.9634,32.687
127.687,92.0151,116.199,0.52,50.0082,32.7618
127.937,95.9754,116.199,0.486,49.9962,32.8296
128.187,96.0207,116.199,0.456,50.0176,32.9025
128.437,91.9674,116.199,0.421,50.0225,32.9714
128.687,88.0318,116.199,0.404,50.0268,33.0482
128.937,95.9803,116.199,0.398,49.9632,33.1227
129.187,100.021,116.199,0.404,50.0154,33.1922
129.437,95.9685,116.199,0.411,50.0083,33.268
129.687,92.0322,116.199,0.415,49.9772,33.3418
129.938,95.8294,116.199,0.422,50.0316,33.4112
130.187,84.1506,116.199,0.419,50.0784,33.484
130.437,91.9311,116.199,0.382,50.0556,33.5549
130.687,92.0659,116.199,0.373,50.0278,33.6297
130.937,87.9694,116.199,0.369,50.0095,33.6997
131.187,100.046,116.199,0.368,49.9903,33.7663
131.437,87.9612,116.199,0.368,50.045,33.8419
131.687,84.0289,116.199,0.366,50.011,33.9114
131.937,87.9391,116.199,0.36,50.0353,33.9887
132.187,88.0646,116.199,0.355,50.033,34.0668
132.437,83.9729,116.199,0.347,50.0344,34.1357
132.687,88.026,116.199,0.344,50.0342,34.213
132.937,91.9626,116.199,0.337,49.9664,34.2874
133.187,104.039,116.199,0.334,49.9846,34.3577
133.437,91.9676,116.199,0.319,49.9899,34.4289
133.687,88.0297,116.199,0.315,50.0046,34.5033
133.937,95.9663,116.199,0.332,50.0046,34.5725
134.187,88.0225,116.199,0.353,50.0129,34.6429
134.437,95.9633,116.199,0.385,49.994,34.706
134.687,96.0392,116.199,0.417,50.0078,34.7662
134.937,95.989,116.199,0.472,49.9454,34.8262
135.187,108.025,116.199,0.495,49.9532,34.8808
135.437,99.9508,116.199,0.52,50.0579,34.9425
135.687,108.031,116.199,0.546,49.936,34.9982
135.937,103.985,116.199,0.569,49.9922,35.0602
136.187,100.046,116.199,0.585,49.9918,35.1195
136.437,107.912,116.199,0.561,49.5437,35.1731
136.687,108.055,116.199,0.54,47.8112,35.2337
136.937,99.9829,116.199,0.521,47.8459,35.2959
137.187,100.03,116.199,0.522,47.7901,35.3588
137.437,99.9855,116.199,0.52,48.1753,35.43
137.687,100.016,116.199,0.52,50.0082,35.5053
137.937,87.9869,116.199,0.525,50.0315,35.5717
138.187,95.9642,116.199,0.532,49.9786,35.6425
138.437,88.0325,116.199,0.541,49.9933,35.7099
138.687,104.024,116.199,0.549,49.9741,35.7859
138.937,99.9841,116.199,0.555,49.9851,35.8573
139.187,88.02,116.199,0.562,50.0247,35.9252
139.437,91.9736,116.199,0.576,49.9931,35.9944
139.687,91.9937,116.199,0.576,49.9705,36.066
139.937,92.0047,116.199,0.581,49.9516,36.1265
140.187,104.009,116.199,0.588,50.0271,36.1786
140.437,87.9667,116.199,0.595,50.0016,36.1907
140.687,96.0241,116.199,0.596,49.9797,36.192
140.937,92.0048,116.199,0.592,50.0571,36.1938
141.187,87.9884,116.199,0.593,49.9937,36.196
141.437,92.0143,116.199,0.592,50.0914,36.1971
141.687,91.9709,116.199,0.591,50.0398,36.1979
141.937,92.0194,116.199,0.589,50.0399,36.1988
142.187,104.076,116.199,0.587,50.0017,36.2002
142.437,83.9231,116.199,0.591,50.0631,36.2012
142.687,92.0524,116.199,0.591,50.0192,36.2028
142.937,91.9729,116.199,0.596,50.033,36.2089
143.187,96.0226,116.199,0.598,50.0379,36.2523
143.437,87.9738,116.199,0.602,50.0641,36.3173
143.687,88.0143,116.199,0.576,49.9999,36.3855
143.937,103.99,116.199,0.552,50.0303,36.4532
144.187,99.9043,116.199,0.546,49.9614,36.527
144.437,84.0794,116.199,0.54,50.0076,36.5959
144.687,92.0216,116.199,0.547,50.0616,36.6688
144.937,83.9763,116.199,0.555,49.991,36.7369
145.187,100.019,116.199,0.561,49.9836,36.8046
145.437,87.9712,116.199,0.567,50.0223,36.8815
145.687,100.037,116.199,0.564,50.0153,36.9507
145.938,91.8474,116.199,0.563,50.0801,37.0235
146.187,96.1239,116.199,0.565,50.0309,37.0967
146.437,100.002,116.199,0.566,49.9523,37.1603
146.687,100.038,116.199,0.569,50.0995,37.2268
146.937,95.9832,116.199,0.578,50.1031,37.2843
147.187,99.9797,116.199,0.588,50.0038,37.338
147.437,100.028,116.199,0.592,50.0847,37.3962
147.687,111.976,116.199,0.587,49.9838,37.4493
147.937,87.9923,116.199,0.573,50.0232,37.5043
148.187,116.006,116.199,0.523,49.9737,37.5634
148.437,112.013,116.199,0.458,49.9495,37.62
148.687,96.0286,116.199,0.418,50.0069,37.6814
148.937,95.9734,116.199,0.357,50.0643,37.7429
149.187,104.031,116.199,0.328,50.0107,37.8067
149.437,91.969,116.199,0.289,50.0144,37.8793
149.687,103.999,116.199,0.278,49.9596,37.9557
149.937,100.008,116.199,0.275,50.0028,38.0271
150.187,100.015,116.199,0.289,49.9917,38.1006
150.437,87.9907,116.199,0.31,49.9781,38.1707
150.687,96.0144,116.199,0.342,50.0495,38.2427
150.937,91.989,116.199,0.366,50.1863,38.318
151.187,96.0154,116.199,0.367,50.0258,38.3889
151.437,95.9577,116.199,0.372,50.1337,38.4674
151.687,84.0306,116.199,0.377,50.0219,38.5379
151.937,91.9888,116.199,0.382,49.9916,38.6137
152.187,92.0202,116.199,0.388,50.0783,38.6848
152.437,87.9693,116.199,0.392,49.9928,38.7619
152.687,99.9971,116.199,0.398,49.9996,38.8328
152.937,99.9413,116.199,0.42,50.0528,38.9064
153.187,92.0822,116.199,0.431,50.0259,38.9773
153.437,79.9829,116.199,0.431,50.0328,39.0526
153.687,96.0272,116.199,0.431,50.2321,39.1291
153.937,83.9689,116.199,0.431,50.1032,39.1999
154.187,96.0296,116.199,0.431,49.9888,39.2718
154.437,87.9867,116.199,0.432,50.0473,39.3355
154.687,100.022,116.199,0.436,50.0535,39.4068
154.937,103.974,116.199,0.445,49.961,39.4797
155.187,92.0057,116.199,0.454,49.9789,39.5487
155.437,91.9506,116.199,0.466,50.0606,39.6208
155.687,96.0609,116.199,0.472,50.0221,39.6869
155.937,91.9843,116.199,0.481,50.0753,39.7593
156.187,100.01,116.199,0.483,50.0429,39.8333
156.437,99.9608,116.199,0.483,50.0543,39.9029
156.687,104.059,116.199,0.478,50.035,39.9766
156.937,83.977,116.199,0.454,50.0112,40.0426
157.187,99.9841,116.199,0.452,49.9923,40.1114
157.437,92.0151,116.199,0.462,50.0877,40.188
157.687,92.022,116.199,0.457,50.0194,40.253
157.937,91.9726,116.199,0.446,50.1104,40.3266
158.187,96.0067,116.199,0.446,50.0516,40.3972
158.437,95.9811,116.199,0.44,50.0009,40.4724
158.687,96.0409,116.199,0.437,49.9896,40.5385
158.937,83.9818,116.199,0.44,50.0493,40.6104
159.187,92.0022,116.199,0.443,50.0157,40.6815
159.437,87.9994,116.199,0.446,50.0882,40.7575
159.687,100.013,116.199,0.452,50.0833,40.8303
159.937,91.9865,116.199,0.455,50.0534,40.8968
160.187,88.0152,116.199,0.459,50.0202,40.9669
160.437,91.9837,116.199,0.464,50.0606,41.0356
160.687,88.0121,116.199,0.466,50.1573,41.1117
160.937,79.9892,116.199,0.467,50.0345,41.1825
161.187,96.02,116.199,0.468,49.9972,41.2508
161.437,79.9744,116.199,0.468,50.0672,41.3272
161.687,96.0156,116.199,0.468,49.985,41.398
161.937,91.9982,116.199,0.468,50.1034,41.4751
162.187,88.0119,116.199,0.469,50.0268,41.5492
162.437,91.9838,116.199,0.469,49.968,41.62
162.687,95.9967,116.199,0.469,49.9776,41.696
162.937,84.0022,116.199,0.469,50.0553,41.7632
163.187,92.0143,116.199,0.466,50.0042,41.8336
163.437,91.9914,116.199,0.461,50.0634,41.9088
163.687,104.016,116.199,0.462,50.015,41.9775
163.939,103.189,116.199,0.47,50.0474,42.049
164.187,96.7272,116.199,0.475,49.9947,42.1056
164.437,92.0005,116.199,0.483,50.0441,42.1262
164.687,96.0733,116.199,0.482,49.9948,42.1269
164.937,87.9493,116.199,0.481,50.2639,42.1279
165.187,88.014,116.199,0.478,50.0268,42.1289
165.437,91.9844,116.199,0.473,50.032,42.1298
165.687,96.0076,116.199,0.471,50.0163,42.131
165.937,99.9917,116.199,0.47,50.0268,42.1329
166.187,100.006,116.199,0.473,49.9814,42.1338
166.437,91.991,116.199,0.472,49.9957,42.1345
166.687,96.0005,116.199,0.47,49.9853,42.1357
166.937,83.9928,116.199,0.477,50.021,42.1368
167.187,92.0124,116.199,0.481,49.9924,42.1386
167.437,91.9841,116.199,0.488,50.0168,42.1785
167.687,104.028,116.199,0.489,50.0175,42.2327
167.937,99.9601,116.199,0.46,50.0186,42.2899
168.187,99.9798,116.199,0.447,49.9934,42.3506
168.437,100.049,116.199,0.447,50.0257,42.4124
168.687,95.9959,116.199,0.447,49.982,42.483
168.937,96.0056,116.199,0.451,50.0911,42.5564
169.187,96.0133,116.199,0.455,50.0041,42.6277
169.437,87.9866,116.199,0.457,50.0512,42.7009
169.687,91.9767,116.199,0.458,50.02,42.7707
169.937,95.9981,116.199,0.455,50.0934,42.846
170.187,96.0013,116.199,0.459,50.0042,42.9216
170.437,84.0039,116.199,0.459,50.0251,42.9929
170.687,84.0267,116.199,0.459,50.0981,43.0699
170.937,83.9848,116.199,0.458,50.0893,43.1433
171.187,88.0022,116.199,0.458,50.0278,43.2144
171.437,84.0109,116.199,0.458,50.0408,43.2908
171.687,95.9758,116.199,0.458,49.9926,43.3617
171.937,87.99,116.199,0.458,50.0342,43.4391
172.187,100.054,116.199,0.458,49.984,43.513
172.437,83.9789,116.199,0.458,50.0129,43.5823
172.687,87.9769,116.199,0.458,49.975,43.6591
172.937,91.998,116.199,0.458,50.0475,43.7307
173.187,88.0128,116.199,0.458,49.9953,43.8051
173.437,87.9508,116.199,0.459,50.0139,43.8829
173.687,88.0609,116.199,0.458,50.0091,43.9543
173.937,88.0046,116.199,0.459,50.0582,44.0316
174.187,95.9928,116.199,0.458,50.0468,44.1053
174.437,91.9932,116.199,0.454,50.0731,44.1764
174.687,104.012,116.199,0.451,49.989,44.25
174.937,88,116.199,0.455,49.9532,44.3148
175.187,100.005,116.199,0.46,50.0797,44.3724
175.437,92.004,116.199,0.464,50.1016,44.4291
175.687,95.9974,116.199,0.47,50.0617,44.4805
175.937,95.8806,116.199,0.461,50.0317,44.5366
176.187,108.098,116.199,0.455,49.968,44.5896
176.437,96.0003,116.199,0.446,50.0099,44.6443
176.687,108.049,116.199,0.418,50.0039,44.7038
176.937,99.9823,116.199,0.382,50.0391,44.7614
177.187,95.9799,116.199,0.342,50.0193,44.8252
177.437,100.016,116.199,0.319,50.0844,44.8972
177.687,100.019,116.199,0.301,49.9936,44.9624
177.937,91.9873,116.199,0.306,50.0807,45.0374
178.187,100.017,116.199,0.32,50.0234,45.108
178.437,87.9868,116.199,0.331,50.0002,45.18
178.687,99.9739,116.199,0.358,50.0191,45.2518
178.939,95.3285,116.199,0.373,50.0069,45.3112
179.187,100.729,116.199,0.407,50.0185,45.3762
179.437,87.9826,116.199,0.436,50.0255,45.4436
179.687,104.02,116.199,0.486,49.9842,45.5066
179.937,100.005,116.199,0.515,50.2054,45.571
180.187,99.9764,116.199,0.576,50.0572,45.6405
180.437,92.0236,116.199,0.621,50.0196,45.7131
180.687,99.9779,116.199,0.691,50.0517,45.7875
180.937,99.966,116.199,0.723,49.997,45.8543
181.187,104.064,116.199,0.789,50.0156,45.9201
181.437,91.9956,116.199,0.836,50.0518,45.979
181.687,92.0099,116.199,0.877,49.9713,46.0329
181.888,124.167,116.199,0.901,49.1318,46.0771
182.137,100.538,116.199,0.92,47.8841,46.1312
182.387,95.9791,116.199,0.944,47.9088,46.188
182.637,88.0171,116.199,0.951,47.8677,46.2518
182.887,95.9865,116.199,0.934,48.7161,46.3204
183.137,92.0068,116.199,0.919,50.0041,46.3913
183.387,87.9946,116.199,0.908,49.9247,46.4607
183.637,96.0119,116.199,0.895,50.0167,46.5255
183.887,95.9841,116.199,0.873,49.9794,46.5974
184.137,100.015,116.199,0.868,50.0392,46.6642
184.387,87.9867,116.199,0.866,49.9067,46.7345
184.637,88.0167,116.199,0.866,50.0319,46.8109
184.887,91.9838,116.199,0.864,49.9765,46.8798
185.137,88.0135,116.199,0.864,50.0164,46.9446
185.387,83.9859,116.199,0.854,49.9935,47.0055
185.637,100.019,116.199,0.842,49.9874,47.0596
185.887,91.9783,116.199,0.768,49.9733,47.1209
186.137,92.0191,116.199,0.727,49.9781,47.1825
186.387,103.979,116.199,0.66,49.9723,47.2509
186.637,96.0168,116.199,0.613,50.0314,47.3254
186.887,95.9869,116.199,0.548,49.9031,47.393
187.137,92.0149,116.199,0.51,50.0002,47.4661
187.387,91.9849,116.199,0.458,50.0087,47.5309
187.637,92.0227,116.199,0.418,49.9941,47.5883
187.887,91.975,116.199,0.381,49.9911,47.6244
188.137,88.0143,116.199,0.381,50.0303,47.6269
188.387,111.933,116.199,0.381,48.2949,47.6276
188.637,96.048,116.199,0.368,47.7414,47.6284
188.887,115.962,116.199,0.368,46.739,47.6295
189.137,92.0378,116.199,0.367,47.7785,47.6307
189.387,87.9612,116.199,0.354,50.0106,47.632
189.637,96.0393,116.199,0.354,49.9626,47.6331
189.887,91.9655,116.199,0.343,50.4277,47.6346
190.137,104.097,116.199,0.338,49.9856,47.6355
190.387,87.9328,116.199,0.339,49.9137,47.6369
190.637,88.0297,116.199,0.334,50.0231,47.639
190.887,87.9622,116.199,0.338,50.0181,47.6568
191.137,88.0352,116.199,0.391,50.0122,47.7185
191.387,95.9696,116.199,0.481,49.9279,47.7839
191.637,92.0329,116.199,0.499,49.9843,47.8391
191.887,91.964,116.199,0.519,49.9541,47.8974
192.137,92.0127,116.199,0.552,49.9869,47.9571
192.387,95.9727,116.199,0.6,49.9733,48.0207
192.637,100.048,116.199,0.641,50.0093,48.096
192.887,91.9685,116.199,0.707,50.0094,48.163
193.137,96.0375,116.199,0.746,50.0063,48.2304
193.387,95.9322,116.199,0.797,49.9528,48.2923
193.637,96.0641,116.199,0.822,49.9995,48.3534
193.887,87.9661,116.199,0.854,49.9853,48.4153
194.137,92.0302,116.199,0.867,49.9288,48.4733
194.387,91.944,116.199,0.886,49.9659,48.5346
194.637,92.0611,116.199,0.891,49.9849,48.6048
194.887,87.9731,116.199,0.896,49.9453,48.6725
195.137,92.0239,116.199,0.894,50.0005,48.7466
195.387,103.963,116.199,0.881,49.9653,48.8211
195.637,92.038,116.199,0.869,49.9587,48.8873
195.887,87.9609,116.199,0.867,50.0012,48.9563
196.137,88.0388,116.199,0.863,50.0138,49.0207
196.387,91.9431,116.199,0.861,49.9815,49.0911
196.637,92.0541,116.199,0.849,50.0262,49.1674
196.887,87.9615,116.199,0.838,49.9886,49.2331
197.137,100.047,116.199,0.826,49.998,49.3
197.387,95.9574,116.199,0.807,49.9787,49.3594
197.637,92.0466,116.199,0.76,49.9819,49.4166
197.887,87.9619,116.199,0.693,49.9945,49.4781
198.137,92.0322,116.199,0.643,49.9837,49.5388
198.387,91.9487,116.199,0.584,49.954,49.6046
198.637,96.0545,116.199,0.547,49.9829,49.6761
198.887,95.9633,116.199,0.496,49.945,49.7459
199.137,96.0469,116.199,0.461,50.0024,49.8203
199.387,103.95,116.199,0.436,49.8899,49.8793
199.637,96.0437,116.199,0.42,50.0201,49.9403
199.887,87.9591,116.199,0.393,49.9674,50.003
200.137,96.0398,116.199,0.378,50.0066,50.0645
200.387,87.9591,116.199,0.353,49.9898,50.1294
200.637,88.0333,116.199,0.329,49.9945,50.1966
200.887,95.9691,116.199,0.317,50.0098,50.2617
201.137,88.0335,116.199,0.322,50.0126,50.336
201.387,95.924,116.199,0.319,49.9552,50.4108
201.637,104.08,116.199,0.34,49.9901,50.4754
201.887,107.966,116.199,0.375,49.7903,50.5353
202.137,92.0392,116.199,0.405,49.9804,50.5909
202.387,91.9371,116.199,0.456,50.0905,50.6478
202.637,100.059,116.199,0.472,49.9913,50.7063
202.887,91.9629,116.199,0.489,49.9973,50.7614
203.137,100.046,116.199,0.497,49.9811,50.8196
203.387,95.9474,116.199,0.483,49.9427,50.8767
203.637,119.993,116.199,0.458,49.9686,50.935
203.887,92.0126,116.199,0.446,49.868,50.9984
204.137,92.0422,116.199,0.433,49.9793,51.061
204.387,87.9419,116.199,0.432,50.0019,51.1332
204.637,96.0676,116.199,0.432,50.0003,51.2089
204.887,83.9544,116.199,0.433,50.0052,51.2802
205.137,92.0394,116.199,0.435,49.9898,51.3572
205.387,87.9671,116.199,0.436,49.9622,51.4324
205.637,92.0476,116.199,0.436,49.9688,51.5028
205.887,87.9566,116.199,0.407,50.0003,51.58
206.137,104.049,116.199,0.392,50.0145,51.6534
206.387,83.9557,116.199,0.384,49.998,51.7233
206.637,92.0391,116.199,0.382,49.9963,51.8008
206.887,83.9637,116.199,0.375,49.9798,51.8728
207.137,88.0408,116.199,0.373,50.0231,51.9476
207.387,83.9445,116.199,0.366,49.9945,52.0255
207.637,88.0592,116.199,0.362,50.0058,52.0951
207.887,91.9415,116.199,0.353,49.9693,52.172
208.137,104.065,116.199,0.346,49.9566,52.2423
208.387,87.9747,116.199,0.335,49.9174,52.3152
208.637,92.0254,116.199,0.316,49.9938,52.3902
208.887,83.9682,116.199,0.308,49.9349,52.4597
209.137,96.0302,116.199,0.317,49.9967,52.5361
209.387,91.9615,116.199,0.345,49.9332,52.6032
209.637,92.0435,116.199,0.369,50.0076,52.6718
209.887,107.957,116.199,0.412,49.8334,52.7382
210.137,100.041,116.199,0.44,50.0167,52.7968
210.387,95.9649,116.199,0.483,49.9334,52.8559
210.637,100.036,116.199,0.505,50.0162,52.911
210.887,95.9615,116.199,0.532,49.9961,52.9667
211.137,104.033,116.199,0.551,50.0254,53.0293
211.387,139.998,116.199,0.565,48.2588,53.0862
211.637,99.9846,116.199,0.56,47.7961,53.1496
211.887,112.015,116.199,0.522,47.7689,53.2092
212.137,103.994,116.199,0.51,47.8291,53.2676
212.387,100.021,116.199,0.505,49.995,53.3303
212.637,99.9768,116.199,0.516,49.9508,53.3969
212.887,100.028,116.199,0.554,49.9976,53.4647
213.137,99.9623,116.199,0.569,50.0065,53.5412
213.387,108.022,116.199,0.563,49.9071,53.6105
213.637,107.989,116.199,0.576,50.0579,53.6808
213.887,103.998,116.199,0.612,50.0217,53.7503
214.137,103.994,116.199,0.639,50.0282,53.8176
214.387,92.0109,116.199,0.678,50.014,53.8877
214.637,103.994,116.199,0.702,50.023,53.9511
214.887,104.023,116.199,0.74,50.0157,54.0074
215.137,95.9751,116.199,0.755,50.0201,54.0659
215.387,112.001,116.199,0.793,49.9803,54.1258
215.637,103.988,116.199,0.824,49.9903,54.1848
215.887,104.031,116.199,0.838,49.9766,54.2497
216.137,91.9817,116.199,0.849,50.0237,54.309
216.387,104.013,116.199,0.821,50.0911,54.3701
216.637,99.9906,116.199,0.794,50.0081,54.4323
216.887,100.024,116.199,0.77,49.9789,54.4953
217.137,99.974,116.199,0.752,50.0021,54.5649
217.387,107.983,116.199,0.734,49.9989,54.6306
217.637,156.04,116.199,0.725,47.7931,54.6985
217.887,100.013,116.199,0.722,47.9164,54.7741
218.137,99.9747,116.199,0.72,47.8988,54.8451
218.387,104.036,116.199,0.719,47.9086,54.9141
218.637,99.9721,116.199,0.723,50.0082,54.99
218.887,112.009,116.199,0.737,49.9934,55.0598
219.137,99.9936,116.199,0.725,49.955,55.1322
219.387,92.0149,116.199,0.674,50.0412,55.2077
219.588,119.561,116.199,0.646,49.5694,55.26
219.837,120.335,116.199,0.623,48.0333,55.3331
220.087,112.005,116.199,0.607,48.0198,55.3961
220.337,103.985,116.199,0.606,47.9853,55.4649
220.587,112.032,116.199,0.614,48.4156,55.5291
220.837,99.9718,116.199,0.629,49.9983,55.5909
221.087,108.032,116.199,0.665,50.0465,55.6572
221.337,107.976,116.199,0.702,50.0142,55.7198
221.587,111.998,116.199,0.761,49.9747,55.7828
221.837,103.922,116.199,0.805,50.0169,55.8472
222.087,140.109,116.199,0.874,47.9508,55.9132
222.337,111.969,116.199,0.916,47.8558,55.9758
222.587,112.029,116.199,0.958,47.9046,56.0376
222.837,99.993,116.199,0.946,47.8815,56.0989
223.087,107.952,116.199,0.954,49.5175,56.1675
223.337,128.027,116.199,0.971,46.461,56.2371
223.587,131.942,116.199,0.973,44.2337,56.3066
223.837,100.082,116.199,1.007,44.266,56.3799
224.088,115.788,116.199,1.014,44.2582,56.4414
224.337,112.186,116.199,1.053,46.987,56.5156
224.587,107.979,116.199,1.08,49.8213,56.585
224.837,112.043,116.199,1.103,49.9901,56.659
225.087,95.9366,116.199,1.126,49.9549,56.737
225.337,100.061,116.199,1.149,49.9712,56.8068
225.587,103.97,116.199,1.159,49.99,56.8782
225.837,120.042,116.199,1.18,50.0001,56.955
226.087,107.929,116.199,1.194,49.9828,57.0267
226.337,104.055,116.199,1.172,50.0274,57.1004
226.587,99.9176,116.199,1.17,49.9687,57.1733
226.837,104.104,116.199,1.171,50.099,57.2434
227.087,95.9183,116.199,1.177,49.9794,57.317
227.337,104.083,116.199,1.194,49.9865,57.3863
227.587,99.9545,116.199,1.209,49.9861,57.4598
227.837,100.042,116.199,1.227,49.9529,57.533
228.087,131.875,116.199,1.206,48.5211,57.5994
228.337,120.11,116.199,1.176,47.8004,57.6701
228.587,100.007,116.199,1.16,47.7742,57.7315
228.837,103.969,116.199,1.13,47.7578,57.7919
229.087,99.9768,116.199,1.107,49.841,57.8499
229.337,104.045,116.199,1.097,50.0741,57.8712
229.587,100.003,116.199,1.092,49.9959,57.872
229.837,111.998,116.199,1.09,50.0361,57.8733
230.087,119.983,116.199,1.085,49.8462,57.8742
230.337,104.023,116.199,1.08,49.9783,57.8754
230.587,103.999,116.199,1.08,49.9519,57.8771
230.837,107.994,116.199,1.082,50.0045,57.8778
231.087,100.011,116.199,1.078,50.0069,57.8792
231.337,111.988,116.199,1.069,49.8986,57.8805
231.587,108.014,116.199,1.069,49.9992,57.8816
231.837,107.991,116.199,1.069,49.9953,57.8829
232.087,108.004,116.199,1.068,49.9478,57.8847
232.337,119.99,116.199,1.086,49.9451,57.9055
232.587,107.935,116.199,1.117,49.9762,57.9574
232.837,120.061,116.199,1.164,47.9259,58.0137
233.087,104.019,116.199,1.192,47.9079,58.073
233.337,103.986,116.199,1.228,47.9562,58.1297
233.587,107.996,116.199,1.254,48.0063,58.197
233.837,112.002,116.199,1.293,50.0165,58.2672
234.087,112,116.199,1.319,49.9805,58.3322
234.337,96.0071,116.199,1.344,49.9743,58.398
234.587,108.01,116.199,1.334,49.986,58.4622
234.837,103.987,116.199,1.331,49.939,58.5298
235.087,116.05,116.199,1.309,49.5218,58.6021
235.337,103.901,116.199,1.295,48.0127,58.6701
235.587,112.046,116.199,1.282,47.8918,58.7379
235.837,107.97,116.199,1.278,47.881,58.8072
236.087,116.046,116.199,1.253,48.7438,58.8714
236.337,103.997,116.199,1.204,49.8856,58.9431
236.587,104.005,116.199,1.165,50.0274,59.0137
236.837,112.003,116.199,1.111,49.9732,59.088
237.087,100.014,116.199,1.075,50.0194,59.1622
237.337,99.9325,116.199,1.036,50.0154,59.2323
237.587,108.065,116.199,1.007,49.9981,59.3057
237.837,111.945,116.199,0.976,50.0072,59.3833
238.087,108.057,116.199,0.957,49.9582,59.452
238.337,103.93,116.199,0.936,49.9166,59.5293
238.587,104.079,116.199,0.92,49.9802,59.5983
238.837,99.973,116.199,0.917,49.9229,59.6661
239.087,100.021,116.199,0.924,50.0051,59.7348
239.337,103.948,116.199,0.945,50.0001,59.7938
239.587,116.038,116.199,0.966,50.0205,59.8551
239.837,112.003,116.199,0.897,49.9735,59.9202
240.087,116.024,116.199,0.854,50.0338,59.9834
240.337,99.9589,116.199,0.804,49.9604,60.0508
240.587,108.038,116.199,0.77,49.995,60.1131
240.837,103.895,116.199,0.714,50.0501,60.1898
241.087,104.098,116.199,0.69,50.0115,60.2634
241.337,107.991,116.199,0.645,49.9368,60.3337
241.587,104,116.199,0.625,49.9907,60.4081
241.837,119.993,116.199,0.602,49.971,60.4837
242.087,116.018,116.199,0.592,49.9486,60.5523
242.337,111.951,116.199,0.59,49.9574,60.6208
242.587,108.027,116.199,0.605,49.9416,60.6821
242.837,99.9909,116.199,0.627,49.9092,60.7444
243.087,103.973,116.199,0.659,50.0746,60.8071
243.338,107.798,116.199,0.689,49.9574,60.8687
243.587,116.277,116.199,0.69,49.9995,60.9314
243.837,119.98,116.199,0.711,49.8845,61.0045
244.087,100.024,116.199,0.727,49.9916,61.0717
244.337,127.961,116.199,0.754,47.9902,61.1399
244.587,100.028,116.199,0.775,47.973,61.2068
244.837,99.9793,116.199,0.792,47.9464,61.2791
245.087,116.032,116.199,0.8,48.0098,61.3427
245.337,99.9721,116.199,0.816,49.9891,61.4039
245.587,112.017,116.199,0.821,49.9776,61.4654
245.837,107.996,116.199,0.82,49.9221,61.5259
246.087,104.004,116.199,0.817,49.9398,61.5853
246.337,135.862,116.199,0.803,47.9457,61.6472
246.587,100.023,116.199,0.792,47.9714,61.7074
246.837,112.065,116.199,0.776,47.9396,61.7682
247.087,108.026,116.199,0.756,47.9945,61.831
247.337,107.952,116.199,0.714,49.9891,61.8897
247.587,96.0394,116.199,0.691,49.9928,61.9522
247.837,95.9795,116.199,0.655,50.0613,62.0132
248.087,104.031,116.199,0.654,50.132,62.0807
248.337,99.9759,116.199,0.63,49.9824,62.1504
248.587,96.0137,116.199,0.602,50.0052,62.2166
248.837,99.9781,116.199,0.571,49.9439,62.288
249.087,116.013,116.199,0.562,49.9961,62.3574
249.337,103.99,116.199,0.54,49.9818,62.4187
249.587,96.022,116.199,0.536,50.0049,62.4886
249.788,149.598,116.199,0.521,48.7529,62.546
250.037,100.218,116.199,0.51,47.9079,62.6154
250.287,111.978,116.199,0.511,47.8683,62.6808
250.537,108.025,116.199,0.508,47.8156,62.7444
250.787,103.978,116.199,0.51,49.0728,62.8059
251.037,115.996,116.199,0.502,50.0209,62.864
251.287,104.008,116.199,0.494,50.0422,62.9258
251.537,95.9915,116.199,0.474,50.0084,62.9872
251.787,108.007,116.199,0.456,50.0074,63.0429
252.037,100.018,116.199,0.432,50.0735,63.0993
252.287,103.979,116.199,0.4,49.9024,63.1635
252.537,92.0147,116.199,0.355,50.0109,63.2247
252.787,95.9841,116.199,0.324,50.0042,63.2874
253.037,104.028,116.199,0.302,50.0303,63.3616
253.287,99.9752,116.199,0.306,50.0032,63.4317
253.537,107.995,116.199,0.316,50.0093,63.5075
253.787,92.0085,116.199,0.322,50.0337,63.5764
254.037,96.0159,116.199,0.332,50.0497,63.647
254.287,91.9826,116.199,0.342,49.9045,63.7218
254.537,96.0174,116.199,0.355,50.0316,63.7937
254.787,91.9759,116.199,0.363,49.9362,63.8654
255.037,84.0089,116.199,0.368,50.0092,63.9353
255.287,88.0022,116.199,0.373,50.0454,64.013
255.537,96.0112,116.199,0.379,50.0263,64.0897
255.787,95.9764,116.199,0.386,50.0238,64.1603
256.037,96.0181,116.199,0.401,49.9437,64.234
256.287,95.9903,116.199,0.421,49.9352,64.3112
256.537,84.0183,116.199,0.438,50.0037,64.3827
256.787,91.9811,116.199,0.438,50.0819,64.4574
257.037,100.017,116.199,0.436,50.0141,64.5327
257.287,91.9824,116.199,0.438,49.9804,64.6026
257.537,92.0217,116.199,0.443,49.989,64.676
257.787,95.9773,116.199,0.445,50.002,64.7443
258.037,100.006,116.199,0.449,50.0523,64.8163
258.287,87.994,116.199,0.453,49.9416,64.8915
258.537,100.022,116.199,0.461,50.0273,64.9599
258.787,107.976,116.199,0.47,50.0125,65.0314
259.037,104.001,116.199,0.477,50.0123,65.1006
259.287,95.9969,116.199,0.484,49.9602,65.1742
259.537,87.9928,116.199,0.488,50.0289,65.2483
259.738,94.7372,116.199,0.481,50.025,65.3019
259.987,92.212,116.199,0.462,49.9961,65.3702
260.237,95.9434,116.199,0.458,49.9211,65.4369
260.487,92.0626,116.199,0.458,50.0258,65.5115
260.737,96.0114,116.199,0.447,49.9897,65.5828
260.987,95.9824,116.199,0.447,49.9862,65.6502
261.237,88.0164,116.199,0.441,50.0348,65.7216
261.487,91.9885,116.199,0.437,50.0157,65.7966
261.737,108.011,116.199,0.436,49.8893,65.859
261.987,87.988,116.199,0.44,50.0505,65.9328
262.237,88.0139,116.199,0.443,50.0057,66.0035
262.487,91.9818,116.199,0.448,50.026,66.0792
262.737,84.0134,116.199,0.454,49.9972,66.1542
262.987,91.9691,116.199,0.456,49.9862,66.2239
263.237,88.0295,116.199,0.46,50.0551,66.2975
263.487,83.9901,116.199,0.464,49.9955,66.3719
263.737,92.0084,116.199,0.467,49.9976,66.4426
263.987,87.9938,116.199,0.468,49.9698,66.512
264.237,88.0106,116.199,0.469,49.9683,66.5823
264.487,99.9822,116.199,0.469,50.0075,66.6592
264.737,88.014,116.199,0.469,50.0536,66.7355
264.987,87.9807,116.199,0.469,50.0088,66.807
265.237,84.0206,116.199,0.467,50.0302,66.8819
265.487,91.986,116.199,0.468,49.9327,66.9587
265.737,88.0154,116.199,0.469,50.0046,67.03
265.987,95.9805,116.199,0.469,49.9325,67.1023
266.237,96.0007,116.199,0.468,49.9865,67.1703
266.487,99.9999,116.199,0.464,49.987,67.2435
266.737,100.014,116.199,0.462,50.0356,67.313
266.987,91.9729,116.199,0.463,49.9964,67.3759
267.237,96.028,116.199,0.468,50.0258,67.4466
267.487,95.9843,116.199,0.475,49.9197,67.5086
267.737,88.0158,116.199,0.486,49.9664,67.5649
267.987,99.985,116.199,0.498,49.9934,67.6215
268.237,108.013,116.199,0.505,49.9797,67.6762
268.487,99.9893,116.199,0.506,50.0459,67.7384
268.737,103.986,116.199,0.508,50.0087,67.8026
268.987,92.0094,116.199,0.483,50.0064,67.862
269.237,96.0062,116.199,0.468,50.0499,67.9282
269.487,95.9977,116.199,0.458,50.0165,67.9977
269.737,92.0124,116.199,0.446,50.0011,68.0637
269.987,91.941,116.199,0.439,49.944,68.1348
270.237,136.052,116.199,0.425,47.9609,68.2061
270.487,96.0018,116.199,0.44,47.9863,68.2802
270.737,92.0138,116.199,0.467,48.0267,68.3535
270.987,87.9969,116.199,0.482,48.0385,68.4203
271.237,88.0042,116.199,0.487,50.1006,68.4932
271.487,91.9808,116.199,0.49,49.9816,68.5673
271.737,88.0055,116.199,0.491,50.0199,68.6384
271.987,99.9909,116.199,0.487,49.9971,68.7126
272.237,92.0003,116.199,0.457,49.934,68.7842
272.487,95.9794,116.199,0.45,49.9958,68.862
272.737,84.0292,116.199,0.454,49.9882,68.938
272.987,87.995,116.199,0.458,50.0215,69.0095
273.237,87.9913,116.199,0.465,50.1016,69.0831
273.487,92.0132,116.199,0.465,50.0159,69.159
273.737,88.0054,116.199,0.464,50.0875,69.2285
273.987,95.9412,116.199,0.461,49.9889,69.3002
274.237,96.048,116.199,0.462,50.0366,69.3707
274.487,91.9965,116.199,0.463,50.0046,69.4475
274.737,88.028,116.199,0.464,49.9822,69.5241
274.987,92.0069,116.199,0.464,49.9942,69.5929
275.237,87.9829,116.199,0.464,50.0098,69.6649
275.487,91.9901,116.199,0.46,50.0074,69.7397
275.737,91.9889,116.199,0.463,50.0104,69.8109
275.987,88.0269,116.199,0.476,49.9995,69.8851
276.237,87.9901,116.199,0.488,50.0279,69.9568
276.488,95.8442,116.199,0.489,49.9992,70.0344
276.737,88.1252,116.199,0.489,50.0147,70.1112
276.987,100.039,116.199,0.482,50.0315,70.1827
277.237,83.9998,116.199,0.439,50.059,70.2566
277.487,91.9995,116.199,0.382,50.0173,70.3342
277.737,87.9909,116.199,0.355,50.0484,70.4055
277.987,95.944,116.199,0.317,50.0122,70.48
278.237,88.0407,116.199,0.309,49.9085,70.5521
278.487,91.9921,116.199,0.317,49.9824,70.6259
278.737,96.0154,116.199,0.325,50.0293,70.699
278.987,95.9952,116.199,0.334,50.0165,70.7621
279.237,103.987,116.199,0.345,50.0747,70.8295
279.487,92.006,116.199,0.371,50.0358,70.8961
279.737,96.0205,116.199,0.385,49.9888,70.9701
279.987,95.9742,116.199,0.424,50.0216,71.0419
280.237,96.0135,116.199,0.44,50.002,71.1066
280.487,103.997,116.199,0.46,50.0659,71.1765
280.737,92.0156,116.199,0.466,50.0105,71.2504
280.987,99.9844,116.199,0.482,50.025,71.3132
281.237,107.984,116.199,0.49,50.0472,71.3804
281.487,96.0172,116.199,0.506,50.039,71.4521
281.737,87.9943,116.199,0.519,50.0077,71.5205
281.987,91.9993,116.199,0.533,50.0043,71.5943
282.237,96.0172,116.199,0.533,50.0649,71.6665
282.487,95.9823,116.199,0.538,49.9797,71.7394
282.737,92.0001,116.199,0.544,49.9937,71.8113
282.987,92.0027,116.199,0.554,50.021,71.8742
283.237,103.994,116.199,0.557,50.0482,71.9484
283.487,96.0067,116.199,0.56,49.9732,72.0255
283.737,92.0091,116.199,0.561,50.0512,72.097
283.987,87.9907,116.199,0.56,49.9736,72.1709
284.237,87.9995,116.199,0.557,50.0587,72.2483
284.487,91.9995,116.199,0.554,50.0091,72.3192
284.737,88,116.199,0.552,49.9957,72.3951
284.987,92.0008,116.199,0.551,50.0267,72.4666
285.237,84.0007,116.199,0.55,50.0581,72.5329
285.487,99.9948,116.199,0.55,50.0053,72.5811
285.737,92.0085,116.199,0.55,50.0039,72.5854
285.987,88.0002,116.199,0.55,49.9905,72.5855
286.237,87.9885,116.199,0.549,50.0206,72.5855
286.487,88.011,116.199,0.549,50.0182,72.5855
286.737,87.9958,116.199,0.549,50.0174,72.5856
286.987,95.9999,116.199,0.549,49.9901,72.5857
287.237,84.0029,116.199,0.549,49.9931,72.5858
287.487,95.9973,116.199,0.549,50.0044,72.5859
287.737,96.008,116.199,0.549,50.0426,72.5859
287.987,87.9897,116.199,0.549,50.005,72.586
288.237,88.0088,116.199,0.549,50.0157,72.586
288.487,87.9912,116.199,0.549,50.0008,72.586
288.737,84.0192,116.199,0.549,50.0317,72.586
288.987,91.9835,116.199,0.549,50.0301,72.586
289.237,80.0039,116.199,0.549,50.0207,72.586
289.487,91.9925,116.199,0.549,50.0189,72.586
289.737,96.0075,116.199,0.549,49.9841,72.586
289.987,87.9926,116.199,0.549,50.0138,72.5861
290.237,83.9998,116.199,0.549,49.9614,72.5863
290.487,92.0026,116.199,0.553,49.9821,72.5887
290.737,87.9929,116.199,0.563,50.0239,72.5919
290.987,100.007,116.199,0.564,49.9732,72.5944
291.237,84.0024,116.199,0.564,50.0916,72.5973
291.487,95.9913,116.199,0.557,50.0059,72.6006
291.737,92.0124,116.199,0.558,50.0375,72.6038
291.987,87.9915,116.199,0.561,49.9749,72.6043
292.237,115.94,116.199,0.562,48.8439,72.6058
292.487,88.0524,116.199,0.563,48.064,72.6089
292.737,87.9894,116.199,0.564,48.0219,72.612
292.987,104.006,116.199,0.562,48.0764,72.615
293.237,88.0065,116.199,0.55,49.4263,72.6514
293.487,91.996,116.199,0.536,50.0187,72.7083
293.737,92.0043,116.199,0.537,50.033,72.7682
293.987,103.992,116.199,0.541,49.8839,72.8382
294.237,84.0002,116.199,0.55,50.0134,72.91
294.487,87.9879,116.199,0.558,49.9662,72.9846
294.737,96.0134,116.199,0.55,50.0026,73.0571
294.987,91.999,116.199,0.541,49.9975,73.1256
295.237,127.963,116.199,0.539,47.6481,73.1984
295.487,84.0325,116.199,0.537,47.6872,73.2737
295.737,91.989,116.199,0.536,47.6857,73.3447
295.987,96.0041,116.199,0.535,47.6966,73.4186
296.237,99.9931,116.199,0.536,50.0224,73.4899
296.487,96.0033,116.199,0.536,49.9227,73.5649
296.737,91.9165,116.199,0.523,50.0082,73.6344
296.987,88.0912,116.199,0.482,49.9373,73.698
297.237,91.9796,116.199,0.466,50.0886,73.7642
297.487,95.9857,116.199,0.458,49.9941,73.8406
297.737,100.003,116.199,0.463,50.0128,73.9117
297.987,92.0238,116.199,0.471,49.951,73.9796
298.237,95.9746,116.199,0.478,50.0133,74.0425
298.487,104.033,116.199,0.488,50.0109,74.1078
298.737,119.962,116.199,0.497,48.5366,74.1691
298.987,100.045,116.199,0.458,47.7466,74.2265
299.237,91.9742,116.199,0.424,47.7768,74.2902
299.487,96.0208,116.199,0.38,47.7604,74.3537
299.737,95.98,116.199,0.357,49.7761,74.4222
299.987,108.022,116.199,0.35,49.9296,74.4949
300.237,87.934,116.199,0.331,49.985,74.5607
300.487,99.9867,116.199,0.294,49.9876,74.6268
300.737,104.036,116.199,0.274,49.9927,74.6946
300.987,96.0553,116.199,0.264,49.9475,74.7584
301.237,91.9186,116.199,0.275,49.9623,74.8247
301.487,92.0782,116.199,0.297,49.9796,74.889
301.737,95.9205,116.199,0.318,49.9331,74.9606
301.987,92.0769,116.199,0.375,50.0258,75.0317
302.237,87.9492,116.199,0.415,50.0038,75.0971
302.487,100.058,116.199,0.433,49.9535,75.1696
302.737,91.9771,116.199,0.44,49.8823,75.2464
302.987,96.0213,116.199,0.455,49.9499,75.3143
303.237,103.916,116.199,0.462,49.9491,75.3842
303.487,92.0631,116.199,0.474,49.9796,75.4583
303.737,95.9923,116.199,0.472,49.9699,75.528
303.987,84.0195,116.199,0.471,50.0537,75.6016
304.237,91.9638,116.199,0.474,50.0037,75.6706
304.487,100.044,116.199,0.479,49.9561,75.7464
304.737,83.965,116.199,0.481,49.9817,75.8188
304.987,96.0323,116.199,0.484,49.9371,75.8878
305.237,99.8879,116.199,0.483,49.998,75.9577
305.487,92.1061,116.199,0.47,49.9822,76.0225
305.737,87.9527,116.199,0.458,49.9576,76.0909
305.987,92.0481,116.199,0.446,49.9942,76.1602
306.237,103.928,116.199,0.419,49.4638,76.2307
306.487,100.053,116.199,0.391,47.9816,76.3069
306.737,111.994,116.199,0.37,46.1125,76.3815
306.987,92.0234,116.199,0.353,46.1747,76.4516
307.237,95.9431,116.199,0.328,46.1296,76.5222
307.487,104.041,116.199,0.323,47.9919,76.5923
307.737,75.9691,116.199,0.32,49.9663,76.6574
307.987,100.061,116.199,0.309,50.0245,76.7286
308.237,83.9736,116.199,0.306,50.1546,76.8006
308.487,92.0276,116.199,0.305,49.9506,76.8752
308.737,79.9576,116.199,0.304,50.0549,76.9536
308.987,96.0571,116.199,0.304,49.9709,77.0235
309.237,103.957,116.199,0.304,49.9789,77.0996
309.487,95.9825,116.199,0.304,49.9549,77.1677
309.737,92.0323,116.199,0.304,49.9014,77.2403
309.987,100.028,116.199,0.301,50.017,77.3083
310.237,87.9628,116.199,0.298,50.0336,77.3711
310.487,100.05,116.199,0.302,50.028,77.4399
310.737,87.954,116.199,0.311,50.0306,77.5058
310.987,104.035,116.199,0.325,49.9727,77.5641
311.237,99.9652,116.199,0.347,50.0321,77.6211
311.487,103.951,116.199,0.365,50.0803,77.6826
311.737,100.039,116.199,0.384,49.8815,77.7395
311.987,100.028,116.199,0.409,50.016,77.7991
312.237,91.983,116.199,0.429,50.0175,77.8584
312.487,100.01,116.199,0.455,49.9564,77.9208
312.737,95.9965,116.199,0.456,49.9973,77.9831
312.987,100.038,116.199,0.448,49.9389,78.0538
313.237,87.9622,116.199,0.436,49.9939,78.1226
313.487,96.029,116.199,0.433,49.9844,78.1892
313.737,87.9594,116.199,0.433,50.0085,78.2639
313.987,108.026,116.199,0.433,50.0547,78.3389
314.237,87.9997,116.199,0.437,49.9808,78.4094
314.487,96.072,116.199,0.442,50.0344,78.4873
314.737,83.935,116.199,0.444,50.0049,78.5647
314.987,96.0279,116.199,0.445,49.9555,78.6346
315.237,87.9726,116.199,0.446,50.0162,78.7074
315.487,88.0242,116.199,0.446,50.0384,78.7791
315.737,83.9786,116.199,0.446,50.0079,78.8547
315.987,92.027,116.199,0.45,49.993,78.9295
316.237,83.9798,116.199,0.454,50.0648,79.003
316.487,96.0355,116.199,0.455,49.9936,79.0771
316.737,91.8959,116.199,0.456,49.9849,79.15
316.987,96.0917,116.199,0.456,49.9581,79.2263
317.237,87.9811,116.199,0.456,49.9743,79.3015
317.487,88.0193,116.199,0.457,50.1152,79.3724
317.737,87.9785,116.199,0.457,50.0808,79.4487
317.987,92.0236,116.199,0.458,50.0423,79.519
318.237,103.969,116.199,0.458,50.0692,79.5859
318.488,91.6252,116.199,0.446,49.9873,79.6579
318.737,92.3863,116.199,0.443,50.0136,79.7334
318.987,100,116.199,0.44,49.9656,79.8024
319.237,83.9994,116.199,0.451,50.0353,79.8718
319.487,100.033,116.199,0.485,49.9729,79.9387
319.737,95.9524,116.199,0.51,49.9905,80.011
319.987,120.029,116.199,0.505,49.9946,80.0829
320.237,83.9886,116.199,0.472,50.0752,80.1453
320.487,100.029,116.199,0.432,50.0133,80.2174
320.737,91.9608,116.199,0.416,50.0571,80.2878
320.987,100.055,116.199,0.394,50.0044,80.3637
321.237,91.9041,116.199,0.4,49.9841,80.4391
321.487,107.998,116.199,0.408,49.7356,80.5112
321.737,116.099,116.199,0.413,47.7217,80.5853
321.987,95.9393,116.199,0.42,47.7708,80.6564
322.237,100.07,116.199,0.426,47.7128,80.726
322.487,87.9863,116.199,0.401,47.7312,80.8018
322.737,92.0293,116.199,0.372,50.0184,80.8772
322.987,87.9716,116.199,0.367,50.0085,80.9476
323.237,88.0601,116.199,0.368,49.9956,81.0216
323.487,91.9368,116.199,0.365,50.0243,81.0915
323.737,84.0256,116.199,0.36,50.0149,81.1657
323.987,87.9719,116.199,0.358,49.9853,81.2385
324.237,96.0302,116.199,0.351,50.0038,81.3093
324.488,91.7191,116.199,0.346,49.9524,81.387
324.737,96.2939,116.199,0.334,49.9724,81.4583
324.987,87.9746,116.199,0.332,50.0173,81.5339
325.237,92.0169,116.199,0.327,49.9614,81.6097
325.487,87.9802,116.199,0.324,50.0949,81.6804
325.737,100.025,116.199,0.326,49.9569,81.7543
325.987,87.9819,116.199,0.332,49.9646,81.8299
326.237,96.0294,116.199,0.355,49.9717,81.8978
326.487,107.896,116.199,0.371,49.9301,81.9657
326.737,104.065,116.199,0.416,50.0091,82.0312
326.987,96.0035,116.199,0.453,49.9825,82.0894
327.237,104.011,116.199,0.487,49.9578,82.1414
327.487,95.9799,116.199,0.506,50.0387,82.1999
327.737,108.023,116.199,0.535,50.0133,82.2592
327.987,99.9833,116.199,0.552,49.9082,82.3207
328.237,104.011,116.199,0.578,49.9423,82.3765
328.487,111.979,116.199,0.584,49.9304,82.4345
328.737,112.019,116.199,0.548,49.9579,82.4902
328.987,99.9877,116.199,0.534,49.9708,82.5513
329.237,96.0172,116.199,0.524,49.9729,82.6126
329.487,91.984,116.199,0.525,49.986,82.6756
329.737,104.02,116.199,0.525,49.9112,82.7478
329.987,95.9631,116.199,0.528,49.9681,82.8181
330.237,116.057,116.199,0.54,49.9195,82.8866
330.487,87.976,116.199,0.547,49.8943,82.956
330.737,96.0163,116.199,0.555,49.9672,83.0344
330.987,91.9839,116.199,0.558,50.0117,83.1013
331.237,92.0031,116.199,0.568,49.9241,83.1757
331.487,91.9881,116.199,0.574,49.9461,83.2411
331.737,96.0354,116.199,0.573,49.9508,83.3099
331.987,95.9753,116.199,0.574,49.9342,83.3741
332.237,100.017,116.199,0.586,49.9723,83.4308
332.487,95.9899,116.199,0.591,50.0051,83.463
332.738,99.7658,116.199,0.596,49.8003,83.4655
332.987,92.216,116.199,0.592,49.9871,83.4674
333.237,96.0063,116.199,0.59,49.9338,83.4694
333.487,99.8683,116.199,0.589,50.0389,83.4704
333.737,116.166,116.199,0.59,48.0266,83.4712
333.987,91.9837,116.199,0.59,47.961,83.4719
334.237,116.006,116.199,0.592,47.8791,83.4735
334.487,91.9671,116.199,0.591,47.8871,83.4751
334.737,92.0752,116.199,0.591,49.9817,83.4768
334.987,107.84,116.199,0.596,48.8602,83.4828
335.237,92.0962,116.199,0.602,48.0525,83.5294
335.487,91.9573,116.199,0.613,47.9857,83.5851
335.737,136.073,116.199,0.569,48.0092,83.6483
335.987,95.9552,116.199,0.553,49.1187,83.7158
336.237,100.03,116.199,0.536,49.9653,83.7863
336.487,99.9619,116.199,0.537,49.9267,83.8579
336.737,84.045,116.199,0.541,49.9882,83.928
336.987,95.9642,116.199,0.549,49.9803,83.9999
337.237,88.0379,116.199,0.562,50.0475,84.0732
337.487,91.9502,116.199,0.567,50.018,84.1454
337.737,92.0394,116.199,0.571,49.9867,84.2194
337.987,91.9738,116.199,0.572,49.9527,84.2903
338.237,100.05,116.199,0.569,49.9753,84.3596
338.487,99.9538,116.199,0.567,49.943,84.4276
338.737,100.03,116.199,0.571,49.9996,84.4891
338.987,99.9413,116.199,0.573,49.9729,84.5424
339.237,112.035,116.199,0.583,47.6234,84.6024
339.487,108.037,116.199,0.587,47.7123,84.6547
339.737,103.958,116.199,0.584,47.6299,84.7095
339.987,104.042,116.199,0.577,47.6752,84.7644
340.237,99.9826,116.199,0.522,49.9937,84.8175
340.487,104.024,116.199,0.477,49.9999,84.8788
340.737,103.965,116.199,0.411,50.0331,84.9329
340.987,104.029,116.199,0.372,49.9979,84.9978
341.237,107.94,116.199,0.32,49.9682,85.0578
341.487,104.038,116.199,0.304,49.7874,85.1286
341.737,99.997,116.199,0.27,49.9565,85.1991
341.987,99.969,116.199,0.271,50.0015,85.272
342.237,116.031,116.199,0.29,47.9113,85.3422
342.487,100.033,116.199,0.3,47.8774,85.4158
342.737,87.8623,116.199,0.341,47.8812,85.4846
342.987,96.143,116.199,0.366,47.9493,85.5601
343.237,99.9428,116.199,0.368,49.9775,85.6366
343.487,88.0517,116.199,0.369,49.9997,85.7083
343.737,87.9204,116.199,0.377,49.9919,85.7842
343.987,92.0848,116.199,0.38,49.9766,85.8596
344.237,91.9596,116.199,0.386,50.0513,85.9314
344.487,84.0459,116.199,0.389,50.0012,86.0044
344.737,87.9682,116.199,0.396,50.054,86.0749
344.987,92.021,116.199,0.41,49.9999,86.152
345.237,103.976,116.199,0.432,49.9656,86.2248
345.487,88.0239,116.199,0.432,49.9903,86.2958
345.737,91.9478,116.199,0.432,49.9612,86.3729
345.987,92.058,116.199,0.432,50.0226,86.4469
346.237,95.9682,116.199,0.432,50.0466,86.5163
346.487,92.0231,116.199,0.432,49.9844,86.5882
346.737,95.9339,116.199,0.434,50.0388,86.6495
346.987,96.0681,116.199,0.439,49.9918,86.7208
347.237,99.9288,116.199,0.454,50.0111,86.7933
347.487,120.055,116.199,0.465,47.8249,86.8588
347.737,100.001,116.199,0.477,47.8269,86.9301
347.987,95.9843,116.199,0.485,47.8525,86.9997
348.237,100.026,116.199,0.492,47.7733,87.0682
348.487,95.9573,116.199,0.493,50.0216,87.1425
348.737,100.055,116.199,0.48,49.972,87.2113
348.987,91.9697,116.199,0.469,49.9874,87.2855
349.237,96.0267,116.199,0.458,49.9534,87.3531
349.487,103.919,116.199,0.454,49.9969,87.4228
349.737,96.0557,116.199,0.447,50.0371,87.4985
349.987,104.01,116.199,0.447,49.9686,87.567
350.237,88.0094,116.199,0.433,50.0813,87.6313
350.487,87.9839,116.199,0.433,50.0041,87.7038
350.737,96.0234,116.199,0.433,50.0043,87.7719
350.987,91.9792,116.199,0.433,50.0316,87.8478
351.237,88.0165,116.199,0.435,50.0533,87.9233
351.487,87.9825,116.199,0.439,50.0311,87.9928
351.737,92.022,116.199,0.443,50.034,88.0698
351.987,95.9746,116.199,0.445,50.0158,88.144
352.237,99.9805,116.199,0.451,49.9654,88.2142
352.487,120.027,116.199,0.453,50.007,88.2903
352.737,84.0189,116.199,0.457,49.9825,88.3605
352.987,123.969,116.199,0.462,49.5617,88.4362
353.237,107.968,116.199,0.466,48.9745,88.5106
353.487,96.0099,116.199,0.468,48.0164,88.579
353.737,92.0393,116.199,0.468,47.9675,88.6527
353.987,95.9915,116.199,0.469,48.817,88.7294
354.237,92.0092,116.199,0.469,48.9645,88.8011
354.487,91.9691,116.199,0.469,50.0272,88.8746
354.737,92.0373,116.199,0.469,50.1339,88.9439
354.987,91.9778,116.199,0.467,50.0215,89.0161
355.237,92.0224,116.199,0.468,50.0306,89.0874
355.487,99.9774,116.199,0.465,50.0109,89.156
355.737,100.012,116.199,0.465,50.0313,89.2313
355.987,103.923,116.199,0.47,50.0252,89.2986
356.237,120.094,116.199,0.479,48.0201,89.3594
356.487,91.9882,116.199,0.484,47.9977,89.4011
356.737,91.9987,116.199,0.491,47.9769,89.4048
356.987,91.9967,116.199,0.486,48.0097,89.4059
357.237,96.0147,116.199,0.484,50.0137,89.4076
357.487,95.9912,116.199,0.482,50.0022,89.4088
357.737,96.0111,116.199,0.481,50.007,89.41
357.987,95.9727,116.199,0.478,50.0267,89.411
358.237,92.0293,116.199,0.484,50.0116,89.4128
358.487,111.973,116.199,0.481,49.9841,89.4135
358.737,96.0184,116.199,0.48,49.9398,89.4141
358.987,111.907,116.199,0.48,48.7643,89.4154
359.237,100.086,116.199,0.484,47.9564,89.4166
359.487,95.9726,116.199,0.486,48.0238,89.418
359.737,92.0326,116.199,0.487,47.9545,89.4474
359.987,99.9694,116.199,0.492,49.0858,89.5018
360.237,96.0286,116.199,0.472,50.005,89.5576
360.487,95.9659,116.199,0.452,49.9963,89.6206
360.737,96.0258,116.199,0.454,49.9936,89.6824
360.987,139.973,116.199,0.453,48.714,89.7541
361.237,91.9979,116.199,0.456,47.8137,89.8283
361.487,91.9849,116.199,0.456,47.7565,89.8999
361.737,92.0361,116.199,0.456,47.8236,89.9783
361.987,87.981,116.199,0.456,49.6674,90.0513
362.237,92.0179,116.199,0.456,49.9833,90.1227
362.487,83.9539,116.199,0.457,50.0283,90.1967
362.738,99.8201,116.199,0.457,49.9515,90.2669
362.987,92.0776,116.199,0.457,49.9675,90.3427
363.237,96.1962,116.199,0.456,50.1445,90.4173
363.487,87.9274,116.199,0.456,50.0064,90.4875
363.737,88.0285,116.199,0.456,50.0264,90.5634
363.987,87.9728,116.199,0.456,50.0193,90.638
364.237,92.0338,116.199,0.456,49.9802,90.7085
364.487,83.9699,116.199,0.456,50.0057,90.7845
364.737,111.951,116.199,0.457,48.8992,90.8536
364.987,104.032,116.199,0.457,50.1028,90.9304
365.237,92.0319,116.199,0.456,50.0202,91.0023
365.487,87.9712,116.199,0.456,49.9102,91.0726
365.737,92.0368,116.199,0.456,50.495,91.1494
365.987,79.9735,116.199,0.456,50.0334,91.2234
366.237,92.0346,116.199,0.456,49.9483,91.294
366.487,83.9182,116.199,0.457,50.0102,91.366
366.737,100.094,116.199,0.457,49.9922,91.4323
366.987,95.9151,116.199,0.452,50.0169,91.5028
367.237,104.075,116.199,0.441,50.0333,91.5692
367.487,95.9767,116.199,0.44,49.9271,91.6297
367.737,104.047,116.199,0.439,49.9483,91.6933
367.987,95.9538,116.199,0.435,50.0069,91.7493
368.237,104.043,116.199,0.433,49.9796,91.8021
368.487,91.9682,116.199,0.427,50.0304,91.8593
368.737,119.959,116.199,0.417,48.7934,91.9129
368.987,92.0787,116.199,0.393,48.03,91.972
369.237,99.9665,116.199,0.379,48.0254,92.0347
369.487,104.03,116.199,0.337,47.8948,92.095
369.737,99.9713,116.199,0.31,49.0836,92.1644
369.987,96.0281,116.199,0.303,49.9977,92.2322
370.237,95.9682,116.199,0.308,50.0174,92.3035
370.487,92.0257,116.199,0.323,49.9803,92.3805
370.737,91.9776,116.199,0.345,50.0186,92.4521
370.987,88.0271,116.199,0.369,50.0065,92.5251
371.237,115.956,116.199,0.385,48.2286,92.591
371.487,100.066,116.199,0.42,47.6959,92.6507
371.737,91.9294,116.199,0.447,47.6414,92.7166
371.987,100.035,116.199,0.499,47.6545,92.7835
372.237,103.968,116.199,0.529,49.8993,92.8486
372.487,100.034,116.199,0.591,49.9652,92.9179
372.737,95.9773,116.199,0.64,49.9767,92.9869
372.987,96.0117,116.199,0.712,50.0608,93.0634
373.237,95.9263,116.199,0.747,50.016,93.1279
373.487,108.049,116.199,0.811,50.036,93.1851
373.737,91.9706,116.199,0.843,49.9748,93.2443
373.987,100.07,116.199,0.895,49.993,93.2993
374.237,95.978,116.199,0.912,50.0553,93.3527
374.487,104.016,116.199,0.935,50.0166,93.4131
374.737,99.9548,116.199,0.948,50.0157,93.4708
374.987,92.0502,116.199,0.962,50.0066,93.5379
375.237,91.9126,116.199,0.934,50.011,93.6125
375.487,96.0839,116.199,0.91,50.0313,93.6769
375.737,95.9823,116.199,0.909,50.0391,93.7456
375.987,96.0312,116.199,0.882,49.9702,93.8096
376.237,95.9138,116.199,0.882,50.007,93.8788
376.487,92.0749,116.199,0.87,50.0022,93.9532
376.737,91.9738,116.199,0.87,50.0036,94.0277
376.987,92.0268,116.199,0.869,50.031,94.097
377.237,99.9653,116.199,0.869,50.0203,94.1608
377.487,100.029,116.199,0.868,49.9797,94.2199
377.737,95.9699,116.199,0.855,49.9744,94.2818
377.987,100.02,116.199,0.792,49.9409,94.3433
378.237,91.9343,116.199,0.755,50.0125,94.4004
378.487,92.0766,116.199,0.691,50.0589,94.4659
378.737,91.9742,116.199,0.644,50.0888,94.5344
378.987,92.0315,116.199,0.582,49.9902,94.6108
379.237,99.925,116.199,0.535,50.0178,94.6808
379.487,96.0856,116.199,0.47,49.9645,94.7487
379.737,120,116.199,0.433,48.7617,94.8123
379.987,103.97,116.199,0.382,47.8588,94.8648
380.237,95.9405,116.199,0.382,47.8612,94.8742
380.487,116.067,116.199,0.382,46.0027,94.8752
380.737,96.013,116.199,0.382,46.8091,94.876
380.987,87.9943,116.199,0.369,48.0637,94.8772
381.237,107.952,116.199,0.368,47.1985,94.8786
381.487,92.0123,116.199,0.365,47.9918,94.8799
381.737,84.0316,116.199,0.354,47.9398,94.8812
381.987,103.989,116.199,0.353,47.9101,94.8822
382.237,99.9817,116.199,0.341,49.0017,94.8834
382.487,96.0165,116.199,0.341,49.9351,94.8846
382.737,96.0066,116.199,0.341,50.0199,94.8858
382.987,88.0012,116.199,0.339,49.9583,94.8881
383.237,83.9826,116.199,0.341,50.085,94.907
383.487,92.0102,116.199,0.418,49.9253,94.9655
383.737,99.9979,116.199,0.45,49.9862,95.031
383.987,112.016,116.199,0.508,47.7374,95.0904
384.237,103.982,116.199,0.535,47.7452,95.1526
384.487,96.017,116.199,0.578,47.7296,95.2206
384.737,95.9933,116.199,0.614,47.7862,95.2866
384.987,84.0082,116.199,0.667,49.9732,95.3608
385.237,95.9912,116.199,0.718,49.9926,95.4315
385.487,92.0015,116.199,0.759,49.9667,95.4965
385.737,92.0012,116.199,0.796,49.9587,95.5639
385.987,95.9988,116.199,0.834,50.0007,95.6223
386.237,95.9986,116.199,0.843,50.022,95.6829
386.487,96.0025,116.199,0.868,49.993,95.7484
386.737,132.026,116.199,0.882,48.2185,95.8092
386.938,94.6543,116.199,0.89,47.888,95.8638
387.187,100.273,116.199,0.895,47.8856,95.9312
387.437,91.9907,116.199,0.891,47.8826,96.0038
387.687,88.0146,116.199,0.883,49.0502,96.0803
387.937,91.9891,116.199,0.879,50.127,96.1448
388.187,92.0026,116.199,0.869,49.9366,96.2139
388.437,91.8923,116.199,0.871,49.963,96.2842
388.687,96.1171,116.199,0.855,49.943,96.3528
388.937,99.9959,116.199,0.845,50.0564,96.4285
389.187,92.0012,116.199,0.839,50.0033,96.4919
389.437,91.9959,116.199,0.82,50.0984,96.5571
389.687,88.0096,116.199,0.786,49.9851,96.6193
389.937,95.9918,116.199,0.735,50.0115,96.6775
390.187,100.01,116.199,0.666,50.0168,96.7382
390.437,95.9146,116.199,0.628,50.0069,96.802
390.687,100.092,116.199,0.563,49.9124,96.866
390.937,91.9759,116.199,0.522,50.0139,96.9356
391.187,119.957,116.199,0.482,49.1961,97.004
391.437,92.0325,116.199,0.447,47.9422,97.0791
391.687,96.0058,116.199,0.428,48.0303,97.1443
391.937,92.0031,116.199,0.414,47.9933,97.2087
392.187,96.0098,116.199,0.369,49.0128,97.2731
392.437,95.9923,116.199,0.33,50.0135,97.3398
392.687,99.9985,116.199,0.304,49.9904,97.4022
392.937,95.994,116.199,0.278,49.9612,97.467
393.187,96.0223,116.199,0.253,49.9994,97.5309
393.437,107.923,116.199,0.259,49.2559,97.5987
393.687,104.019,116.199,0.288,47.9622,97.676
393.937,95.967,116.199,0.307,47.9509,97.7445
394.187,100.089,116.199,0.327,47.9675,97.8032
394.437,95.9526,116.199,0.346,48.6063,97.8629
394.687,100.059,116.199,0.378,49.9883,97.9191
394.937,103.949,116.199,0.396,49.9852,97.9793
395.187,116.041,116.199,0.425,49.9429,98.0348
395.437,95.9505,116.199,0.437,49.975,98.0911
395.687,96.0641,116.199,0.461,50,98.1495
395.937,95.9806,116.199,0.456,50.001,98.2065
396.187,91.9975,116.199,0.449,50.0532,98.2711
396.437,99.9529,116.199,0.433,49.9215,98.336
396.687,96.0595,116.199,0.433,49.9633,98.402
396.937,103.987,116.199,0.433,49.9742,98.4783
397.187,91.9931,116.199,0.436,50.0044,98.5504
397.437,96.0067,116.199,0.441,49.9664,98.6216
397.687,92.0065,116.199,0.421,50.0051,98.6967
397.937,91.9885,116.199,0.4,50.0305,98.7667
398.187,119.982,116.199,0.386,48.994,98.8447
398.437,91.9722,116.199,0.385,50.002,98.9109
398.687,88.0294,116.199,0.381,49.9999,98.9843
398.937,92.0054,116.199,0.377,49.9766,99.0618
399.187,87.9889,116.199,0.373,50.3642,99.1324
399.437,88.0174,116.199,0.369,49.9503,99.2078
399.687,92.0056,116.199,0.362,50.0132,99.2856
399.937,103.941,116.199,0.353,49.9722,99.3562
400.187,88.0569,116.199,0.348,50.0076,99.434
400.437,87.9576,116.199,0.331,49.9586,99.5078
400.687,100.051,116.199,0.309,49.994,99.5784
400.937,91.9363,116.199,0.316,49.9551,99.6537
401.187,96.0477,116.199,0.33,49.9835,99.7229
401.437,99.9568,116.199,0.349,49.9727,99.7947
401.687,136.056,116.199,0.389,47.5782,99.8678
401.937,104.03,116.199,0.42,47.5919,99.9257
402.187,127.949,116.199,0.46,46.4564,99.9872
402.437,104.01,116.199,0.479,45.469,100.043
402.687,104.019,116.199,0.515,47.7545,100.101
402.937,103.988,116.199,0.536,47.6671,100.158
403.187,100.013,116.199,0.557,49.4162,100.215
403.437,99.9809,116.199,0.564,50.04,100.272
403.687,108.008,116.199,0.535,49.929,100.336
403.937,103.99,116.199,0.52,49.9874,100.395
404.187,100.024,116.199,0.509,50.0294,100.458
404.437,107.971,116.199,0.515,50.0116,100.522
404.687,108.027,116.199,0.542,49.9542,100.583
404.937,99.9719,116.199,0.567,49.9809,100.654
405.187,100.028,116.199,0.573,49.9705,100.724
405.437,95.9304,116.199,0.581,49.917,100.797
405.687,104.071,116.199,0.601,50.0066,100.872
405.937,107.986,116.199,0.627,49.9975,100.938
406.187,104.012,116.199,0.665,49.9622,101.009
406.437,103.989,116.199,0.69,50.0308,101.072
406.687,100.016,116.199,0.72,49.9465,101.132
406.937,99.9827,116.199,0.744,49.979,101.194
407.187,104.018,116.199,0.777,50.0127,101.25
407.437,103.962,116.199,0.807,49.9895,101.309
407.687,100.013,116.199,0.833,50.0223,101.375
407.937,99.9065,116.199,0.845,50.0043,101.435
408.187,140.147,116.199,0.835,47.9104,101.498
408.437,107.995,116.199,0.811,47.9378,101.56
408.687,112.018,116.199,0.772,47.9094,101.623
408.937,95.9755,116.199,0.764,47.9189,101.691
409.187,104.027,116.199,0.745,50.0034,101.754
409.437,95.98,116.199,0.739,49.9809,101.826
409.687,104.017,116.199,0.725,49.9817,101.902
409.937,91.9856,116.199,0.725,50.0284,101.974
410.187,112.021,116.199,0.721,50.0008,102.052
410.437,115.981,116.199,0.722,49.9579,102.122
410.687,112.016,116.199,0.73,49.9664,102.194
410.937,103.934,116.199,0.741,49.9104,102.27
411.187,124.092,116.199,0.692,47.8984,102.339
411.44,106.819,116.199,0.661,47.9065,102.409
411.687,121.3,116.199,0.624,46.0323,102.483
411.937,111.93,116.199,0.609,45.9355,102.551
412.187,112.079,116.199,0.598,47.9473,102.618
412.437,108.036,116.199,0.607,47.8917,102.679
412.687,103.97,116.199,0.62,50.0129,102.742
412.937,119.942,116.199,0.641,49.1948,102.81
413.187,127.978,116.199,0.694,46.4867,102.874
413.438,107.861,116.199,0.75,45.9649,102.941
413.687,108.201,116.199,0.793,45.9481,103.011
413.937,124.035,116.199,0.733,46.0296,103.067
414.187,95.9718,116.199,0.735,49.9458,103.13
414.437,100.019,116.199,0.709,50.0402,103.187
414.687,103.969,116.199,0.69,49.978,103.251
414.937,103.907,116.199,0.673,49.697,103.318
415.187,120.142,116.199,0.477,47.96,103.383
415.437,103.989,116.199,0.494,48.0333,103.458
415.687,108.001,116.199,0.533,47.9865,103.528
415.937,115.988,116.199,0.549,47.8838,103.597
416.187,104.005,116.199,0.674,49.9976,103.673
416.437,100.007,116.199,0.793,50.0103,103.742
416.687,100.008,116.199,0.991,49.9753,103.815
416.937,107.853,116.199,1.093,50.0355,103.891
417.187,104.139,116.199,1.135,49.8916,103.958
417.437,115.988,116.199,1.16,49.998,104.028
417.687,119.93,116.199,1.176,50.013,104.099
417.937,124.074,116.199,1.192,47.7232,104.17
418.187,108.015,116.199,1.203,47.7077,104.245
418.437,95.9348,116.199,1.22,47.6858,104.311
418.687,108.072,116.199,1.237,47.7193,104.379
418.937,119.986,116.199,1.27,49.998,104.453
419.187,108.018,116.199,1.284,49.9296,104.523
419.437,99.9889,116.199,1.255,49.9537,104.595
419.687,123.903,116.199,1.234,49.2868,104.672
419.937,96.0764,116.199,1.209,47.7947,104.739
420.187,107.982,116.199,1.2,47.7988,104.808
420.437,104.019,116.199,1.17,47.7807,104.871
420.687,111.915,116.199,1.153,48.0325,104.934
420.937,136.103,116.199,1.122,47.9161,105.001
421.187,111.98,116.199,1.105,47.9365,105.047
421.437,108.021,116.199,1.104,47.887,105.055
421.687,99.9834,116.199,1.094,48.0625,105.056
421.937,104.015,116.199,1.089,50.03,105.057
422.187,103.986,116.199,1.087,50.0803,105.058
422.437,104.016,116.199,1.086,49.9515,105.06
422.687,115.977,116.199,1.086,49.8877,105.061
422.937,120.002,116.199,1.084,49.9565,105.062
423.187,108.008,116.199,1.08,49.9759,105.064
423.437,100.006,116.199,1.08,49.9745,105.068
423.687,99.9907,116.199,1.072,50.039,105.072
423.937,104.009,116.199,1.073,50.0541,105.075
424.187,115.993,116.199,1.08,50.0084,105.079
424.437,112.009,116.199,1.098,49.9348,105.105
424.689,123.078,116.199,1.126,49.8169,105.164
424.937,137.041,116.199,1.175,47.7786,105.224
425.187,103.975,116.199,1.201,47.8063,105.284
425.437,104.02,116.199,1.245,47.7982,105.347
425.687,99.9967,116.199,1.277,47.9176,105.409
425.937,103.993,116.199,1.31,49.9734,105.471
426.187,107.99,116.199,1.331,50.0008,105.536
426.437,108.068,116.199,1.353,49.9799,105.597
426.687,111.941,116.199,1.366,50.0015,105.664
426.937,119.996,116.199,1.382,50.0643,105.738
427.138,104.609,116.199,1.347,49.6075,105.79
427.387,144.459,116.199,1.328,47.7563,105.858
427.637,131.957,116.199,1.296,46.1591,105.925
427.887,104.039,116.199,1.274,45.7603,105.993
428.137,99.9885,116.199,1.251,45.7127,106.066
428.387,107.987,116.199,1.219,47.7944,106.135
428.637,104.005,116.199,1.157,50.0647,106.209
428.887,139.989,116.199,1.117,47.8407,106.282
429.137,115.975,116.199,1.074,47.8238,106.35
429.387,124.001,116.199,1.046,46.2297,106.425
429.637,112.062,116.199,1.009,45.8921,106.497
429.887,107.941,116.199,0.995,47.8307,106.571
430.137,100.049,116.199,0.972,47.8436,106.646
430.387,103.949,116.199,0.961,50.0086,106.717
430.637,108.053,116.199,0.959,49.9949,106.786
430.887,103.952,116.199,0.958,50.0051,106.855
431.138,111.827,116.199,0.97,50.0046,106.916
431.339,99.4598,116.199,0.981,50.0398,106.97
431.587,116.667,116.199,0.994,49.9581,107.033
431.837,116.05,116.199,0.932,49.9806,107.098
432.087,103.961,116.199,0.893,49.8721,107.172
432.337,108.049,116.199,0.831,49.9895,107.241
432.587,107.934,116.199,0.79,49.9075,107.314
432.837,104.065,116.199,0.739,49.981,107.383
433.088,103.826,116.199,0.704,49.9993,107.457
433.337,100.176,116.199,0.663,50.0212,107.533
433.587,107.947,116.199,0.637,50.0288,107.605
433.837,120.052,116.199,0.623,49.9928,107.679
434.087,103.929,116.199,0.612,50.0339,107.748
434.337,112.077,116.199,0.618,49.9977,107.812
434.587,131.876,116.199,0.628,48.9187,107.879
434.837,112.085,116.199,0.66,47.8774,107.941
435.087,103.975,116.199,0.688,47.9344,108.002
435.337,104.029,116.199,0.691,47.8767,108.065
435.587,104.012,116.199,0.695,49.5643,108.13
435.837,119.972,116.199,0.714,49.9779,108.204
436.087,119.923,116.199,0.732,49.576,108.279
436.337,124.065,116.199,0.755,47.8596,108.349
436.587,104.037,116.199,0.776,47.9144,108.419
436.837,95.9622,116.199,0.793,47.9122,108.48
437.087,132.063,116.199,0.803,46.9509,108.544
437.337,107.975,116.199,0.816,48.1486,108.608
437.587,127.978,116.199,0.819,46.9306,108.664
437.837,140.022,116.199,0.817,44.3587,108.725
438.087,99.983,116.199,0.804,44.1903,108.783
438.337,100.036,116.199,0.791,45.7836,108.85
438.587,103.967,116.199,0.779,46.2733,108.913
438.837,96.0211,116.199,0.759,50.0073,108.969
439.087,111.955,116.199,0.73,49.9652,109.032
439.337,116.064,116.199,0.7,49.9961,109.099
439.587,99.9742,116.199,0.678,50.0567,109.159
439.837,104.014,116.199,0.653,49.9987,109.222
440.087,99.9871,116.199,0.635,50.0243,109.29
440.337,96.0106,116.199,0.601,50.0481,109.353
440.587,107.94,116.199,0.579,49.9891,109.425
440.837,120.077,116.199,0.555,48.1083,109.492
441.087,103.969,116.199,0.547,48.0005,109.562
441.337,116.031,116.199,0.537,47.9231,109.636
441.587,103.968,116.199,0.541,47.9947,109.701
441.837,120.033,116.199,0.536,49.9523,109.766
442.087,103.976,116.199,0.536,50.0363,109.825
442.337,100.033,116.199,0.536,49.9971,109.89
442.587,111.964,116.199,0.536,49.9326,109.956
442.837,108.032,116.199,0.54,50.0348,110.012
443.087,107.967,116.199,0.531,49.9801,110.068
443.337,104.032,116.199,0.512,50.0169,110.127
443.587,107.962,116.199,0.497,50.0163,110.185
443.837,136.022,116.199,0.459,47.7597,110.242
444.087,100.014,116.199,0.419,47.7428,110.307
444.337,99.9922,116.199,0.371,47.7595,110.366
444.587,96.0113,116.199,0.348,47.7455,110.431
444.837,95.9922,116.199,0.312,50.0071,110.503
445.087,112,116.199,0.305,48.594,110.579
445.337,123.945,116.199,0.313,46.0643,110.654
445.587,132.037,116.199,0.322,44.102,110.722
445.837,107.94,116.199,0.331,43.7031,110.792
446.087,124.055,116.199,0.34,42.53,110.866
446.337,92.0281,116.199,0.352,45.1205,110.938
446.587,95.967,116.199,0.36,48.0328,111.014
446.837,112.047,116.199,0.366,46.1438,111.085
447.087,87.9507,116.199,0.369,48.1022,111.159
447.337,84.0439,116.199,0.378,48.0025,111.237
447.587,87.9133,116.199,0.381,48.0336,111.308
447.837,96.0891,116.199,0.388,49.9677,111.382
448.087,95.9453,116.199,0.406,49.994,111.457
448.337,96.0573,116.199,0.438,49.9346,111.528
448.587,87.9847,116.199,0.441,50.0307,111.603
448.837,92.0169,116.199,0.442,50.0793,111.674
449.087,91.9384,116.199,0.441,50.0614,111.75
449.337,92.054,116.199,0.441,50.0085,111.824
449.587,91.9851,116.199,0.443,50.0172,111.887
449.837,96.0219,116.199,0.445,49.9985,111.956
450.087,103.919,116.199,0.449,50.0365,112.031
450.337,96.0713,116.199,0.458,49.7824,112.099
450.587,99.9091,116.199,0.469,50.0164,112.172
450.837,92.068,116.199,0.479,50.0093,112.225
451.087,95.9951,116.199,0.487,50.0915,112.308
451.337,92.0234,116.199,0.493,50.0682,112.384
451.587,107.864,116.199,0.492,49.5894,112.451
451.837,116.154,116.199,0.47,47.97,112.525
452.087,99.963,116.199,0.457,47.8474,112.597
452.337,119.957,116.199,0.458,47.0404,112.666
452.587,108.013,116.199,0.456,46.035,112.741
452.837,96.0548,116.199,0.45,47.9404,112.805
453.087,87.9543,116.199,0.448,47.9531,112.875
453.337,92.0606,116.199,0.44,49.4342,112.95
453.587,95.9181,116.199,0.438,50.0351,113.021
453.837,100.066,116.199,0.437,49.9699,113.093
454.087,91.9962,116.199,0.44,49.8902,113.16
454.337,91.9995,116.199,0.444,50.038,113.237
454.587,87.9912,116.199,0.446,50.0592,113.307
454.837,92.0199,116.199,0.452,50.0417,113.382
455.087,87.9778,116.199,0.454,50.0171,113.454
455.337,92.0192,116.199,0.455,49.9877,113.532
455.587,92.023,116.199,0.457,50.0281,113.602
455.837,87.9786,116.199,0.465,49.9952,113.676
456.088,95.8096,116.199,0.467,49.9711,113.746
456.337,116.176,116.199,0.468,48.0164,113.822
456.588,91.8139,116.199,0.467,47.898,113.899
456.837,112.21,116.199,0.463,47.0655,113.967
457.087,92.071,116.199,0.461,46.0503,114.043
457.337,83.9779,116.199,0.46,47.4889,114.119
457.587,88.0206,116.199,0.462,47.929,114.19
457.837,91.975,116.199,0.465,48.8935,114.262
458.087,96.0291,116.199,0.462,49.9849,114.33
458.337,95.9672,116.199,0.461,50.0142,114.404
458.587,100.001,116.199,0.461,49.9871,114.478
458.837,96.0095,116.199,0.461,49.9701,114.538
459.087,92.0198,116.199,0.464,49.9897,114.601
459.337,119.977,116.199,0.47,48.2583,114.665
459.587,100.012,116.199,0.477,47.7454,114.724
459.837,131.992,116.199,0.482,45.8101,114.785
460.087,103.971,116.199,0.495,45.8147,114.845
460.337,96.0206,116.199,0.506,46.597,114.902
460.587,135.982,116.199,0.511,46.1753,114.963
460.837,88.0067,116.199,0.497,47.62,115.02
461.087,92.0211,116.199,0.47,47.5855,115.086
461.337,99.9443,116.199,0.456,47.5932,115.158
461.588,99.8094,116.199,0.448,49.9816,115.223
461.837,100.184,116.199,0.448,50.0857,115.288
462.087,92.0545,116.199,0.424,49.9796,115.355
462.337,96.0198,116.199,0.428,50.071,115.43
462.587,91.9792,116.199,0.458,50.0373,115.504
462.837,87.99,116.199,0.476,50.0679,115.575
463.087,88.0104,116.199,0.487,49.9819,115.651
463.337,91.9532,116.199,0.489,49.9824,115.727
463.587,84.0385,116.199,0.49,50.0021,115.798
463.837,107.993,116.199,0.49,50.0241,115.872
464.087,88.0055,116.199,0.459,49.9868,115.944
464.337,87.9546,116.199,0.449,50.0202,116.022
464.587,92.0424,116.199,0.451,49.981,116.094
464.837,84.0301,116.199,0.455,49.9874,116.172
465.087,87.9677,116.199,0.457,49.9735,116.245
465.337,95.992,116.199,0.457,49.9889,116.316
465.587,84.0068,116.199,0.457,49.9479,116.393
465.837,91.9992,116.199,0.456,49.9872,116.468
466.087,99.9869,116.199,0.456,50.011,116.539
466.337,95.9966,116.199,0.456,49.9956,116.609
466.587,84.0141,116.199,0.456,49.9337,116.685
466.837,92.0071,116.199,0.456,50.0183,116.755
467.087,91.9935,116.199,0.455,50.1018,116.829
467.337,83.9468,116.199,0.444,50.0109,116.906
467.587,88.0552,116.199,0.451,50.0285,116.978
467.837,91.9967,116.199,0.46,49.983,117.053
468.087,84.0066,116.199,0.478,49.9325,117.126
468.337,111.936,116.199,0.479,48.7524,117.203
468.587,108.024,116.199,0.483,47.8767,117.28
468.837,96.0095,116.199,0.486,47.9222,117.351
469.087,88.0235,116.199,0.447,47.8577,117.425
469.337,91.9922,116.199,0.398,49.1298,117.503
469.587,88.0059,116.199,0.359,49.974,117.575
469.837,88.0029,116.199,0.329,50.0732,117.649
470.087,87.9924,116.199,0.309,50.0021,117.721
470.337,123.993,116.199,0.313,49.6091,117.798
470.587,88.008,116.199,0.322,49.9822,117.869
470.837,111.969,116.199,0.331,50.0346,117.932
471.087,92.0314,116.199,0.344,49.9118,117.999
471.337,123.979,116.199,0.359,48.8526,118.064
471.587,92.0085,116.199,0.386,47.964,118.138
471.837,95.9856,116.199,0.412,48.0107,118.213
472.087,96.0143,116.199,0.44,48.0002,118.278
472.337,115.992,116.199,0.45,47.9592,118.348
472.587,103.994,116.199,0.469,47.968,118.418
472.837,103.893,116.199,0.477,47.9691,118.484
473.087,92.105,116.199,0.494,47.981,118.552
473.337,99.9444,116.199,0.502,49.5994,118.619
473.587,108.077,116.199,0.519,49.959,118.69
473.837,95.9774,116.199,0.521,50.0427,118.762
474.087,92.01,116.199,0.525,49.9955,118.834
474.337,95.9554,116.199,0.528,51.0077,118.908
474.587,96.0499,116.199,0.534,50.0145,118.976
474.837,135.983,116.199,0.54,48.7488,119.05
475.087,92.0112,116.199,0.549,48.0057,119.122
475.337,91.9841,116.199,0.555,48.033,119.189
475.587,88.0086,116.199,0.56,47.9991,119.263
475.837,87.9972,116.199,0.561,49.2512,119.337
476.087,91.9979,116.199,0.562,50.0043,119.409
476.337,95.9984,116.199,0.562,49.959,119.484
476.587,100.009,116.199,0.556,50.0289,119.561
476.837,91.9754,116.199,0.554,49.9794,119.631
477.087,88.0263,116.199,0.552,49.9689,119.703
477.337,87.9635,116.199,0.551,50.0073,119.76
477.587,92.0354,116.199,0.55,49.9986,119.781
477.838,91.7897,116.199,0.553,50.0067,119.782
478.087,88.1999,116.199,0.564,49.955,119.783
478.337,99.9688,116.199,0.564,49.9969,119.785
478.587,84.0384,116.199,0.564,50.0035,119.786
478.837,99.9654,116.199,0.557,50.0611,119.787
479.087,96.0402,116.199,0.555,50.0158,119.789
479.338,99.8205,116.199,0.555,50.0419,119.79
479.587,84.1357,116.199,0.561,50.043,119.79
479.837,91.9868,116.199,0.562,49.9847,119.792
480.087,92.02,116.199,0.564,50.005,119.793
480.337,95.9787,116.199,0.561,49.9888,119.812
480.587,92.0201,116.199,0.536,50.013,119.869
480.837,91.973,116.199,0.519,50.0016,119.912
481.087,92.0246,116.199,0.516,50.0303,119.988
481.337,99.9779,116.199,0.516,49.9505,120.058
481.587,100.019,116.199,0.516,50.0099,120.13
481.837,95.9013,116.199,0.519,49.998,120.205
482.087,92.1047,116.199,0.523,50.0559,120.275
482.337,87.9809,116.199,0.529,50.0005,120.351
482.587,92.0193,116.199,0.533,50.0379,120.427
482.837,87.938,116.199,0.535,50.0882,120.498
483.087,88.0565,116.199,0.536,50.0131,120.566
483.337,123.973,116.199,0.536,47.9098,120.635
483.587,100.039,116.199,0.522,47.9529,120.707
483.837,99.9311,116.199,0.521,47.8715,120.774
484.087,100.052,116.199,0.517,47.9006,120.838
484.337,91.9281,116.199,0.515,49.9828,120.909
484.587,96.072,116.199,0.511,49.9872,120.979
484.837,116.003,116.199,0.512,47.7552,121.055
485.087,99.9857,116.199,0.53,47.7955,121.123
485.337,92.0227,116.199,0.548,47.8071,121.189
485.587,99.9668,116.199,0.561,47.8132,121.247
485.837,100.023,116.199,0.509,50.0704,121.309
486.087,111.978,116.199,0.447,49.967,121.367
486.337,92.0075,116.199,0.407,50.0159,121.428
486.587,99.979,116.199,0.364,49.9838,121.494
486.837,96.0352,116.199,0.334,50.038,121.561
487.087,103.961,116.199,0.293,50.0195,121.635
487.337,96.045,116.199,0.271,50.0613,121.706
487.587,99.9367,116.199,0.254,49.9453,121.78
487.837,96.0507,116.199,0.264,50.0615,121.848
488.087,103.955,116.199,0.272,50.0203,121.91
488.337,100.021,116.199,0.279,49.9662,121.977
488.587,92.0049,116.199,0.307,50.0115,122.047
488.837,92.0177,116.199,0.323,50.1519,122.114
489.087,95.9713,116.199,0.375,50.0044,122.184
489.337,88.0155,116.199,0.41,50.0336,122.261
489.587,87.9957,116.199,0.473,50.0192,122.333
489.837,88.0056,116.199,0.472,49.9984,122.408
490.087,95.9942,116.199,0.468,49.9832,122.479
490.337,91.9974,116.199,0.466,50.0161,122.556
490.587,99.9858,116.199,0.447,49.9691,122.632
490.837,88.0291,116.199,0.434,50.0602,122.698
491.087,91.9819,116.199,0.413,50.0266,122.771
491.337,123.984,116.199,0.414,48.8935,122.841
491.587,96.0048,116.199,0.415,50.0389,122.918
491.837,88.0271,116.199,0.41,50.0087,122.99
492.087,95.968,116.199,0.393,49.9884,123.056
492.337,92.03,116.199,0.392,50.6292,123.131
492.587,99.9775,116.199,0.392,50.0277,123.207
492.837,92.0112,116.199,0.392,49.958,123.278
493.087,91.9923,116.199,0.391,50.0409,123.352
493.337,88.0097,116.199,0.391,49.9122,123.425
493.587,91.945,116.199,0.39,50.003,123.49
493.837,92.0588,116.199,0.38,49.9743,123.559
494.087,95.9487,116.199,0.348,50.0181,123.631
494.337,88.0326,116.199,0.349,50.0002,123.701
494.587,87.9985,116.199,0.357,50.078,123.771
494.837,96.014,116.199,0.372,50.0317,123.847
495.087,95.9675,116.199,0.376,49.9756,123.92
495.337,92.0309,116.199,0.375,49.9614,123.99
495.587,95.9891,116.199,0.374,50.024,124.066
495.837,88.0101,116.199,0.374,50.0707,124.139
496.087,83.9899,116.199,0.355,50.0729,124.211
496.337,96.0183,116.199,0.331,50.0877,124.287
496.587,87.9835,116.199,0.33,50.0091,124.362
496.837,100.017,116.199,0.332,49.9827,124.432
497.087,103.936,116.199,0.339,49.9979,124.508
497.337,96.0591,116.199,0.342,49.9964,124.578
497.587,91.9848,116.199,0.348,50.0402,124.656
497.837,96.0147,116.199,0.35,50.0884,124.721
498.087,99.9816,116.199,0.357,50.0948,124.778
498.337,96.0141,116.199,0.363,50.039,124.838
498.587,115.922,116.199,0.381,50.0196,124.897
498.837,96.0629,116.199,0.404,49.9457,124.948
499.087,103.973,116.199,0.446,50.0189,125.003
499.337,132.01,116.199,0.459,48.6729,125.057
499.587,87.9922,116.199,0.434,47.7284,125.116
499.837,96.0279,116.199,0.42,47.8409,125.173
500.087,115.973,116.199,0.386,45.8012,125.231
500.337,95.9991,116.199,0.381,46.1894,125.296
500.587,96.0246,116.199,0.37,47.8075,125.364
500.837,107.987,116.199,0.371,47.8079,125.429
501.087,100.01,116.199,0.393,49.9679,125.502
501.337,95.9835,116.199,0.41,49.9978,125.571
501.587,96.0187,116.199,0.424,49.9972,125.645
501.837,95.886,116.199,0.435,50.0044,125.715
502.087,88.1085,116.199,0.442,49.972,125.783
502.337,83.9796,116.199,0.448,50.038,125.858
502.587,96.0167,116.199,0.453,49.9604,125.933
502.837,107.923,116.199,0.454,49.92,126.004
503.087,88.0723,116.199,0.455,49.9825,126.078
503.337,91.9759,116.199,0.455,50.034,126.154
503.587,88.0183,116.199,0.455,49.9871,126.225
503.837,84.0103,116.199,0.456,50.0071,126.299
504.087,123.97,116.199,0.456,48.0028,126.37
504.337,91.9397,116.199,0.456,48.0096,126.445
504.587,92.0702,116.199,0.456,47.9037,126.515
504.838,87.8022,116.199,0.456,47.9903,126.593
505.087,88.2011,116.199,0.456,50.0032,126.669
505.337,87.9793,116.199,0.456,50.0657,126.739
505.587,88.0056,116.199,0.457,49.9998,126.814
505.837,95.9746,116.199,0.461,49.9537,126.887
506.087,88.0388,116.199,0.464,49.9622,126.958
506.338,103.711,116.199,0.467,50.0159,127.034
506.587,88.2458,116.199,0.465,49.9872,127.109
506.839,91.3213,116.199,0.461,49.9966,127.176
507.087,116.859,116.199,0.457,49.9815,127.246
507.337,91.9936,116.199,0.435,50.1203,127.314
507.587,92.0188,116.199,0.442,49.9351,127.391
507.837,95.9554,116.199,0.446,50.4043,127.461
508.087,100.035,116.199,0.461,49.9742,127.532
508.337,107.971,116.199,0.497,49.9744,127.599
508.587,104.024,116.199,0.524,49.9568,127.673
508.837,88.0235,116.199,0.488,50.0471,127.743
509.088,95.8191,116.199,0.459,49.9965,127.816
509.337,124.17,116.199,0.433,47.8813,127.887
509.587,92.0221,116.199,0.419,47.8661,127.963
509.837,103.977,116.199,0.406,47.8442,128.035
510.087,92.0323,116.199,0.409,47.8789,128.106
510.337,91.963,116.199,0.413,49.9917,128.18
510.587,96.0424,116.199,0.417,49.9626,128.252
510.837,95.957,116.199,0.426,49.9657,128.32
511.087,96.0194,116.199,0.421,50.0079,128.394
511.337,91.9941,116.199,0.389,49.8901,128.463
511.587,96.0219,116.199,0.372,50.0439,128.536
511.837,91.9357,116.199,0.369,49.9283,128.608
512.087,104.069,116.199,0.366,49.96,128.678
512.337,91.9441,116.199,0.36,49.9767,128.756
512.587,88.0547,116.199,0.357,49.9995,128.832
512.837,99.9178,116.199,0.351,49.524,128.903
513.087,108.097,116.199,0.348,50.0152,128.978
513.337,95.9546,116.199,0.342,50.0193,129.049
513.587,96.0347,116.199,0.337,49.9867,129.127
513.837,99.987,116.199,0.332,50.8101,129.202
514.087,96.0087,116.199,0.328,49.9613,129.269
514.337,95.9955,116.199,0.324,49.9355,129.343
514.587,96.0109,116.199,0.321,49.9788,129.419
514.837,95.9709,116.199,0.33,49.8869,129.491
515.087,104.034,116.199,0.349,50.0082,129.563
515.338,131.593,116.199,0.382,48.9895,129.627
515.587,104.308,116.199,0.415,47.8775,129.689
515.837,104.017,116.199,0.469,47.8012,129.749
516.087,103.985,116.199,0.492,47.8114,129.806
516.337,99.9962,116.199,0.521,48.9938,129.866
516.587,99.9962,116.199,0.54,49.994,129.918
516.837,103.994,116.199,0.567,49.9643,129.978
517.087,108.013,116.199,0.577,49.9467,130.037
517.337,111.993,116.199,0.57,49.9692,130.093
517.587,116.007,116.199,0.549,49.9748,130.15
517.837,124.02,116.199,0.526,47.8873,130.209
518.087,99.9832,116.199,0.527,48.0265,130.269
518.337,92.0058,116.199,0.525,47.9557,130.341
518.587,103.975,116.199,0.526,47.9737,130.409
518.837,124.006,116.199,0.532,48.7951,130.482
519.087,96.0108,116.199,0.538,47.9434,130.553
519.337,96.0058,116.199,0.55,47.9834,130.621
519.587,95.9942,116.199,0.554,47.9858,130.698
519.837,88.0029,116.199,0.56,49.2303,130.767
520.087,91.9587,116.199,0.568,50.0073,130.835
520.337,88.0373,116.199,0.571,50.0079,130.906
520.587,99.9955,116.199,0.572,49.9906,130.97
520.837,100.01,116.199,0.576,50.0046,131.033
521.087,91.9981,116.199,0.582,50.0013,131.088
521.337,96.0023,116.199,0.592,50.0039,131.11
521.587,91.9905,116.199,0.589,50.024,131.111
521.837,96.0107,116.199,0.587,50.0056,131.114
522.187,99.9904,116.199,0.586,50.0462,131.116
522.437,92.0103,116.199,0.588,49.9942,131.117
522.687,95.9906,116.199,0.588,49.9594,131.118
522.937,92.0076,116.199,0.584,50.0993,131.119
523.187,95.9949,116.199,0.587,49.9654,131.12
523.437,92.0043,116.199,0.587,50.0031,131.122
523.687,91.9997,116.199,0.587,50.0202,131.127
523.937,119.909,116.199,0.603,49.1555,131.173
524.187,100.017,116.199,0.616,47.775,131.228
524.437,100.074,116.199,0.572,47.8313,131.295
524.687,91.9396,116.199,0.551,47.7669,131.361
524.937,96.0631,116.199,0.533,49.0213,131.429
525.187,91.9326,116.199,0.524,49.9727,131.499
525.437,88.0653,116.199,0.536,50.0677,131.571
525.687,91.9437,116.199,0.549,50.0214,131.637
525.937,96.0683,116.199,0.56,49.9962,131.705
526.187,95.92,116.199,0.567,49.9807,131.774
526.437,100.073,116.199,0.571,50.0133,131.851
526.687,95.8946,116.199,0.571,49.9839,131.927
526.937,92.1024,116.199,0.571,50.0297,132
527.187,95.9282,116.199,0.568,50.0108,132.069
527.437,115.958,116.199,0.567,48.8178,132.137
527.687,100.108,116.199,0.57,47.8167,132.193
527.937,103.967,116.199,0.576,47.8342,132.247
528.187,112.029,116.199,0.576,47.8482,132.301
528.437,103.979,116.199,0.567,48.9869,132.358
528.687,112.03,116.199,0.56,49.9884,132.416
528.937,95.9578,116.199,0.536,49.9988,132.47
529.187,104.048,116.199,0.495,49.9833,132.531
529.437,99.9839,116.199,0.424,50.0164,132.594
529.687,127.919,116.199,0.382,48.8476,132.654
529.937,116.046,116.199,0.328,48.0032,132.723
530.187,96.0255,116.199,0.303,48.0029,132.788
530.437,99.9948,116.199,0.276,47.9918,132.862
530.687,92.0017,116.199,0.27,49.5638,132.936
530.937,91.9937,116.199,0.285,50.0015,133.008
531.187,96.0109,116.199,0.306,50.015,133.086
531.437,99.9941,116.199,0.345,50.0047,133.156
531.687,107.94,116.199,0.369,49.5009,133.228
531.937,108.032,116.199,0.37,47.7532,133.302
532.187,96.039,116.199,0.37,47.7704,133.37
532.437,87.973,116.199,0.375,47.7471,133.444
532.687,91.974,116.199,0.379,47.8073,133.518
532.937,120.015,116.199,0.385,48.013,133.583
533.187,96.0472,116.199,0.388,47.998,133.659
533.437,99.9202,116.199,0.392,47.6308,133.731
533.687,124.081,116.199,0.412,45.9977,133.802
533.937,92.0153,116.199,0.433,47.8557,133.877
534.187,91.9745,116.199,0.433,47.8706,133.946
534.437,92.0217,116.199,0.433,48.2575,134.023
534.687,91.9857,116.199,0.433,49.9992,134.097
534.937,100.016,116.199,0.433,50.009,134.166
535.187,91.96,116.199,0.433,49.9993,134.235
535.437,92.0416,116.199,0.436,50.039,134.306
535.688,111.705,116.199,0.441,49.9861,134.373
535.937,104.273,116.199,0.449,50.0089,134.449
536.187,99.9647,116.199,0.457,50.0546,134.517
536.437,103.963,116.199,0.471,49.3052,134.59
536.687,104.056,116.199,0.476,50.1147,134.661
536.937,96.0152,116.199,0.48,50.0192,134.73
537.187,99.9591,116.199,0.482,50.0845,134.803
537.437,96.0219,116.199,0.48,51.3711,134.878
537.687,100.008,116.199,0.469,50.012,134.942
537.937,96.0097,116.199,0.457,49.9991,135.015
538.187,99.9625,116.199,0.456,50.0785,135.084
538.437,92.0324,116.199,0.447,50.017,135.154
538.687,95.9881,116.199,0.447,49.9232,135.224
538.937,91.995,116.199,0.44,50.0749,135.292
539.187,87.9639,116.199,0.437,50.1218,135.367
539.437,119.991,116.199,0.435,49.0648,135.438
539.687,96.0351,116.199,0.435,47.7659,135.506
539.937,92.0326,116.199,0.44,47.7628,135.585
540.187,91.9603,116.199,0.443,47.7645,135.655
540.437,96.0432,116.199,0.45,49.0818,135.73
540.687,87.9714,116.199,0.453,49.9714,135.801
540.937,92.0257,116.199,0.454,50.1598,135.872
541.187,83.8874,116.199,0.455,50.037,135.948
541.437,92.1221,116.199,0.455,50.0069,136.018
541.687,83.9765,116.199,0.455,50.0086,136.093
541.937,112.024,116.199,0.456,48.7389,136.166
542.187,87.9845,116.199,0.457,47.7837,136.238
542.437,96.0072,116.199,0.463,47.7918,136.312
542.687,100.018,116.199,0.461,47.8192,136.388
542.938,87.7808,116.199,0.461,49.0213,136.457
543.187,88.2198,116.199,0.465,50.0364,136.533
543.437,91.9656,116.199,0.468,49.9651,136.606
543.687,88.0184,116.199,0.469,49.9967,136.674
543.937,99.9988,116.199,0.469,49.9514,136.746
544.187,92.026,116.199,0.465,50.0118,136.818
544.437,99.9756,116.199,0.466,49.9677,136.888
544.687,100.001,116.199,0.47,50.0188,136.956
544.937,99.9118,116.199,0.483,49.9976,137.014
545.187,104.096,116.199,0.487,49.9763,137.056
545.437,95.9788,116.199,0.496,49.9487,137.059
545.687,96.0343,116.199,0.49,50.0159,137.06
545.937,95.9772,116.199,0.483,50.0359,137.061
546.187,92.0042,116.199,0.483,50.0276,137.062
546.437,99.952,116.199,0.483,49.9027,137.064
546.687,100.067,116.199,0.483,49.9962,137.065
546.937,103.972,116.199,0.48,49.9527,137.067
547.187,99.9686,116.199,0.482,50.005,137.068
547.437,104.022,116.199,0.485,50.0027,137.068
547.687,96.0046,116.199,0.481,49.945,137.069
547.937,96.0024,116.199,0.485,49.9702,137.071
548.187,100.015,116.199,0.485,50.0507,137.073
548.437,95.9809,116.199,0.501,50.0413,137.112
548.687,104.032,116.199,0.498,49.9866,137.163
548.937,115.874,116.199,0.459,49.5419,137.218
549.187,128.137,116.199,0.449,48.0151,137.279
549.437,99.9715,116.199,0.446,47.9944,137.341
549.687,96.0417,116.199,0.448,48.0568,137.413
549.937,95.966,116.199,0.451,48.4632,137.487
550.187,96.0353,116.199,0.454,50.0151,137.558
550.437,91.8961,116.199,0.455,49.99,137.633
550.687,92.1056,116.199,0.456,50.0345,137.708
550.937,91.9696,116.199,0.449,50.0255,137.779
551.187,96.0132,116.199,0.456,49.9295,137.856
551.437,87.9883,116.199,0.456,49.9815,137.931
551.687,88.0251,116.199,0.456,49.9754,138.002
551.937,87.9727,116.199,0.456,49.9626,138.078
552.187,88.0253,116.199,0.456,49.9874,138.149
552.437,83.9633,116.199,0.456,49.977,138.226
552.687,92.0407,116.199,0.456,50.0048,138.3
552.937,111.976,116.199,0.456,47.897,138.373
553.187,96.0156,116.199,0.456,47.8561,138.448
553.437,95.989,116.199,0.456,47.7478,138.519
553.687,96.0089,116.199,0.456,47.8263,138.593
553.937,87.9924,116.199,0.456,50.0484,138.669
554.187,92.0064,116.199,0.456,49.9874,138.739
554.437,127.995,116.199,0.456,47.7987,138.815
554.687,83.9865,116.199,0.456,47.8645,138.889
554.937,92.0157,116.199,0.456,47.7833,138.961
555.187,99.9883,116.199,0.456,47.7869,139.037
555.437,91.9601,116.199,0.453,50.0757,139.108
555.687,100.041,116.199,0.452,49.9839,139.175
555.937,88.0092,116.199,0.45,49.9913,139.243
556.187,99.991,116.199,0.452,50.006,139.306
556.437,88.0087,116.199,0.454,50.0667,139.37
556.687,103.975,116.199,0.458,49.9911,139.429
556.937,116.041,116.199,0.464,47.8384,139.484
557.187,107.959,116.199,0.471,47.7853,139.542
557.437,100.033,116.199,0.468,47.8665,139.595
557.687,95.9713,116.199,0.404,47.8077,139.649
557.937,99.9468,116.199,0.362,49.9342,139.707
558.187,112.083,116.199,0.31,47.9667,139.765
558.437,103.984,116.199,0.284,47.957,139.83
558.687,96.0158,116.199,0.257,47.9827,139.898
558.937,103.986,116.199,0.25,47.9947,139.963
559.187,92.012,116.199,0.267,49.9961,140.038
559.437,116.002,116.199,0.284,50.0182,140.111
559.687,87.9957,116.199,0.315,49.9597,140.179
559.937,96.0047,116.199,0.346,50.0201,140.251
560.187,83.996,116.199,0.378,49.9796,140.317
560.437,92.038,116.199,0.42,50.085,140.389
560.687,99.9646,116.199,0.461,49.9152,140.459
560.937,99.9871,116.199,0.499,50.0474,140.519
561.187,87.9936,116.199,0.551,49.9932,140.592
561.437,104.042,116.199,0.592,50.0005,140.661
561.687,99.9753,116.199,0.67,49.9823,140.736
561.937,99.9616,116.199,0.707,50.0569,140.811
562.187,96.0388,116.199,0.773,49.9688,140.875
562.437,95.9921,116.199,0.817,49.9288,140.937
562.687,92.0043,116.199,0.859,49.9852,140.993
562.937,95.9897,116.199,0.895,50.0296,141.047
563.187,92.0082,116.199,0.918,49.9647,141.104
563.437,92.0063,116.199,0.934,50.0179,141.159
563.687,92.0012,116.199,0.951,49.9429,141.221
563.937,103.993,116.199,0.949,50.0215,141.295
564.187,100.002,116.199,0.915,49.976,141.364
564.437,96.0286,116.199,0.908,49.9725,141.435
564.687,91.971,116.199,0.883,50.0149,141.501
564.937,99.9872,116.199,0.877,49.9795,141.567
565.187,132.032,116.199,0.869,47.6656,141.639
565.437,104.003,116.199,0.869,45.641,141.706
565.687,95.9863,116.199,0.869,45.6502,141.78
565.937,108.019,116.199,0.869,45.5669,141.853
566.187,91.9765,116.199,0.869,47.7706,141.915
566.437,128.009,116.199,0.861,47.4627,141.975
566.687,91.9832,116.199,0.834,47.9351,142.031
566.937,92.0348,116.199,0.785,47.9568,142.089
567.187,99.9746,116.199,0.715,47.9952,142.157
567.437,95.9827,116.199,0.678,50.0567,142.222
567.687,100.018,116.199,0.613,50.028,142.288
567.937,100.016,116.199,0.576,50.0265,142.365
568.187,99.9042,116.199,0.511,49.9839,142.43
568.437,96.0954,116.199,0.47,50.0291,142.498
568.687,115.987,116.199,0.405,47.8393,142.557
568.937,96.0213,116.199,0.382,47.8986,142.597
569.187,91.9302,116.199,0.379,47.8787,142.6
569.437,111.979,116.199,0.379,47.4496,142.601
569.687,128.096,116.199,0.369,47.5938,142.602
569.937,91.9949,116.199,0.369,47.6905,142.604
570.138,94.5587,116.199,0.362,47.6784,142.604
570.387,88.3367,116.199,0.355,47.6589,142.606
570.637,95.9766,116.199,0.354,49.9565,142.607
570.887,92.0242,116.199,0.339,50.0569,142.608
571.137,91.9792,116.199,0.341,50.0128,142.609
571.387,88.0171,116.199,0.34,49.9994,142.611
