time,cpu,memory,obstacle_distance,cmd_vel_frequency,distance_travelled
0.204459,0,172.035,0.263,22.3201,2.83548e-05
0.453325,208.948,172.039,0.266,20.6308,0.0153678
0.658151,205.052,172.07,0.3,17.3549,0.0551686
0.902555,200.488,172.07,0.393,14.2111,0.136633
1.15454,206.362,172.723,0.457,14.5249,0.213616
1.40198,181.861,172.723,0.471,13.9625,0.269468
1.65186,192.096,172.723,0.471,13.8279,0.35527
1.90231,203.632,172.742,0.471,14.5532,0.41714
2.15756,207.638,173.352,0.471,14.9298,0.506276
2.40271,187.639,173.352,0.471,15.0276,0.577116
2.65278,151.959,173.352,0.471,15.4414,0.638766
2.85463,153.577,173.352,0.471,15.2003,0.714352
3.10165,161.931,173.355,0.471,15.2808,0.770617
3.35194,143.834,173.938,0.471,15.3202,0.859324
3.60258,175.547,173.941,0.471,15.3053,0.914048
3.85202,160.361,173.941,0.472,15.5581,0.989397
4.10593,185.106,173.949,0.478,15.5453,1.06496
4.35202,170.669,174.527,0.481,16.0853,1.13538
4.60187,164.1,174.527,0.481,16.3425,1.22428
4.85398,150.724,174.531,0.477,16.06,1.28024
5.10323,152.459,174.531,0.478,16.0956,1.37194
5.35301,172.15,175.121,0.435,15.5724,1.44354
5.60228,164.479,175.125,0.373,15.5534,1.51298
5.85497,154.343,175.125,0.341,15.8031,1.57252
6.10197,178.135,175.125,0.3,15.7597,1.64784
6.35224,151.835,175.699,0.299,15.7865,1.71834
6.55432,188.052,175.699,0.302,15.8083,1.77777
6.80217,157.348,175.699,0.306,15.3013,1.86291
7.05568,173.563,175.699,0.309,14.8501,1.93493
7.30247,162.081,176.211,0.313,15.0843,1.99672
7.55184,152.387,176.211,0.315,14.414,2.07675
7.8019,159.958,176.211,0.316,14.3902,2.1502
8.05189,136.01,176.211,0.32,14.2328,2.22314
8.30188,152.002,176.785,0.331,14.4191,2.29308
8.50302,174.014,176.785,0.341,14.8406,2.33303
8.75252,188.376,176.785,0.304,14.8298,2.40581
9.00213,196.307,176.785,0.283,14.6264,2.47539
9.25192,180.149,176.785,0.279,14.6338,2.54967
9.50506,209.37,177.234,0.284,14.3686,2.59115
9.75202,206.511,177.234,0.312,13.9995,2.65748
10.0019,180.106,177.234,0.361,14.0086,2.7152
10.2522,163.756,177.234,0.394,14.8408,2.77207
10.4536,163.914,177.805,0.386,15.5629,2.82327
10.7023,196.998,177.805,0.37,16.0763,2.88023
10.9532,207.296,177.805,0.363,15.8192,2.939
11.2023,200.678,177.805,0.361,16.3236,2.9984
11.4526,191.786,178.305,0.352,15.7918,3.05328
11.6568,186.114,178.305,0.334,15.8083,3.10154
11.9032,202.886,178.305,0.317,16.3418,3.15799
12.1545,175.069,178.305,0.316,16.6507,3.19849
12.4032,160.863,178.848,0.301,17.245,3.25471
12.6073,210.649,178.848,0.301,17.4752,3.29602
12.8519,171.731,178.848,0.304,17.1969,3.34147
13.053,149.147,178.848,0.307,16.8802,3.39438
13.3019,180.809,178.848,0.328,16.589,3.46506
13.5027,184.255,179.395,0.36,16.6071,3.52402
13.7526,196.096,179.395,0.349,16.6289,3.59496
14.0025,180.043,179.395,0.332,16.8809,3.65961
14.2519,188.476,179.395,0.334,16.875,3.72314
14.5022,147.843,179.941,0.339,16.8855,3.76183
14.7557,153.847,179.941,0.341,16.9007,3.81984
15.0023,145.987,179.941,0.336,16.9397,3.89282
15.2554,169.909,179.941,0.334,16.3319,3.96757
15.5019,186.579,180.484,0.325,16.626,4.03606
15.7523,151.785,180.484,0.321,17.2046,4.10711
16.002,172.178,180.484,0.318,17.2032,4.17221
16.2519,172.1,180.484,0.317,17.5036,4.23926
16.5021,131.878,181.035,0.317,17.8094,4.313
16.703,169.243,181.035,0.317,18.1596,4.37044
16.952,140.567,181.035,0.317,18.5036,4.43488
17.154,138.627,181.035,0.326,18.8779,4.48128
17.4018,133.136,181.035,0.3,18.845,4.53626
17.6526,179.47,181.574,0.284,18.4492,4.59891
17.902,144.325,181.574,0.269,19.2091,4.67919
18.152,160.013,181.574,0.267,18.8886,4.74644
18.4029,167.398,181.574,0.269,18.863,4.8176
18.6534,171.605,182.074,0.28,19.2207,4.8858
18.9019,152.972,182.074,0.309,18.8575,4.95706
19.1521,139.881,182.074,0.328,18.8525,5.01291
19.4019,164.135,182.074,0.344,18.8511,5.07859
19.6518,152.065,182.609,0.361,18.8417,5.13491
19.8525,169.355,182.609,0.372,18.7888,5.16636
20.1018,172.473,182.609,0.391,19.2176,5.23201
20.3032,158.9,182.609,0.402,19.5754,5.26471
20.5557,194.086,182.609,0.4,18.8557,5.32679
20.7572,198.539,182.641,0.395,18.853,5.36814
21.0032,199.186,182.641,0.387,18.4904,5.41405
21.2559,174.07,182.641,0.368,18.1466,5.49286
21.5026,158.104,182.641,0.352,18.1638,5.5607
21.7556,169.951,183.156,0.351,17.7498,5.61298
22.0045,152.673,183.156,0.374,17.8387,5.68772
22.2546,151.93,183.156,0.414,17.8156,5.75822
22.5018,137.542,183.156,0.457,17.843,5.83153
22.7554,149.864,183.688,0.512,17.8028,5.89454
23.0018,137.959,183.688,0.552,17.5,5.96637
23.2521,131.874,183.688,0.593,18.5142,6.03397
23.5018,136.129,183.688,0.662,18.8534,6.10877
23.7527,135.538,184.211,0.719,19.2354,6.18236
24.0042,131.224,184.211,0.76,19.5949,6.24497
24.2519,133.202,184.211,0.738,19.9989,6.3133
24.5032,135.3,184.211,0.684,19.9657,6.38495
24.7519,132.699,184.684,0.592,20.0147,6.45538
25.0035,131.163,184.684,0.54,20.0251,6.52961
25.2526,132.447,184.684,0.473,20.043,6.60169
25.504,115.392,184.684,0.421,19.606,6.66917
25.755,143.431,185.133,0.355,19.5996,6.7415
26.0018,121.515,185.133,0.316,19.6031,6.81712
26.2519,135.991,185.133,0.276,19.5859,6.87664
26.5018,132.011,185.133,0.249,19.6081,6.93929
26.7519,139.951,185.477,0.212,19.6164,7.00707
27.0019,123.993,185.477,0.201,19.2021,7.07617
27.253,131.427,185.527,0.208,19.2302,7.13751
27.5035,139.741,185.539,0.219,19.1992,7.18388
27.7519,128.845,185.539,0.263,19.1818,7.26707
28.0021,135.88,186.008,0.289,19.5604,7.33727
28.2519,128.1,186.008,0.311,19.5873,7.407
28.5018,128.025,186.008,0.341,19.6372,7.46524
28.7533,131.237,186.016,0.367,19.6322,7.53433
29.0018,136.797,186.195,0.388,19.6051,7.60588
29.2536,127.102,186.195,0.43,19.5805,7.67646
29.5057,126.937,186.195,0.457,20.0302,7.72925
29.7519,125.912,186.195,0.508,19.9994,7.81652
30.0018,132.023,186.711,0.538,19.9679,7.89182
30.2518,128,186.711,0.592,19.9901,7.96064
30.5021,119.888,186.711,0.625,19.9976,8.03229
30.7537,135.115,186.711,0.677,20.0302,8.10791
31.0018,120.936,187.09,0.713,19.9935,8.17589
31.2531,135.308,187.09,0.768,19.9944,8.24987
31.5018,116.594,187.09,0.804,20.0359,8.3171
31.7521,127.851,187.09,0.847,19.9778,8.3919
32.0018,128.134,187.09,0.881,20.0101,8.46009
32.2524,123.688,187.09,0.933,19.9946,8.53419
32.5018,128.319,187.09,0.962,20.0106,8.60655
32.7529,127.431,187.09,1.013,19.9914,8.67742
33.0019,136.582,187.551,1.052,20.0057,8.7531
33.2519,132.008,187.551,1.106,19.9947,8.82932
33.5025,115.696,187.551,1.139,20.028,8.89312
33.7522,140.203,187.551,1.173,20.0162,8.95427
33.9545,118.599,187.551,1.201,20.006,8.99414
34.2018,121.297,187.551,1.232,20.0275,9.03847
34.452,131.943,187.625,1.25,21.3216,9.07408
34.7027,131.599,187.625,1.268,20.1028,9.0839
34.9518,132.461,187.625,1.271,20.1247,9.08476
35.2022,143.79,187.625,1.272,20.1039,9.08551
35.4518,140.207,187.695,1.269,20.1194,9.08646
35.7018,144.049,187.695,1.264,20.1087,9.08739
35.9023,134.631,187.695,1.264,20.1272,9.08803
36.1525,151.861,187.695,1.264,20.0934,9.08878
36.354,139.015,187.695,1.263,20.1142,9.0896
36.6018,149.297,187.766,1.262,20.1006,9.09101
36.8518,147.96,187.766,1.262,19.2956,9.09277
37.0539,143.501,187.766,1.26,20.0016,9.09373
37.3018,145.27,187.766,1.262,19.9991,9.09462
37.5518,143.947,187.836,1.271,20.0013,9.09596
37.8017,144.069,187.836,1.272,19.999,9.09733
38.054,150.649,187.836,1.272,19.9956,9.11437
38.3019,133.12,187.836,1.282,19.9974,9.1664
38.5519,160.008,187.91,1.271,19.9985,9.22777
38.8017,132.059,187.91,1.259,19.9953,9.29086
39.0519,151.885,187.91,1.224,20.0047,9.36562
39.3017,128.103,187.91,1.198,20.0214,9.44043
39.5023,149.566,187.91,1.18,19.9989,9.49703
39.7544,146.774,188.027,1.136,19.9991,9.5657
40.0019,125.268,188.027,1.111,19.9948,9.63272
40.2519,144,188.027,1.069,19.9948,9.70345
40.5019,128.005,188.027,1.044,20.0031,9.77506
40.7538,142.867,188.102,0.995,19.998,9.84177
41.002,132.954,188.102,0.978,19.999,9.91549
41.2521,139.99,188.102,0.939,19.9989,9.98345
41.5026,131.718,188.102,0.919,19.9993,10.0591
41.7519,136.398,188.254,0.882,20.0001,10.1277
41.9539,138.561,188.254,0.856,20.0019,10.183
42.2017,141.242,188.254,0.832,20.0008,10.2592
42.4523,131.717,188.254,0.8,20.0053,10.3359
42.7018,148.278,188.379,0.77,20.0021,10.4041
42.9521,127.879,188.379,0.734,19.9999,10.4762
43.2019,144.102,188.379,0.702,20.0049,10.5382
43.452,131.942,188.379,0.67,20.0016,10.6057
43.7018,136.084,188.426,0.649,19.6073,10.6785
43.9519,131.989,188.426,0.631,19.5986,10.7431
44.2017,140.07,188.426,0.619,19.6091,10.8202
44.4519,131.934,188.426,0.61,19.598,10.8912
44.6527,144.36,188.473,0.589,19.5985,10.9509
44.9019,124.443,188.473,0.575,19.599,11.0181
45.1519,151.971,188.473,0.552,19.6001,11.0869
45.4017,124.077,188.473,0.537,19.5998,11.1569
45.6023,139.61,188.473,0.523,19.5997,11.2166
45.8519,144.25,188.523,0.52,19.5833,11.287
46.1018,132.026,188.523,0.519,19.9966,11.3573
46.3519,135.972,188.523,0.541,19.9953,11.4265
46.6017,136.074,188.523,0.559,19.9951,11.5024
46.854,142.731,188.602,0.6,19.9804,11.5687
47.1029,132.552,188.602,0.626,19.99,11.6456
47.3519,132.544,188.602,0.683,19.9848,11.7167
47.6019,140.008,188.602,0.732,20.0092,11.7877
47.8519,136.011,188.652,0.708,19.9765,11.8639
48.1017,148.079,188.652,0.679,20.0075,11.9309
48.3538,126.967,188.652,0.62,19.9843,12.0023
48.6021,144.98,188.652,0.585,20.0075,12.0794
48.8518,140.14,188.699,0.525,19.9759,12.15
49.0542,133.401,188.699,0.502,19.9998,12.2117
49.3017,133.321,188.699,0.457,20.0154,12.2848
49.552,131.867,188.699,0.402,20.0064,12.3555
49.7539,143.596,189.172,0.37,19.9968,12.4167
50.0017,137.213,189.172,0.33,20.0032,12.4847
50.2532,135.223,189.172,0.288,20.0025,12.5599
50.5019,136.711,189.172,0.275,20.0027,12.6298
50.7522,135.835,189.172,0.271,20.0067,12.6933
51.0019,144.185,189.246,0.273,20.0121,12.7541
51.2519,147.989,189.246,0.286,20.0019,12.8162
51.5035,131.126,189.246,0.295,20.0026,12.8721
51.752,161.008,189.246,0.307,20.0027,12.9276
51.9535,129.044,188.77,0.313,20.0124,12.9731
52.2017,144.999,188.77,0.316,20.0073,13.0331
52.4024,134.577,188.77,0.323,20.0199,13.0817
52.6519,144.285,188.77,0.331,19.9971,13.1421
52.9017,132.102,188.887,0.342,19.9919,13.2046
53.1519,139.884,188.887,0.346,20.0025,13.2626
53.4017,132.072,188.887,0.345,20.0147,13.3231
53.6523,143.678,188.887,0.341,20.0026,13.3823
53.9018,136.266,188.938,0.34,20.0013,13.4485
54.1523,147.713,188.938,0.341,20,13.5055
54.4018,136.29,188.938,0.342,20.0091,13.5595
54.6519,159.939,188.938,0.313,20.0004,13.6188
54.9017,136.077,188.988,0.303,20.0015,13.6814
55.1519,139.897,188.988,0.314,20.0071,13.7478
55.4018,128.045,188.988,0.32,20.0011,13.8222
55.6519,139.981,188.988,0.34,19.9987,13.8922
55.9019,136.002,189.035,0.352,20.0012,13.9577
56.1519,135.997,189.035,0.364,19.9935,14.0281
56.4032,119.345,189.035,0.368,19.9997,14.0788
56.6521,148.699,189.035,0.374,19.9876,14.1653
56.9017,124.189,189.035,0.377,20.0005,14.2336
57.1532,151.053,189.07,0.382,20.0023,14.2994
57.4018,120.718,189.07,0.389,20.0011,14.3756
57.6526,143.517,189.07,0.418,19.9964,14.4429
57.9016,132.506,189.07,0.42,20.0027,14.5182
58.1519,139.886,189.098,0.413,20.0013,14.5925
58.4017,128.091,189.098,0.41,20.0008,14.6624
58.6518,135.91,189.098,0.405,19.9997,14.7384
58.9017,128.055,189.098,0.4,19.9982,14.8119
59.1518,147.943,189.16,0.397,20.0136,14.8799
59.4018,124.007,189.16,0.395,19.9997,14.9558
59.6525,143.597,189.16,0.39,19.9946,15.0259
59.9025,123.984,188.648,0.386,19.9988,15.1021
60.1517,152.518,188.711,0.382,19.9999,15.1757
60.4017,123.981,188.711,0.381,20.001,15.2481
60.6519,139.888,188.711,0.378,19.9993,15.3221
60.9021,131.918,188.711,0.375,19.9944,15.3969
61.1518,144.146,188.73,0.372,20.001,15.4678
61.4021,131.871,188.73,0.371,20.002,15.5439
61.652,136.04,188.73,0.371,19.9966,15.6155
61.9018,124.088,188.73,0.37,20.0024,15.6914
62.1519,147.981,188.734,0.37,20.0022,15.762
62.4022,119.84,188.734,0.371,19.9964,15.8308
62.6519,148.187,188.738,0.376,20.0101,15.9056
62.9022,119.863,188.738,0.378,19.9991,15.9692
63.1524,147.844,188.742,0.378,20.0024,16.0325
63.4019,124.25,188.742,0.371,20.005,16.1059
63.6519,148.048,188.742,0.367,20.0096,16.1738
63.9032,127.33,188.742,0.344,19.9892,16.2486
64.1519,152.76,188.742,0.343,19.998,16.3231
64.4018,120.049,188.742,0.335,19.9931,16.3929
64.6519,139.95,188.742,0.325,20.0005,16.4567
64.9021,127.899,188.742,0.325,19.9973,16.5225
65.1517,136.225,188.941,0.325,20.003,16.5918
65.402,135.82,188.941,0.327,19.9976,16.6677
65.6031,134.263,188.941,0.328,19.9993,16.7176
65.8519,136.683,188.941,0.329,19.9956,16.7866
66.102,135.907,188.941,0.329,20.0007,16.8597
66.3519,128.079,188.941,0.326,20.0042,16.9298
66.6018,144.06,188.941,0.322,19.9992,17.0058
66.8519,131.926,188.941,0.308,20.0054,17.0764
67.1021,139.909,188.941,0.288,19.9959,17.1531
67.3518,128.134,189.148,0.289,19.9977,17.2264
67.553,134.214,189.148,0.288,19.9992,17.2801
67.8023,144.424,189.148,0.283,19.9996,17.3525
68.0519,124.188,189.148,0.278,20.0011,17.4218
68.3029,135.467,189.148,0.278,20.0015,17.497
68.5519,136.551,189.148,0.276,19.9876,17.5603
68.802,131.922,189.148,0.281,19.9999,17.6188
69.0518,148.095,189.148,0.288,20.0016,17.6832
69.2542,138.403,189.148,0.3,20.0009,17.7309
69.5029,136.667,189.148,0.326,19.9975,17.7891
69.7531,151.911,189.148,0.338,20.0039,17.845
70.0019,128.611,189.148,0.358,19.9992,17.8979
70.2518,148.029,189.148,0.372,20.001,17.9552
70.5018,135.999,189.148,0.394,20.001,18.0102
70.7521,151.851,189.148,0.397,19.9944,18.0653
71.0018,132.13,189.148,0.4,20.015,18.1287
71.2541,138.75,189.148,0.408,19.9994,18.1944
71.5031,128.489,189.148,0.381,20.0024,18.2708
71.7518,128.669,189.148,0.38,19.9918,18.3347
72.0027,131.527,189.148,0.372,19.991,18.3941
72.2519,144.51,189.148,0.375,19.9998,18.4645
72.5023,123.762,189.152,0.378,19.9951,18.5382
72.7528,135.762,189.152,0.383,19.9973,18.606
73.0019,136.459,189.152,0.389,20.0005,18.6777
73.2519,124.036,189.152,0.391,20.0161,18.7454
73.5019,139.986,189.152,0.392,19.9899,18.8216
73.7521,131.881,189.152,0.392,19.9986,18.8951
74.004,123.085,189.152,0.39,19.999,18.9641
74.2526,140.804,189.152,0.391,19.9999,19.0406
74.5018,124.352,189.488,0.392,19.999,19.1136
74.7518,140.004,189.488,0.391,19.995,19.184
75.0017,120.052,189.488,0.386,20.0055,19.2613
75.2519,139.909,189.488,0.383,19.9964,19.3318
75.502,131.939,189.488,0.381,19.9971,19.4084
75.7537,135.064,189.488,0.381,19.9938,19.4833
76.0019,132.987,189.488,0.38,19.9991,19.5542
76.2542,130.809,189.488,0.38,19.9961,19.627
76.5018,137.323,189.488,0.38,19.9985,19.6958
76.7524,127.674,189.488,0.38,19.985,19.7692
77.0025,127.923,189.488,0.382,20.0002,19.8451
77.2525,136.045,189.488,0.386,19.9946,19.9153
77.5023,128.085,189.488,0.391,19.9982,19.9914
77.752,140.164,189.488,0.391,19.9983,20.0634
78.0018,128.084,189.488,0.393,19.9999,20.1327
78.2518,144.003,189.488,0.396,19.9996,20.2092
78.502,127.931,189.488,0.382,20.0019,20.2762
78.7026,144.575,189.488,0.348,20.0056,20.3309
78.9519,128.358,189.488,0.318,20.0014,20.3967
79.2018,140.051,189.488,0.298,20.012,20.4593
79.4518,123.961,189.488,0.29,20.0004,20.5351
79.7017,136.057,189.488,0.288,20.0086,20.5954
79.9521,127.794,189.488,0.293,20.0002,20.6602
80.2017,136.228,189.488,0.297,19.9989,20.7309
80.4521,131.796,189.488,0.302,19.9995,20.801
80.7017,136.202,189.488,0.307,20.003,20.8769
80.9524,123.666,189.488,0.309,19.9971,20.9461
81.2021,132.189,189.488,0.314,20.0012,21.0136
81.4522,131.936,189.488,0.319,19.9991,21.0887
81.7018,132.214,189.488,0.329,19.9863,21.162
81.9521,131.838,189.488,0.337,19.9985,21.2329
82.2017,128.182,189.488,0.354,19.999,21.3096
82.4519,135.922,189.488,0.365,19.9981,21.3798
82.7017,132.066,189.98,0.386,20.0011,21.457
82.9524,127.65,189.98,0.411,20.0016,21.5313
83.1533,144.385,189.98,0.444,20.0003,21.5857
83.4017,120.745,189.98,0.488,20.0039,21.6539
83.6023,149.567,189.492,0.536,20.0029,21.7069
83.8518,120.236,189.492,0.565,20.0009,21.7814
84.102,135.93,189.492,0.562,20.0172,21.841
84.3519,128.037,189.492,0.563,20.0041,21.9044
84.6018,144.03,189.492,0.566,20.0039,21.9779
84.8521,123.892,189.492,0.552,20.01,22.0466
85.1021,131.999,189.492,0.538,20.0126,22.1175
85.3519,124.084,189.492,0.536,20.0032,22.1835
85.602,143.938,189.496,0.531,20.006,22.2494
85.8519,120.047,189.496,0.534,20.0056,22.3248
86.1019,136.015,189.496,0.538,20.0029,22.3961
86.3519,124.008,189.496,0.543,20.0047,22.4677
86.5537,128.814,189.496,0.547,20.0068,22.5221
86.8028,132.485,189.496,0.557,20.0032,22.5767
87.052,132.39,189.496,0.563,20.003,22.6239
87.3018,124.133,189.496,0.559,20.01,22.661
87.5519,131.919,189.496,0.556,19.9997,22.6846
87.8018,136.085,189.496,0.554,20.0034,22.6865
88.0519,119.934,189.496,0.553,20.0023,22.6868
88.3017,132.097,189.496,0.546,20.0011,22.6877
88.552,135.843,189.496,0.544,20.0016,22.6883
88.8018,132.137,189.496,0.539,20.0013,22.6894
89.0519,135.934,189.496,0.539,20.0005,22.6901
89.3022,143.828,189.496,0.538,19.9995,22.691
89.552,136.106,189.496,0.538,20,22.6922
89.8017,136.13,189.543,0.532,19.9987,22.6936
90.0519,143.931,189.562,0.529,20.8425,22.6954
90.3017,136.07,189.562,0.531,20.0006,22.6975
90.5026,144.36,189.562,0.533,19.9995,22.6992
90.7536,139.455,189.562,0.53,20.0005,22.7003
91.0019,145.006,189.562,0.53,19.9994,22.7017
91.2518,144.017,189.613,0.533,19.9941,22.703
91.5018,135.993,189.613,0.535,19.9985,22.7041
91.7519,143.993,189.613,0.536,19.9989,22.7055
92.0027,135.529,189.613,0.539,19.9997,22.7195
92.2524,144.179,189.621,0.556,19.9947,22.775
92.5019,144.325,189.621,0.541,19.2225,22.827
92.7523,143.739,189.621,0.539,19.9997,22.8876
93.0021,136.09,189.621,0.54,19.9996,22.9588
93.2521,140.018,189.625,0.544,19.9992,23.0291
93.5019,128.122,189.625,0.55,19.9987,23.1026
93.7521,143.88,189.625,0.558,20.0003,23.1604
94.0027,143.625,189.625,0.554,20.0019,23.2212
94.2518,136.484,189.633,0.54,20.0008,23.2961
94.5018,128.004,189.633,0.526,20.0013,23.3602
94.7523,147.729,189.633,0.513,19.9995,23.427
95.0018,128.241,189.633,0.511,19.9986,23.4986
95.2527,143.521,189.633,0.511,19.999,23.5665
95.5026,124.025,189.633,0.512,19.9991,23.6403
95.7519,132.397,189.633,0.514,20.0013,23.7114
96.0018,136.015,189.633,0.524,20.0008,23.7803
96.2522,135.786,189.633,0.513,19.5996,23.8562
96.5018,136.26,189.633,0.479,19.6013,23.927
96.7526,135.553,189.633,0.455,19.6002,23.994
97.0018,136.408,189.633,0.444,19.6,24.07
97.2036,128.848,189.633,0.439,19.6003,24.1227
97.452,128.858,189.633,0.44,19.6004,24.1916
97.6532,144.104,189.633,0.441,19.6007,24.2435
97.9017,128.748,189.633,0.435,19.6003,24.3172
98.1523,135.723,189.633,0.423,19.2158,24.3906
98.4022,140.007,189.633,0.399,19.2095,24.4592
98.6519,136.199,189.633,0.378,19.6001,24.534
98.8542,133.427,189.633,0.343,19.6039,24.5905
99.1017,137.378,189.633,0.301,19.5994,24.6618
99.3531,127.315,189.633,0.282,19.5994,24.7364
99.6019,148.718,189.633,0.273,19.5999,24.8054
99.853,123.46,189.633,0.272,19.6042,24.8806
100.102,144.749,189.633,0.295,19.6,24.9473
100.352,131.903,189.633,0.318,19.5981,25.0101
100.602,136.043,189.633,0.363,19.9992,25.0781
100.852,135.851,189.633,0.409,20.0058,25.1482
101.102,136.11,189.633,0.482,19.9994,25.2197
101.303,134.528,189.633,0.486,19.9996,25.2724
101.552,132.375,189.633,0.475,19.9984,25.3411
101.802,136.027,189.633,0.468,19.9988,25.4155
102.053,135.597,189.633,0.463,19.9994,25.4853
102.302,128.29,189.633,0.457,19.9995,25.5616
102.554,150.646,189.633,0.449,19.989,25.6368
102.802,129.194,189.633,0.442,20.0016,25.7039
103.052,136.026,189.633,0.438,20.0003,25.7746
103.253,128.989,189.633,0.431,19.9989,25.8305
103.502,128.86,189.633,0.426,19.9904,25.9031
103.752,143.869,189.633,0.424,19.9986,25.9753
104.002,124.031,189.633,0.422,19.9941,26.0455
104.252,139.995,189.633,0.42,19.9997,26.1211
104.502,139.978,189.707,0.414,20.0021,26.1913
104.752,135.912,189.707,0.411,19.9983,26.264
104.954,138.767,189.707,0.409,20.0046,26.3244
105.202,133.134,189.707,0.401,19.9958,26.3926
105.403,149.112,189.707,0.394,19.9975,26.4546
105.652,140.441,189.707,0.382,19.9978,26.5257
105.853,124.213,189.707,0.38,19.9972,26.5827
106.102,140.938,189.707,0.375,19.9975,26.65
106.352,127.931,189.707,0.372,19.9992,26.724
106.602,144.083,189.707,0.371,19.9956,26.7997
106.853,135.29,189.707,0.371,19.9988,26.8689
107.102,128.69,189.707,0.369,20.0007,26.9427
107.352,131.862,189.707,0.369,20.0012,27.0155
107.602,135.925,189.707,0.369,20.0017,27.0807
107.852,136.04,189.707,0.365,20.0007,27.1557
108.102,136.165,189.707,0.355,20.0018,27.2253
108.353,131.274,189.707,0.344,20.0031,27.2977
108.602,148.832,189.707,0.344,20.0038,27.3654
108.803,134.409,189.707,0.34,20.0021,27.4122
109.052,140.439,189.707,0.331,20.0061,27.4758
109.302,135.995,189.707,0.33,20.0021,27.5383
109.552,128.003,189.707,0.328,20.0009,27.5982
109.754,148.527,189.707,0.327,20.0007,27.6452
110.002,141.168,189.707,0.33,19.9997,27.6967
110.253,147.282,189.707,0.338,20.0012,27.7523
110.502,132.644,189.707,0.342,19.6016,27.8039
110.752,151.888,189.707,0.341,19.6015,27.86
111.002,135.863,189.707,0.336,19.6007,27.93
111.203,149.495,189.707,0.339,19.6006,27.9808
111.452,132.489,189.707,0.344,19.6011,28.0535
111.702,136.038,189.707,0.344,19.6013,28.124
111.952,139.812,189.707,0.343,19.6006,28.1917
112.202,136.248,189.707,0.34,19.6013,28.2603
112.455,130.193,189.707,0.328,19.6016,28.3284
112.702,129.778,190.23,0.347,19.6005,28.4021
112.952,139.98,190.23,0.363,19.9972,28.465
113.202,123.961,190.23,0.368,20.0006,28.5312
113.403,144.386,190.23,0.369,19.9993,28.5908
113.652,136.274,189.668,0.37,19.9993,28.6611
113.902,132.244,189.734,0.37,20.0014,28.7341
114.153,139.244,189.734,0.37,19.5994,28.8088
114.402,120.681,189.734,0.37,19.5995,28.8799
114.654,154.378,189.734,0.367,19.599,28.9554
114.902,121.231,189.734,0.364,19.5987,29.025
115.152,135.787,189.734,0.36,19.5993,29.0987
115.402,124.158,189.734,0.358,19.6004,29.1734
115.653,131.69,189.734,0.348,19.5995,29.2394
115.902,136.425,189.734,0.347,19.5991,29.3145
116.153,131.368,189.734,0.351,19.6003,29.3824
116.402,132.57,189.734,0.354,19.5976,29.4477
116.654,138.852,189.734,0.349,20.0001,29.5234
116.902,129.038,189.734,0.346,19.994,29.5888
117.153,139.294,189.734,0.344,19.9994,29.6547
117.402,128.752,189.734,0.343,20.0001,29.729
117.657,137.2,189.734,0.343,20.0001,29.7999
117.902,134.744,189.734,0.348,19.9994,29.8742
118.152,131.95,189.734,0.357,20,29.9488
118.402,120.007,189.734,0.363,20.0012,30.0164
118.652,143.919,189.734,0.367,19.9993,30.0927
118.903,123.711,189.734,0.369,19.9933,30.1625
119.152,144.394,189.734,0.372,19.9997,30.2358
119.402,123.99,189.734,0.375,19.9977,30.3103
119.652,127.747,189.734,0.378,20.0001,30.3812
119.902,136.325,189.734,0.385,19.9927,30.4576
120.152,143.963,189.734,0.392,19.9987,30.5299
120.402,131.994,189.734,0.397,19.9998,30.5989
120.652,139.929,189.734,0.403,19.9995,30.6757
120.854,133.631,189.75,0.405,19.9958,30.7312
121.102,133.216,189.793,0.406,20.0011,30.8078
121.352,123.889,189.797,0.407,20.0064,30.8794
121.602,135.991,189.797,0.407,20.0002,30.9526
121.852,135.742,189.797,0.412,20.0018,31.0292
122.102,132.393,189.797,0.416,20.0006,31.0964
122.352,119.883,189.797,0.404,20.0075,31.1686
122.602,140.079,189.797,0.399,19.6002,31.2449
122.852,135.996,189.797,0.395,19.5998,31.3136
123.055,128.109,189.797,0.381,19.6007,31.3713
123.302,137.655,189.797,0.378,19.6017,31.4371
123.552,131.944,189.797,0.359,19.6002,31.5073
123.802,128.08,189.797,0.343,19.6006,31.5821
124.002,144.49,189.797,0.319,19.5973,31.6354
124.253,131.528,189.797,0.306,19.6009,31.7086
124.502,120.596,189.797,0.285,19.6014,31.7747
124.752,136.105,189.797,0.278,19.6008,31.8392
124.954,133.784,189.797,0.275,20.0016,31.8891
125.202,133.053,189.797,0.278,20.0024,31.9555
125.452,131.823,189.797,0.279,20.0014,32.0242
125.702,136.181,189.797,0.284,20.0019,32.0887
125.956,129.749,189.797,0.3,20.0026,32.1427
126.202,142.381,189.797,0.313,19.6018,32.2119
126.452,136.038,189.797,0.345,19.6029,32.2702
126.702,140.031,189.797,0.364,19.602,32.3366
126.905,137.992,189.797,0.38,19.6032,32.3877
127.153,136.907,189.797,0.416,19.5986,32.4555
127.402,124.648,189.797,0.435,19.6026,32.5274
127.653,127.254,189.797,0.46,19.6037,32.5971
127.902,132.819,189.797,0.473,19.6032,32.6683
128.152,135.904,189.797,0.493,19.6017,32.7311
128.402,128.074,189.797,0.5,19.6028,32.7862
128.652,139.89,189.797,0.541,20.0031,32.8781
128.902,120.12,189.797,0.561,20.0029,32.948
129.152,143.54,189.797,0.557,20.0025,33.0156
129.402,120.282,189.797,0.555,20.0033,33.0779
129.653,139.621,189.797,0.567,20.0027,33.13
129.902,128.304,189.797,0.575,20.0032,33.1781
130.152,127.713,189.797,0.581,19.9993,33.217
130.402,116.302,189.797,0.588,20.0028,33.2309
130.652,135.998,189.797,0.594,20.002,33.2312
130.902,124.036,189.797,0.594,20.0015,33.2319
131.152,143.957,189.797,0.595,19.9981,33.2329
131.353,119.489,189.797,0.596,20.002,33.2333
131.602,136.488,189.797,0.597,20.0023,33.2342
131.852,131.969,189.797,0.603,20.0011,33.2353
132.102,135.919,189.805,0.604,20.8486,33.2361
132.352,140.097,189.805,0.608,19.6793,33.238
132.602,144.054,189.805,0.61,19.6852,33.2397
132.852,135.929,189.805,0.611,19.6814,33.2412
133.055,137.931,189.805,0.613,19.6785,33.242
133.302,137.532,189.805,0.612,19.6808,33.2431
133.552,140.127,189.805,0.612,19.6811,33.2441
133.802,136.026,189.805,0.613,19.6709,33.2452
134.055,149.864,189.805,0.611,19.6739,33.2464
134.302,137.963,189.805,0.612,19.678,33.2484
134.555,146.349,189.805,0.611,18.9243,33.2519
134.802,137.542,189.805,0.59,19.9947,33.2904
135.053,151.109,189.805,0.541,20.0084,33.3473
135.257,142.176,189.805,0.524,19.9935,33.3893
135.502,134.946,189.805,0.514,19.9954,33.4554
135.752,144.005,189.805,0.507,19.9774,33.5217
136.002,123.787,189.805,0.519,19.9924,33.5952
136.252,140.24,189.805,0.548,20.0098,33.6715
136.502,120,189.805,0.564,19.9949,33.7387
136.752,143.968,189.805,0.512,20.0043,33.8006
137.002,124.019,189.805,0.509,19.9915,33.8733
137.252,140.003,189.805,0.49,19.9984,33.9418
137.502,127.996,189.805,0.472,19.9994,34.0096
137.752,131.812,189.805,0.439,20.0011,34.0713
138.002,128.202,189.805,0.408,19.9936,34.1384
138.252,143.966,189.805,0.37,20.0085,34.2038
138.453,129.166,189.805,0.334,19.9912,34.254
138.702,136.722,189.805,0.306,20.0013,34.3223
138.953,131.324,189.805,0.273,20.0023,34.3922
139.202,132.725,189.805,0.262,19.9918,34.4593
139.452,127.927,189.805,0.262,20.0084,34.5314
139.654,133.562,189.805,0.27,19.9981,34.5783
139.902,133.192,189.805,0.284,19.9899,34.6452
140.152,143.982,189.805,0.298,20.0057,34.7048
140.402,131.882,189.805,0.303,20.0111,34.7594
140.652,144.13,189.805,0.317,19.601,34.8169
140.902,128.003,189.805,0.319,19.6055,34.8762
141.152,147.939,189.805,0.337,19.6009,34.9456
141.402,124.104,189.805,0.342,19.5953,35.0203
141.652,143.65,189.805,0.344,19.6011,35.0865
141.902,120.254,189.805,0.344,19.5985,35.1502
142.152,143.983,189.805,0.356,19.5983,35.2167
142.402,132.037,189.805,0.363,19.598,35.2892
142.652,131.964,189.805,0.383,19.5985,35.3593
142.902,127.954,189.805,0.389,19.6088,35.4241
143.152,128.051,189.805,0.398,20.0053,35.4937
143.403,123.555,190.277,0.403,20.0112,35.5695
143.653,151.779,190.312,0.418,19.6036,35.6395
143.902,120.474,190.312,0.431,19.6047,35.7151
144.152,148.13,190.312,0.433,19.6005,35.7856
144.402,127.999,190.312,0.434,19.5934,35.8594
144.652,140.016,190.312,0.435,19.5991,35.9344
144.902,127.92,190.312,0.436,19.5878,36.0047
145.152,132.086,190.312,0.439,19.6015,36.0822
145.402,128.009,190.312,0.442,19.5921,36.1555
145.653,135.379,190.312,0.443,19.6001,36.2245
145.902,128.625,190.312,0.444,19.6009,36.3004
146.152,127.815,190.312,0.448,20.0038,36.3715
146.402,128.029,190.312,0.453,20.0113,36.4456
146.652,148.099,190.312,0.46,19.5979,36.5226
146.902,120.033,190.312,0.465,19.5932,36.5931
147.103,149.134,190.312,0.468,19.5774,36.6548
147.352,128.601,190.312,0.475,19.5967,36.7261
147.602,136.012,190.312,0.47,19.6006,36.7999
147.852,135.983,190.312,0.444,19.6064,36.8714
148.102,128.009,190.312,0.443,19.6069,36.9415
148.352,131.978,190.312,0.452,19.598,37.015
148.602,136.078,190.312,0.455,19.594,37.0913
148.852,127.939,190.312,0.464,19.5971,37.1624
149.102,128.015,190.312,0.468,19.9932,37.2376
149.352,123.972,190.312,0.47,20.0125,37.308
149.602,144.055,190.312,0.471,20.0131,37.3827
149.852,127.902,190.312,0.471,20.0027,37.4585
150.102,140.07,190.312,0.47,20.003,37.5285
150.352,127.995,190.312,0.466,20.0054,37.601
150.553,129.183,190.312,0.463,20.0031,37.6604
150.802,128.567,190.312,0.461,20.0039,37.7329
151.052,128.079,190.312,0.46,20.0156,37.8083
151.302,131.914,190.312,0.46,20.0161,37.8789
151.552,128.086,190.312,0.466,20.0088,37.952
151.802,124.067,190.312,0.468,19.9962,38.0293
152.052,131.694,190.312,0.471,20.0005,38.1001
152.302,124.099,190.312,0.471,20.0138,38.1766
152.552,144.22,190.312,0.466,20.0011,38.2477
152.802,119.946,190.312,0.469,20.0018,38.3211
153.052,135.902,190.312,0.471,20.0128,38.3976
153.302,119.973,189.777,0.471,19.9919,38.4666
153.552,136.134,189.777,0.471,20.0139,38.5346
153.802,127.885,189.781,0.466,19.9984,38.6014
154.052,128.092,189.781,0.462,20.0078,38.6762
154.302,128.03,189.781,0.459,20.0042,38.7498
154.503,124.564,189.781,0.465,20.0194,38.7957
154.752,136.276,189.781,0.487,20.0068,38.848
155.002,120.164,189.781,0.496,20.0064,38.894
155.203,134.128,189.781,0.501,20.011,38.9239
155.452,128.403,189.781,0.512,20.005,38.9414
155.703,131.428,189.781,0.521,20.0043,38.9426
155.952,128.698,189.781,0.522,20.0048,38.9434
156.202,136.041,189.781,0.524,19.6028,38.944
156.403,129.134,189.781,0.526,19.6064,38.9445
156.652,128.679,189.781,0.527,19.6013,38.945
156.903,131.35,189.781,0.526,19.6013,38.9454
157.152,140.704,189.781,0.53,19.6014,38.946
157.403,111.499,189.781,0.533,19.6013,38.9466
157.654,143.692,189.781,0.527,19.601,38.9472
157.902,120.597,189.781,0.53,19.6044,38.9477
158.152,135.98,189.781,0.536,19.6003,38.9483
158.403,127.472,189.781,0.538,19.6005,38.9487
158.652,128.733,189.781,0.536,20.0064,38.9493
158.902,128.016,189.781,0.542,19.9953,38.9498
159.152,144.008,189.781,0.541,20.011,38.9503
159.402,119.729,189.781,0.54,20.0107,38.9508
159.652,140.328,189.781,0.545,20.004,38.9513
159.902,120.009,189.781,0.546,19.9904,38.9519
160.152,135.781,189.781,0.547,19.9919,38.9524
160.402,128.156,189.781,0.543,20.0019,38.9529
160.653,127.481,189.781,0.549,20.0092,38.9535
160.902,128.283,189.781,0.546,20.0022,38.9539
161.152,140.316,189.781,0.544,20.0104,38.9544
161.403,119.64,189.781,0.547,20.0073,38.9547
161.652,140.305,189.781,0.546,20.0039,38.9553
161.902,120.141,189.781,0.546,19.9779,38.9558
162.152,143.931,189.781,0.549,20.0014,38.9564
162.402,128.03,189.781,0.543,19.9985,38.957
162.652,139.989,189.781,0.545,20.0025,38.9577
162.902,124.001,189.781,0.543,20.0009,38.9589
163.152,139.983,189.781,0.548,20.0014,38.9601
163.402,128.013,189.781,0.55,19.9951,38.9609
163.652,139.889,189.781,0.544,19.9921,38.9621
163.902,132.014,189.781,0.543,20.0001,38.9631
164.152,147.972,189.781,0.538,20.0081,38.9649
164.402,127.935,189.781,0.525,20.0222,38.966
164.604,138.803,189.781,0.523,20.0019,38.9677
164.852,141.156,189.781,0.514,20.0017,38.9685
165.102,160.025,189.844,0.512,20.0371,38.9697
165.352,139.973,189.844,0.514,20.0439,38.9706
165.602,144.028,189.844,0.505,20.0363,38.9716
165.853,127.612,189.844,0.505,20.4553,38.9724
166.102,140.398,189.844,0.501,19.9227,38.9741
166.352,136.008,189.844,0.501,19.9235,38.9756
166.553,144.43,189.844,0.506,19.9243,38.9775
166.802,144.476,189.844,0.501,19.9246,38.9791
167.003,134.469,189.844,0.507,19.9205,38.9799
167.252,136.375,189.844,0.506,19.9243,38.9805
167.502,132.093,189.844,0.509,19.5401,38.9811
167.752,139.853,189.844,0.509,19.8864,38.9819
168.002,136.048,189.844,0.513,19.8892,38.9825
168.252,136.036,189.844,0.514,19.8918,38.983
168.502,136.02,189.844,0.512,20.0008,38.9834
168.753,131.539,189.844,0.511,19.9871,38.984
169.002,136.501,189.844,0.515,20.0003,38.9845
169.252,139.959,189.844,0.515,19.9995,38.9852
169.502,136.02,189.844,0.52,20.0036,38.9861
169.753,155.04,189.844,0.525,19.9991,38.9867
170.002,136.848,189.844,0.529,19.9996,38.9877
170.252,139.914,189.844,0.527,20.0007,38.9887
170.503,139.173,189.844,0.536,19.9996,38.9896
170.753,144.21,189.844,0.541,20.0006,38.9907
171.002,140.718,189.844,0.542,19.9997,38.9915
171.253,147.538,189.844,0.543,19.6108,38.9927
171.502,144.44,189.844,0.545,19.5989,38.9939
171.754,154.694,189.844,0.541,19.6062,38.9951
172.002,141.198,189.844,0.545,19.6004,39.0102
172.252,147.954,189.844,0.503,19.6006,39.0693
172.502,127.844,189.844,0.447,19.6004,39.1241
172.752,147.878,189.844,0.414,19.5988,39.1863
173.002,136.249,190.34,0.38,19.599,39.2527
173.253,127.445,190.352,0.368,19.6002,39.3266
173.502,128.593,190.352,0.365,19.5998,39.4015
173.754,138.861,190.352,0.373,20.0015,39.4705
174.002,125.085,190.352,0.378,20.0002,39.544
174.202,144.58,190.352,0.381,19.9999,39.6056
174.452,132.259,190.352,0.386,19.9974,39.6764
174.702,128.052,190.352,0.366,19.9757,39.753
174.954,138.794,190.352,0.386,19.9979,39.8215
175.202,129.087,190.352,0.39,19.9891,39.8901
175.452,123.972,190.352,0.395,19.9984,39.9655
175.702,136.082,190.352,0.405,19.9995,40.035
175.952,127.943,190.352,0.412,19.9984,40.1081
176.202,140.015,190.352,0.418,19.9929,40.1772
176.452,127.9,190.352,0.425,19.9983,40.2511
176.702,128.11,190.352,0.433,19.9789,40.3234
176.955,134.145,190.352,0.437,19.9982,40.3967
177.202,137.939,190.352,0.442,19.9811,40.4613
177.452,135.934,190.352,0.448,20.0011,40.5341
177.702,135.942,190.352,0.462,20.0096,40.6002
177.952,124.002,190.352,0.46,20.0004,40.6704
178.202,144.089,190.352,0.449,20.0211,40.7374
178.452,123.919,190.352,0.445,19.6002,40.8068
178.702,140.087,190.352,0.423,19.5832,40.8783
178.952,131.888,190.352,0.409,19.596,40.9471
179.202,144.116,190.352,0.373,19.6139,41.0233
179.452,124.004,190.352,0.35,19.6014,41.0956
179.702,132.054,190.352,0.318,19.6165,41.1613
179.903,133.835,190.352,0.311,19.6013,41.2161
180.152,136.828,190.352,0.296,19.6025,41.2788
180.402,136.067,190.414,0.292,19.6012,41.3435
180.652,147.931,190.414,0.293,19.6013,41.4076
180.902,128.06,190.414,0.295,20.0019,41.469
181.152,139.921,190.414,0.3,20.0245,41.5332
181.402,131.863,190.414,0.309,20.002,41.5898
181.652,147.863,190.414,0.315,19.9998,41.6467
181.902,132.381,190.414,0.306,19.9974,41.7061
182.152,139.923,190.414,0.306,20.0042,41.7637
182.402,140.021,190.414,0.307,19.9953,41.8259
182.652,135.878,190.414,0.309,20.0072,41.8998
182.902,120.106,190.414,0.317,20.0001,41.9596
183.152,139.953,189.902,0.323,20.0036,42.0231
183.402,128.056,189.902,0.327,19.9952,42.0913
183.652,135.989,189.902,0.329,20.0163,42.1665
183.902,131.975,189.902,0.326,19.9999,42.2342
184.152,135.951,189.906,0.325,20.0001,42.2994
184.402,124.121,189.906,0.33,19.6015,42.374
184.652,135.909,189.906,0.336,19.6012,42.4436
184.902,132.034,189.906,0.352,19.6048,42.5188
185.152,131.99,189.906,0.367,19.6024,42.5919
185.404,131.127,189.906,0.41,19.6013,42.6617
185.652,132.871,189.906,0.447,19.6012,42.7339
185.902,120.068,189.906,0.507,19.2175,42.8095
186.102,149.566,189.906,0.546,18.8478,42.8661
186.352,124.166,189.906,0.569,18.8492,42.94
186.554,133.975,189.906,0.569,18.8489,42.9971
186.802,136.938,189.906,0.571,18.8533,43.0714
187.052,127.944,189.906,0.572,19.224,43.148
187.302,128.033,189.906,0.573,18.8541,43.2191
187.552,128,189.906,0.573,18.8497,43.2907
187.753,129.161,189.906,0.573,18.8478,43.348
188.002,132.701,189.906,0.573,18.8486,43.4195
188.253,123.234,189.906,0.573,18.8443,43.4906
188.502,132.859,189.906,0.573,19.215,43.5611
188.752,127.959,189.906,0.574,19.6034,43.6321
188.954,123.698,189.906,0.579,19.6022,43.6946
189.202,145.224,189.906,0.584,19.602,43.7645
189.453,119.286,189.906,0.585,19.6002,43.831
189.702,140.859,189.906,0.575,20.0098,43.9048
189.952,123.747,189.906,0.51,20.0068,43.974
190.202,132.311,189.906,0.445,19.9946,44.0307
190.452,119.951,189.906,0.408,20.0041,44.0792
190.702,132.012,189.906,0.358,19.9981,44.1213
190.952,127.977,189.906,0.33,20.0031,44.1421
191.202,136.032,189.906,0.33,19.6044,44.1437
191.452,123.948,189.906,0.33,19.6028,44.1444
191.702,136.054,189.906,0.326,19.6011,44.1454
191.952,131.965,189.906,0.326,19.6054,44.1461
192.202,143.892,189.906,0.327,19.6023,44.1471
192.452,132.116,189.906,0.329,19.6014,44.1482
192.702,140.016,189.906,0.319,19.5895,44.149
192.952,127.979,189.906,0.317,19.5998,44.1503
193.202,144.028,189.906,0.317,19.6018,44.1515
193.454,130.857,189.906,0.314,19.6006,44.1522
193.702,149.286,189.906,0.308,19.6006,44.1532
193.952,139.994,189.906,0.3,19.6003,44.1544
194.202,135.993,189.906,0.302,19.6005,44.1557
194.453,135.405,189.906,0.302,19.217,44.157
194.752,140.478,189.906,0.294,19.9254,44.1585
195.002,132.056,189.906,0.293,19.2058,44.1617
195.252,143.841,189.906,0.302,18.8472,44.2022
195.502,124.191,189.906,0.368,18.838,44.2641
195.752,143.918,189.906,0.423,18.8255,44.3244
196.002,136.008,189.906,0.497,18.8365,44.3957
196.252,127.997,189.906,0.561,18.8402,44.4552
196.503,139.558,189.906,0.558,19.2055,44.5142
196.754,143.238,189.906,0.56,19.2065,44.5776
197.002,129.105,189.906,0.568,19.5932,44.6463
197.252,135.84,189.906,0.577,18.9098,44.7096
197.502,143.842,189.906,0.592,19.2142,44.7749
197.754,135.101,189.906,0.597,19.6009,44.8407
198.002,137.234,189.906,0.592,19.2195,44.9147
198.252,135.817,189.906,0.582,19.2278,44.9831
198.454,128.666,189.906,0.575,19.223,45.0326
198.702,141.359,189.906,0.575,19.2066,45.1033
198.952,131.786,189.906,0.578,19.2152,45.1731
199.202,140.21,189.906,0.584,18.8309,45.2454
199.452,127.893,189.906,0.588,18.8447,45.316
199.702,144.132,189.906,0.591,18.8386,45.3928
199.953,131.614,189.906,0.592,18.8409,45.4671
200.202,132.404,189.906,0.552,19.2081,45.537
200.453,139.338,189.906,0.52,19.6051,45.6132
200.702,124.568,189.906,0.473,19.5932,45.6901
200.952,139.87,189.906,0.437,19.5978,45.7585
201.202,144.239,189.906,0.426,19.6,45.829
201.452,123.891,189.906,0.422,19.6035,45.899
201.702,144.022,189.906,0.419,20.0145,45.9731
201.952,131.885,190.406,0.42,19.9991,46.0473
202.202,144.153,190.426,0.418,20.0075,46.1156
202.452,119.924,190.426,0.414,19.6042,46.1893
202.702,144.131,190.426,0.412,19.6017,46.2596
202.954,130.993,190.426,0.395,19.6028,46.3253
203.202,137.004,190.426,0.368,19.2107,46.3987
203.402,124.664,190.426,0.348,19.217,46.452
203.653,143.846,190.426,0.317,18.8367,46.5196
203.902,128.444,190.426,0.306,18.8405,46.5932
204.152,135.741,190.426,0.301,18.8468,46.6561
204.402,140.241,190.426,0.311,18.8486,46.7131
204.653,147.508,190.426,0.322,18.8491,46.7656
204.902,128.399,190.426,0.356,19.2173,46.827
205.152,147.945,190.426,0.34,18.847,46.8938
205.402,132.085,190.426,0.333,18.8473,46.9629
205.652,135.952,190.426,0.339,19.2169,47.024
205.902,132.028,190.426,0.346,19.2156,47.0807
206.152,143.998,190.426,0.353,19.5992,47.1347
206.402,143.873,190.426,0.359,19.6072,47.1899
206.652,152.024,190.426,0.358,19.5977,47.2469
206.902,132.116,190.426,0.352,19.5916,47.3202
207.152,143.763,190.426,0.35,19.592,47.387
207.402,136.203,190.426,0.355,19.5949,47.448
207.652,139.879,190.426,0.363,19.9951,47.5192
207.902,132.154,190.426,0.37,19.995,47.5894
208.156,137.874,190.426,0.365,19.9964,47.6581
208.402,129.976,190.426,0.353,19.5969,47.726
208.652,139.909,190.426,0.337,19.5976,47.7938
208.902,132.101,190.426,0.332,19.5953,47.8542
209.152,151.956,190.426,0.331,19.5984,47.9146
209.355,128.049,190.426,0.318,19.5991,47.9702
209.602,141.746,190.426,0.308,19.601,48.0372
209.852,127.843,190.426,0.295,19.6007,48.099
210.102,140.237,190.426,0.295,19.6025,48.1622
210.354,138.784,190.426,0.295,19.6018,48.2353
210.602,137.159,190.426,0.301,19.6008,48.3027
210.852,131.989,190.426,0.305,20.002,48.3789
211.102,131.93,190.426,0.307,19.602,48.4534
211.352,127.993,190.426,0.31,19.6029,48.5178
211.602,136.078,190.426,0.314,19.6039,48.5792
211.852,143.822,190.426,0.313,19.6024,48.6404
212.102,148.12,189.902,0.301,19.6023,48.6978
212.352,132.005,189.902,0.261,19.601,48.7662
212.602,140.052,189.902,0.249,19.6016,48.8346
212.853,127.653,189.902,0.247,19.602,48.9058
213.102,144.41,189.902,0.265,19.6004,48.9794
213.355,130.334,189.902,0.292,19.598,49.0415
213.602,145.859,189.902,0.311,20.001,49.0963
213.852,143.986,189.902,0.32,20.0016,49.149
214.102,140.045,189.902,0.329,20.0002,49.2066
214.352,139.757,189.902,0.337,19.9965,49.259
214.602,140.257,189.902,0.34,20.001,49.3125
214.853,143.512,189.902,0.343,20.0006,49.3733
215.102,128.404,189.902,0.335,20.0029,49.4423
215.352,139.675,189.906,0.327,19.9987,49.5064
215.602,132.306,189.906,0.332,19.6009,49.5771
215.852,135.898,189.906,0.352,19.6006,49.6412
216.102,140.095,189.906,0.37,19.6012,49.7098
216.352,127.989,189.906,0.409,19.5995,49.7785
216.602,144.047,189.906,0.436,19.599,49.8461
216.852,131.965,189.906,0.486,19.6044,49.9145
217.054,138.218,189.906,0.514,19.5999,49.9682
217.302,125.301,189.906,0.562,19.6005,50.036
217.552,131.672,189.906,0.624,19.599,50.1056
217.802,140.329,189.906,0.67,19.2148,50.1742
218.052,124.011,189.906,0.742,19.5994,50.2478
218.302,135.994,189.906,0.786,19.6,50.3112
218.503,124.527,189.906,0.739,19.5969,50.3711
218.752,136.334,189.906,0.66,19.5998,50.4421
219.002,132.076,189.906,0.612,19.6007,50.5099
219.252,131.984,189.906,0.526,19.2194,50.587
219.502,136.03,189.906,0.488,19.2165,50.6616
219.753,135.447,189.906,0.406,19.2083,50.729
220.002,124.5,189.906,0.36,19.2164,50.7966
220.252,135.933,189.906,0.296,19.6008,50.8665
220.502,124.098,189.906,0.261,19.5953,50.9394
220.752,139.952,189.906,0.226,19.5998,51.012
221.002,123.998,189.906,0.224,19.6031,51.0815
221.252,139.987,189.906,0.23,19.5979,51.1556
221.502,131.967,189.906,0.244,19.2112,51.2223
221.752,127.931,189.906,0.286,19.5987,51.2962
222.002,128.051,189.906,0.313,19.6,51.3608
222.252,143.981,189.906,0.327,19.5996,51.4292
222.502,128.114,189.906,0.34,19.5982,51.5033
222.752,139.642,189.906,0.367,19.6006,51.5671
223.002,128.302,189.906,0.402,19.6057,51.633
223.252,127.951,189.906,0.44,19.6023,51.7049
223.502,136.097,189.906,0.465,19.6019,51.7816
223.752,135.95,189.906,0.512,19.6045,51.8519
224.002,132.044,189.906,0.531,20.0028,51.9262
224.252,123.822,189.906,0.579,20.0037,51.9906
224.453,139.113,189.906,0.606,19.9998,52.0467
224.702,128.821,189.906,0.637,20.0019,52.1189
224.952,119.976,189.906,0.694,20.0065,52.1836
225.202,140.018,189.906,0.725,19.9979,52.2478
225.452,139.984,189.906,0.768,20.0009,52.3158
225.702,128.01,189.906,0.796,20.0015,52.3908
225.902,124.703,189.906,0.833,20.0066,52.4501
226.152,136.255,189.906,0.879,20.0098,52.5155
226.402,116.003,189.906,0.91,20.0078,52.5866
226.602,144.579,189.906,0.938,20.0034,52.6406
226.852,124.286,189.906,0.996,20.0025,52.7151
227.052,124.684,189.906,1.042,20.0058,52.7695
227.302,132.263,189.906,1.074,20.0045,52.845
227.552,127.93,189.906,1.126,20.0029,52.9156
227.802,132.053,189.906,1.165,20.0035,52.9724
228.052,135.707,189.906,1.203,19.6037,53.0254
228.302,120.291,189.906,1.23,19.6029,53.0684
228.552,139.772,189.961,1.248,19.5917,53.0935
228.802,132.266,189.961,1.255,19.5923,53.0943
229.052,127.858,189.961,1.261,19.5917,53.0947
229.302,144.106,189.961,1.262,19.5914,53.0952
229.552,147.957,189.973,1.26,19.5913,53.0959
229.753,144.488,189.973,1.252,19.5914,53.0964
230.002,136.416,189.973,1.252,19.5907,53.0969
230.253,139.349,189.973,1.251,19.5904,53.0978
230.502,140.432,190.031,1.251,19.9891,53.0985
230.755,158.194,190.031,1.251,19.9894,53.0994
231.002,141.484,190.031,1.249,20.0009,53.1001
231.252,212.113,190.031,1.257,19.9284,53.101
231.502,144.261,190.09,1.26,19.9955,53.1016
231.755,161.915,190.09,1.264,19.9947,53.1027
232.002,141.902,190.09,1.273,19.5995,53.1113
232.252,155.935,190.09,1.274,19.5999,53.1566
232.502,136.012,190.09,1.261,19.5994,53.2158
232.752,151.999,190.625,1.231,19.6001,53.28
233.002,131.955,190.625,1.207,19.5995,53.3468
233.252,132.04,190.625,1.164,19.5999,53.4115
233.453,139.261,190.625,1.138,19.6001,53.4623
233.702,132.596,190.645,1.119,19.2039,53.5381
233.954,130.968,190.645,1.086,19.2149,53.6103
234.202,153.143,190.645,1.059,19.2123,53.6801
234.452,131.956,190.645,1.027,19.5991,53.7527
234.653,154.228,190.664,1.006,19.6001,53.8041
234.902,128.634,190.664,0.986,19.5997,53.8741
235.152,135.951,190.664,0.94,19.6015,53.9412
235.402,136.088,190.664,0.915,19.5998,54.0103
235.654,142.558,190.688,0.883,19.6007,54.0708
235.902,133.272,190.688,0.856,19.5994,54.1572
236.152,135.978,190.688,0.829,20.0128,54.2239
236.402,127.998,190.688,0.803,20.0005,54.2947
236.654,150.639,190.746,0.768,20.0098,54.3607
236.902,121.1,190.746,0.742,20.0002,54.4305
237.152,155.971,190.746,0.706,20.0099,54.5004
237.402,123.923,190.746,0.681,19.9996,54.5681
237.652,152.113,190.766,0.639,20.0064,54.6431
237.902,127.995,190.766,0.613,19.9992,54.718
238.152,136.01,190.766,0.584,20.0067,54.7787
238.402,131.921,190.766,0.571,20.0004,54.846
238.652,140.085,190.766,0.551,19.9992,54.9151
238.902,139.958,190.82,0.541,19.9991,54.9844
239.152,148.05,190.82,0.524,20.0008,55.0476
239.402,123.891,190.82,0.51,19.9988,55.1128
239.652,152.114,190.82,0.498,19.9994,55.1861
239.902,120.017,190.82,0.488,19.9987,55.2617
240.152,147.991,190.82,0.487,20.0002,55.3265
240.402,132.037,190.82,0.494,19.9934,55.39
240.652,151.933,190.82,0.529,19.9987,55.4577
240.902,128.039,190.82,0.563,19.9888,55.5301
241.152,143.983,190.82,0.615,19.9994,55.6012
241.352,129.598,190.82,0.66,19.9937,55.6577
241.602,136.356,190.82,0.698,19.9942,55.7319
241.852,143.961,190.82,0.733,19.9938,55.796
242.102,136.014,190.82,0.693,19.9964,55.8665
242.352,135.997,190.82,0.639,19.9941,55.9407
242.602,135.852,190.285,0.605,19.9952,56.0113
242.852,144.145,190.301,0.552,20.001,56.0874
243.102,140.058,190.301,0.512,20.0016,56.1639
243.352,139.949,190.301,0.457,20.007,56.232
243.602,136.005,190.301,0.417,20.0039,56.3033
243.803,129.336,190.301,0.383,20.004,56.3559
244.052,144.583,190.301,0.332,20.0026,56.4277
244.302,124.016,190.301,0.304,20.0037,56.4973
244.552,139.976,190.301,0.267,20.0036,56.5716
244.754,138.431,190.301,0.255,19.6022,56.6257
245.002,129.118,190.301,0.255,19.5993,56.6873
245.252,152.076,190.301,0.262,19.6037,56.7509
245.502,127.967,190.301,0.267,19.6034,56.8152
245.752,152.004,190.301,0.28,19.6033,56.8741
246.002,144.047,190.301,0.294,19.5981,56.9344
246.252,143.729,190.301,0.303,19.6019,56.9943
246.502,128.304,190.301,0.312,19.603,57.0588
246.754,146.797,190.301,0.324,19.6027,57.114
247.002,137.141,190.34,0.337,19.6024,57.1703
247.252,147.868,190.34,0.35,20.0018,57.2321
247.502,136.05,190.34,0.347,20.0019,57.2906
247.752,143.918,190.34,0.342,19.9951,57.3525
248.002,140.07,190.34,0.343,20.0017,57.4156
248.252,131.972,190.34,0.344,19.9983,57.4705
248.502,136.058,190.34,0.342,20.0018,57.529
248.752,143.938,190.34,0.314,20.0053,57.5887
249.003,139.229,190.34,0.302,20,57.6491
249.252,148.727,190.34,0.307,20.002,57.7199
249.502,127.772,190.34,0.312,20.0091,57.7887
249.753,135.887,190.34,0.323,20,57.864
250.002,144.493,190.34,0.348,19.601,57.9342
250.252,127.795,190.34,0.362,19.6062,57.9976
250.502,136.193,190.34,0.37,19.6076,58.0619
250.752,139.964,190.34,0.377,19.5992,58.1355
251.002,127.917,190.34,0.379,19.5995,58.2028
251.203,134.439,190.34,0.38,19.595,58.2574
251.453,136.004,190.34,0.382,19.6013,58.3221
251.703,139.901,190.34,0.397,19.5991,58.3968
251.953,128.318,190.34,0.42,19.6001,58.4688
252.202,140.372,190.344,0.409,19.5959,58.5369
252.403,139.088,190.344,0.397,20.0012,58.5946
252.652,136.706,190.344,0.395,20.0009,58.6633
252.854,128.923,190.344,0.395,19.9988,58.7246
253.102,140.809,190.344,0.395,20,58.7957
253.352,124.03,190.344,0.395,19.9986,58.8707
253.554,143.915,190.344,0.395,20.0022,58.9286
253.803,128.433,190.344,0.39,20.0003,58.9992
254.052,128.294,190.344,0.385,20.001,59.0738
254.254,143.475,190.344,0.384,20.0008,59.1282
254.502,121.157,190.344,0.382,20,59.2036
254.752,148.006,190.344,0.381,20.0008,59.2773
255.005,122.664,190.344,0.381,20.0008,59.3479
255.252,145.348,190.344,0.381,19.5942,59.422
255.502,136.23,190.344,0.381,19.5897,59.4922
255.752,131.978,190.344,0.381,19.2275,59.5681
256.002,140.03,190.344,0.381,19.2168,59.6421
256.252,131.984,190.344,0.381,19.218,59.7109
256.502,123.978,190.344,0.381,19.2157,59.787
256.752,139.863,190.344,0.381,19.2187,59.8593
257.002,124.107,190.344,0.381,19.215,59.9246
257.252,148.042,190.355,0.381,19.223,59.9937
257.504,126.948,190.355,0.373,18.8443,60.0608
257.752,145.033,190.355,0.359,19.2195,60.1354
258.002,124.103,190.355,0.345,19.2148,60.204
258.252,144.037,190.355,0.341,19.5976,60.2725
258.502,127.717,190.355,0.335,19.5973,60.3487
258.752,140.307,190.355,0.33,19.6016,60.4208
259.002,131.683,190.355,0.323,19.5976,60.4883
259.254,135.031,190.473,0.32,19.5984,60.5638
259.502,177.274,190.473,0.318,19.1625,60.6327
259.752,132.317,190.473,0.317,19.2173,60.7092
260.002,128.026,190.473,0.317,19.5996,60.7846
260.252,143.989,190.473,0.317,19.5986,60.8513
260.502,124.014,190.473,0.312,19.5993,60.9219
260.752,135.993,190.473,0.295,19.6001,60.9914
260.953,124.429,190.473,0.281,19.6003,61.051
261.202,140.536,190.473,0.262,19.2115,61.1213
261.453,139.185,190.473,0.27,19.2161,61.1904
261.702,136.712,190.473,0.269,19.2142,61.2652
261.952,136.077,190.473,0.268,19.6553,61.3388
262.202,128.002,190.473,0.262,19.6031,61.4077
262.452,127.994,190.473,0.256,19.6021,61.4822
262.652,144.541,190.473,0.254,19.602,61.5361
262.902,124.323,190.473,0.267,19.2225,61.6059
263.152,143.703,190.473,0.276,19.217,61.6661
263.402,132.203,190.473,0.309,19.2169,61.7224
263.652,144.017,190.473,0.318,19.2167,61.7798
263.902,140.009,190.473,0.347,19.2174,61.8329
264.103,149.107,190.473,0.361,19.2169,61.879
264.352,148.699,190.473,0.383,19.2167,61.9321
264.602,139.816,190.473,0.402,19.2162,61.9876
264.852,132.202,190.473,0.413,19.2169,62.0443
265.052,144.584,190.473,0.418,19.2163,62.0878
265.302,184.506,190.473,0.422,19.6022,62.1538
265.552,139.853,190.98,0.396,19.6031,62.2265
265.802,132.05,190.98,0.382,19.6001,62.2902
266.052,135.929,190.98,0.373,19.9992,62.3495
266.302,132.129,190.98,0.375,20.0003,62.4102
266.552,131.981,190.98,0.377,19.9997,62.4832
266.802,132.014,190.98,0.384,20.001,62.5555
267.053,135.587,190.98,0.389,19.9992,62.6204
267.302,136.456,190.98,0.399,19.5995,62.6913
267.552,135.921,190.98,0.4,19.5958,62.7622
267.802,131.852,190.98,0.398,19.6001,62.8354
268.054,131.11,190.98,0.399,19.6004,62.9123
268.302,173.416,190.98,0.401,19.2169,62.9831
268.552,139.837,190.98,0.402,19.2111,63.0598
268.754,133.636,190.98,0.404,18.8468,63.1195
269.002,129.159,190.98,0.406,18.8469,63.1898
269.252,132.022,190.98,0.406,18.8456,63.2662
269.502,131.936,190.98,0.405,18.845,63.3371
269.752,140.026,190.98,0.407,19.2177,63.4105
270.002,128.065,190.98,0.408,19.214,63.4809
270.252,135.865,190.98,0.408,19.2133,63.551
270.502,131.838,190.98,0.403,19.2104,63.6258
270.752,136.287,190.98,0.4,19.6274,63.6939
271.002,136.007,190.98,0.402,19.5973,63.7675
271.252,127.967,190.98,0.403,20.0019,63.8386
271.502,132.007,190.98,0.4,20.0011,63.9112
271.752,136.007,190.98,0.398,19.999,63.9832
271.953,124.282,190.98,0.397,20.0008,64.0407
272.202,136.459,190.98,0.399,20.003,64.1143
272.452,127.864,190.98,0.403,20.0014,64.1891
272.702,136.355,190.98,0.383,19.9813,64.2567
272.952,127.899,190.98,0.348,19.9998,64.3313
273.203,143.443,190.98,0.312,19.9879,64.3982
273.452,124.56,190.98,0.295,19.9999,64.468
273.702,140.003,190.98,0.28,19.9927,64.5401
273.952,131.996,190.98,0.281,20.0007,64.6051
274.202,140.005,190.98,0.276,19.9915,64.6752
274.452,124.004,190.98,0.28,20.001,64.7514
274.702,128.043,190.98,0.284,19.9923,64.8206
274.952,135.927,190.98,0.285,20.0013,64.8947
275.202,136.039,190.98,0.289,19.9884,64.9615
275.403,134.356,190.469,0.293,20.003,65.0148
275.652,140.198,190.469,0.298,19.604,65.0871
275.853,119.543,190.469,0.305,19.6083,65.1429
276.102,148.803,190.469,0.314,19.6012,65.2096
276.352,131.991,190.469,0.322,19.6004,65.2693
276.604,142.815,190.469,0.329,19.604,65.3376
276.853,128.655,190.469,0.335,19.6014,65.4098
277.102,128.417,190.469,0.356,19.6019,65.4737
277.303,129.202,190.469,0.383,19.604,65.532
277.552,128.613,190.469,0.417,19.6032,65.6032
277.802,140.046,190.469,0.471,19.5987,65.6764
278.052,127.989,190.469,0.499,20.0003,65.753
278.252,129.676,190.469,0.5,20.0045,65.8101
278.502,136.27,190.469,0.5,20.0034,65.8841
278.752,127.955,190.469,0.5,20.0057,65.9545
279.002,136.051,190.469,0.5,20.004,66.0282
279.253,131.499,190.469,0.498,20.0043,66.1047
279.502,124.524,190.469,0.494,20.0022,66.1755
279.752,139.655,190.469,0.489,20.0038,66.2501
280.002,124.22,190.469,0.482,20.0035,66.3246
280.253,131.416,190.469,0.48,20.0007,66.388
280.502,132.62,190.473,0.478,20.0062,66.456
280.752,135.983,190.473,0.478,20.0037,66.5159
281.002,120.036,190.473,0.484,20.0032,66.5718
281.252,135.873,190.473,0.487,20.0078,66.6201
281.503,123.494,190.473,0.49,20.003,66.656
281.758,156.906,190.473,0.492,20.0016,66.6739
282.002,147.639,190.473,0.495,20.0028,66.6746
282.253,135.549,190.473,0.497,20.0022,66.6753
282.502,132.398,190.473,0.497,20.0021,66.6758
282.753,135.439,190.473,0.497,20.0018,66.6764
283.002,140.625,190.473,0.494,20.0011,66.677
283.252,131.963,190.473,0.491,20.0015,66.6779
283.502,136.043,190.473,0.488,20.0006,66.6788
283.752,135.796,190.473,0.477,20.0004,66.6797
283.953,134.225,190.473,0.477,19.9964,66.6802
284.202,140.903,190.473,0.476,19.9725,66.6816
284.452,143.904,190.473,0.477,19.9722,66.6832
284.702,144.059,190.473,0.476,19.9688,66.6845
284.952,139.631,190.473,0.477,19.9724,66.6855
285.202,160.411,190.473,0.477,19.9693,66.6861
285.452,139.877,190.473,0.477,19.9724,66.6876
285.702,156.191,190.473,0.483,19.9705,66.704
285.952,143.958,190.473,0.499,19.9709,66.7555
286.202,147.818,190.484,0.514,19.9916,66.8127
286.452,136.123,190.484,0.525,19.975,66.877
286.653,148.955,190.484,0.532,18.8233,66.9342
286.902,128.602,190.484,0.535,19.6,67.0102
287.152,140.094,190.539,0.537,19.5995,67.0805
287.403,135.663,190.539,0.538,19.599,67.1409
287.652,140.423,190.539,0.538,19.2153,67.2308
287.902,131.972,190.539,0.539,19.2155,67.3016
288.152,139.802,190.539,0.539,18.8464,67.3781
288.402,144.063,190.539,0.54,18.8461,67.4526
288.653,143.555,190.539,0.54,18.8445,67.5213
288.902,132.353,190.539,0.54,18.8469,67.5981
289.152,140.175,190.539,0.539,18.8461,67.6687
289.403,135.64,190.539,0.525,19.2153,67.7419
289.652,148.33,190.539,0.482,19.2157,67.8172
289.902,128.15,190.539,0.424,19.2159,67.8883
290.152,135.943,190.539,0.394,19.6003,67.9649
290.402,135.855,190.539,0.366,19.599,68.0412
290.654,146.784,190.539,0.361,19.9998,68.1099
290.902,133.263,190.539,0.355,19.9978,68.187
291.152,139.967,190.539,0.354,19.9999,68.2605
291.402,140.027,190.539,0.352,19.9942,68.3307
291.652,139.972,190.539,0.351,19.9998,68.4052
291.902,124.03,190.539,0.35,20.0003,68.4744
292.152,147.829,190.539,0.35,19.9997,68.55
292.402,128.188,190.539,0.343,19.9947,68.6234
292.652,147.562,190.539,0.306,20.0004,68.6943
292.902,128.335,190.539,0.286,19.9993,68.7672
293.152,139.952,190.539,0.273,20.0005,68.8293
293.402,132.095,190.539,0.287,19.9986,68.894
293.653,151.374,190.539,0.303,19.9994,68.9668
293.902,120.476,190.539,0.348,19.9993,69.0338
294.152,159.939,190.539,0.386,19.5982,69.1042
294.403,131.555,190.539,0.457,19.5938,69.1774
294.652,136.448,190.539,0.483,19.6007,69.2433
294.902,136.021,190.539,0.46,19.6004,69.3173
295.154,134.979,190.539,0.446,19.5998,69.3833
295.403,140.585,191.062,0.437,19.6,69.4541
295.653,139.822,191.062,0.436,19.5992,69.5304
295.856,123.216,191.062,0.428,19.6006,69.5859
296.102,146.451,191.062,0.424,19.5999,69.6596
296.352,127.936,191.062,0.414,19.6002,69.7299
296.602,148.071,191.062,0.395,20.0007,69.8025
296.852,131.814,191.062,0.382,20.0034,69.8775
297.103,159.671,191.062,0.38,19.9978,69.9472
297.352,168.485,190.594,0.376,19.9983,70.0239
297.554,138.588,190.594,0.374,19.991,70.0798
297.802,145.145,190.594,0.373,19.9972,70.1523
298.052,131.964,190.594,0.372,19.9974,70.2236
298.302,140.119,190.594,0.365,19.992,70.2929
298.552,135.868,190.594,0.345,19.5952,70.3694
298.754,133.909,190.594,0.343,19.2116,70.4224
299.002,141.036,190.594,0.332,19.2227,70.4921
299.252,135.957,190.594,0.332,19.2134,70.5685
299.453,134.011,190.594,0.331,19.2157,70.6244
299.702,140.933,190.594,0.332,19.2157,70.6987
299.953,131.443,190.594,0.332,18.8463,70.7503
300.202,148.595,190.594,0.332,18.8454,70.8368
300.452,139.979,190.594,0.328,18.8469,70.8887
300.653,139.022,190.594,0.324,18.8462,70.8915
300.902,132.746,190.594,0.32,19.2162,70.8918
301.152,135.791,190.594,0.319,19.2171,70.8918
301.402,128.164,190.594,0.319,19.5999,70.8918
301.652,143.822,190.594,0.318,19.6002,70.8918
301.902,128.189,190.594,0.318,19.5994,70.8918
302.153,139.162,190.594,0.318,19.5992,70.8919
302.402,124.748,190.594,0.318,20.0007,70.8919
302.652,139.981,190.594,0.318,20.0013,70.8919
302.902,127.742,190.594,0.318,20.0007,70.892
303.152,144.211,190.594,0.318,20.0001,70.8921
303.402,131.957,190.594,0.318,20.0012,70.8922
303.652,144.152,190.594,0.318,19.9956,70.8922
303.902,124.011,190.594,0.318,20.0015,70.8922
304.152,135.872,190.594,0.318,20.0002,70.8922
304.403,127.542,190.594,0.318,19.9992,70.8922
304.652,140.357,190.594,0.318,20,70.8922
304.902,124.249,190.594,0.318,19.9974,70.8922
305.155,138.317,190.594,0.318,20.0042,70.8931
305.402,125.537,190.055,0.318,20.0006,70.9275
305.652,151.948,190.07,0.318,20.0002,71.0136
305.902,124.008,190.07,0.318,19.5999,71.0828
306.155,146.121,190.07,0.318,19.6037,71.1586
306.403,137.346,190.07,0.318,19.5989,71.2335
306.652,144.405,190.07,0.318,19.5999,71.297
306.902,135.814,190.07,0.317,19.6022,71.3613
307.152,148.267,190.07,0.311,19.6014,71.421
307.402,135.959,190.07,0.307,19.6022,71.4843
307.652,140.018,190.07,0.298,19.6013,71.5473
307.853,144.362,190.07,0.294,19.6006,71.5881
308.102,152.633,190.07,0.295,19.6014,71.647
308.354,134.805,190.07,0.296,20.003,71.7003
308.602,149.271,190.07,0.299,20.0019,71.7564
308.852,143.678,190.07,0.305,20.0021,71.8192
309.102,156.194,190.07,0.306,20.0004,71.8761
309.352,143.849,190.07,0.317,20.0001,71.9378
309.602,140.323,190.07,0.323,20.0004,72.0056
309.854,130.856,190.07,0.318,20.0008,72.0719
310.102,133.126,190.07,0.317,20.0006,72.1422
310.352,139.909,190.07,0.312,20.0012,72.2011
310.602,144.106,190.07,0.28,19.9995,72.2647
310.852,139.979,190.145,0.31,19.99,72.3396
311.102,132.048,190.145,0.32,19.9994,72.4033
311.352,127.941,190.145,0.334,20.0003,72.4646
311.554,138.602,190.145,0.338,20.0014,72.515
311.802,141.173,190.145,0.341,20.0024,72.5868
312.052,127.982,190.145,0.338,20.0005,72.6609
312.302,127.998,190.145,0.335,19.9999,72.7255
312.552,144.001,190.145,0.332,19.9988,72.7998
312.802,131.988,190.145,0.332,20.0001,72.8697
313.052,140.001,190.145,0.331,20,72.9422
313.302,128.07,190.145,0.331,20.0093,73.0181
313.552,135.948,190.145,0.331,20.0019,73.0876
313.802,132.003,190.145,0.331,19.9998,73.1577
314.052,135.979,190.145,0.331,20,73.2291
314.302,131.78,190.145,0.333,20.0006,73.2969
314.552,132.214,190.145,0.339,19.9999,73.3647
314.803,139.221,190.145,0.342,20.0041,73.4318
315.052,140.794,190.16,0.343,19.9998,73.5043
315.302,136.022,190.16,0.342,20,73.5726
315.503,124.524,190.16,0.341,20.0003,73.6224
315.753,151.929,190.16,0.342,20.0001,73.6951
316.002,128.5,190.16,0.348,19.9941,73.769
316.252,143.928,190.16,0.36,19.9974,73.8323
316.453,129.54,190.16,0.365,19.9983,73.8912
316.702,132.382,190.16,0.368,19.5946,73.9601
316.903,149.406,190.16,0.372,19.5977,74.0219
317.152,136.368,190.16,0.376,19.6003,74.0885
317.402,124.102,190.16,0.378,19.599,74.1611
317.652,147.927,190.16,0.383,19.5992,74.238
317.902,124.017,190.16,0.387,19.5991,74.3083
318.152,151.997,190.16,0.397,19.5995,74.3822
318.402,123.976,190.16,0.401,19.5882,74.4472
318.652,156.048,190.16,0.406,19.5991,74.5199
318.852,124.619,190.16,0.407,19.5978,74.5801
319.102,132.07,190.16,0.407,19.5993,74.6485
319.352,135.966,190.16,0.408,20.0013,74.7258
319.602,136.274,190.16,0.407,19.999,74.7959
319.852,139.69,190.16,0.408,20.0004,74.8706
320.102,136.327,190.504,0.408,19.9989,74.948
320.353,135.328,190.504,0.408,19.9984,75.0171
320.602,136.681,190.504,0.409,20.0002,75.0887
320.802,124.654,190.504,0.407,20.002,75.145
321.053,143.391,190.504,0.401,20.001,75.2173
321.302,124.799,190.504,0.398,20.0021,75.2899
321.552,147.83,190.504,0.397,20.0001,75.3559
321.753,134.46,190.504,0.391,20.0014,75.4131
322.002,128.555,190.504,0.374,20.0035,75.4813
322.252,139.91,190.504,0.348,20.0014,75.554
322.502,124.095,190.504,0.333,20.0057,75.6253
322.754,142.947,190.504,0.318,20.0026,75.6895
323.002,128.945,190.504,0.296,20.0031,75.7529
323.252,143.969,190.504,0.279,20.0016,75.817
323.503,131.344,190.504,0.27,20.0018,75.8862
323.752,136.622,190.504,0.259,20.0019,75.9596
324.002,120.068,190.504,0.267,20.0006,76.0234
324.252,152.002,190.504,0.278,20.0025,76.0843
324.502,132.032,190.504,0.288,20.0024,76.1414
324.752,147.877,190.504,0.307,20.0022,76.1931
325.002,128.004,190.504,0.322,20.0018,76.2534
325.253,143.581,190.504,0.358,20.0019,76.3245
325.502,128.437,190.504,0.377,20.0006,76.3919
325.752,135.943,190.504,0.414,20.0013,76.4642
326.002,124.091,190.504,0.43,20.0041,76.537
326.254,142.942,190.504,0.448,19.9976,76.6043
326.502,116.845,190.504,0.466,19.6055,76.6756
326.754,138.78,190.504,0.495,19.6023,76.7433
327.002,125.12,190.504,0.527,19.6038,76.8187
327.254,138.742,190.504,0.549,19.5984,76.8929
327.502,124.831,190.504,0.572,19.6036,76.9603
327.752,132.278,190.504,0.572,19.604,77.0283
328.003,131.647,190.504,0.581,19.6041,77.0828
328.252,128.354,191,0.592,19.606,77.1295
328.502,119.976,191,0.601,19.603,77.1717
328.754,142.765,191,0.615,19.6082,77.198
329.002,125.086,191,0.613,20.0028,77.1989
329.252,148.021,190.504,0.613,20.0022,77.1994
329.504,115.02,190.504,0.612,20.0015,77.2001
329.752,145.22,190.504,0.615,20.0017,77.2012
330.002,136.025,190.504,0.623,20.0009,77.202
330.252,155.954,190.504,0.625,20.0014,77.2032
330.502,128.076,190.504,0.629,20.8479,77.2043
330.752,143.649,190.504,0.635,19.9904,77.2057
331.002,128.285,190.504,0.631,19.991,77.2064
331.252,147.978,190.504,0.632,19.9897,77.2068
331.502,135.912,190.504,0.632,19.9901,77.209
331.752,148.092,190.504,0.64,19.9925,77.2098
332.002,132.018,190.504,0.638,19.9916,77.2106
332.252,155.96,190.504,0.643,19.5901,77.2118
332.502,136.055,190.504,0.643,19.59,77.2133
332.753,147.302,190.504,0.646,19.5881,77.2147
333.002,136.669,190.504,0.643,18.8402,77.2164
333.252,155.882,190.504,0.612,19.6039,77.2492
333.453,129.402,190.504,0.583,19.5995,77.2923
333.702,148.654,190.504,0.556,19.595,77.3537
333.955,138.3,190.504,0.534,19.5994,77.4176
334.202,141.746,190.504,0.533,19.5999,77.4876
334.452,131.928,190.504,0.536,19.5971,77.5571
334.654,153.432,190.504,0.546,19.998,77.617
334.902,121.01,190.504,0.564,19.999,77.6876
335.153,139.444,190.504,0.529,20.0041,77.7542
335.402,136.536,190.504,0.511,19.9998,77.8272
335.652,144.006,190.504,0.497,19.9991,77.8922
335.902,128.012,190.504,0.473,19.9993,77.9632
336.152,139.987,190.504,0.435,20.0049,78.0358
336.353,129.456,190.504,0.403,20.0009,78.0885
336.602,144.542,190.504,0.373,20.0002,78.1556
336.858,167.766,190.504,0.331,19.9973,78.2254
337.102,147.717,190.504,0.307,20.0026,78.29
337.352,139.748,190.504,0.268,20.0009,78.3647
337.602,128.225,190.504,0.251,20.0014,78.4342
337.852,139.968,190.504,0.254,20.0004,78.5018
338.102,132.053,190.504,0.259,20.0012,78.5684
338.352,131.922,190.504,0.277,20.0005,78.6303
338.602,148.074,190.504,0.279,20.0006,78.6921
338.803,193.892,190.504,0.287,19.5727,78.7374
339.052,148.254,190.504,0.301,19.6011,78.795
339.302,132.386,190.504,0.309,19.6039,78.86
339.552,147.787,190.504,0.315,19.6007,78.927
339.802,132.127,190.504,0.317,19.6007,79.0006
340.052,144.001,190.504,0.322,19.5988,79.0746
340.253,124.347,190.504,0.327,19.6013,79.1334
340.502,128.608,190.504,0.33,19.5986,79.2053
340.752,143.93,190.504,0.332,19.6005,79.2768
341.002,132.054,190.504,0.334,19.6001,79.3491
341.252,139.8,190.504,0.342,20.0287,79.4248
341.503,123.507,190.504,0.345,20.0002,79.4951
341.752,136.409,190.504,0.361,19.9988,79.5711
342.002,136.282,190.504,0.372,20.0015,79.642
342.252,135.995,190.504,0.414,19.9995,79.716
342.502,136.015,190.504,0.45,20.0008,79.7928
342.754,134.851,190.504,0.456,20.0012,79.863
343.002,129.078,190.504,0.455,20.0009,79.9366
343.252,139.989,190.504,0.451,20.0001,80.0073
343.502,124.067,190.504,0.448,19.9995,80.0836
343.752,143.943,190.504,0.452,19.9979,80.1589
344.002,128,190.504,0.458,19.9993,80.2281
344.252,139.99,190.504,0.475,19.9999,80.3047
344.502,128.002,190.504,0.497,20.0007,80.3805
344.752,132,190.504,0.501,20.0004,80.4503
345.002,148.021,190.504,0.505,19.5997,80.524
345.252,135.916,190.504,0.489,19.5987,80.5934
345.504,135.08,190.504,0.462,19.6,80.67
345.752,141.025,190.504,0.429,19.6009,80.747
345.955,118.375,190.504,0.411,19.6,80.8029
346.202,141.611,190.504,0.397,19.5999,80.8754
346.452,131.97,190.504,0.399,19.6033,80.9456
346.702,136.009,190.504,0.403,19.5988,81.0226
346.952,131.97,190.504,0.399,19.5993,81.0992
347.153,134.535,190.504,0.398,19.6004,81.1549
347.402,140.39,190.504,0.396,19.9995,81.2285
347.652,131.988,190.504,0.396,19.9996,81.2985
347.902,136.013,190.504,0.396,19.9993,81.3737
348.152,140.019,190.504,0.397,19.9992,81.4473
348.353,124.293,190.504,0.402,20.0015,81.5042
348.602,148.643,190.504,0.405,20.0017,81.5777
348.852,127.935,190.504,0.412,20.0014,81.6544
349.102,136.075,190.504,0.417,20.0028,81.7208
349.303,124.294,190.504,0.422,20.0027,81.781
349.552,132.598,190.504,0.428,20.0026,81.8483
349.802,136.018,190.504,0.43,20.0036,81.9218
350.052,131.762,190.504,0.434,20.0036,81.9917
350.302,132.342,190.504,0.438,20.004,82.0674
350.552,127.899,190.504,0.442,20.0032,82.1422
350.802,123.952,190.504,0.444,20.0032,82.2129
351.052,147.721,190.504,0.452,19.6032,82.2849
351.302,124.391,190.504,0.455,19.6029,82.3585
351.502,134.457,190.504,0.457,19.6014,82.4123
351.754,139.387,190.504,0.465,19.6033,82.4897
352.002,128.701,190.504,0.469,19.6032,82.5542
352.252,140.183,190.504,0.471,19.6043,82.6221
352.502,120.05,190.504,0.473,19.6032,82.6979
352.754,142.812,190.504,0.476,19.2188,82.7614
353.002,124.925,190.504,0.49,19.2193,82.817
353.253,127.74,190.504,0.498,19.2183,82.8621
353.502,132.346,190.504,0.507,19.6034,82.9016
353.752,127.999,190.504,0.512,19.603,82.9065
353.953,139.314,190.504,0.515,19.6044,82.9073
354.202,136.556,190.504,0.515,19.6026,82.9084
354.452,123.983,190.504,0.516,19.6012,82.9097
354.653,134.493,190.504,0.518,19.602,82.9107
354.902,124.432,190.504,0.522,19.6015,82.9117
355.156,133.788,190.504,0.522,20.0017,82.9129
355.402,117.939,190.504,0.523,20.0015,82.9143
355.654,127.055,190.504,0.522,20.0005,82.9161
355.902,120.899,190.504,0.526,20.0004,82.9171
356.152,131.946,190.504,0.516,19.9998,82.9179
356.355,133.163,190.504,0.511,20.0002,82.9187
356.602,129.489,190.504,0.514,19.6003,82.9193
356.852,127.94,190.504,0.514,19.6004,82.9206
357.102,143.935,190.504,0.51,19.2153,82.9217
357.352,139.956,190.504,0.501,18.8459,82.9231
357.602,144.056,190.504,0.499,18.8459,82.9247
357.852,131.95,190.504,0.501,18.8457,82.9263
358.102,139.884,190.977,0.501,18.8456,82.9278
358.402,133.487,190.996,0.499,19.5978,82.9299
358.652,140.027,190.488,0.498,18.8387,82.9313
358.902,143.888,190.5,0.499,18.4828,82.9326
359.103,149.344,190.5,0.501,18.8386,82.9334
359.352,140.609,190.5,0.501,18.8376,82.9352
359.602,147.99,190.5,0.509,19.2075,82.9368
359.852,143.819,190.5,0.511,19.5916,82.9378
360.102,147.962,190.5,0.512,19.2076,82.9394
360.353,143.488,190.5,0.518,19.2075,82.9538
360.602,144.745,190.5,0.502,19.2075,83.0073
360.852,143.986,190.5,0.5,19.2087,83.0621
361.102,139.803,190.5,0.463,19.2143,83.1289
361.352,128.148,190.5,0.438,19.5989,83.2052
361.602,144.113,190.5,0.416,19.5994,83.272
361.852,131.897,190.5,0.399,19.5999,83.3437
362.102,136.05,190.5,0.418,19.5999,83.4212
362.352,131.991,190.5,0.421,19.6,83.4916
362.602,136.022,190.5,0.423,19.5941,83.5657
362.853,135.393,190.5,0.427,19.5993,83.6366
363.102,140.679,190.5,0.426,19.599,83.7068
363.352,127.897,190.5,0.43,19.5992,83.7812
363.602,144.129,190.5,0.432,19.599,83.8485
363.852,131.912,190.5,0.434,19.5989,83.9196
364.102,136.028,190.5,0.435,19.6032,83.994
364.352,123.824,190.5,0.437,19.5971,84.0639
364.602,140.196,190.5,0.442,19.5971,84.1355
364.852,131.99,190.5,0.444,19.5964,84.2033
365.102,136.065,190.5,0.447,19.9964,84.2787
365.352,131.877,190.5,0.452,19.9991,84.3553
365.602,140.12,190.5,0.461,19.9985,84.4261
365.852,135.887,190.5,0.46,19.9994,84.4983
366.102,140.13,190.5,0.447,20.0117,84.5716
366.352,131.982,190.5,0.437,19.9983,84.6404
366.602,143.894,190.5,0.423,20.0002,84.7122
366.852,131.899,190.5,0.409,19.9984,84.7833
367.102,132.2,190.5,0.382,20.0045,84.8569
367.352,135.943,190.5,0.37,19.9997,84.9328
367.602,136,190.5,0.331,20.0016,85.0002
367.852,127.954,190.5,0.311,20.0006,85.0706
368.102,144.013,190.5,0.29,20.0016,85.1451
368.352,120.018,190.5,0.284,19.9996,85.2083
368.602,148.045,190.5,0.281,19.5998,85.2715
368.803,139.102,190.5,0.283,19.5969,85.3208
369.052,136.587,190.5,0.288,19.2161,85.3827
369.302,136.162,190.5,0.304,19.2156,85.4504
369.552,143.569,190.5,0.312,19.2177,85.5088
369.755,143.38,190.5,0.321,19.2174,85.5558
370.003,137.185,190.5,0.304,19.2103,85.6084
370.252,144.366,190.5,0.286,19.221,85.6639
370.502,140.107,190.5,0.282,19.2112,85.7214
370.752,151.755,190.5,0.282,19.2143,85.7779
371.002,136.192,190.5,0.294,19.6005,85.8466
371.252,127.974,190.5,0.309,19.6034,85.9085
371.502,139.984,190.5,0.33,19.9918,85.9646
371.703,149.37,190.5,0.338,19.9998,86.0083
371.952,136.31,190.5,0.342,19.9994,86.0754
372.202,140.16,190.5,0.332,19.9966,86.1461
372.452,131.729,190.5,0.32,20.0005,86.1982
372.702,148.338,190.5,0.323,19.6004,86.2576
372.952,143.982,190.5,0.33,19.6004,86.3297
373.153,129.278,190.5,0.351,19.6005,86.3787
373.402,132.464,190.504,0.368,19.602,86.4336
373.652,144.114,190.504,0.375,19.605,86.4923
373.902,136.021,190.504,0.393,19.6024,86.5639
374.152,131.963,190.504,0.419,19.5995,86.6334
374.403,131.331,190.504,0.455,19.6069,86.6872
374.652,148.588,190.504,0.481,19.6029,86.7488
374.902,124.243,190.504,0.545,19.5955,86.8241
375.152,139.843,190.504,0.564,20.0034,86.886
375.402,136.036,190.504,0.574,20.0016,86.9402
375.652,147.962,190.504,0.592,20.007,86.9993
375.902,132.142,190.504,0.585,19.9976,87.0726
376.152,131.949,190.504,0.575,20.0053,87.1422
376.403,131.345,190.504,0.561,20.0034,87.1967
376.652,148.359,190.504,0.561,20.0027,87.2597
376.902,120.342,190.504,0.564,19.9968,87.3297
377.152,131.958,190.504,0.569,20.0041,87.3995
377.402,131.994,190.504,0.579,20.0032,87.4679
377.653,135.147,190.504,0.583,20.0036,87.5349
377.902,132.88,190.504,0.586,20.0041,87.6089
378.152,135.953,190.504,0.586,20.0045,87.6823
378.402,135.94,190.504,0.579,20.009,87.7479
378.652,136.064,190.504,0.577,20.0027,87.823
378.902,124.025,190.504,0.539,20.0033,87.8949
379.152,140.069,190.504,0.498,20.0037,87.9522
379.402,119.935,190.504,0.434,20.0075,88.0027
379.654,134.736,190.504,0.396,20.0029,88.0438
379.902,129.246,190.504,0.37,20.0036,88.0749
380.152,131.884,190.504,0.37,20.0022,88.0769
380.403,127.66,190.504,0.371,20.0066,88.0776
380.652,144.468,190.504,0.37,19.6022,88.0784
380.902,132.013,190.504,0.369,19.6017,88.0796
381.152,143.782,190.504,0.361,19.2167,88.0806
381.402,140.241,190.504,0.359,19.217,88.0817
381.652,143.795,190.504,0.357,19.2157,88.0833
381.902,136.204,190.504,0.345,19.216,88.0844
382.152,147.938,190.504,0.343,19.2154,88.0859
382.402,139.848,190.504,0.34,19.2157,88.0869
382.652,144.101,190.504,0.33,19.2152,88.0881
382.902,139.758,190.504,0.329,19.2158,88.0892
383.152,144.312,190.504,0.327,19.6001,88.0898
383.355,142.398,190.504,0.328,19.6003,88.0905
383.602,174.637,190.504,0.324,20.8416,88.092
383.852,131.915,190.504,0.323,19.5948,88.0993
384.102,136.066,190.504,0.359,19.5939,88.1467
384.352,131.851,190.504,0.418,19.5941,88.2167
384.602,152.136,190.504,0.497,19.5945,88.2855
384.852,127.958,190.504,0.562,19.5946,88.3558
385.102,135.971,190.504,0.558,19.595,88.4317
385.352,135.923,190.504,0.556,19.5942,88.5056
385.554,138.858,190.883,0.552,19.5988,88.5607
385.802,149.101,190.98,0.546,19.5929,88.634
386.052,128.002,190.98,0.543,18.8483,88.705
386.302,132.027,190.98,0.541,19.9991,88.7801
386.552,143.989,190.98,0.54,19.5989,88.8532
386.802,128.107,190.98,0.545,19.5956,88.9234
387.052,147.855,190.98,0.548,19.6001,88.9977
387.302,132.073,190.98,0.55,19.5991,89.0655
387.552,135.952,190.98,0.555,19.5986,89.1401
387.802,148.037,190.98,0.559,19.5978,89.2137
388.002,124.553,190.98,0.56,19.5989,89.2719
388.252,144.011,190.98,0.56,19.5983,89.3445
388.503,127.947,190.98,0.547,19.598,89.4125
388.752,140.387,190.98,0.51,19.5974,89.4876
389.002,176.055,190.98,0.473,19.9983,89.5601
389.252,131.95,190.98,0.445,19.6023,89.631
389.502,139.981,190.98,0.425,19.5973,89.7062
389.752,136.035,190.98,0.423,19.5976,89.7791
390.002,139.892,190.98,0.424,19.6005,89.8486
390.252,135.857,190.98,0.423,19.6036,89.9176
390.502,128.289,190.98,0.424,19.5988,89.9915
390.752,155.934,190.98,0.424,19.5997,90.0625
391.002,128.045,190.98,0.426,19.5989,90.1321
391.257,149.162,190.98,0.42,19.6011,90.1927
391.502,171.293,190.98,0.357,19.2158,90.2629
391.752,139.935,190.98,0.324,19.6002,90.3375
392.002,127.702,190.98,0.292,19.6005,90.4048
392.252,140.021,190.98,0.272,19.6018,90.4746
392.502,132.346,190.98,0.265,19.2159,90.5368
392.752,139.925,190.98,0.274,19.2173,90.5984
393.002,140.021,190.98,0.297,18.8474,90.6538
393.252,151.625,190.98,0.325,18.8466,90.7112
393.502,144.349,190.98,0.381,18.8473,90.7794
393.752,147.777,190.98,0.37,18.8463,90.8533
394.003,123.681,190.98,0.365,19.2466,90.9131
394.252,144.395,190.98,0.368,19.2169,90.968
394.502,144.087,190.98,0.37,19.2163,91.0212
394.752,144.095,190.98,0.37,19.2171,91.0778
394.953,138.871,190.98,0.37,19.2156,91.1263
395.202,144.935,190.98,0.365,19.5951,91.1905
395.452,132.011,190.98,0.347,19.9954,91.262
395.702,143.993,190.5,0.356,19.9948,91.3258
395.952,127.843,190.5,0.361,19.9891,91.3983
396.156,137.398,190.5,0.365,19.9956,91.4594
396.402,142.224,190.5,0.374,19.9988,91.528
396.652,139.845,190.5,0.366,19.9948,91.6007
396.902,136.315,190.5,0.332,19.9944,91.6758
397.153,135.392,190.5,0.322,19.9964,91.7392
397.403,135.755,190.5,0.319,19.9992,91.8077
397.653,136.151,190.5,0.318,19.9989,91.8593
397.902,144.678,190.5,0.31,20.0005,91.9424
398.152,135.825,190.5,0.296,20.0013,92.0128
398.402,136.013,190.5,0.282,20.0024,92.0723
398.654,143.162,190.5,0.282,20.0029,92.1389
398.902,132.957,190.5,0.285,19.6055,92.207
399.152,139.782,190.5,0.291,19.603,92.2824
399.402,136.25,190.5,0.297,19.6005,92.3566
399.653,139.077,190.5,0.301,19.6031,92.4267
399.902,132.857,190.5,0.312,19.6034,92.4922
400.152,135.776,190.5,0.315,19.6023,92.5558
400.402,148.113,190.5,0.295,19.6029,92.611
400.652,140.132,190.5,0.268,19.6033,92.6775
400.905,138.248,190.5,0.254,19.5982,92.7533
401.155,179.762,190.5,0.256,19.2172,92.8209
401.402,129.771,190.5,0.264,19.602,92.887
401.603,144.4,190.5,0.279,19.6043,92.9349
401.852,144.355,190.5,0.309,19.6007,92.9903
402.053,149.478,190.5,0.314,19.6003,93.0311
402.302,136.594,190.5,0.316,19.6031,93.0876
402.552,147.846,190.5,0.315,19.6051,93.1447
402.753,149.472,190.504,0.314,19.6012,93.1855
403.002,144.51,190.504,0.316,19.6018,93.2422
403.253,139.491,190.504,0.315,19.6032,93.3011
403.502,128.36,190.504,0.303,20.0227,93.3743
403.752,135.969,190.504,0.308,20.001,93.4415
404.003,139.425,190.504,0.32,20.0009,93.5081
404.252,132.647,190.504,0.357,20.0008,93.5744
404.502,135.897,190.504,0.381,19.6006,93.6437
404.752,139.99,190.504,0.44,19.5996,93.7207
405.002,136.132,190.504,0.476,19.215,93.7913
405.255,134.511,190.504,0.53,19.2154,93.8596
405.502,141.584,190.504,0.579,19.2152,93.9311
405.752,131.972,190.504,0.633,19.2148,94.0044
406.002,123.932,190.504,0.679,19.2163,94.0751
406.252,147.793,190.504,0.746,19.2153,94.142
406.502,120.246,190.504,0.779,19.2159,94.2083
406.752,151.984,190.504,0.701,19.2161,94.284
407.002,124.071,190.504,0.645,19.5991,94.3577
407.254,130.957,190.504,0.565,19.5959,94.4276
407.502,132.842,190.504,0.514,19.9998,94.5027
407.752,135.938,190.504,0.446,19.9982,94.5719
408.002,136.225,190.504,0.395,20.0002,94.6416
408.252,139.98,190.504,0.319,19.9949,94.7136
408.453,129.536,190.504,0.282,19.9989,94.7679
408.702,144.503,190.504,0.252,19.9999,94.84
408.952,131.936,190.504,0.21,19.9987,94.917
409.202,183.908,190.504,0.198,19.9814,94.9822
409.452,128.077,190.504,0.203,20.0002,95.0465
409.702,139.989,190.504,0.221,20.0045,95.1169
409.952,131.936,190.504,0.263,19.9993,95.1909
410.202,144.134,190.504,0.288,20.0004,95.2645
410.452,127.942,190.504,0.309,20.0005,95.3343
410.653,139.236,190.504,0.338,19.6012,95.3901
410.902,128.622,190.504,0.354,19.6008,95.4596
411.152,139.865,190.504,0.404,19.6028,95.5318
411.402,136.066,190.504,0.431,19.6021,95.6013
411.652,135.665,190.504,0.473,19.6238,95.6696
411.855,133.542,190.504,0.514,19.6009,95.7241
412.102,133.505,190.504,0.54,19.6018,95.7912
412.352,127.996,190.504,0.589,19.5988,95.8676
412.602,144.002,190.504,0.618,19.603,95.9398
412.852,127.869,190.504,0.665,19.6074,96.0099
413.102,144.183,190.504,0.706,20.0026,96.0851
413.352,127.96,190.504,0.744,19.9982,96.1553
413.602,131.977,190.504,0.787,20.0034,96.2259
413.852,144.017,190.504,0.839,20.0026,96.2897
414.102,140.035,190.504,0.866,20.0036,96.3564
414.352,127.902,190.504,0.914,20.0036,96.4307
414.602,144.154,190.504,0.938,20.0027,96.4938
414.852,131.926,190.504,0.977,20.0086,96.5576
415.102,136.026,190.504,1.013,20.0034,96.6291
415.353,123.505,190.504,1.081,20.0027,96.7067
415.602,144.627,190.504,1.115,20.0031,96.7748
415.852,123.904,190.504,1.167,20.0028,96.8396
416.053,134.524,190.504,1.193,20.0041,96.8821
416.302,132.476,190.504,1.217,20.0043,96.9315
416.552,127.936,190.918,1.248,20.4103,96.9681
416.802,127.868,191.039,1.259,19.6041,96.9827
417.052,139.837,191.039,1.268,19.6028,96.9832
417.302,140.284,191.039,1.27,19.6032,96.9841
417.552,152.052,191.039,1.265,19.6033,96.985
417.753,139.433,191.039,1.264,19.6015,96.9857
417.954,149.018,191.039,1.265,19.6058,96.9866
418.202,141.18,191.039,1.265,19.6021,96.9877
418.452,144.002,191.039,1.262,19.6009,96.9886
418.654,153.749,191.043,1.264,19.6018,96.9896
418.902,136.94,191.043,1.263,19.6016,96.9903
419.154,154.575,191.043,1.263,20.002,96.9914
419.402,136.932,191.043,1.265,19.9995,96.9918
419.652,156.281,191.051,1.267,19.999,96.9925
419.902,140.087,191.051,1.274,20.0001,96.9933
420.152,167.813,191.051,1.274,20.0059,97.0223
420.402,144.249,191.051,1.275,19.9995,97.0763
420.652,155.861,191.059,1.266,19.999,97.1374
420.902,132.011,191.059,1.249,19.9985,97.2028
421.152,136.001,191.059,1.217,19.5956,97.2773
421.402,124.003,191.059,1.191,19.5987,97.3495
421.653,151.003,191.066,1.165,19.597,97.4179
421.902,132.878,191.066,1.126,19.5992,97.4935
422.102,149.6,191.066,1.102,19.5968,97.5445
422.352,128.262,191.066,1.058,19.6011,97.6165
422.602,144.037,191.066,1.036,19.6018,97.6895
422.852,131.969,191.07,0.995,19.5877,97.7553
423.103,147.506,191.07,0.983,19.5989,97.827
423.353,135.845,191.07,0.936,19.6004,97.898
423.602,136.617,191.07,0.913,20.0041,97.9739
423.802,144.524,191.074,0.884,20.0043,98.0314
424.052,140.36,191.074,0.841,19.9994,98.1
424.302,136.008,191.074,0.806,20.0125,98.1652
424.552,147.992,191.074,0.781,19.9999,98.2303
424.802,136.006,191.121,0.757,19.9999,98.3047
425.052,135.649,191.121,0.73,19.9994,98.3718
425.302,140.366,191.121,0.706,20.0143,98.4361
425.552,143.873,191.121,0.671,20.001,98.5082
425.802,136.122,191.168,0.638,20.0006,98.5819
426.003,134.137,191.168,0.624,19.9994,98.6394
426.252,140.707,191.168,0.585,20.0003,98.7072
426.502,128.011,191.168,0.571,20.0015,98.7721
426.752,147.762,190.629,0.54,20,98.8468
427.002,128.217,190.641,0.53,20.0005,98.9148
427.252,143.976,190.641,0.498,19.9995,98.9792
427.502,128.018,190.641,0.484,19.9998,99.0548
427.753,143.548,190.641,0.482,19.9992,99.1211
428.002,140.246,190.645,0.481,19.9991,99.1972
428.252,132.103,190.645,0.487,19.9913,99.269
428.503,151.442,190.645,0.507,19.9923,99.3375
428.753,168.179,190.645,0.544,19.5913,99.4132
429.002,144.083,190.691,0.578,19.5862,99.4865
429.252,136.119,190.691,0.637,19.5929,99.555
429.502,132.229,190.691,0.685,19.5917,99.6269
429.752,151.978,190.695,0.743,19.5938,99.7024
429.954,133.539,190.699,0.719,19.5947,99.7568
430.202,145.295,190.699,0.681,19.5931,99.8281
430.454,127.02,190.699,0.627,19.6004,99.8964
430.702,137.05,190.699,0.579,19.6031,99.9713
430.952,155.912,190.762,0.526,19.6001,100.04
431.202,132.084,190.762,0.491,20.0002,100.115
431.452,143.979,190.762,0.435,20.0096,100.189
431.656,147.09,190.762,0.397,20.0012,100.245
431.902,121.931,190.762,0.371,20.0047,100.318
432.152,155.999,190.762,0.314,20.0041,100.394
432.402,127.999,190.762,0.299,20.0021,100.46
432.652,155.909,190.762,0.278,20.0056,100.529
432.903,127.477,190.762,0.285,20.0031,100.589
433.152,156.589,190.762,0.285,20.0038,100.65
433.402,140.146,190.762,0.292,20.0062,100.711
433.652,143.777,190.762,0.303,20.0045,100.765
433.902,140.219,190.762,0.31,20.004,100.825
434.152,159.812,190.762,0.314,19.6032,100.885
434.402,124.074,190.762,0.315,19.6037,100.938
434.652,152.046,190.762,0.323,19.2178,101.014
434.902,128.042,190.762,0.328,19.2161,101.073
435.152,155.94,190.762,0.336,19.2119,101.137
435.402,132.054,190.762,0.325,19.2171,101.197
435.652,151.775,190.762,0.321,19.2167,101.257
435.902,136.193,190.762,0.318,19.2157,101.321
436.152,151.981,190.762,0.319,19.2115,101.376
436.402,128.041,190.762,0.319,19.2172,101.436
436.653,147.384,190.762,0.32,19.6014,101.497
436.903,132.107,190.762,0.324,19.6,101.557
437.153,191.579,190.762,0.33,20.0002,101.629
437.402,140.72,190.762,0.338,19.6004,101.703
437.653,147.558,190.762,0.363,19.6019,101.773
437.902,124.407,190.762,0.37,19.5995,101.847
438.152,147.981,190.762,0.392,19.5987,101.912
438.402,132.021,190.762,0.396,19.602,101.981
438.652,155.578,190.762,0.396,19.6047,102.05
438.902,120.024,190.762,0.399,19.6001,102.118
439.152,144.2,190.762,0.404,19.5998,102.188
439.402,180.195,190.762,0.406,19.1543,102.258
439.604,172.863,190.762,0.402,19.2153,102.317
439.852,157.527,190.762,0.398,19.2155,102.387
440.054,192.992,190.762,0.394,18.8443,102.441
440.302,125.006,190.844,0.391,18.8456,102.516
440.554,146.819,190.844,0.39,18.8453,102.584
440.802,129.087,190.844,0.388,18.851,102.656
441.053,147.384,190.844,0.384,18.8457,102.73
441.302,132.6,190.844,0.379,18.847,102.802
441.552,135.899,190.844,0.375,18.8447,102.877
441.802,140.067,190.844,0.373,18.8463,102.949
442.052,127.771,190.844,0.372,19.2242,103.018
442.302,144.266,190.844,0.371,19.5939,103.095
442.552,131.972,190.844,0.371,20.0306,103.164
442.802,128.028,190.844,0.371,20.0007,103.241
443.052,143.804,190.844,0.371,20.0005,103.314
443.302,128.174,190.844,0.371,19.9955,103.386
443.552,151.966,190.844,0.376,20.0045,103.461
443.802,123.975,190.844,0.378,20.0007,103.53
444.053,147.593,190.844,0.38,19.9998,103.604
444.302,132.424,190.844,0.379,19.9967,103.68
444.503,129.466,190.844,0.377,20.0004,103.735
444.752,152.446,190.844,0.374,20.0051,103.809
445.002,132.04,190.844,0.375,19.9983,103.877
445.252,143.881,190.844,0.373,19.9984,103.942
445.502,124.102,190.844,0.372,19.9983,104.017
445.752,139.867,190.844,0.346,20.0041,104.085
446.002,136.131,190.844,0.345,19.9974,104.158
446.252,135.969,190.844,0.344,19.9972,104.231
446.502,135.747,190.844,0.34,19.9979,104.302
446.752,140.284,190.844,0.334,20.0002,104.373
447.002,124.016,190.844,0.333,19.9986,104.444
447.252,151.958,190.844,0.332,19.9976,104.516
447.502,128.019,190.918,0.332,19.9982,104.588
447.703,153.867,190.918,0.332,19.9986,104.641
447.952,132.695,190.918,0.332,19.9988,104.716
448.202,124.081,190.918,0.331,19.9994,104.787
448.455,138.269,191.434,0.318,20.002,104.854
448.702,133.363,191.434,0.312,20.0005,104.929
448.954,139.245,191.434,0.284,20.0005,104.995
449.202,128.977,191.434,0.272,20.0016,105.063
449.452,144.02,191.434,0.277,19.9963,105.134
449.652,194.485,191.434,0.279,19.5414,105.19
449.902,136.221,191.434,0.28,19.5997,105.266
450.152,136.017,191.434,0.281,19.6003,105.331
450.403,139.504,191.434,0.28,19.6014,105.4
450.652,144.563,191.434,0.277,19.6017,105.465
450.902,123.974,191.434,0.282,19.6013,105.526
451.154,146.966,191.434,0.285,19.6013,105.588
451.402,136.991,191.434,0.295,19.6021,105.641
451.652,155.645,191.434,0.303,19.6003,105.696
451.902,136.308,191.434,0.324,19.6026,105.754
452.152,151.851,191.434,0.337,20.0658,105.807
452.405,138.148,191.434,0.348,20.0018,105.855
452.652,158.266,191.434,0.358,19.6023,105.93
452.902,119.969,191.434,0.367,19.6018,105.996
453.152,152.047,191.434,0.369,19.5989,106.073
453.402,127.759,191.434,0.37,19.5999,106.147
453.652,148.163,191.434,0.37,19.5999,106.217
453.902,131.992,191.434,0.371,19.2155,106.291
454.103,129.505,191.434,0.371,19.218,106.347
454.352,140.436,191.434,0.368,19.2152,106.423
454.602,140.07,191.434,0.366,19.2163,106.497
454.852,135.94,191.434,0.365,19.2154,106.567
455.102,132.029,191.434,0.362,19.6005,106.642
455.352,132.031,191.434,0.361,19.5997,106.712
455.602,140.032,191.434,0.36,19.5961,106.788
455.852,123.954,191.434,0.36,19.6001,106.863
456.102,139.901,191.434,0.359,19.6036,106.933
456.353,131.809,191.434,0.359,20.0005,107.009
456.602,152.414,191.434,0.359,19.5795,107.084
456.853,127.557,191.434,0.359,19.6001,107.153
457.102,124.436,191.434,0.359,19.6,107.23
457.352,131.939,191.434,0.357,19.5993,107.3
457.553,139.508,191.434,0.352,19.5991,107.362
457.802,140.453,191.434,0.351,19.5976,107.431
458.052,131.858,191.434,0.353,19.6042,107.504
458.302,128.131,190.914,0.35,19.5996,107.58
458.552,139.815,190.914,0.348,19.5988,107.649
458.802,128.183,190.914,0.347,19.6009,107.726
459.053,179.242,190.914,0.35,19.2159,107.799
459.302,128.525,190.914,0.355,19.5972,107.868
459.552,143.978,190.914,0.358,19.6006,107.941
459.755,123.299,190.914,0.362,19.5951,107.996
459.96,131.449,190.914,0.366,19.5993,108.056
460.202,186.133,190.914,0.358,19.218,108.124
460.452,123.976,190.914,0.324,19.2157,108.192
460.702,144.026,190.914,0.299,19.2158,108.26
460.952,131.9,190.914,0.293,19.2151,108.327
461.202,128.054,190.914,0.282,19.2138,108.392
461.452,135.979,190.914,0.283,19.2151,108.459
461.702,140.022,190.914,0.283,19.6028,108.527
461.952,131.799,190.914,0.285,19.6003,108.603
462.154,148.617,190.914,0.289,19.5969,108.655
462.402,125.188,190.914,0.297,19.6017,108.729
462.654,146.462,190.914,0.304,20.0008,108.802
462.902,133.387,190.914,0.314,20.0005,108.87
463.153,135.567,190.914,0.319,20.0011,108.944
463.402,128.392,190.914,0.327,20.0026,109.018
463.653,139.314,190.914,0.331,20.0014,109.087
463.902,128.6,190.914,0.339,20.0028,109.162
464.153,139.138,190.914,0.353,20.0025,109.232
464.402,128.796,190.914,0.375,20.0025,109.294
464.652,140.031,190.914,0.406,20.0046,109.379
464.902,123.99,190.914,0.455,20.0032,109.444
465.153,147.41,190.914,0.482,20.0019,109.517
465.402,120.499,190.914,0.544,20.003,109.584
465.652,148.002,190.914,0.543,20.0067,109.658
465.902,124.033,190.914,0.535,20.0032,109.729
466.153,127.46,190.914,0.527,20.0072,109.794
466.402,132.533,190.914,0.532,20.0024,109.868
466.654,130.797,190.914,0.531,20.0033,109.94
466.902,133.252,190.914,0.53,19.9995,110.007
467.152,135.811,190.914,0.525,20.0037,110.082
467.402,127.967,190.914,0.514,20.0033,110.139
467.652,144.189,190.914,0.515,20.0037,110.204
467.902,136.051,190.918,0.528,19.999,110.28
468.153,135.229,190.918,0.537,20.0051,110.345
468.402,128.678,190.918,0.547,20.0032,110.41
468.652,135.996,190.918,0.55,20.0033,110.46
468.902,123.86,190.918,0.549,20.0034,110.501
469.152,144.176,190.918,0.546,20.0046,110.533
469.402,119.998,190.918,0.545,20.0025,110.535
469.652,132.014,190.918,0.545,20.0021,110.536
469.902,184.011,190.918,0.545,19.5859,110.536
470.152,135.777,190.918,0.541,19.6026,110.537
470.402,132.178,190.918,0.541,19.6018,110.538
470.652,143.938,190.918,0.54,19.6018,110.539
470.853,134.514,190.918,0.539,19.6012,110.54
471.102,148.446,190.918,0.53,19.6009,110.541
471.303,134.52,190.918,0.529,19.6,110.542
471.552,144.419,190.918,0.528,19.6001,110.542
471.802,140.078,190.93,0.524,19.9944,110.544
472.002,139.53,190.93,0.527,19.5515,110.545
472.252,140.21,190.344,0.525,19.5458,110.546
472.502,136.136,190.344,0.527,19.9466,110.548
472.752,147.803,190.344,0.528,19.944,110.549
473.002,152.024,190.344,0.528,19.9474,110.55
473.253,147.585,190.344,0.532,19.9452,110.571
473.502,136.558,190.344,0.558,19.9468,110.629
473.752,143.938,190.344,0.547,19.9472,110.683
474.002,155.953,190.344,0.54,19.9424,110.747
474.252,140.072,190.344,0.54,19.1714,110.817
474.502,127.934,190.344,0.541,20.0006,110.878
474.753,151.545,190.344,0.54,19.9962,110.945
475.002,140.494,190.344,0.515,19.9996,111.016
475.254,138.845,190.344,0.513,19.9974,111.086
475.503,132.719,190.344,0.506,20.0026,111.16
475.752,140.398,190.344,0.504,20.001,111.226
476.003,143.608,190.344,0.502,19.999,111.298
476.252,140.421,190.344,0.501,19.9968,111.37
476.502,127.957,190.344,0.501,20.0046,111.44
476.752,144.05,190.344,0.5,19.9996,111.515
477.002,136.003,190.344,0.501,19.999,111.588
477.252,147.71,190.344,0.51,19.9958,111.657
477.502,132.367,190.344,0.507,20.0002,111.732
477.752,127.893,190.344,0.484,19.9939,111.802
478.002,144.062,190.793,0.46,20.0013,111.879
478.252,127.945,190.793,0.448,19.9986,111.952
478.503,135.498,190.793,0.438,19.9998,112.023
478.754,135.491,190.793,0.439,20.0024,112.098
479.002,144.794,191.277,0.436,20.0001,112.163
479.253,135.663,191.277,0.431,19.9904,112.237
479.502,128.564,191.277,0.42,20.0055,112.313
479.755,142.424,191.277,0.38,19.9998,112.379
480.002,129.528,191.277,0.327,20.0007,112.45
480.252,147.778,191.277,0.297,19.9999,112.521
480.503,127.303,191.277,0.26,19.9973,112.592
480.752,148.788,191.277,0.254,19.9972,112.663
481.002,136.188,191.277,0.254,19.9998,112.728
481.254,178.072,191.277,0.27,19.9921,112.798
481.502,137.354,191.277,0.307,20.0014,112.865
481.756,145.848,191.277,0.346,19.9998,112.931
482.002,138.077,191.277,0.411,19.9994,113.005
482.252,140.022,191.277,0.462,19.9942,113.072
482.503,135.437,191.277,0.497,20.0007,113.135
482.752,140.606,191.277,0.491,20.0009,113.208
482.954,133.609,191.277,0.474,19.9996,113.264
483.202,149.234,191.277,0.46,19.9932,113.34
483.453,131.653,191.277,0.459,19.9817,113.413
483.702,144.438,191.277,0.446,20.0063,113.483
483.953,131.467,191.277,0.434,19.9925,113.558
484.202,136.573,191.277,0.423,19.9971,113.627
484.452,139.648,191.277,0.41,19.9928,113.696
484.702,136.34,191.277,0.396,19.9985,113.769
484.956,141.389,191.277,0.396,19.9985,113.845
485.202,138.563,191.277,0.392,20.0026,113.911
485.454,142.56,191.277,0.388,19.9972,113.987
485.702,133.34,191.277,0.382,20.0072,114.055
485.952,127.926,191.277,0.376,19.9967,114.126
486.153,159.201,191.277,0.374,20.0012,114.18
486.402,132.589,191.277,0.372,20.0044,114.253
486.652,151.974,191.277,0.367,19.9921,114.326
486.853,124.275,191.277,0.362,19.9992,114.379
487.102,140.641,191.277,0.349,19.9985,114.453
487.352,128.008,191.277,0.347,19.997,114.524
487.602,140.063,191.277,0.346,20.0001,114.595
487.802,139.62,191.277,0.346,20.0002,114.649
488.052,131.923,191.277,0.339,19.9968,114.723
488.254,133.736,191.277,0.333,19.9982,114.78
488.502,145.134,191.277,0.326,20.0014,114.849
488.753,131.447,191.277,0.321,20.0032,114.922
489.003,140.399,190.793,0.319,20.0035,114.995
489.253,139.982,190.793,0.318,20.0007,115.064
489.502,128.423,190.793,0.318,20.0047,115.135
489.703,154.179,190.793,0.319,20.0004,115.182
489.952,136.501,190.793,0.319,19.9948,115.243
490.153,144.237,190.793,0.318,20.0024,115.289
490.402,136.652,190.793,0.293,19.998,115.354
490.652,147.827,190.793,0.286,20.0019,115.413
490.856,161.539,190.793,0.284,19.9994,115.458
491.102,167.052,190.793,0.285,20.0045,115.518
491.352,140.025,190.793,0.289,20.0025,115.572
491.602,160.022,190.793,0.292,20.0025,115.628
491.852,139.857,190.793,0.295,20,115.684
492.102,144.253,190.793,0.29,20.0016,115.746
492.352,143.654,190.793,0.292,19.9987,115.815
492.602,132.233,190.793,0.312,20.0014,115.883
492.852,127.743,190.793,0.312,20.0052,115.95
493.102,140.333,190.793,0.311,20.002,116.019
493.303,144.379,190.793,0.311,20.0029,116.07
493.554,131.273,190.793,0.3,19.9968,116.146
493.802,129.118,190.793,0.332,20.0024,116.213
494.052,143.66,190.793,0.34,19.9974,116.275
494.302,136.28,190.793,0.352,20.0007,116.344
494.556,134.036,190.793,0.355,20.0044,116.415
494.802,129.741,190.793,0.357,20.0008,116.487
495.052,143.856,190.793,0.358,19.9988,116.556
495.302,128.318,190.793,0.361,20.0003,116.628
495.552,187.708,190.793,0.365,19.5992,116.704
495.755,128.438,190.793,0.368,19.5992,116.758
496.002,125.449,190.793,0.369,19.5993,116.834
496.252,147.598,190.793,0.368,19.5979,116.908
496.502,124.273,190.793,0.367,19.6012,116.976
496.752,143.969,190.793,0.368,19.6005,117.047
497.002,127.93,190.793,0.369,19.6027,117.114
497.252,131.954,190.793,0.37,19.6007,117.18
497.502,140.236,190.793,0.37,19.5994,117.25
497.752,127.68,190.793,0.369,19.6024,117.319
498.002,140.351,190.793,0.361,20.0013,117.385
498.252,147.614,190.793,0.353,19.9993,117.453
498.503,127.906,190.793,0.349,19.9987,117.522
498.753,131.807,190.793,0.353,19.9992,117.598
499.002,136.383,190.793,0.359,20.0089,117.666
499.252,132.122,190.793,0.363,19.998,117.739
499.502,140.083,190.793,0.366,19.9998,117.814
499.753,131.302,190.793,0.368,19.9978,117.88
500.002,140.859,190.793,0.37,20.0082,117.956
500.252,131.607,190.793,0.372,19.9988,118.03
500.502,128.281,190.793,0.377,20.0003,118.101
500.752,139.942,190.793,0.38,19.9969,118.173
501.002,131.77,190.793,0.388,20.0007,118.246
501.252,144.274,190.793,0.391,19.9979,118.315
501.502,128,190.793,0.388,19.9935,118.392
501.757,133.558,190.793,0.385,20.0034,118.461
502.002,142.73,190.793,0.383,19.5982,118.537
502.252,131.612,190.793,0.382,19.6015,118.611
502.502,132.388,190.793,0.382,19.6003,118.682
502.752,139.661,190.793,0.382,19.598,118.759
503.002,136.123,190.793,0.385,19.5985,118.829
503.254,138.837,190.793,0.389,19.5989,118.902
503.502,128.955,190.793,0.391,19.5982,118.977
503.754,142.874,190.793,0.392,19.6001,119.048
503.955,129.29,190.793,0.393,19.6003,119.105
504.202,141.692,190.793,0.395,19.5992,119.172
504.403,129.582,190.793,0.398,19.9915,119.231
504.653,140.053,190.793,0.384,19.995,119.301
504.902,140.339,190.793,0.361,19.9981,119.375
505.152,132.192,190.793,0.347,20.0045,119.449
505.354,118.635,190.793,0.333,20.0022,119.499
505.602,153.565,190.793,0.313,20.0036,119.563
505.852,135.938,190.793,0.295,20.0041,119.626
506.053,144.376,190.793,0.294,20.0031,119.675
506.302,136.495,190.793,0.281,20.0034,119.743
506.552,131.991,190.793,0.27,20.0012,119.809
506.802,136.018,190.793,0.266,20.0022,119.883
507.052,147.977,190.793,0.281,20.0081,119.944
507.253,129.455,190.793,0.29,20.0008,119.992
507.502,144.549,190.793,0.307,20.0023,120.057
507.758,140.495,190.793,0.332,19.9937,120.122
508.002,139.44,190.793,0.372,20.0014,120.187
508.252,143.913,190.793,0.413,20.0079,120.244
508.502,132.056,190.793,0.428,19.9968,120.305
508.755,134.34,190.793,0.446,20.0023,120.379
509.003,133.06,190.793,0.465,20.002,120.447
509.252,132.579,190.793,0.477,20.0021,120.515
509.503,127.587,190.793,0.491,20.0028,120.586
509.753,135.998,190.793,0.519,20.0039,120.653
510.002,132.429,190.793,0.542,20.0027,120.727
510.252,140.012,190.793,0.567,20.0034,120.792
510.502,128.07,190.793,0.582,20.0047,120.862
510.755,138.322,190.793,0.583,20.0009,120.923
511.002,137.272,190.793,0.585,20.0088,120.97
511.252,128.102,190.793,0.603,20.0052,121.013
511.502,124.258,190.793,0.609,20.0066,121.051
511.753,127.366,191.277,0.616,20.0028,121.059
512.002,136.425,191.277,0.613,20.0024,121.059
512.252,140.12,191.277,0.612,19.9996,121.06
512.454,128.547,191.277,0.621,20.0025,121.061
512.702,137.367,191.277,0.621,19.9949,121.061
512.955,134.358,190.793,0.624,19.9995,121.063
513.202,157.915,190.793,0.627,20.001,121.064
513.452,131.85,190.793,0.63,20.0349,121.065
513.702,148.143,190.793,0.63,20.0298,121.066
513.952,135.959,190.793,0.639,20.0399,121.067
514.202,140.013,190.793,0.641,20.0376,121.069
514.453,143.536,190.793,0.641,20.0391,121.071
514.702,144.531,190.793,0.642,20.0376,121.072
514.953,135.556,190.793,0.642,20.0384,121.074
515.202,168.496,190.793,0.646,19.6392,121.075
515.453,143.469,190.793,0.628,19.6365,121.084
515.702,144.537,190.793,0.599,19.6474,121.133
515.903,149.202,190.793,0.566,19.6051,121.179
516.152,148.62,190.793,0.528,19.6001,121.232
516.353,133.911,190.793,0.515,19.6,121.282
516.602,157.025,190.793,0.508,19.5968,121.343
516.852,127.916,190.793,0.519,19.6005,121.411
517.102,132.113,190.793,0.526,19.5991,121.473
517.352,131.919,190.793,0.557,19.6,121.541
517.602,140.079,190.793,0.555,19.9968,121.614
517.852,179.879,190.793,0.527,20.0001,121.681
518.102,136.131,190.793,0.513,19.6008,121.752
518.352,127.878,190.793,0.496,19.5999,121.822
518.602,152.091,190.793,0.461,19.5983,121.892
518.852,127.987,190.793,0.422,19.5997,121.964
519.102,140.009,190.793,0.383,19.5994,122.033
519.304,163.586,190.793,0.36,19.5991,122.082
519.552,165.152,190.793,0.318,19.6005,122.151
519.753,129.093,190.793,0.295,19.603,122.204
520.002,132.699,190.793,0.28,19.601,122.279
520.252,128.028,190.793,0.273,19.6008,122.346
520.502,131.906,190.793,0.277,19.9994,122.411
520.752,147.937,190.793,0.296,20.0009,122.471
521.002,132.107,190.793,0.305,20.001,122.531
521.252,140.059,190.793,0.313,20.0025,122.588
521.502,135.996,190.793,0.317,19.9998,122.642
521.752,144.005,190.793,0.318,19.988,122.702
522.002,140.037,190.793,0.326,19.9998,122.768
522.252,147.641,190.793,0.34,20.0004,122.837
522.502,124.285,190.793,0.338,20.0001,122.91
522.752,143.921,190.793,0.335,19.9994,122.984
522.953,144.028,190.793,0.334,19.9995,123.039
523.202,160.992,190.793,0.334,19.6017,123.112
523.452,131.954,190.793,0.334,19.6003,123.181
523.654,143.489,190.793,0.338,19.6001,123.241
523.902,133.135,190.793,0.342,19.6006,123.317
524.153,135.296,190.793,0.347,19.6004,123.387
524.402,120.553,190.793,0.357,19.6003,123.464
524.654,147.014,190.793,0.38,19.6005,123.534
524.902,124.915,190.793,0.408,19.6003,123.609
525.152,151.99,190.793,0.451,19.5993,123.685
525.402,120.003,190.793,0.449,19.5996,123.756
525.652,139.992,190.793,0.447,20.0068,123.831
525.902,127.965,190.793,0.439,19.9984,123.907
526.152,140.085,190.793,0.44,20.0001,123.977
526.402,127.993,190.793,0.444,20.0002,124.055
526.654,135.037,190.793,0.461,19.9999,124.126
526.902,132.924,190.793,0.485,19.9998,124.199
527.152,139.982,190.793,0.491,20.0084,124.274
527.403,123.317,190.793,0.49,19.9994,124.343
527.652,152.841,190.793,0.493,20.0045,124.419
527.902,124.015,190.793,0.495,20.0014,124.488
528.152,151.895,190.793,0.472,20.0027,124.56
528.402,120.129,190.793,0.448,19.9996,124.633
528.654,142.84,190.793,0.436,20.0086,124.703
528.902,137.057,190.793,0.434,20,124.778
529.152,135.999,190.793,0.438,20.0032,124.853
529.402,124.004,190.793,0.442,19.9997,124.925
529.652,135.96,190.793,0.444,20.0053,124.999
529.902,135.947,190.793,0.445,19.9971,125.073
530.152,136.069,190.793,0.446,20.0107,125.143
530.402,119.875,190.793,0.446,20.0009,125.22
530.652,188.2,190.793,0.443,19.5981,125.289
530.902,120.027,190.793,0.441,19.5976,125.36
531.152,147.813,190.793,0.437,19.6023,125.436
531.402,124.147,190.793,0.437,19.6028,125.505
531.654,142.945,190.793,0.442,19.6026,125.581
531.902,128.954,190.793,0.444,19.6021,125.652
532.152,131.849,190.793,0.445,19.6027,125.723
532.402,128.142,190.793,0.445,19.6074,125.799
532.652,139.985,190.793,0.446,19.6034,125.869
532.902,128.067,190.793,0.446,19.6032,125.942
533.152,135.8,190.793,0.451,20.0033,126.018
533.402,119.842,190.793,0.455,20.003,126.086
533.652,144.252,190.793,0.458,20.0039,126.159
533.902,120.088,190.793,0.46,20.0035,126.231
534.152,147.975,190.793,0.467,20.0053,126.3
534.353,119.455,190.793,0.47,20.002,126.357
534.602,136.541,190.793,0.465,20.0036,126.427
534.852,131.951,190.793,0.461,20.0031,126.495
535.102,136.032,190.793,0.46,20.003,126.563
535.352,123.985,190.793,0.466,20.002,126.628
535.602,132.046,190.793,0.462,20.006,126.691
535.852,135.946,190.793,0.486,20.0033,126.738
536.102,128.022,190.793,0.499,20.0055,126.781
536.352,119.988,190.793,0.507,20.0029,126.811
536.602,131.992,190.793,0.511,20.0031,126.813
536.852,132.015,190.793,0.515,20.0026,126.814
537.102,128.004,190.793,0.514,20.0043,126.815
537.353,123.596,190.793,0.515,20.0032,126.816
537.602,132.396,190.793,0.515,20.001,126.817
537.852,135.857,190.793,0.509,20.0021,126.819
538.102,128.17,190.793,0.506,20.0011,126.82
538.352,131.99,190.793,0.501,20.0005,126.821
538.602,132.006,190.793,0.504,20.0003,126.823
538.853,143.178,190.793,0.5,19.6003,126.825
539.102,136.811,190.793,0.499,19.5967,126.828
539.352,127.968,190.793,0.497,19.6005,126.829
539.602,144.009,190.793,0.499,19.6005,126.831
539.902,130.001,190.793,0.497,20.4142,126.833
540.104,197.817,190.793,0.499,19.5893,126.836
540.352,153.228,190.793,0.499,19.2043,126.838
540.602,151.855,190.793,0.499,19.2074,126.839
540.852,140.171,190.793,0.501,19.204,126.842
541.102,144.142,190.793,0.499,19.199,126.845
541.352,147.815,190.793,0.501,19.5875,126.848
541.553,139.125,190.793,0.506,19.5887,126.849
541.803,148.33,190.793,0.513,19.5883,126.853
542.052,144.507,190.793,0.512,19.5872,126.889
542.254,148.634,190.793,0.501,19.5873,126.928
542.502,132.987,190.793,0.493,19.6006,126.985
542.752,143.969,190.793,0.469,20.0017,127.053
543.002,135.935,190.793,0.448,20.0001,127.122
543.252,140.098,190.793,0.425,19.9997,127.194
543.502,140.003,190.793,0.403,20.0058,127.272
543.752,135.919,190.793,0.428,19.9999,127.343
543.953,124.469,190.793,0.431,20.001,127.402
544.202,144.63,190.793,0.432,19.9937,127.472
544.452,127.939,190.793,0.435,19.9991,127.544
544.702,144.019,190.793,0.416,19.9926,127.612
544.952,127.984,190.793,0.439,19.9977,127.688
545.202,131.982,190.793,0.442,19.9916,127.761
545.403,134.071,190.793,0.443,19.9978,127.817
545.652,136.786,190.793,0.446,19.9982,127.887
545.902,132.009,190.793,0.448,19.9984,127.963
546.152,143.984,190.793,0.447,19.9994,128.03
546.353,124.433,190.793,0.447,19.9981,128.086
546.602,148.6,190.793,0.449,20.002,128.153
546.852,131.906,190.793,0.456,19.998,128.226
547.102,144.101,190.828,0.463,19.9993,128.303
547.352,127.808,190.828,0.46,19.9983,128.374
547.602,128.157,190.828,0.448,20.0031,128.447
547.853,139.082,190.828,0.434,20.0005,128.517
548.102,136.949,190.828,0.424,20.0007,128.59
548.352,175.693,190.828,0.409,19.5534,128.665
548.602,136.186,190.828,0.382,19.6008,128.735
548.852,139.894,190.828,0.372,19.6007,128.808
549.102,132.104,190.828,0.36,19.5997,128.875
549.367,165.942,190.828,0.32,19.5997,128.945
549.602,149.009,190.828,0.312,19.217,129.017
549.852,132.004,190.828,0.287,19.2165,129.082
550.102,140.051,190.828,0.284,19.218,129.145
550.352,135.944,190.828,0.278,19.2171,129.212
550.602,139.985,190.828,0.281,19.2176,129.273
550.852,144.025,190.828,0.298,19.6491,129.336
551.102,136.025,190.828,0.305,19.6018,129.397
551.352,139.98,190.828,0.313,19.6011,129.45
551.602,144.063,190.828,0.321,19.6016,129.507
551.853,143.366,190.828,0.301,19.6016,129.562
552.056,162.396,190.828,0.297,19.9797,129.611
552.302,134.297,190.828,0.297,19.9989,129.673
552.554,150.541,190.828,0.306,19.9998,129.73
552.802,173.648,190.828,0.311,20.0008,129.811
553.052,135.95,190.828,0.323,19.9989,129.872
553.302,132.079,190.828,0.327,20.0004,129.942
553.552,143.962,190.828,0.33,19.9995,130.017
553.802,127.907,190.828,0.331,19.6003,130.083
554.052,140.071,190.828,0.331,19.6009,130.15
554.302,124.017,190.828,0.331,19.5988,130.217
554.503,129.369,190.828,0.335,19.62,130.279
554.753,191.696,190.828,0.345,19.1461,130.342
555.002,132.777,190.828,0.353,19.2163,130.404
555.206,210.611,190.828,0.363,19.2165,130.463
555.453,141.716,190.828,0.407,18.8477,130.531
555.702,136.59,190.828,0.429,18.8472,130.597
555.952,139.992,190.828,0.484,18.8516,130.671
556.202,127.884,190.828,0.527,19.2121,130.741
556.452,140.097,190.828,0.527,19.2149,130.814
556.702,132.063,190.828,0.531,19.213,130.887
556.953,139.569,190.828,0.535,19.2196,130.956
557.202,128.374,190.828,0.536,19.2172,131.032
557.404,128.43,190.828,0.537,19.603,131.088
557.652,141.086,190.828,0.537,19.6043,131.162
557.902,116.279,190.828,0.537,20.0032,131.233
558.152,151.915,190.828,0.537,20.0069,131.31
558.402,124.036,190.828,0.537,20.0042,131.387
558.652,139.727,190.828,0.535,20.0082,131.456
558.902,128.186,190.828,0.534,20.0075,131.531
559.152,132.06,190.828,0.529,20.0106,131.602
559.402,131.831,190.828,0.527,20.0037,131.678
559.652,136.165,190.828,0.525,20.0056,131.751
559.902,116.026,190.828,0.512,20.0073,131.818
560.152,143.945,190.828,0.447,20.0045,131.876
560.402,120.017,190.828,0.41,20.0044,131.924
560.652,132.008,190.828,0.37,20.0041,131.963
560.902,127.985,190.828,0.359,20.0029,131.971
561.152,139.816,190.828,0.359,20.0037,131.972
561.402,128.18,190.828,0.359,20.003,131.972
561.652,143.979,190.828,0.359,19.6016,131.974
561.902,131.752,190.828,0.36,19.5986,131.975
562.152,148.288,190.828,0.357,19.6012,131.976
562.402,128.009,190.828,0.353,19.6014,131.977
562.652,147.693,190.828,0.345,19.5965,131.979
562.902,128.251,190.828,0.344,19.2165,131.98
563.152,148.005,190.828,0.337,19.2194,131.981
563.353,129.309,190.828,0.332,18.8465,131.982
563.602,144.683,190.828,0.329,18.8434,131.983
563.852,139.769,190.828,0.327,18.8525,131.984
564.103,151.485,190.828,0.324,18.8454,131.986
564.352,144.666,190.828,0.317,19.2157,131.987
564.602,155.799,190.828,0.318,19.2157,131.989
