time,cpu,memory,obstacle_distance,cmd_vel_frequency,distance_travelled
0.240211,0,115.621,0.256,48.4588,0
0.487355,117.34,115.625,0.262,46.134,0.0308229
0.690715,103.265,115.625,0.328,47.2528,0.075223
0.937488,129.674,115.625,0.409,44.4364,0.156526
1.1451,125.236,115.625,0.435,43.4706,0.19193
1.38744,152.674,115.625,0.483,39.9008,0.252935
1.63746,99.9945,115.625,0.495,39.5687,0.325106
1.88734,152.073,115.625,0.522,36.6585,0.383731
2.1373,96.0123,115.625,0.571,38.0691,0.448431
2.38733,111.99,115.625,0.617,40.1037,0.514008
2.63734,139.995,115.625,0.68,43.2078,0.588227
2.88726,128.039,115.629,0.718,42.6932,0.648148
3.13726,95.9982,115.629,0.758,45.5661,0.710363
3.38733,99.9757,115.629,0.779,45.5435,0.771408
3.63747,107.936,115.633,0.809,47.1853,0.829056
3.88748,103.996,115.633,0.823,49.9754,0.892181
4.13732,124.08,115.633,0.837,47.6904,0.958105
4.38729,92.0117,115.633,0.84,47.6275,1.02217
4.63733,95.9845,115.633,0.84,47.9913,1.09804
4.88732,100.005,115.633,0.837,47.6088,1.17401
5.13733,91.9948,115.633,0.835,50.0735,1.24244
5.38736,91.9887,115.633,0.832,49.9837,1.31352
5.63743,95.9748,115.633,0.829,50.0525,1.37832
5.8873,88.0448,115.633,0.832,49.9758,1.4507
6.1374,95.9635,115.633,0.8,50.0314,1.52688
6.38729,96.0399,115.633,0.778,49.9781,1.59629
6.63733,95.9873,115.633,0.762,49.9724,1.66633
6.88729,92.0122,115.633,0.755,50.0019,1.73043
7.13731,111.99,115.633,0.73,48.0148,1.79515
7.38731,92.0026,115.633,0.715,48.0215,1.85874
7.63731,99.9973,115.633,0.668,47.9804,1.9185
7.88736,99.9827,115.633,0.63,47.9124,1.98152
8.13733,92.0117,115.633,0.564,50.031,2.04881
8.38727,96.023,115.633,0.522,49.9677,2.11444
8.63732,99.9767,115.633,0.481,50.0453,2.18765
8.88729,88.0119,115.633,0.447,50.0306,2.26069
9.13733,99.9854,115.633,0.42,50.0227,2.32713
9.3873,92.0106,115.633,0.384,49.9634,2.39319
9.63732,103.991,115.633,0.344,49.9871,2.45029
9.88727,104.021,115.633,0.329,49.8534,2.51279
10.1373,91.9832,115.633,0.306,50.0144,2.57617
10.3873,88.0069,115.633,0.294,49.9262,2.63848
10.5881,119.506,115.633,0.293,49.5528,2.69679
10.8373,104.335,115.633,0.31,47.9839,2.76566
11.0873,96.0129,115.633,0.334,47.8313,2.83996
11.3373,99.9861,115.633,0.364,47.903,2.90908
11.5873,100.018,115.633,0.389,48.3399,2.9693
11.8373,103.977,115.633,0.426,49.9839,3.03039
12.0873,96.0082,115.633,0.449,50.0055,3.08869
12.3375,119.924,115.633,0.476,48.0341,3.14407
12.5873,96.0586,115.633,0.499,47.9456,3.19752
12.8373,116,115.633,0.472,47.9958,3.24988
13.0873,96.0064,115.633,0.448,47.9431,3.30766
13.3373,95.9883,115.633,0.42,49.9823,3.36979
13.5873,92.0186,115.633,0.406,49.9866,3.4256
13.8374,95.9706,115.633,0.393,49.964,3.48749
14.0874,99.9943,115.633,0.393,49.9943,3.54775
14.3375,103.96,115.633,0.397,49.9659,3.60559
14.5404,133.066,115.633,0.406,48.9863,3.67973
14.7873,93.1418,115.633,0.412,47.9961,3.7449
15.0373,111.989,115.633,0.428,47.9875,3.81038
15.2873,100.013,115.633,0.437,47.9564,3.87479
15.5374,95.9668,115.633,0.426,48.9953,3.94627
15.7873,88.0335,115.633,0.413,50.0288,4.02138
16.0373,91.9872,115.633,0.407,49.959,4.09364
16.2873,92.0129,115.633,0.407,49.9219,4.16956
16.5373,99.9777,115.633,0.406,49.9678,4.24232
16.7874,95.9821,115.633,0.403,49.9277,4.31065
17.0373,84.0195,115.633,0.398,49.9688,4.38706
17.2873,91.9954,115.633,0.395,49.9876,4.45764
17.5373,96.0082,115.633,0.389,49.996,4.53466
17.7873,92.0177,115.633,0.385,49.9403,4.61012
18.0373,91.9848,115.633,0.336,49.9885,4.68152
18.2873,96.0123,115.633,0.311,49.9563,4.75653
18.5374,99.9691,115.633,0.286,49.9096,4.83329
18.7873,100.034,115.633,0.288,49.9955,4.89966
19.0374,95.9704,115.633,0.304,49.9503,4.9762
19.2873,104.011,115.633,0.319,49.994,5.04657
19.5375,103.949,115.633,0.363,50.0018,5.12025
19.7873,100.06,115.68,0.399,50.0076,5.19139
20.0373,95.9873,115.684,0.449,49.9862,5.24797
20.2873,96.0209,115.684,0.485,50.0246,5.30563
20.5374,103.965,115.691,0.523,50.071,5.36479
20.7873,108.032,115.883,0.553,49.9963,5.42207
21.0373,103.985,115.883,0.576,50.0125,5.48226
21.2873,108.016,115.887,0.549,50.0264,5.53581
21.5373,111.978,115.887,0.511,50.0156,5.59679
21.7873,112.038,115.887,0.485,49.9,5.65326
22.0373,107.967,115.887,0.462,49.9381,5.70793
22.2873,100.022,115.887,0.456,49.9565,5.77131
22.5373,107.973,115.887,0.478,49.9974,5.83748
22.7875,115.917,115.887,0.49,49.6446,5.90002
23.0374,132.082,115.887,0.546,47.9903,5.97341
23.2873,120.036,115.887,0.581,47.873,6.04372
23.5376,107.865,115.887,0.601,47.8376,6.11075
23.7873,100.128,115.887,0.612,48.3188,6.18229
24.0374,99.9548,115.887,0.631,49.991,6.25194
24.2873,104.055,115.887,0.637,50.0565,6.32382
24.5375,91.9209,115.887,0.65,50.1107,6.39026
24.7875,124.009,115.887,0.665,48.9375,6.44655
25.0373,108.088,115.887,0.693,47.7724,6.50418
25.2873,107.97,115.887,0.717,47.8307,6.55834
25.5373,108.015,115.887,0.765,47.7795,6.62186
25.7873,103.99,115.887,0.81,48.7562,6.6843
26.0373,104.012,115.887,0.852,50.0279,6.745
26.2874,103.972,115.887,0.817,49.9867,6.80858
26.5373,104.014,115.887,0.776,50.0161,6.8709
26.7873,107.99,115.887,0.761,50.0019,6.93202
27.0373,119.998,115.887,0.735,49.9913,7.00186
27.2874,111.968,115.887,0.723,49.6382,7.06936
27.5373,112.057,115.887,0.711,47.952,7.13523
27.7873,99.9872,115.887,0.707,48.0466,7.2066
28.0373,108.014,115.887,0.7,48.0393,7.27514
28.2874,99.9685,115.887,0.697,48.0321,7.34832
28.5374,119.967,115.887,0.693,49.6054,7.42192
28.7873,148.058,115.887,0.695,47.7834,7.4916
29.0373,112.022,115.887,0.703,47.9249,7.56413
29.2874,99.9755,115.887,0.711,47.9335,7.63434
29.5373,112.019,115.887,0.737,48.2942,7.70721
29.7873,103.992,115.887,0.755,50.0661,7.78058
30.0373,108.01,115.887,0.8,50.0261,7.84992
30.2875,111.914,115.887,0.804,49.4937,7.91352
30.5374,180.078,115.887,0.777,47.6247,7.97601
30.7874,119.98,115.887,0.775,47.5521,8.03499
31.0375,115.97,115.887,0.788,47.6137,8.10002
31.2873,104.085,115.887,0.807,48.0901,8.16446
31.5373,107.979,115.887,0.839,50.0356,8.23379
31.7873,108.03,115.887,0.873,50.0419,8.30074
32.0375,115.878,115.887,0.926,49.5785,8.36565
32.2873,124.127,115.887,0.967,47.9984,8.42882
32.5374,111.923,115.887,1.018,47.9854,8.4921
32.7873,108.071,115.887,1.005,47.9474,8.55231
33.0374,115.936,115.887,1.004,48.3853,8.61788
33.2873,128.051,115.887,1.009,47.9615,8.68524
33.5374,115.967,115.887,1.021,48.0065,8.76109
33.7873,124.068,115.887,1.013,47.9555,8.83178
34.0374,99.9483,115.887,1.011,47.9973,8.90055
34.2873,108.047,115.887,1.017,50.034,8.97331
34.5375,119.894,115.887,1.025,49.1103,9.04525
34.7874,128.038,115.887,1.035,46.0716,9.11145
35.0373,108.059,115.887,1.054,46.084,9.18468
35.2873,123.978,115.887,1.073,46.1026,9.25593
35.5375,119.922,115.887,1.101,45.4242,9.32961
35.7874,144.06,115.887,1.11,50.0543,9.40254
36.0373,104.04,115.887,1.132,49.9972,9.46799
36.2873,108.008,115.887,1.145,50.0437,9.54457
36.5373,103.992,115.887,1.163,51.3177,9.6177
36.7873,111.988,115.887,1.176,49.9993,9.68467
37.0373,108.01,115.887,1.205,49.9842,9.758
37.2873,115.99,115.887,1.203,49.9772,9.82841
37.5373,116.009,115.887,1.091,50.1232,9.89972
37.7873,115.992,115.887,1.025,49.9047,9.97551
38.0374,107.982,115.887,0.956,49.9819,10.0436
38.2873,124.013,115.887,0.909,47.8476,10.1113
38.5375,135.905,115.887,0.828,45.938,10.1788
38.7873,104.079,115.887,0.776,45.9138,10.2419
39.0374,103.968,115.887,0.705,45.8936,10.3053
39.2873,108.02,115.887,0.656,47.863,10.3573
39.5373,120.01,115.887,0.614,50.0087,10.3725
39.7873,104.008,115.887,0.618,49.9996,10.373
40.0374,107.961,115.887,0.619,50.0538,10.3739
40.2873,100.036,115.887,0.612,50.0046,10.3767
40.6373,111.425,115.887,0.615,47.9561,10.3777
40.8873,116.018,116.043,0.617,47.9399,10.378
41.1381,155.481,116.043,0.622,45.9376,10.3793
41.3873,136.45,116.043,0.616,44.1861,10.381
41.6381,99.6969,116.043,0.612,45.9518,10.382
41.8873,104.322,116.043,0.607,45.9277,10.3833
42.1373,99.9862,116.043,0.593,48.0084,10.3852
42.3873,112.026,116.043,0.588,49.9897,10.387
42.6373,115.972,116.043,0.59,50.0262,10.388
42.8874,123.937,116.043,0.593,49.9863,10.3892
43.1374,104.021,116.043,0.598,49.9816,10.4095
43.3874,107.994,116.043,0.651,49.9834,10.4664
43.6373,104.039,116.043,0.701,50.0176,10.5246
43.889,143.032,116.043,0.748,47.7389,10.5949
44.1375,124.76,116.043,0.839,47.3659,10.6592
44.3874,144.047,116.043,0.892,45.8208,10.7223
44.6373,108.052,116.043,0.962,45.8317,10.7858
44.8873,131.972,116.043,1.037,45.8834,10.8469
45.1373,108.007,116.043,1.098,45.9851,10.9102
45.3873,104.023,116.043,1.168,47.8048,10.9822
45.6374,119.95,116.043,1.2,46.6313,11.0534
45.8872,124.061,116.043,1.198,44.4927,11.1264
46.1373,107.987,116.043,1.198,45.5971,11.1999
46.3874,115.922,116.043,1.199,45.6393,11.267
46.6373,120.078,116.043,1.2,46.043,11.3352
46.8885,103.502,116.043,1.195,50.0385,11.4018
47.1373,112.545,116.043,1.192,49.9477,11.4698
47.3874,99.9662,116.043,1.173,50.0195,11.543
47.6377,139.811,116.047,1.153,47.6094,11.6078
47.8873,112.194,116.047,1.112,47.5127,11.6813
48.1373,119.975,116.047,1.089,47.5741,11.7501
48.3878,115.767,116.047,1.073,47.4372,11.8272
48.6373,128.261,116.047,1.048,47.3221,11.9027
48.8873,108.013,116.047,1.026,47.906,11.9789
49.1375,103.929,116.047,1.025,47.9444,12.0501
49.3874,128.046,116.047,1.017,45.9366,12.126
49.6374,148,116.047,1.023,45.9446,12.1968
49.8874,151.956,116.047,1.014,44.1782,12.2701
50.1377,119.894,116.047,1.009,44.1695,12.3362
50.3874,104.102,116.047,0.984,45.9117,12.3951
50.6373,108.056,116.047,0.95,47.8963,12.4587
50.8874,107.961,116.047,0.899,50.0023,12.523
51.1373,116.046,116.047,0.871,49.9525,12.5891
51.3875,111.917,116.047,0.833,49.9654,12.6607
51.6373,112.07,116.047,0.818,50.0122,12.7287
51.8875,115.929,116.047,0.801,50.0772,12.8042
52.1373,152.087,116.047,0.792,47.8733,12.8801
52.3874,119.982,116.047,0.783,47.7719,12.9439
52.6373,112.013,116.047,0.786,47.7797,13.0124
52.8873,108.021,116.047,0.797,47.8536,13.0758
53.1373,111.974,116.047,0.776,50.029,13.1433
53.3873,104.024,116.047,0.753,50.026,13.2111
53.6375,143.887,116.047,0.731,47.8353,13.2743
53.89,134.628,116.047,0.728,46.4135,13.3435
54.1375,141.452,116.047,0.733,45.8876,13.4119
54.3874,140.047,116.047,0.756,44.1962,13.4802
54.6373,136.047,116.047,0.766,42.9705,13.5516
54.8873,99.9802,116.047,0.769,44.3988,13.6188
55.1374,107.968,116.047,0.772,45.773,13.6923
55.3873,96.0234,116.047,0.779,47.6058,13.76
55.6373,136.024,116.047,0.786,46.7668,13.8337
55.8873,131.985,116.047,0.8,45.5358,13.8975
56.1373,112.019,116.047,0.813,45.5651,13.9541
56.3874,115.965,116.047,0.839,45.5695,14.0157
56.6374,119.959,116.047,0.858,46.8603,14.0755
56.8874,120.042,116.047,0.834,47.563,14.1349
57.1373,104.03,116.047,0.792,47.8729,14.1987
57.3874,99.9649,116.047,0.732,47.9174,14.26
57.6373,104.034,116.047,0.707,47.8912,14.3181
57.888,119.646,116.047,0.658,49.7795,14.3782
58.1373,136.39,116.047,0.642,47.8974,14.4405
58.3873,108.019,116.047,0.616,47.7862,14.5033
58.6373,103.979,116.047,0.602,47.8613,14.5736
58.8873,100.007,116.047,0.589,48.0714,14.6366
59.1373,95.9931,116.047,0.588,50.0906,14.7114
59.3873,100.006,116.047,0.583,50.0157,14.7785
59.6373,111.996,116.047,0.549,49.9815,14.8538
59.8873,103.993,116.047,0.503,49.9996,14.9254
60.1375,155.869,116.047,0.487,47.7888,14.9899
60.3874,108.056,116.047,0.479,47.8023,15.0582
60.6375,107.974,116.047,0.483,47.7876,15.1298
60.8873,108.065,116.047,0.501,47.8444,15.191
61.1375,95.9389,116.047,0.518,50.0396,15.2524
61.3873,100.069,116.047,0.55,49.992,15.3089
61.6374,115.964,116.047,0.584,49.9834,15.3601
61.8875,123.954,116.047,0.59,49.5109,15.417
62.1372,148.183,116.047,0.574,47.4908,15.4697
62.3875,103.871,116.047,0.534,47.4609,15.5274
62.6377,103.911,116.047,0.509,47.5384,15.5872
62.8873,100.146,116.047,0.46,47.4765,15.6468
63.1373,104.022,116.047,0.427,49.9396,15.7156
63.3873,99.985,116.047,0.372,49.9947,15.7862
63.6374,123.968,116.047,0.342,49.6657,15.8549
63.8873,124.039,116.047,0.306,47.7616,15.9278
64.0884,134.286,116.047,0.296,45.2305,15.9816
64.3374,128.488,116.047,0.296,45.8446,16.0532
64.5873,100.043,116.047,0.307,45.8736,16.1254
64.8375,91.9386,116.047,0.33,47.9223,16.1952
65.0873,100.076,116.047,0.368,50.9358,16.2713
65.3383,111.547,116.047,0.374,48.7826,16.3434
65.5873,96.3955,116.047,0.38,47.9217,16.4179
65.8373,87.9778,116.047,0.385,47.8863,16.4918
66.0874,99.991,116.047,0.39,47.8872,16.5635
66.3374,100.002,116.047,0.395,49.0478,16.6404
66.5873,92.0233,116.047,0.406,49.96,16.7143
66.8373,83.9857,116.047,0.411,49.9955,16.7852
67.0873,92.0164,116.047,0.409,50.0564,16.8609
67.3374,87.977,116.047,0.408,50.0492,16.9377
67.5873,96.0147,116.047,0.407,49.9991,17.0098
67.8374,91.9841,116.047,0.407,50.001,17.0824
68.0873,120.05,116.047,0.41,47.8921,17.1527
68.3373,99.9717,116.047,0.413,47.9476,17.2273
68.5873,99.9954,116.047,0.417,47.9119,17.3002
68.8374,99.9876,116.047,0.421,47.9449,17.3663
69.0873,104.014,116.047,0.431,49.8826,17.4405
69.3373,96.0088,116.047,0.438,50.061,17.5084
69.5873,95.9883,116.047,0.449,49.9645,17.579
69.8373,96.0118,116.047,0.453,50.0658,17.6507
70.0875,95.9446,116.047,0.458,49.977,17.7164
70.3373,96.0553,116.047,0.458,50.0254,17.7917
70.5875,99.9149,116.047,0.458,49.9083,17.8686
70.8373,100.091,116.047,0.457,50.009,17.9393
71.0876,103.889,116.047,0.452,49.9452,18.0113
71.3373,100.1,116.047,0.45,50.0047,18.0804
71.5873,103.99,116.047,0.453,49.991,18.1553
71.8374,103.963,116.047,0.455,49.6903,18.2306
72.0873,108.047,116.047,0.456,47.9173,18.3017
72.3373,88.0133,116.047,0.456,47.9563,18.3729
72.5874,95.97,116.047,0.457,48.0228,18.4484
72.8373,92.0144,116.047,0.459,48.2327,18.5185
73.0873,92.0013,116.047,0.466,49.9904,18.5935
73.3373,96.0176,116.047,0.468,50.0067,18.6633
73.5873,103.981,116.047,0.469,49.9674,18.7358
73.8373,92.0088,116.047,0.464,49.9679,18.8122
74.0873,95.9816,116.047,0.459,49.9718,18.8835
74.3373,88.0122,116.047,0.458,49.9597,18.9556
74.5873,95.9951,116.047,0.452,49.9939,19.0246
74.8373,88.0056,116.047,0.45,50.0081,19.0985
75.0874,119.94,116.047,0.448,48.8413,19.1737
75.3373,96.0643,116.047,0.448,47.7923,19.2445
75.5873,107.997,116.047,0.447,45.8575,19.3207
75.8373,99.9877,116.047,0.447,45.8487,19.3966
76.0873,88.0114,116.047,0.447,46.3941,19.4645
76.3373,91.9841,116.047,0.447,47.77,19.5365
76.5873,92.0081,116.047,0.452,49.9795,19.6091
76.8373,91.9863,116.047,0.456,50.0696,19.6799
77.0876,95.9109,116.047,0.457,50.0041,19.7519
77.3373,100.097,116.047,0.45,50.023,19.8206
77.5873,104.012,116.047,0.435,49.9784,19.8921
77.8373,96.0011,116.047,0.427,50.0233,19.9628
78.0873,87.9974,116.047,0.43,50.074,20.0244
78.3373,99.9883,116.047,0.432,50.1142,20.0869
78.5873,100.015,116.047,0.433,50.0313,20.1439
78.8373,99.9916,116.047,0.435,50.0751,20.2042
79.0873,120.01,116.047,0.44,47.87,20.2655
79.3373,95.992,116.047,0.444,47.9971,20.321
79.5873,104.005,116.047,0.451,47.975,20.3833
79.8373,119.991,116.047,0.447,46.6835,20.4501
80.0873,100.011,116.047,0.453,47.9594,20.515
80.3373,95.9821,116.047,0.455,47.9691,20.583
80.5873,104.02,116.047,0.463,47.9388,20.6524
80.7878,124.662,116.047,0.467,47.8527,20.7065
81.0374,100.183,116.047,0.465,47.9936,20.7796
81.2873,92.0319,116.047,0.461,47.9996,20.8482
81.5373,83.9818,116.047,0.46,48.0307,20.9241
81.7875,99.9436,116.047,0.458,48.014,20.9957
82.0373,148.127,116.047,0.457,45.8449,21.0715
82.2873,127.973,116.047,0.453,44.0425,21.1472
82.5373,96.01,116.047,0.451,44.0341,21.2186
82.7873,87.9888,116.047,0.45,44.0469,21.2947
83.0373,124.023,116.047,0.448,45.306,21.3701
83.2874,115.929,116.047,0.448,47.1202,21.4417
83.5373,88.0333,116.047,0.448,45.8907,21.5182
83.7873,88.0189,116.047,0.448,45.8674,21.5922
84.0373,95.9877,116.047,0.449,47.2754,21.6638
84.2874,87.9539,116.047,0.453,49.0894,21.7402
84.5375,91.9671,116.047,0.455,49.9931,21.8109
84.7873,96.0999,116.047,0.456,49.966,21.8857
85.0375,87.9251,116.047,0.457,49.9621,21.9609
85.2873,92.0578,116.047,0.457,50.0032,22.0317
85.5374,91.986,116.047,0.457,50.0048,22.1089
85.7873,104.018,116.047,0.457,49.9655,22.1797
86.0377,95.875,116.047,0.457,49.9708,22.2558
86.2873,88.1405,116.047,0.457,49.9776,22.3323
86.5375,139.871,116.047,0.457,49.9871,22.4038
86.7873,92.0711,116.047,0.457,49.9189,22.4791
87.0374,87.9757,116.047,0.457,50.0454,22.5535
87.2873,92.0257,116.047,0.457,49.998,22.6237
87.5374,99.9705,116.047,0.457,50.0341,22.7011
87.7873,96.0236,116.047,0.414,50.0009,22.7728
88.0373,87.9948,116.047,0.374,50.0175,22.8481
88.2873,92.0194,116.047,0.33,49.9525,22.925
88.5373,91.969,116.047,0.303,49.9638,22.9971
88.7391,94.1796,116.047,0.281,50.0028,23.0593
88.9873,124.905,116.047,0.269,49.9823,23.1302
89.2396,83.2124,116.047,0.271,49.9867,23.202
89.4873,104.965,116.047,0.28,49.9737,23.2715
89.7376,95.9104,116.047,0.287,50.1727,23.3331
89.9873,112.129,116.047,0.309,49.9208,23.4025
90.2375,103.898,116.047,0.32,49.9127,23.4771
90.4873,100.105,116.047,0.363,49.9151,23.5462
90.7378,95.7948,116.047,0.38,50.0294,23.6169
90.9874,100.156,116.047,0.409,50.0345,23.6817
91.2378,95.8442,116.047,0.417,50.0862,23.7548
91.4873,96.2128,116.047,0.432,49.9712,23.8251
91.7377,91.8314,116.047,0.449,50.0863,23.8899
91.9873,116.21,116.047,0.467,49.9579,23.9575
92.2373,91.9781,116.047,0.486,49.9861,24.0294
92.4873,96.0223,116.047,0.506,49.955,24.0982
92.6881,99.5885,116.047,0.535,49.8946,24.1602
92.9374,92.266,116.047,0.529,50.014,24.2342
93.1873,100.043,116.047,0.521,49.9167,24.3015
93.4374,91.9504,116.047,0.518,50.0394,24.3726
93.6873,96.0477,116.047,0.515,50.0081,24.4398
93.9374,95.9699,116.047,0.515,50.0376,24.5164
94.1873,100.032,116.047,0.515,49.9728,24.5935
94.4375,103.904,116.047,0.515,50.0091,24.6637
94.6878,95.8977,116.047,0.515,50.0194,24.7345
94.9375,92.1089,116.047,0.515,49.9866,24.8053
95.1873,92.0797,116.047,0.515,49.9212,24.8797
95.4382,99.631,116.047,0.516,49.9134,24.9555
95.6873,124.456,116.047,0.518,50.0065,25.0264
95.9373,87.9792,116.047,0.516,50.0362,25.0908
96.1873,96.017,116.047,0.516,49.9998,25.136
96.4374,95.9603,116.047,0.518,50.7788,25.1432
96.6873,100.045,116.047,0.515,49.829,25.1438
96.9373,95.9807,116.047,0.513,49.9664,25.1452
97.1873,96.0197,116.047,0.513,49.9487,25.1464
97.4375,87.9237,116.047,0.504,49.9983,25.1475
97.7873,125.784,116.047,0.504,49.33,25.1499
98.0374,91.9509,116.047,0.501,50.0021,25.1508
98.2873,112.076,116.047,0.502,47.9431,25.1518
98.5374,111.925,116.047,0.503,47.4739,25.1541
98.7874,100.012,116.047,0.505,46.6314,25.1579
99.0373,116.055,116.047,0.514,44.3022,25.1746
99.2874,99.9445,116.047,0.526,45.9643,25.2249
99.5373,92.052,116.047,0.553,45.9324,25.2797
99.7874,99.9624,116.047,0.56,47.9411,25.3374
100.037,92.0296,116.047,0.561,49.9997,25.4039
100.287,103.971,116.047,0.564,50.0925,25.4738
100.537,92.0249,116.047,0.553,49.9545,25.5452
100.787,91.9964,116.047,0.549,50.0046,25.6186
101.037,96.0041,116.047,0.538,50.0945,25.6917
101.287,95.96,116.047,0.537,50.0043,25.7605
101.537,96.0418,116.047,0.536,49.97,25.8349
101.787,99.9951,116.047,0.536,49.9993,25.9056
102.037,100.009,116.047,0.537,49.9284,25.9824
102.287,103.938,116.047,0.536,49.9895,26.0581
102.537,100.057,116.047,0.537,49.9732,26.1286
102.787,95.9939,116.047,0.538,49.9552,26.2034
103.037,92.0071,116.047,0.497,50.0037,26.2757
103.287,99.9913,116.047,0.478,50.0984,26.3447
103.538,95.9137,116.047,0.454,50.0705,26.4215
103.787,124.074,116.047,0.45,47.9153,26.4926
104.037,96.0359,116.047,0.45,47.8657,26.5659
104.288,115.896,116.047,0.451,46.212,26.6373
104.537,104.096,116.047,0.451,45.9851,26.7009
104.787,103.961,116.047,0.448,47.821,26.7639
105.037,100.033,116.047,0.427,47.8497,26.8277
105.287,99.9696,116.047,0.413,49.9911,26.8904
105.537,115.985,116.047,0.386,49.2646,26.9605
105.787,103.989,116.047,0.349,50.0429,27.0318
106.037,132.053,116.047,0.312,48.166,27.1068
106.287,104.02,116.047,0.284,47.7442,27.1807
106.537,95.9862,116.047,0.246,48.3687,27.2482
106.787,100.013,116.047,0.243,47.6521,27.3156
107.037,111.985,116.047,0.236,49.9094,27.3841
107.287,96.0083,116.047,0.249,49.9695,27.4492
107.537,91.9916,116.047,0.283,49.9882,27.5187
107.787,96.0251,116.047,0.313,50.0431,27.5883
108.037,87.9719,116.047,0.372,49.9782,27.6516
108.287,96.0218,116.047,0.373,49.9896,27.7214
108.537,123.968,116.047,0.381,47.8701,27.7921
108.787,100.029,116.047,0.388,47.7808,27.8662
109.037,99.9178,116.047,0.409,47.847,27.9385
109.287,96.075,116.047,0.414,47.8184,28.0066
109.538,91.9093,116.047,0.42,50.0006,28.0784
109.787,100.088,116.047,0.426,49.9731,28.1435
110.037,87.9569,116.047,0.43,50.0297,28.2134
110.287,92.0984,116.047,0.428,49.9541,28.2781
110.537,95.9337,116.047,0.407,50.0124,28.3417
110.787,100.023,116.047,0.393,49.9497,28.414
111.037,103.916,116.047,0.37,49.9252,28.4846
111.287,100.02,116.047,0.356,49.934,28.5557
111.537,92.0296,116.047,0.329,50.0292,28.623
111.787,100.031,116.047,0.325,49.973,28.6881
112.037,131.893,116.047,0.32,50.0245,28.7585
112.287,88.084,116.047,0.312,50.0145,28.8318
112.537,95.9579,116.047,0.307,49.9767,28.9009
112.787,88.0112,116.047,0.3,49.9486,28.9731
113.039,119.335,116.047,0.295,48.7431,29.0477
113.287,104.536,116.047,0.289,47.7933,29.1186
113.537,84.0423,116.047,0.265,47.8568,29.1918
113.787,91.951,116.047,0.264,47.818,29.2615
114.037,95.9923,116.047,0.26,47.947,29.3351
114.287,104.018,116.047,0.258,47.8456,29.4093
114.537,92.0444,116.047,0.255,47.8121,29.4807
114.787,87.994,116.047,0.255,47.8123,29.5567
115.037,88.0153,116.047,0.254,48.556,29.6322
115.287,103.944,116.047,0.254,50.0303,29.7033
115.537,92.0513,116.047,0.254,50.0175,29.7749
115.787,87.9768,116.047,0.25,49.9884,29.8438
116.037,96.0203,116.047,0.243,49.9627,29.9136
116.287,131.979,116.047,0.247,48.0995,29.9771
116.537,96.0019,116.047,0.256,47.8213,30.0367
116.787,92.0227,116.047,0.267,47.9239,30.1002
117.037,103.971,116.047,0.294,47.8426,30.1619
117.287,96.0084,116.047,0.321,50.0009,30.2173
117.537,103.987,116.047,0.353,50.0232,30.2755
117.787,104.012,116.047,0.369,49.8878,30.3298
118.037,91.979,116.047,0.408,50.0122,30.3877
118.287,96.0163,116.047,0.409,50.0884,30.4495
118.537,95.9838,116.047,0.434,50.0281,30.5092
118.787,128.028,116.047,0.44,47.8006,30.5761
119.037,99.9502,116.047,0.445,47.8198,30.6515
119.287,116.051,116.047,0.446,45.9613,30.7215
119.537,95.9845,116.047,0.441,45.9079,30.7906
119.787,95.9863,116.047,0.442,47.9286,30.8646
120.037,96.0148,116.047,0.45,47.9241,30.9352
120.287,99.9461,116.047,0.454,49.9519,31.0089
120.537,92.0476,116.047,0.463,50.0194,31.0764
120.787,120.031,116.047,0.467,48.1397,31.15
121.037,107.952,116.047,0.469,47.0857,31.2233
121.287,88.0194,116.047,0.47,46.1094,31.2944
121.537,92.0227,116.047,0.468,46.1395,31.3708
121.787,99.966,116.047,0.467,47.0982,31.4426
122.037,115.963,116.047,0.462,47.9303,31.5185
122.287,108.06,116.047,0.459,47.9007,31.5956
122.538,99.9248,116.047,0.458,47.576,31.6657
122.787,100.078,116.047,0.457,46.187,31.7411
123.037,87.9944,116.047,0.457,46.1685,31.8178
123.287,92.002,116.047,0.457,48.0359,31.8892
123.537,120.022,116.047,0.457,46.2414,31.966
123.787,91.9427,116.047,0.457,47.9693,32.033
124.037,96.053,116.047,0.457,47.9634,32.1049
124.287,103.924,116.047,0.457,47.9652,32.176
124.537,96.0729,116.047,0.461,50.0054,32.245
124.787,95.9757,116.047,0.468,49.9794,32.3214
125.037,100.026,116.047,0.488,50.0177,32.3922
125.287,95.9334,116.047,0.494,50.0887,32.4591
125.537,96.0701,116.047,0.497,49.9383,32.5319
125.788,131.868,116.047,0.498,48.7442,32.601
126.037,100.101,116.047,0.485,47.9865,32.6762
126.288,91.8152,116.047,0.456,48.0236,32.7499
126.538,104.109,116.047,0.435,47.932,32.8221
126.787,96.0623,116.047,0.435,49.2376,32.8975
127.037,92.0193,116.047,0.438,50.0223,32.9729
127.288,87.9057,116.047,0.441,50.1139,33.0445
127.537,96.1143,116.047,0.446,49.9782,33.1166
127.787,112,116.047,0.45,47.7106,33.1842
128.037,107.982,116.047,0.433,47.7206,33.2594
128.287,91.973,116.047,0.41,47.7688,33.3302
128.537,96.0334,116.047,0.388,47.6975,33.3983
128.787,112,116.047,0.384,47.8133,33.4749
129.037,103.936,116.047,0.385,47.15,33.5441
129.288,107.977,116.047,0.385,47.8282,33.6171
129.537,92.0559,116.047,0.385,47.8562,33.6928
129.787,96.017,116.047,0.385,49.9994,33.7631
130.038,91.8997,116.047,0.38,51.3078,33.8386
130.287,100.117,116.047,0.376,49.8804,33.9133
130.538,87.9262,116.047,0.37,49.973,33.9834
130.787,96.0869,116.047,0.365,49.9596,34.0565
131.038,123.886,116.047,0.321,50.018,34.1288
131.287,96.0903,116.047,0.308,49.9976,34.2036
131.538,95.8849,116.047,0.305,50.0106,34.2811
131.787,96.1071,116.047,0.315,49.959,34.3526
132.037,99.9852,116.047,0.331,49.9431,34.4253
132.287,100.021,116.047,0.358,49.9592,34.494
132.538,95.9034,116.047,0.404,50.0199,34.5545
132.787,108.102,116.047,0.441,49.9887,34.6161
133.037,107.936,116.047,0.503,50.0436,34.6739
133.287,112.056,116.047,0.553,49.9253,34.7326
133.537,99.9331,116.047,0.583,50.0146,34.7907
133.787,108.098,116.047,0.608,49.9906,34.8452
134.037,107.969,116.047,0.576,50.0039,34.9048
134.288,127.818,116.047,0.548,48.7018,34.9652
134.537,96.1335,116.047,0.504,47.893,35.0217
134.787,120.033,116.047,0.485,47.8496,35.0841
135.037,139.984,116.047,0.47,45.9491,35.1491
135.287,103.998,116.047,0.463,46.4298,35.2058
135.537,96.0004,116.047,0.463,48.0336,35.2745
135.787,99.9932,116.047,0.467,48.0297,35.3419
136.037,124.014,116.047,0.473,48.0068,35.4154
136.287,96.0074,116.047,0.486,48.0033,35.4904
136.537,100.002,116.047,0.494,47.9677,35.555
136.787,108.003,116.047,0.504,47.8149,35.6273
137.037,95.9903,116.047,0.508,50.0096,35.6975
137.287,95.9911,116.047,0.514,49.9398,35.768
137.537,96.0173,116.047,0.524,50.0243,35.8367
137.787,95.9794,116.047,0.547,49.9941,35.9026
138.037,96.0085,116.047,0.56,50.0075,35.9645
138.287,99.9887,116.047,0.592,50.0157,36.0098
138.537,99.9724,116.047,0.603,49.9606,36.0161
138.787,100.015,116.047,0.611,49.8984,36.0178
139.037,92.0262,116.047,0.614,50.0005,36.0193
139.287,95.9832,116.047,0.619,50.0026,36.0213
139.537,88.0119,116.047,0.619,50.0202,36.0221
139.787,99.9928,116.047,0.622,50.0191,36.0233
140.037,92.0134,116.047,0.622,50.0125,36.0261
140.287,91.9728,116.047,0.626,49.9697,36.0306
140.537,96.0366,116.047,0.626,50.0072,36.0346
140.787,127.882,116.047,0.626,47.7589,36.0382
141.037,116.022,116.047,0.619,47.0382,36.0504
141.287,108.058,116.047,0.575,45.7831,36.098
141.537,87.9797,116.047,0.55,45.7942,36.1599
141.787,83.9864,116.047,0.517,47.8356,36.2208
142.037,128.048,116.047,0.509,45.9288,36.2914
142.287,99.9933,116.047,0.512,47.8921,36.367
142.537,95.9723,116.047,0.522,47.8854,36.4338
142.787,92.0376,116.047,0.535,47.8707,36.5056
143.037,91.988,116.047,0.549,49.976,36.5721
143.287,96.0059,116.047,0.557,50.0111,36.6473
143.537,127.941,116.047,0.559,47.8978,36.7214
143.787,124.06,116.047,0.561,45.8458,36.7912
144.037,100.013,116.047,0.563,45.9142,36.8628
144.287,99.9862,116.047,0.571,45.877,36.9382
144.537,100.018,116.047,0.573,47.7743,37.0047
144.787,107.968,116.047,0.575,50.0053,37.0706
145.037,92.0133,116.047,0.581,50.0131,37.1249
145.287,135.991,116.047,0.596,47.9333,37.1802
145.537,124.027,116.047,0.607,46.1501,37.2396
145.787,111.952,116.047,0.607,46.0723,37.2928
146.037,140.028,116.047,0.564,44.3057,37.3433
146.287,108.002,116.047,0.499,45.6825,37.3977
146.537,103.992,116.047,0.457,47.136,37.4518
146.787,108.017,116.047,0.389,47.6204,37.5138
147.037,95.9517,116.047,0.348,49.6855,37.5765
147.287,128.049,116.047,0.298,48.0073,37.6379
147.537,92.0064,116.047,0.271,48.0315,37.7082
147.787,124.025,116.047,0.243,46.2875,37.7796
148.037,107.971,116.047,0.246,46.0671,37.8565
148.287,96.0173,116.047,0.259,48.0268,37.9267
148.537,95.9686,116.047,0.282,47.9362,38.0016
148.787,96.0265,116.047,0.321,49.9313,38.0749
149.037,95.9909,116.047,0.363,49.9936,38.145
149.287,92.0164,116.047,0.392,49.9066,38.2222
149.537,99.9765,116.047,0.393,50.0273,38.2969
149.787,104.014,116.047,0.398,49.9456,38.3671
150.037,91.9934,116.047,0.403,50.0395,38.4431
150.287,88.0087,116.047,0.406,49.9908,38.5168
150.537,123.974,116.047,0.406,49.9926,38.588
150.788,103.894,116.047,0.406,49.2786,38.6645
151.038,104.023,116.047,0.406,47.9675,38.7342
151.287,108.092,116.047,0.406,47.9568,38.8105
151.537,99.9888,116.047,0.406,47.9574,38.8858
151.787,96.0208,116.047,0.406,48.6875,38.958
152.038,91.9123,116.047,0.406,49.9963,39.0335
152.287,92.0946,116.047,0.408,49.9902,39.1048
152.537,91.9913,116.047,0.413,49.9849,39.1667
152.788,143.835,116.047,0.422,47.8271,39.2419
153.037,136.16,116.047,0.433,46.037,39.3119
153.287,103.997,116.047,0.446,45.7944,39.3848
153.537,115.924,116.047,0.451,45.6138,39.4567
153.787,96.0422,116.047,0.462,45.8765,39.5231
154.037,103.981,116.047,0.465,47.3446,39.5953
154.287,116.001,116.047,0.466,47.6469,39.6682
154.537,100.054,116.047,0.464,48.1218,39.7354
154.788,99.8669,116.047,0.458,50.015,39.8082
155.037,120.145,116.047,0.452,47.8438,39.8756
155.287,96.005,116.047,0.435,47.8311,39.9515
155.537,99.989,116.047,0.421,47.869,40.0232
155.787,92.0098,116.047,0.413,47.8821,40.0847
156.037,99.9931,116.047,0.41,50.0132,40.1556
156.287,95.9708,116.047,0.409,50.0142,40.2256
156.537,84.044,116.047,0.408,47.3206,40.3015
156.787,87.9447,116.047,0.407,47.3851,40.3744
156.989,134.271,116.047,0.411,46.2674,40.4301
157.237,92.4586,116.047,0.415,47.2755,40.5047
157.487,91.9749,116.047,0.418,49.5363,40.5737
157.737,88.0142,116.047,0.421,49.9892,40.6493
157.987,91.9837,116.047,0.427,50.5594,40.7236
158.237,88.0151,116.047,0.43,50.0436,40.7934
158.487,123.91,116.047,0.433,49.3287,40.8696
158.737,116.094,116.047,0.433,49.9723,40.946
158.987,83.9562,116.047,0.434,50.0086,41.0155
159.237,92.0443,116.047,0.439,49.9576,41.0897
159.487,91.9791,116.047,0.444,51.4152,41.1591
159.737,84.0173,116.047,0.446,49.9489,41.235
159.987,91.9752,116.047,0.443,50.0185,41.3104
160.237,96.0255,116.047,0.441,49.9659,41.3823
160.487,95.9679,116.047,0.444,49.995,41.455
160.737,95.9685,116.047,0.443,49.9979,41.5297
160.987,100.055,116.047,0.442,49.9377,41.5974
161.237,95.9488,116.047,0.439,50.0335,41.67
161.487,124.027,116.047,0.435,49.0064,41.7407
161.737,100.011,116.047,0.434,47.6978,41.8065
161.987,100.033,116.047,0.438,47.6299,41.8734
162.237,91.975,116.047,0.441,47.6906,41.9201
162.487,104.028,116.047,0.447,49.1579,41.9283
162.738,103.855,116.047,0.437,50.0424,41.9289
162.987,120.178,116.047,0.437,48.0144,41.9299
163.237,103.972,116.047,0.432,47.9679,41.9311
163.487,96.0185,116.047,0.428,48.0058,41.9323
163.738,103.832,116.047,0.428,47.9717,41.9332
163.987,100.167,116.047,0.435,49.9781,41.9352
164.238,99.8986,116.047,0.43,49.9774,41.936
164.487,104.104,116.047,0.425,50.04,41.9366
164.737,91.9723,116.047,0.429,50.0448,41.9378
164.987,104.027,116.047,0.435,50.0145,41.939
165.237,111.943,116.047,0.435,49.5803,41.9456
165.488,143.902,116.047,0.447,46.9832,41.9891
165.737,104.092,116.047,0.456,46.1732,42.0445
165.987,104.041,116.047,0.459,46.1044,42.1049
166.237,91.9628,116.047,0.462,46.1282,42.1652
166.487,100.042,116.047,0.458,49.3931,42.2341
166.738,103.898,116.047,0.458,50.0729,42.3075
166.989,155.271,116.047,0.456,49.5908,42.3783
167.237,120.575,116.047,0.453,48.0098,42.4539
167.487,120.083,116.047,0.447,46.0162,42.5285
167.738,91.8904,116.047,0.44,46.21,42.5993
167.987,96.1082,116.047,0.438,46.0857,42.6748
168.238,99.5822,116.047,0.431,47.0767,42.7432
168.487,132.547,116.047,0.425,46.695,42.8169
168.737,88.016,116.047,0.423,47.8657,42.8926
168.987,103.957,116.047,0.421,47.8326,42.9629
169.237,88.0287,116.047,0.421,48.7142,43.0388
169.487,88.0012,116.047,0.421,50.3462,43.1146
169.737,91.9981,116.047,0.421,49.9285,43.1861
169.938,99.4416,116.047,0.424,49.7682,43.2461
170.187,104.454,116.047,0.426,47.9155,43.3115
170.437,88.0281,116.047,0.424,47.9263,43.3827
170.687,95.9452,116.047,0.421,47.9257,43.4504
170.937,88.0415,116.047,0.407,48.1222,43.5267
171.187,112.011,116.047,0.393,47.8427,43.5987
171.438,107.878,116.047,0.391,47.7984,43.6626
171.687,88.0972,116.047,0.385,47.7579,43.7272
171.937,91.9893,116.047,0.386,47.7616,43.7935
172.187,92.0218,116.047,0.39,50.0471,43.8627
172.437,91.9825,116.047,0.394,50.1002,43.9372
172.687,92.0032,116.047,0.403,49.9831,44.0058
172.937,95.9811,116.047,0.417,50,44.0742
173.187,100.036,116.047,0.436,49.8802,44.1364
173.437,91.9801,116.047,0.448,50.0215,44.193
173.687,100.01,116.047,0.473,50.0099,44.2472
173.937,107.985,116.047,0.485,50.0278,44.3027
174.187,100.022,116.047,0.491,50.0297,44.3537
174.437,103.978,116.047,0.491,50.0254,44.4076
174.687,136.009,116.047,0.426,47.9879,44.4607
174.937,99.9911,116.047,0.385,48.0086,44.519
175.188,111.509,116.047,0.327,47.3186,44.5792
175.437,116.515,116.047,0.303,46.0239,44.6423
175.687,112.042,116.047,0.26,47.2673,44.7103
175.937,95.966,116.047,0.247,47.7533,44.7787
176.187,104,116.047,0.25,48.5216,44.844
176.437,103.944,116.047,0.265,49.1755,44.9117
176.687,128.071,116.047,0.296,46.0214,44.9787
176.937,96.0526,116.047,0.315,46.1147,45.0467
177.187,99.9347,116.047,0.373,46.0792,45.1235
177.437,100.018,116.047,0.409,46.1295,45.1934
177.687,107.981,116.047,0.448,50.0596,45.2643
177.937,88.0227,116.047,0.49,50.0066,45.3372
178.187,99.9826,116.047,0.508,49.9744,45.4059
178.437,92.0216,116.047,0.554,50.0239,45.4792
178.687,95.9793,116.047,0.573,49.9531,45.5487
178.937,100.023,116.047,0.619,50.0302,45.62
179.187,99.9733,116.047,0.639,50.0006,45.6922
179.437,100.027,116.047,0.716,50.0382,45.7606
179.687,107.977,116.047,0.744,50.0264,45.8235
179.937,96.0145,116.047,0.798,49.9319,45.8826
180.187,99.9791,116.047,0.82,49.9432,45.9399
180.39,98.5925,116.047,0.841,50.0478,45.9911
180.637,105.227,116.047,0.872,47.9909,46.0518
180.887,99.9782,116.047,0.859,48.0037,46.1241
181.137,96.0095,116.047,0.847,47.9811,46.1983
181.387,91.9863,116.047,0.84,48.0432,46.2679
181.637,96.0325,116.047,0.833,50.013,46.3371
181.838,114.406,116.047,0.82,49.8276,46.3898
182.087,120.422,116.047,0.82,47.8211,46.4602
182.337,100.04,116.047,0.82,47.6992,46.536
182.587,91.9782,116.047,0.82,47.8402,46.6017
182.837,96.0256,116.047,0.819,47.9962,46.6649
183.087,87.9505,116.047,0.806,49.9927,46.7212
183.337,100.055,116.047,0.793,49.9104,46.782
183.587,95.9884,116.047,0.77,50.0018,46.8428
183.838,135.588,116.047,0.743,49.1851,46.8915
184.087,108.33,116.047,0.693,47.9366,46.9734
184.337,96.0156,116.047,0.628,47.9871,47.046
184.587,91.9545,116.047,0.587,48.0005,47.1017
184.837,96.0396,116.047,0.525,48.9779,47.1846
185.087,92,116.047,0.499,50.0138,47.245
185.337,96.0051,116.047,0.434,49.908,47.306
185.587,99.9916,116.047,0.406,50.0419,47.3474
185.837,92.0044,116.047,0.406,49.9789,47.351
186.088,103.919,116.047,0.405,50.0203,47.3517
186.337,100.082,116.047,0.393,49.9596,47.353
186.587,92.0007,116.047,0.393,50.0157,47.3542
186.837,88.0432,116.047,0.387,50.0497,47.3555
187.087,91.947,116.047,0.382,50.0559,47.3565
187.337,92.0094,116.047,0.383,49.9821,47.3578
187.587,87.9923,116.047,0.37,50.0101,47.3589
187.837,96.0032,116.047,0.37,49.9855,47.36
188.088,131.815,116.047,0.37,49.5188,47.3615
188.337,96.1432,116.098,0.369,49.9155,47.3634
188.588,115.833,116.098,0.368,47.827,47.368
188.837,108.117,116.098,0.392,46.0848,47.4086
189.087,88.0245,116.098,0.43,46.9701,47.4619
189.337,95.9733,116.098,0.443,46.1074,47.5183
189.587,92.0316,116.098,0.469,48.1491,47.5768
189.837,95.9642,116.098,0.517,50.017,47.6355
190.088,95.7619,116.098,0.564,49.9879,47.7077
190.337,96.264,116.098,0.631,49.9875,47.7773
190.587,103.948,116.098,0.668,49.9744,47.8451
190.837,100.047,116.098,0.73,50.0087,47.909
191.087,92.0105,116.098,0.756,50.0089,47.9656
191.338,91.8106,116.098,0.793,50.0627,48.0272
191.587,96.2046,116.098,0.809,50.0551,48.0882
191.837,95.9595,116.098,0.828,50.0046,48.148
192.087,92.0224,116.098,0.838,49.9871,48.2156
192.337,96.0003,116.098,0.843,49.9921,48.2787
192.587,88.0037,116.098,0.843,50.0069,48.3503
192.837,99.9946,116.098,0.838,50.0347,48.4251
193.088,95.8918,116.098,0.836,50.006,48.4958
193.338,119.73,116.098,0.827,49.4176,48.568
193.587,96.3281,116.098,0.824,47.9617,48.6361
193.837,91.9997,116.098,0.821,47.9544,48.702
194.087,95.9964,116.098,0.818,47.9332,48.7756
194.337,99.9995,116.098,0.78,48.2603,48.8514
194.587,103.998,116.098,0.768,50.023,48.9079
194.838,115.89,116.098,0.755,47.7586,48.9932
195.087,96.1019,116.098,0.743,47.8547,49.05
195.337,91.9889,116.098,0.717,47.8167,49.112
195.587,100.026,116.098,0.707,47.9788,49.1736
195.837,107.917,116.098,0.654,49.095,49.235
196.087,100.051,116.098,0.604,47.8174,49.2973
196.288,109.464,116.098,0.575,47.8326,49.3462
196.537,128.521,116.098,0.521,45.9996,49.4151
196.787,99.9965,116.098,0.497,46.0011,49.4885
197.037,112.012,116.098,0.458,47.9931,49.5487
197.287,95.9866,116.098,0.422,47.9915,49.6181
197.537,100.007,116.098,0.372,50.0332,49.6784
197.787,95.9663,116.098,0.344,50.0365,49.7401
198.037,96.0324,116.098,0.32,49.9591,49.8032
198.287,123.993,116.098,0.306,47.8415,49.8661
198.537,104.004,116.098,0.292,47.7748,49.933
198.787,103.952,116.098,0.282,47.8216,50.0021
199.037,100.059,116.098,0.304,47.8051,50.0689
199.287,135.969,116.098,0.325,47.938,50.1433
199.537,107.956,116.098,0.361,47.1662,50.213
199.787,96.0459,116.098,0.378,46.0285,50.2724
200.037,100.003,116.098,0.424,45.9762,50.3336
200.287,136.008,116.098,0.446,44.6954,50.3881
200.537,111.973,116.098,0.48,45.867,50.4439
200.787,112.008,116.098,0.496,47.7071,50.4997
201.037,135.965,116.098,0.478,45.7794,50.5517
201.287,100.047,116.098,0.454,47.9698,50.6107
201.538,99.904,116.098,0.421,48.0158,50.6654
201.787,92.0765,116.098,0.407,48.0065,50.7241
202.037,119.971,116.098,0.397,48.562,50.7875
202.287,96.0343,116.098,0.4,47.9223,50.8514
202.537,95.979,116.098,0.404,47.9992,50.9242
202.787,104.014,116.098,0.41,47.9152,50.9979
203.038,103.798,116.098,0.42,50.0125,51.0608
203.287,92.1878,116.098,0.425,49.9656,51.1288
203.537,95.9854,116.098,0.43,50.0212,51.1979
203.788,99.6505,116.098,0.431,49.7144,51.2739
204.037,108.39,116.098,0.42,47.7997,51.3496
204.287,87.9987,116.098,0.408,47.8862,51.4214
204.537,91.9997,116.098,0.408,47.8317,51.4948
204.787,95.9951,116.098,0.407,47.848,51.5671
205.037,132.003,116.098,0.4,50.0124,51.6386
205.287,88.0003,116.098,0.398,49.9988,51.7153
205.537,99.936,116.098,0.39,49.7713,51.7913
205.787,120.012,116.098,0.388,47.0497,51.8607
206.038,91.9556,116.098,0.369,46.9465,51.9363
206.287,128.134,116.098,0.329,45.9332,52.0117
206.537,100.012,116.098,0.304,45.8643,52.0829
206.787,91.9865,116.098,0.29,48.7055,52.1579
207.037,103.975,116.098,0.298,50.4333,52.2296
207.287,100.016,116.098,0.31,49.9381,52.3057
207.537,123.954,116.098,0.333,49.308,52.3767
207.787,92.049,116.098,0.373,47.9242,52.4504
208.037,103.989,116.098,0.425,47.9093,52.5148
208.287,100.017,116.098,0.457,47.9222,52.5718
208.537,115.979,116.098,0.498,48.6068,52.6318
208.787,104.007,116.098,0.53,49.9721,52.6885
209.037,112.014,116.098,0.565,49.9844,52.7437
209.287,103.979,116.098,0.575,49.9846,52.8022
209.537,99.9981,116.098,0.534,50.0127,52.8634
209.787,104.02,116.098,0.506,50.0136,52.9195
210.037,99.9822,116.098,0.479,50.1023,52.9757
210.288,115.833,116.098,0.459,49.2551,53.0369
210.537,128.107,116.098,0.462,47.9513,53.0983
210.787,156.103,116.098,0.479,44.5395,53.1645
211.037,107.932,116.098,0.516,44.2071,53.2325
211.287,140.092,116.098,0.549,42.9782,53.3075
211.537,92.0082,116.098,0.591,44.0407,53.3777
211.787,127.986,116.098,0.601,44.9139,53.4473
212.037,115.992,116.098,0.624,45.8598,53.5191
212.287,100.009,116.098,0.631,47.0925,53.5892
212.537,99.9712,116.098,0.643,47.9033,53.6562
212.789,131.202,116.098,0.651,48.2502,53.7182
213.037,124.783,116.098,0.681,46.6322,53.7763
213.287,107.981,116.098,0.698,46.0541,53.8361
213.537,103.969,116.098,0.743,45.9221,53.8979
213.787,124.052,116.098,0.767,44.0409,53.9541
214.037,103.986,116.098,0.83,46.8971,54.0164
214.287,119.986,116.098,0.838,45.735,54.0788
214.537,140.077,116.098,0.79,43.9399,54.1412
214.787,115.964,116.098,0.765,45.9278,54.2013
215.038,107.901,116.098,0.74,45.9069,54.2625
215.287,124.155,116.098,0.724,44.5521,54.332
215.538,127.799,116.098,0.712,46.5109,54.3994
215.787,132.174,116.098,0.709,44.2067,54.4702
216.037,104.019,116.098,0.699,43.7708,54.5449
216.287,127.904,116.098,0.695,43.9846,54.6156
216.537,116.064,116.098,0.692,44.0302,54.6917
216.787,111.97,116.098,0.692,46.9436,54.7667
217.037,116.071,116.098,0.701,47.873,54.8364
217.287,103.954,116.098,0.705,49.561,54.9093
217.537,108.002,116.098,0.72,50.0521,54.9794
217.788,115.934,116.098,0.739,49.206,55.0479
218.037,116.084,116.098,0.778,47.8389,55.1234
218.287,108.019,116.098,0.801,47.8461,55.1849
218.537,123.941,116.098,0.791,47.9288,55.2502
218.787,123.982,116.098,0.779,45.8421,55.3087
219.038,115.964,116.098,0.781,47.8954,55.3741
219.287,104.097,116.098,0.794,47.8182,55.4404
219.538,107.885,116.098,0.821,47.9143,55.5053
219.787,108.12,116.098,0.85,49.9899,55.5739
220.037,111.96,116.098,0.896,50.0034,55.6413
220.287,116.044,116.098,0.955,49.907,55.7023
220.537,111.932,116.098,0.996,50.0292,55.764
220.787,128.045,116.098,1.012,47.8971,55.8208
221.038,115.865,116.098,1.003,47.9234,55.8809
221.287,120.148,116.098,1.009,47.8334,55.9507
221.537,136.027,116.098,1.013,46.2569,56.0206
221.787,119.886,116.098,1.021,46.9671,56.0918
222.037,116.032,116.098,1.01,45.8168,56.1634
222.287,180.115,116.098,1.015,42.3756,56.2292
222.537,111.965,116.098,1.019,42.4607,56.3036
222.787,120.012,116.098,1.026,44.1694,56.3747
223.037,107.962,116.098,1.044,45.9908,56.4437
223.287,111.978,116.098,1.057,50.0602,56.52
223.537,120.036,116.098,1.087,48.0077,56.5903
223.787,140.052,116.098,1.113,46.4041,56.6626
224.037,115.916,116.098,1.122,45.4883,56.7343
224.287,116.082,116.098,1.141,44.2186,56.8032
224.537,111.998,116.098,1.151,45.954,56.8768
224.787,119.984,116.098,1.163,46.8018,56.9492
225.037,112.013,116.098,1.185,48.9933,57.0152
225.287,107.995,116.098,1.215,49.9945,57.0868
225.488,124.589,116.098,1.176,49.2503,57.1278
225.737,124.336,116.098,1.075,47.9035,57.2126
225.987,103.989,116.098,0.993,47.9605,57.2872
226.237,108.012,116.098,0.956,47.9148,57.3545
226.487,103.977,116.098,0.879,48.6579,57.4239
226.737,140.034,116.098,0.824,48.0355,57.4869
226.938,139.275,116.098,0.774,47.0177,57.5402
227.187,104.405,116.098,0.701,46.1791,57.6049
227.437,116.027,116.098,0.643,46.1868,57.6588
227.687,103.993,116.098,0.62,47.4629,57.6801
227.937,143.978,116.098,0.611,45.9598,57.6814
228.187,103.97,116.098,0.617,47.8425,57.6831
228.437,128.008,116.098,0.609,45.7266,57.6847
228.687,132.056,116.098,0.613,43.8025,57.6863
228.937,108.012,116.098,0.611,45.5224,57.6878
229.187,99.9746,116.098,0.616,45.564,57.6879
229.437,112.028,116.098,0.61,47.606,57.6879
229.687,115.963,116.098,0.615,50.013,57.6879
229.937,112.035,116.098,0.616,50.0316,57.6879
230.187,139.972,116.098,0.615,47.8517,57.688
230.437,119.993,116.098,0.61,45.9277,57.688
230.689,131.26,116.098,0.615,43.6925,57.688
230.938,124.576,116.098,0.618,42.4306,57.688
231.187,136.146,116.098,0.611,40.9339,57.689
231.437,104.023,116.098,0.616,43.0914,57.6903
231.687,107.982,116.098,0.606,44.6162,57.6941
231.937,120.019,116.098,0.604,47.9293,57.6981
232.187,111.982,116.098,0.596,49.8918,57.7014
232.437,108.008,116.098,0.599,49.9968,57.7034
232.687,103.992,116.102,0.583,49.9459,57.7055
232.937,104.006,116.102,0.58,50.0344,57.7088
233.187,107.98,116.102,0.588,50.0137,57.7126
233.438,143.91,116.102,0.605,47.9551,57.7463
233.687,148.11,116.102,0.663,45.88,57.8064
233.937,116.01,116.102,0.712,45.9355,57.8727
234.187,131.914,116.102,0.809,44.4828,57.9458
234.437,172.117,116.102,0.867,43.016,58.0111
234.688,135.877,116.102,0.936,43.9664,58.0615
234.937,128.122,116.102,0.993,42.3262,58.1393
235.187,107.982,116.102,1.08,42.3284,58.2073
235.437,108.011,116.102,1.133,45.9894,58.2731
235.687,119.95,116.102,1.203,47.3452,58.3446
235.937,108.066,116.102,1.197,49.9608,58.4172
236.187,123.945,116.102,1.198,47.8668,58.4928
236.437,112.026,116.102,1.199,47.7854,58.5662
236.687,112.019,116.102,1.2,47.8447,58.6324
236.937,107.975,116.102,1.199,47.8231,58.6989
237.187,108.003,116.102,1.195,50.006,58.7638
237.437,143.995,116.102,1.19,48.0014,58.8307
237.687,108.007,116.102,1.16,48.0638,58.9018
237.937,131.992,116.102,1.137,46.6748,58.971
238.187,128.007,116.102,1.094,46.1149,59.0479
238.437,103.98,116.102,1.075,47.9004,59.1236
238.687,108.022,116.102,1.048,47.8954,59.1935
238.937,107.985,116.102,1.034,49.394,59.2692
239.187,104.016,116.102,1.014,50.0017,59.3427
239.439,127.19,116.102,1.012,49.0389,59.4136
239.687,140.898,116.102,1.01,46.3421,59.4895
239.937,99.9932,116.102,1.011,45.9172,59.5563
240.187,123.998,116.102,1.019,45.8577,59.6256
240.437,107.937,116.102,1.008,46.0146,59.6886
240.687,128.068,116.102,0.959,46.7415,59.7484
240.937,115.982,116.102,0.925,47.8982,59.8172
241.187,120.016,116.102,0.881,47.7842,59.8785
241.437,127.991,116.102,0.847,45.8302,59.9474
241.687,99.9858,116.102,0.818,47.8424,60.0201
241.937,112.022,116.102,0.803,47.8367,60.0896
242.187,148.018,116.102,0.789,45.9711,60.1662
242.437,107.996,116.102,0.778,47.963,60.2397
242.687,107.999,116.102,0.78,48.0221,60.305
242.937,107.986,116.102,0.782,47.9912,60.373
243.187,108.011,116.102,0.777,49.9925,60.4394
243.437,115.99,116.102,0.755,50.0039,60.5008
243.687,144.03,116.102,0.727,48.7283,60.5669
243.937,115.986,116.102,0.728,47.8791,60.6302
244.187,128.004,116.102,0.723,45.6786,60.7003
244.437,108.012,116.102,0.732,45.6882,60.7748
244.687,103.994,116.102,0.758,46.1682,60.8433
244.937,99.998,116.102,0.767,47.5856,60.913
245.187,139.988,116.102,0.778,48.0011,60.9807
245.437,108.015,116.102,0.78,47.877,61.0555
245.688,127.894,116.102,0.786,45.9579,61.1286
245.937,112.072,116.102,0.792,45.942,61.1919
246.187,136.013,116.102,0.811,45.1218,61.2544
246.437,99.9703,116.102,0.826,45.9279,61.3148
246.687,140.058,116.102,0.857,45.4036,61.3693
246.937,103.966,116.102,0.855,45.9027,61.43
247.187,128.045,116.102,0.807,46.1179,61.489
247.438,95.9156,116.102,0.77,45.9939,61.5513
247.687,140.096,116.102,0.717,44.3654,61.6138
247.937,108.014,116.102,0.682,45.9331,61.6713
248.187,103.994,116.102,0.644,46.6256,61.7333
248.437,139.972,116.102,0.629,45.558,61.798
248.687,100.028,116.102,0.601,47.5897,61.8583
248.937,103.989,116.102,0.59,47.6265,61.9264
249.187,112.01,116.102,0.581,47.6434,61.9902
249.437,107.93,116.102,0.58,49.9924,62.0608
249.687,136.105,116.102,0.552,47.8473,62.134
249.888,124.302,116.102,0.522,47.2454,62.1889
250.138,136.337,116.102,0.497,46.0286,62.2601
250.387,112.193,116.102,0.48,45.9343,62.3182
250.638,119.888,116.102,0.483,46.8469,62.393
250.84,138.31,116.102,0.489,46.0475,62.4495
251.087,105.085,116.102,0.516,47.8269,62.513
251.337,120.045,116.102,0.538,46.1681,62.5766
251.587,107.971,116.102,0.576,45.9914,62.6326
251.837,140.004,116.102,0.579,45.5112,62.6889
252.087,112.053,116.102,0.561,43.9701,62.747
252.337,139.959,116.102,0.536,43.068,62.8001
252.587,119.939,116.102,0.51,43.1425,62.8598
252.837,112.077,116.102,0.486,43.0471,62.9208
253.087,111.993,116.102,0.443,45.8347,62.9754
253.337,96.0026,116.102,0.418,47.1779,63.041
253.587,95.9881,116.102,0.368,48.5843,63.1052
253.838,135.89,116.102,0.333,48.7533,63.1796
254.087,88.0768,116.102,0.306,47.907,63.2545
254.337,100.023,116.102,0.303,48.0323,63.3215
254.587,103.977,116.102,0.309,47.9491,63.3955
254.837,124.012,116.102,0.323,46.8086,63.4706
255.087,103.946,116.102,0.364,47.9343,63.5385
255.337,112.073,116.102,0.373,46.0605,63.6143
255.587,91.9381,116.102,0.38,46.1088,63.6836
255.837,92.0665,116.102,0.384,48.0081,63.7593
256.087,87.9627,116.102,0.39,48.0843,63.8358
256.337,99.9582,116.102,0.393,49.6876,63.9061
256.587,112.088,116.102,0.4,47.9324,63.9818
256.837,91.9827,116.102,0.406,47.9406,64.0586
257.087,120.03,116.102,0.418,46.4218,64.1284
257.337,95.981,116.102,0.418,46.0649,64.2046
257.587,100.01,116.102,0.418,47.9529,64.2819
257.837,83.9916,116.102,0.415,47.9416,64.3531
258.087,96.0137,116.102,0.412,49.9713,64.4257
258.337,99.9889,116.102,0.414,49.9561,64.4936
258.587,116.009,116.102,0.418,48.956,64.5657
258.837,87.9914,116.102,0.42,48.0125,64.6373
259.087,99.9941,116.102,0.428,48.0024,64.7079
259.337,104.002,116.102,0.436,48.0043,64.7799
259.587,104.007,116.102,0.448,49.0191,64.8451
259.837,95.9932,116.102,0.454,49.9995,64.9158
260.087,96.0138,116.102,0.464,49.987,64.9866
260.337,99.9676,116.102,0.467,50.0244,65.056
260.587,92.0315,116.102,0.469,49.9871,65.1268
260.837,91.9895,116.102,0.464,50.0119,65.1938
261.087,123.998,116.102,0.457,47.8162,65.2666
261.337,96.0163,116.102,0.45,47.6511,65.3417
261.587,99.9859,116.102,0.434,47.6361,65.4077
261.837,104.017,116.102,0.421,47.6252,65.481
262.087,95.9799,116.102,0.421,50.0408,65.5537
262.338,123.834,116.102,0.416,49.0119,65.6238
262.587,96.1263,116.102,0.411,47.8438,65.6946
262.837,88.018,116.102,0.409,47.7967,65.7663
263.087,123.97,116.102,0.412,46.5258,65.8382
263.337,92.0202,116.102,0.416,46.2807,65.9131
263.587,99.937,116.102,0.418,48.0169,65.9884
263.837,92.055,116.102,0.419,47.9546,66.0587
264.087,123.974,116.102,0.427,46.7139,66.1351
264.338,91.9216,116.102,0.43,48.0329,66.206
264.587,92.0572,116.102,0.434,48.0314,66.2818
264.837,100.056,116.102,0.439,47.9605,66.3553
265.088,95.9053,116.102,0.444,50.0065,66.425
265.337,92.109,116.102,0.446,50.0315,66.5006
265.587,87.9101,116.102,0.447,50.0384,66.5703
265.837,96.0751,116.102,0.447,50.0417,66.6457
266.087,87.9716,116.102,0.448,50.0942,66.7211
266.338,91.93,116.102,0.448,50.0308,66.7925
266.587,96.0405,116.102,0.448,50.0906,66.8679
266.837,100.061,116.102,0.448,49.9973,66.9434
267.087,95.9249,116.102,0.448,50.005,67.0113
267.337,100.08,116.102,0.447,50.1281,67.0793
267.538,99.7305,116.102,0.447,50.0295,67.1304
267.787,96.136,116.102,0.442,49.9071,67.1978
268.037,124.085,116.102,0.44,49.9829,67.2635
268.287,91.9673,116.102,0.439,50.0622,67.3235
268.537,100.021,116.102,0.437,50.1212,67.3857
268.787,99.9889,116.102,0.436,50.0333,67.4425
269.038,103.938,116.102,0.437,50.024,67.5056
269.287,108.051,116.102,0.443,50.0362,67.5692
269.537,104.005,116.102,0.445,50.0586,67.6235
269.787,120.049,116.102,0.45,47.7669,67.6867
270.038,127.763,116.102,0.45,46.8956,67.7477
270.287,96.1164,116.102,0.453,45.8526,67.8157
270.537,96.0313,116.102,0.457,45.8841,67.8845
270.787,100.034,116.102,0.461,47.841,67.9505
271.038,99.8635,116.102,0.466,48.822,68.0238
271.287,96.1342,116.102,0.463,50.0308,68.097
271.537,91.9344,116.102,0.46,50.0221,68.1641
271.787,92.0692,116.102,0.458,49.953,68.2362
272.037,91.9319,116.102,0.452,50.0267,68.3088
272.287,88.0477,116.102,0.451,49.9844,68.3787
272.537,112.022,116.102,0.449,48.9857,68.4541
272.787,91.9853,116.102,0.449,48.0605,68.5255
273.037,91.9952,116.102,0.448,48.0113,68.6024
273.287,100.01,116.102,0.448,47.948,68.6789
273.537,91.9448,116.102,0.448,48.9673,68.75
273.787,116.077,116.102,0.448,49.9707,68.827
274.037,91.9864,116.102,0.449,50.0023,68.8973
274.287,88.0096,116.102,0.452,50.0325,68.9729
274.537,87.9451,116.102,0.455,50.2222,69.0492
274.787,92.044,116.102,0.456,49.9468,69.1203
275.037,95.9968,116.102,0.457,50.0203,69.1969
275.287,100.014,116.102,0.455,49.9546,69.2734
275.537,87.999,116.102,0.455,50.0047,69.3449
275.787,92.0078,116.102,0.455,49.9543,69.4212
276.037,83.9646,116.102,0.456,50.0077,69.4972
276.287,96.0226,116.102,0.457,49.9478,69.5687
276.537,95.9744,116.102,0.457,49.9956,69.6455
276.787,96.0347,116.102,0.457,49.9717,69.7169
277.037,91.9524,116.102,0.456,50.0112,69.7897
277.287,115.982,116.102,0.454,49.6464,69.8624
277.537,100.062,116.102,0.451,47.8517,69.9327
277.787,91.9983,116.102,0.452,47.8178,70.0092
278.037,111.944,116.102,0.403,47.0469,70.0807
278.287,108.05,116.102,0.371,48.1975,70.1571
278.537,103.997,116.102,0.324,50.016,70.2339
278.787,155.988,116.102,0.298,47.2708,70.31
279.037,96.0188,116.102,0.275,48.6068,70.3815
279.287,87.9867,116.102,0.268,47.8021,70.4564
279.537,96.0145,116.102,0.274,47.7768,70.5258
279.787,95.9949,116.102,0.281,50.278,70.595
280.037,112.016,116.102,0.293,49.9527,70.6612
280.287,103.974,116.102,0.31,50.001,70.7247
280.537,96.0089,116.102,0.336,49.9835,70.7984
280.787,128.016,116.102,0.363,47.8337,70.8655
281.037,99.9179,116.102,0.386,47.8253,70.9355
281.287,132.038,116.102,0.4,45.1536,71.0057
281.537,112.063,116.102,0.422,43.9232,71.0717
281.787,127.945,116.102,0.429,42.2741,71.1427
282.037,100.035,116.102,0.447,43.9328,71.2118
282.287,99.9623,116.102,0.462,45.7598,71.276
282.537,88.0296,116.102,0.486,47.824,71.3471
282.787,91.9815,116.102,0.508,50.0226,71.4175
283.037,132.026,116.102,0.538,47.8738,71.4917
283.287,96.019,116.102,0.527,47.8116,71.5634
283.537,95.9412,116.102,0.521,47.8477,71.6288
283.787,88.0328,116.102,0.52,47.8258,71.7041
284.037,104.003,116.102,0.519,49.9843,71.7751
284.287,96.0086,116.102,0.518,50.01,71.8523
284.537,87.9883,116.102,0.516,50.0419,71.9285
284.787,92.0158,116.102,0.515,50.0163,71.9815
285.037,95.9895,116.102,0.515,50.0192,71.9877
285.287,88.0051,116.102,0.515,50.0057,71.9879
285.537,87.9906,116.102,0.514,50.0089,71.9879
285.787,96.0027,116.102,0.514,50.0104,71.9879
286.037,96.0023,116.102,0.514,50.0474,71.9879
286.287,88.0177,116.102,0.514,50.0519,71.9879
286.537,91.98,116.102,0.514,50.0454,71.9879
286.787,84.0022,116.102,0.514,50.0331,71.9879
287.037,123.991,116.102,0.514,49.9977,71.9879
287.287,88.0116,116.102,0.514,49.9969,71.9879
287.537,103.996,116.102,0.514,49.9731,71.9879
287.787,92.0014,116.102,0.514,50.0089,71.9879
288.037,87.9859,116.102,0.514,49.9685,71.9879
288.287,88.0259,116.102,0.514,50.0341,71.9879
288.538,95.9056,116.102,0.514,50.0322,71.9879
288.787,128.113,116.102,0.514,50.019,71.9879
289.037,119.976,116.102,0.514,48.9372,71.988
289.287,103.959,116.102,0.513,47.6143,71.988
289.537,128.069,116.102,0.513,47.9699,71.9924
289.787,91.9864,116.102,0.514,48.0014,72.0459
290.037,96.0121,116.102,0.515,49.0213,72.1156
290.287,83.9973,116.102,0.515,50.9072,72.1913
290.537,95.9998,116.102,0.517,50.0055,72.2656
290.787,92.003,116.102,0.52,50.0036,72.3402
291.037,99.9997,116.102,0.52,49.9862,72.3975
291.287,95.9735,116.102,0.52,50.0746,72.4291
291.537,95.9721,116.102,0.516,49.9959,72.4311
291.787,88.0574,116.102,0.514,50.0153,72.4323
292.037,99.9914,116.102,0.513,49.9916,72.4334
292.287,88.0124,116.102,0.512,50.0138,72.4345
292.537,91.9865,116.102,0.506,50.0214,72.4357
292.787,107.94,116.102,0.504,49.293,72.4372
293.037,112.06,116.102,0.503,49.9721,72.4385
293.287,84.0046,116.102,0.506,50.0131,72.4393
293.537,99.9981,116.102,0.505,49.9755,72.4402
293.787,95.9876,116.102,0.506,51.2594,72.441
294.037,100.018,116.102,0.514,49.9735,72.4523
294.287,91.9967,116.102,0.524,49.9763,72.5038
294.537,91.9983,116.102,0.542,49.9818,72.5652
294.787,96.0141,116.102,0.551,50.1015,72.6256
295.037,87.9873,116.102,0.561,49.974,72.6941
295.287,127.951,116.102,0.565,47.6807,72.7682
295.537,84.0223,116.102,0.559,47.736,72.8401
295.787,104.043,116.102,0.554,47.7583,72.9172
296.037,95.9118,116.102,0.545,47.7773,72.9881
296.287,100.045,116.102,0.542,50.0277,73.0623
296.537,99.9739,116.102,0.539,50.0412,73.1374
296.787,104.03,116.102,0.536,47.8759,73.2069
297.037,92.0233,116.102,0.532,47.8942,73.2821
297.287,95.9912,116.102,0.535,47.8554,73.3579
297.537,91.9995,116.102,0.537,47.8536,73.426
297.787,115.993,116.102,0.532,48.6523,73.4978
298.037,92.0179,116.102,0.488,47.9265,73.5655
298.287,95.9514,116.102,0.472,47.9391,73.6419
298.537,108.05,116.102,0.457,47.915,73.7147
298.787,99.9637,116.102,0.451,49.7539,73.7834
299.037,104.039,116.102,0.452,49.9286,73.8569
299.288,91.9129,116.102,0.452,50.0563,73.9272
299.537,160.147,116.102,0.452,47.9783,73.9906
299.787,115.911,116.102,0.439,46.0975,74.0553
300.037,100.077,116.102,0.424,46.0555,74.116
300.287,95.9758,116.102,0.4,46.0539,74.1815
300.537,116.036,116.102,0.373,48.5967,74.2519
300.787,99.962,116.102,0.336,50.0078,74.3219
301.037,100.032,116.102,0.297,50.0105,74.3911
301.287,91.9783,116.102,0.271,49.996,74.4667
301.537,127.946,116.102,0.243,48.7575,74.5322
301.787,112.064,116.102,0.241,45.7453,74.6004
302.037,96.0048,116.102,0.245,45.7911,74.6667
302.287,99.9847,116.102,0.25,45.7388,74.7345
302.537,100.016,116.102,0.288,46.3169,74.8011
302.787,95.9894,116.102,0.323,50.0149,74.8726
303.037,88.0075,116.102,0.38,50.0283,74.9391
303.287,99.9285,116.102,0.382,50.0042,75.0117
303.537,88.0658,116.102,0.387,50.0041,75.0804
303.787,91.9531,116.102,0.394,49.9973,75.1545
304.037,132.053,116.102,0.403,47.7948,75.2256
304.287,91.9904,116.102,0.411,47.7365,75.2996
304.537,108.03,116.102,0.416,47.739,75.375
304.787,87.9789,116.102,0.418,47.8352,75.4437
305.037,92.0202,116.102,0.424,49.9874,75.5136
305.287,91.9753,116.102,0.423,50.0102,75.5804
305.537,92.0277,116.102,0.421,50.0135,75.651
305.787,111.91,116.102,0.417,49.9385,75.7248
306.037,144.004,116.102,0.394,49.2778,75.7953
306.287,104.059,116.102,0.383,50.0248,75.8707
306.537,96.0128,116.102,0.37,49.9449,75.9472
306.787,135.918,116.102,0.357,50.7752,76.0196
307.037,116.052,116.102,0.329,48.473,76.0922
307.287,96.0212,116.102,0.327,47.8182,76.1622
307.537,91.991,116.102,0.314,47.823,76.2292
307.787,92.0111,116.102,0.306,47.7942,76.3036
308.037,95.9827,116.102,0.306,50.0201,76.3729
308.287,87.9923,116.102,0.301,50.0021,76.4463
308.538,127.895,116.102,0.298,47.664,76.5221
308.787,104.1,116.102,0.299,47.6879,76.5974
309.037,87.994,116.102,0.302,47.7474,76.669
309.287,96.0253,116.102,0.304,47.6732,76.736
309.538,91.898,116.102,0.304,50.1709,76.8041
309.787,108.092,116.102,0.303,49.9979,76.8758
310.037,91.9918,116.102,0.294,49.9832,76.9458
310.287,88.0192,116.102,0.279,49.9869,77.0216
310.537,95.9872,116.102,0.259,50.0208,77.0961
310.787,91.9984,116.102,0.263,49.9778,77.1674
311.037,111.981,116.102,0.269,49.9763,77.2395
311.287,108.035,116.102,0.283,49.9846,77.3036
311.537,99.9892,116.102,0.298,50.0091,77.3601
311.788,123.88,116.102,0.318,48.9135,77.4173
312.037,100.111,116.102,0.349,47.7073,77.4703
312.287,99.9249,116.102,0.367,47.6894,77.5269
312.537,100.078,116.102,0.391,47.7034,77.5835
312.788,111.796,116.102,0.41,48.7203,77.6371
313.037,108.202,116.102,0.425,49.9586,77.6969
313.287,95.9412,116.102,0.436,50.0246,77.7595
313.537,96.0503,116.102,0.446,50.0115,77.8257
313.788,91.9075,116.102,0.451,50.0408,77.8974
314.037,124.115,116.102,0.452,47.5094,77.9675
314.287,99.9353,116.102,0.45,47.5777,78.0373
314.537,160.101,116.102,0.439,45.3575,78.1069
314.787,112.003,116.102,0.448,44.1765,78.1776
315.037,88.001,116.102,0.454,45.0253,78.2517
315.287,95.9715,116.102,0.461,45.779,78.3197
315.537,100.025,116.102,0.467,47.867,78.3932
315.787,88.0013,116.102,0.463,49.3796,78.4669
316.037,92.0105,116.102,0.46,49.9986,78.5365
316.287,87.9561,116.102,0.459,50.0787,78.6122
316.537,92.0458,116.102,0.461,49.9708,78.6884
316.79,102.847,116.102,0.466,49.5314,78.758
317.037,97.0611,116.102,0.469,47.6915,78.8328
317.287,96.024,116.102,0.47,47.6251,78.9097
317.538,103.689,116.102,0.463,47.6746,78.9807
317.787,92.2656,116.102,0.46,48.0855,79.055
318.037,91.9903,116.102,0.458,50.0658,79.1265
318.287,92.0292,116.102,0.458,49.9376,79.2025
318.537,91.9553,116.102,0.458,50.047,79.2789
318.787,116.103,116.102,0.458,48.775,79.3473
319.037,87.9331,116.102,0.458,48.0035,79.419
319.287,95.9962,116.102,0.458,47.9561,79.485
319.537,88.0022,116.102,0.463,48.02,79.5586
319.787,100.024,116.102,0.474,49.1994,79.6325
320.037,103.986,116.102,0.488,50.0571,79.7017
320.287,100.022,116.102,0.496,49.9539,79.7715
320.537,95.9813,116.102,0.502,50.0473,79.8434
320.787,100.005,116.102,0.501,50.0078,79.9123
320.988,169.416,116.102,0.488,47.4252,79.9735
321.237,104.302,116.102,0.455,47.698,80.044
321.487,123.95,116.102,0.435,45.9136,80.1208
321.737,104.037,116.102,0.423,45.906,80.1972
321.988,119.668,116.102,0.429,44.8353,80.2674
322.237,92.2567,116.102,0.435,46.1825,80.3418
322.487,95.975,116.102,0.443,48.0515,80.4091
322.737,88.0194,116.102,0.445,48.0165,80.4816
322.987,91.9843,116.102,0.423,49.9972,80.556
323.237,92.0163,116.102,0.401,49.9755,80.6244
323.487,95.9934,116.102,0.384,50.0604,80.6992
323.737,127.989,116.102,0.383,48.7176,80.7756
323.987,91.9644,116.102,0.383,47.7944,80.846
324.237,100.07,116.102,0.384,47.7535,80.9203
324.487,87.9646,116.102,0.378,47.7608,80.991
324.737,88.0225,116.102,0.376,49.5642,81.0666
324.987,87.9691,116.102,0.374,50.0617,81.1432
325.237,96.0097,116.102,0.373,50.0255,81.2137
325.488,91.9448,116.102,0.368,50.0154,81.2891
325.737,96.0868,116.102,0.357,50.006,81.3631
325.938,94.7543,116.102,0.332,50.0421,81.4173
326.187,112.216,116.102,0.307,48.5593,81.4938
326.438,119.863,116.102,0.304,45.8034,81.566
326.687,112.136,116.102,0.311,45.764,81.6424
326.937,99.9697,116.102,0.326,45.8236,81.7159
327.187,103.997,116.102,0.363,46.4586,81.7793
327.437,100.001,116.102,0.393,50.0283,81.845
327.687,96.0768,116.102,0.446,49.9915,81.9032
327.937,103.918,116.102,0.488,50.0516,81.9651
328.187,104.042,116.102,0.564,49.9683,82.0241
328.438,95.8388,116.102,0.581,49.9924,82.081
328.687,116.136,116.102,0.612,49.976,82.1367
328.937,135.971,116.102,0.581,47.9267,82.1954
329.187,136.075,116.102,0.536,46.0278,82.2517
329.437,104.002,116.102,0.512,46.1853,82.3109
329.687,107.993,116.102,0.489,46.1032,82.368
329.937,100.015,116.102,0.484,47.9855,82.4297
330.188,139.851,116.102,0.472,47.7318,82.4923
330.441,142.002,116.102,0.473,45.3764,82.5548
330.688,113.607,116.102,0.475,44.4347,82.6302
330.937,112.118,116.102,0.483,42.6877,82.7058
331.187,95.9806,116.102,0.491,44.0308,82.7761
331.437,92.0028,116.102,0.497,46.114,82.8492
331.687,120.005,116.102,0.504,46.0931,82.9172
331.938,103.892,116.102,0.507,47.9125,82.9904
332.188,100.009,116.102,0.512,47.9719,83.0646
332.437,92.0287,116.102,0.522,47.9151,83.1287
332.687,108.072,116.102,0.544,48.0204,83.1922
332.937,88.013,116.102,0.562,47.9787,83.2583
333.187,87.9847,116.102,0.59,47.9883,83.3094
333.437,87.9971,116.102,0.61,47.9952,83.3234
333.687,99.9664,116.102,0.613,49.9891,83.3245
333.937,92.0459,116.102,0.616,49.9411,83.3263
334.237,109.999,116.102,0.625,49.9693,83.3286
334.487,91.9845,116.102,0.627,50.0137,83.3296
334.737,120.019,116.102,0.626,48.3615,83.3305
334.988,115.814,116.102,0.629,47.0267,83.3318
335.238,96.0462,116.102,0.63,45.8548,83.3331
335.487,100.111,116.102,0.632,45.8577,83.3363
335.738,99.9148,116.102,0.631,46.7523,83.3381
335.987,112.111,116.102,0.6,46.4552,83.3726
336.237,115.987,116.102,0.561,46.4344,83.434
336.487,95.9683,116.102,0.515,45.981,83.5013
336.737,84.0327,116.102,0.493,46.0737,83.5632
336.988,123.672,116.102,0.481,46.18,83.637
337.237,92.1926,116.102,0.481,46.8798,83.7082
337.488,99.9595,116.102,0.487,47.7306,83.7816
337.738,123.724,116.102,0.493,46.9237,83.8489
337.987,104.34,116.102,0.502,47.1131,83.9216
338.237,83.9743,116.102,0.507,47.8727,83.9963
338.487,96.0168,116.102,0.509,47.8953,84.0673
338.737,115.923,116.102,0.51,47.9757,84.1412
338.987,112.077,116.102,0.512,47.7389,84.2142
339.237,103.976,116.102,0.512,47.7662,84.2825
339.487,108.013,116.102,0.514,47.6852,84.3501
339.737,127.965,116.102,0.515,46.2293,84.4154
339.987,104.005,116.102,0.525,47.7147,84.4715
340.237,108.026,116.102,0.536,47.6846,84.526
340.487,111.991,116.102,0.564,47.6834,84.5751
340.737,112.01,116.102,0.586,50.0346,84.63
340.987,139.946,116.102,0.585,47.8354,84.6802
341.237,108.05,116.102,0.54,47.9007,84.7299
341.487,99.9797,116.102,0.48,47.8968,84.7866
341.737,104.024,116.102,0.437,47.8697,84.8503
341.987,123.99,116.102,0.374,48.3983,84.9128
342.237,99.9876,116.102,0.334,47.8683,84.9826
342.487,112.021,116.102,0.293,47.9421,85.0511
342.688,114.611,116.102,0.28,46.7388,85.1107
342.937,112.293,116.102,0.267,45.7693,85.1843
343.187,96.007,116.102,0.268,47.7315,85.2542
343.437,139.969,116.102,0.278,46.7218,85.3291
343.687,100.016,116.102,0.308,49.4807,85.3993
343.937,87.9636,116.102,0.342,50.0066,85.4746
344.187,136.073,116.102,0.384,49.9855,85.5514
344.437,91.9356,116.102,0.388,50.4418,85.6216
344.687,100.071,116.102,0.394,49.951,85.6943
344.937,123.979,116.102,0.4,50.0588,85.7703
345.187,96.0228,116.102,0.406,49.97,85.8417
345.437,91.9696,116.102,0.405,50.0385,85.915
345.687,96.0192,116.102,0.406,50.0327,85.986
345.937,87.9794,116.102,0.406,50.0325,86.062
346.187,100.023,116.102,0.406,49.9677,86.1379
346.437,115.989,116.102,0.406,48.026,86.2088
346.687,87.9935,116.102,0.406,47.8595,86.2835
346.938,103.876,116.102,0.406,47.6038,86.3552
347.187,104.128,116.102,0.409,45.9404,86.43
347.437,99.9484,116.102,0.412,46.9729,86.5017
347.687,120.06,116.102,0.417,46.0218,86.5749
347.937,92.0109,116.102,0.422,46.0428,86.6437
348.187,95.9893,116.102,0.434,47.9918,86.7193
348.437,92.0036,116.102,0.441,47.9725,86.7879
348.687,139.995,116.102,0.452,48.85,86.8616
348.937,92.0038,116.102,0.459,47.8442,86.9333
349.187,127.973,116.102,0.465,47.8927,86.9997
349.437,99.9804,116.102,0.468,47.8586,87.069
349.687,96.0179,116.102,0.469,49.6705,87.1356
349.937,104.034,116.102,0.458,49.9402,87.2106
350.187,91.9531,116.102,0.45,49.9936,87.2857
350.437,124.029,116.102,0.435,47.8325,87.357
350.687,96.0248,116.102,0.421,47.8013,87.4292
350.938,111.771,116.102,0.421,47.8075,87.4955
351.187,92.1976,116.102,0.417,47.8062,87.5647
351.438,99.5279,116.102,0.415,49.8197,87.6374
351.687,116.541,116.102,0.418,50.0088,87.7089
351.937,91.9883,116.102,0.419,50.0876,87.7847
352.187,92.0139,116.102,0.42,49.9614,87.8562
352.437,95.9497,116.102,0.423,50.4349,87.9262
352.687,92.0419,116.102,0.429,49.9942,87.9979
352.938,99.9153,116.102,0.432,49.991,88.0686
353.187,84.082,116.102,0.433,50.0075,88.1434
353.437,91.9779,116.102,0.438,50.0699,88.2181
353.687,119.935,116.102,0.444,47.9776,88.2925
353.937,108.066,116.102,0.445,46.0522,88.362
354.187,96.0114,116.102,0.447,46.0161,88.4391
354.437,95.9662,116.102,0.447,46.0782,88.5092
354.687,88.0351,116.102,0.447,47.8757,88.5839
354.937,83.9775,116.102,0.447,49.983,88.6607
355.187,100.026,116.102,0.446,50.05,88.732
355.438,87.9014,116.102,0.447,50.0353,88.8068
355.687,124.153,116.102,0.447,49.9686,88.877
355.937,103.965,116.102,0.448,50.0303,88.9478
356.187,100.017,116.102,0.447,49.9665,89.0191
356.437,91.9851,116.102,0.443,50.0438,89.0894
356.687,100.022,116.102,0.439,49.9718,89.1603
356.937,99.9955,116.102,0.441,50.0571,89.2238
357.187,96.0027,116.102,0.446,49.9542,89.2795
357.437,95.9414,116.102,0.446,50.0133,89.2929
357.687,132.067,116.102,0.44,48.6422,89.2936
357.937,87.998,116.102,0.44,47.8807,89.2947
358.187,104.011,116.102,0.435,47.8537,89.2959
358.437,99.9875,116.102,0.433,47.8208,89.297
358.687,103.993,116.102,0.43,49.155,89.2981
358.937,92.0248,116.102,0.428,50.1018,89.2996
359.187,103.972,116.102,0.429,50.0546,89.3011
359.437,100.012,116.102,0.431,50.0129,89.3019
359.687,107.998,116.102,0.432,50.0043,89.3029
359.937,104.002,116.102,0.435,50.099,89.3041
360.187,107.987,116.102,0.438,49.9765,89.3053
360.437,100.009,116.102,0.439,50.0708,89.3166
360.687,115.982,116.102,0.457,47.8178,89.3691
360.937,96.0169,116.102,0.455,47.8092,89.4298
361.187,123.991,116.102,0.453,46.0248,89.4898
361.437,88.003,116.102,0.454,45.9906,89.5544
361.687,95.9925,116.102,0.453,48.0861,89.6198
361.937,104.014,116.102,0.455,47.9691,89.6944
362.187,103.95,116.102,0.457,50.0254,89.7671
362.437,100.004,116.102,0.457,50.0455,89.8372
362.687,92.0195,116.102,0.457,50.0146,89.9119
362.89,163.115,116.102,0.436,47.152,89.9537
363.137,96.919,116.102,0.444,48.0013,90.0412
363.387,87.9579,116.102,0.452,47.9924,90.1162
363.637,92.0631,116.102,0.455,47.9585,90.1868
363.888,87.9099,116.102,0.462,51.0822,90.2617
364.137,88.0766,116.102,0.466,49.981,90.3367
364.387,95.9675,116.102,0.469,50.0196,90.4045
364.637,100.015,116.102,0.47,49.9929,90.481
364.887,88.0006,116.102,0.467,50.0158,90.5518
365.137,92.0189,116.102,0.462,50.0141,90.6266
365.387,115.996,116.102,0.459,47.8288,90.7019
365.637,87.9911,116.102,0.458,47.836,90.7739
365.887,115.991,116.102,0.458,46.4837,90.8486
366.137,107.979,116.102,0.458,43.9969,90.9238
366.387,92.0237,116.102,0.458,45.8136,90.9948
366.637,127.991,116.102,0.458,44.9856,91.0707
366.887,88.0038,116.102,0.458,44.1862,91.1423
367.137,87.9451,116.102,0.458,48.0518,91.2174
367.387,96.0643,116.102,0.458,48.0201,91.2876
367.637,88.0194,116.102,0.462,49.5069,91.352
367.887,99.9596,116.102,0.462,50.0071,91.4214
368.137,92.039,116.102,0.467,49.9889,91.4849
368.387,99.9446,116.102,0.471,49.9277,91.549
368.637,108.056,116.102,0.474,49.9996,91.607
368.887,103.975,116.102,0.479,50.0451,91.6606
369.137,124.033,116.102,0.48,47.9286,91.7185
369.387,103.967,116.102,0.47,47.9889,91.7749
369.637,92.0284,116.102,0.403,47.944,91.829
369.887,99.9505,116.102,0.365,47.9506,91.8887
370.137,108.037,116.102,0.309,50.0129,91.9486
370.387,99.9734,116.102,0.283,50.0276,92.0159
370.637,136.038,116.102,0.249,47.9678,92.0864
370.887,115.99,116.102,0.244,45.9847,92.1524
371.137,131.986,116.102,0.254,44.9333,92.2267
371.387,84.018,116.102,0.265,44.2958,92.3034
371.637,95.9281,116.102,0.284,44.6272,92.3718
371.887,136.086,116.102,0.306,45.2452,92.4403
372.137,107.961,116.102,0.33,46.8366,92.5015
372.387,112.055,116.102,0.361,47.8351,92.567
372.637,95.9808,116.102,0.408,47.9039,92.6319
372.887,96.0254,116.102,0.439,50.0736,92.6961
373.137,91.9772,116.102,0.491,50.1157,92.7624
373.387,96.0094,116.102,0.527,49.9907,92.835
373.637,95.9867,116.102,0.603,50.0092,92.904
373.887,140.014,116.102,0.645,49.9657,92.9715
374.137,99.9995,116.102,0.708,50.0097,93.0314
374.387,96.0161,116.102,0.744,49.9296,93.0932
374.637,111.971,116.102,0.793,49.9868,93.1504
374.887,100.023,116.102,0.817,49.9923,93.2045
375.137,87.9826,116.102,0.844,49.9829,93.2618
375.387,96.0149,116.102,0.855,50.0038,93.316
375.637,83.9849,116.102,0.872,50.0361,93.3797
375.887,100.016,116.102,0.88,49.9685,93.4493
376.137,91.9855,116.102,0.859,49.9769,93.517
376.387,100.006,116.102,0.844,49.9821,93.5858
376.637,103.997,116.102,0.838,50.0762,93.654
376.887,92.0102,116.102,0.83,50.0033,93.718
377.137,99.9791,116.102,0.821,50.0027,93.7882
377.387,96.0266,116.102,0.821,49.9823,93.8615
377.637,91.9831,116.102,0.82,50.0169,93.9299
377.887,88.0135,116.102,0.817,49.9239,94.0043
378.137,103.939,116.102,0.81,49.5612,94.0693
378.387,108.059,116.102,0.803,47.9369,94.1307
378.637,95.9886,116.102,0.781,47.9973,94.1912
378.887,92.0134,116.102,0.769,47.9483,94.2497
379.137,107.98,116.102,0.73,48.3937,94.3109
379.387,92.0247,116.102,0.701,49.979,94.3792
379.637,95.9518,116.102,0.641,50.0145,94.4478
379.887,92.0278,116.102,0.587,49.991,94.5234
380.137,91.9995,116.102,0.522,49.9892,94.5917
380.387,92.0109,116.102,0.485,49.95,94.6596
380.637,115.919,116.102,0.421,48.9349,94.7208
380.887,104.073,116.102,0.393,47.9179,94.7601
381.137,119.99,116.102,0.393,46.0728,94.7641
381.338,94.5149,116.102,0.393,46.0899,94.7646
381.587,96.4048,116.102,0.391,46.0182,94.7657
381.837,95.9898,116.102,0.382,47.9605,94.7669
382.087,127.922,116.102,0.382,48.3129,94.768
382.337,84.0053,116.102,0.37,47.9081,94.7694
382.587,96.0583,116.102,0.37,47.9385,94.7706
382.837,99.9245,116.102,0.368,47.9361,94.7719
383.087,100.059,116.102,0.359,49.052,94.7731
383.337,91.971,116.102,0.356,50.0214,94.7744
383.687,94.2951,116.102,0.347,49.9928,94.7767
383.937,99.9655,116.102,0.35,49.9671,94.782
384.188,99.8581,116.102,0.368,49.962,94.8226
384.437,88.1192,116.102,0.433,50.0409,94.8728
384.687,96.0701,116.102,0.444,50.0649,94.9319
384.937,95.9669,116.102,0.489,49.9915,94.9905
385.187,100.049,116.102,0.522,49.9945,95.0586
385.439,107.162,116.102,0.588,49.0202,95.1345
385.687,116.875,116.102,0.631,47.94,95.2033
385.937,100.018,116.102,0.693,47.9708,95.2725
386.187,103.961,116.102,0.719,47.8884,95.3322
386.437,92.0334,116.102,0.76,48.9106,95.394
386.687,91.9891,116.102,0.78,50.022,95.4559
386.937,92.0149,116.102,0.809,50.013,95.5142
387.187,103.989,116.102,0.819,49.9837,95.5818
387.437,116.006,116.102,0.829,47.9342,95.652
387.687,99.9631,116.102,0.832,47.8929,95.7158
387.937,92.0043,116.102,0.833,47.8895,95.7899
388.187,96.0038,116.102,0.831,47.8976,95.8646
388.438,87.9497,116.102,0.825,50.0721,95.93
388.687,100.063,116.102,0.823,50.0275,95.9978
388.937,88.0215,116.102,0.825,49.9894,96.0614
389.187,95.9915,116.102,0.832,50.0084,96.1297
389.437,104.007,116.102,0.825,50.0515,96.2022
389.687,124.001,116.102,0.818,49.9985,96.2723
389.937,92.0439,116.102,0.812,49.9954,96.34
390.187,87.9434,116.102,0.792,50.0305,96.3989
390.437,96.0618,116.102,0.78,50.0225,96.4581
390.687,95.9515,116.102,0.771,50.0155,96.518
390.937,92.0011,116.102,0.722,49.9718,96.5758
391.187,127.989,116.102,0.682,48.3122,96.6358
391.437,96.0038,116.102,0.618,47.8818,96.7003
391.687,95.9492,116.102,0.585,47.9992,96.7648
391.937,92.0225,116.102,0.536,47.978,96.8408
392.187,91.9993,116.102,0.51,49.9995,96.9169
392.438,95.9076,116.102,0.448,50.0031,96.9838
392.687,100.1,116.102,0.421,49.9784,97.0481
392.937,103.975,116.102,0.371,49.3067,97.1075
393.188,111.97,116.102,0.343,48.0456,97.1676
393.437,96.09,116.102,0.319,48.0281,97.2301
393.687,95.9189,116.102,0.306,48.0413,97.2908
393.937,108.074,116.102,0.292,45.8939,97.3582
394.187,92.0172,116.102,0.282,47.6955,97.4195
394.437,91.98,116.102,0.297,47.6997,97.4925
394.687,100.01,116.102,0.318,47.74,97.5662
394.937,95.997,116.102,0.361,49.9864,97.6309
395.188,143.822,116.102,0.38,47.4492,97.6948
395.437,120.085,116.102,0.422,47.8004,97.755
395.687,112.073,116.102,0.438,47.7485,97.809
395.937,95.9844,116.102,0.466,47.8229,97.8676
396.187,115.944,116.102,0.483,50.2936,97.9245
396.437,140.069,116.102,0.499,48.027,97.9747
396.687,104.003,116.102,0.471,47.9438,98.031
396.937,103.999,116.102,0.441,47.9787,98.0861
397.187,132.022,116.102,0.421,46.7166,98.1464
397.437,103.974,116.102,0.42,47.7459,98.2104
397.687,95.9927,116.102,0.42,47.8084,98.2738
397.937,96.0317,116.102,0.42,47.7597,98.3446
398.187,99.9602,116.102,0.424,49.2354,98.4141
398.437,96.0303,116.102,0.433,49.9989,98.4835
398.688,131.453,116.102,0.438,48.8095,98.5519
398.937,108.452,116.102,0.443,47.9698,98.6164
399.187,115.975,116.102,0.425,46.0674,98.6892
399.437,95.9785,116.102,0.41,46.133,98.765
399.687,88.0124,116.102,0.408,46.4001,98.8324
399.937,92.0269,116.102,0.403,47.9081,98.9078
400.187,91.9739,116.102,0.399,49.9941,98.9767
400.437,92.036,116.102,0.397,50.0293,99.0518
400.687,99.961,116.102,0.395,50.0011,99.1266
400.937,96.0268,116.102,0.387,49.9758,99.197
401.188,91.7428,116.102,0.381,50.0051,99.2719
401.437,108.294,116.102,0.374,47.8882,99.3479
401.687,88.0069,116.102,0.357,47.8801,99.4188
401.937,100.05,116.102,0.316,47.9158,99.4924
402.187,87.957,116.102,0.302,47.8689,99.5638
402.438,95.617,116.102,0.305,50.0146,99.6414
402.687,108.427,116.102,0.313,49.9633,99.7172
402.937,92.0291,116.102,0.333,49.9523,99.7833
403.187,95.9708,116.102,0.361,49.9706,99.855
403.437,99.9925,116.102,0.416,50.0112,99.9237
403.687,96.0214,116.102,0.451,49.9775,99.9848
403.89,132.953,116.102,0.479,49.1314,100.034
404.137,113.369,116.102,0.528,47.6687,100.089
404.387,108.032,116.102,0.555,47.6084,100.145
404.637,103.96,116.102,0.584,47.6717,100.205
404.887,111.979,116.102,0.563,48.436,100.261
405.137,112.009,116.102,0.511,50.0204,100.321
405.387,115.984,116.102,0.498,50.0272,100.377
405.637,127.997,116.102,0.466,49.0499,100.439
405.887,136.048,116.102,0.454,46.1892,100.503
406.137,108.005,116.102,0.466,46.2094,100.562
406.387,107.994,116.102,0.481,46.1914,100.624
406.637,124.014,116.102,0.523,44.4853,100.695
406.889,134.887,116.102,0.562,46.904,100.766
407.138,124.865,116.102,0.593,45.6761,100.839
407.387,124.125,116.102,0.604,44.0233,100.916
407.637,96.0197,116.102,0.624,45.6156,100.986
407.887,104.014,116.102,0.633,45.8977,101.06
408.137,99.9708,116.102,0.642,47.724,101.119
408.338,134.289,116.102,0.656,48.8105,101.17
408.587,128.581,116.102,0.681,46.0873,101.226
408.837,99.9846,116.102,0.705,46.1337,101.285
409.087,143.952,116.102,0.745,44.1063,101.347
409.337,108.065,116.102,0.797,44.1663,101.408
409.588,115.801,116.102,0.832,46.8544,101.475
409.838,119.878,116.102,0.829,47.0634,101.538
410.087,136.299,116.102,0.804,46.157,101.594
410.337,104.044,116.102,0.762,45.6896,101.656
410.587,107.973,116.102,0.75,45.6786,101.72
410.837,112.027,116.102,0.725,45.7247,101.784
411.087,116.023,116.102,0.718,50.0037,101.857
411.337,103.962,116.102,0.713,50.0195,101.928
411.587,116.033,116.102,0.709,49.931,102.003
411.837,123.936,116.102,0.704,47.9685,102.078
412.087,108.047,116.102,0.7,48.0652,102.148
412.337,131.929,116.102,0.701,47.1504,102.224
412.587,127.998,116.102,0.704,44.0846,102.294
412.837,120.013,116.102,0.711,43.444,102.369
413.087,104.006,116.102,0.723,44.3063,102.438
413.337,112.047,116.102,0.757,44.2162,102.507
413.587,107.947,116.102,0.773,47.8809,102.58
413.788,114.664,116.102,0.805,50.0219,102.631
414.037,112.321,116.102,0.792,49.9531,102.699
414.287,119.97,116.102,0.783,50.0161,102.768
414.537,112.037,116.102,0.784,50.0145,102.827
414.788,119.621,116.102,0.803,50.1496,102.895
415.037,116.373,116.102,0.825,49.9748,102.962
415.287,103.961,116.102,0.853,49.9651,103.022
415.537,108.03,116.102,0.9,49.9654,103.085
415.787,107.956,116.102,0.941,50.1088,103.147
416.037,108,116.102,1.002,49.9615,103.21
416.287,132.012,116.102,1.016,47.9554,103.271
416.537,104.03,116.102,1.011,47.9705,103.334
416.788,139.604,116.102,1.01,46.0206,103.399
417.037,108.296,116.102,1.018,46.0014,103.472
417.288,115.604,116.102,1.013,47.8567,103.537
417.537,160.509,116.102,1.008,44.9716,103.609
417.787,155.977,116.102,1.008,43.9475,103.673
418.037,124.011,116.102,1.013,43.6136,103.743
418.287,123.992,116.102,1.023,42.1619,103.815
418.537,135.988,116.102,1.044,42.0495,103.883
418.787,140.092,116.102,1.074,44.1242,103.962
419.038,115.708,116.102,1.089,45.9259,104.034
419.287,140.272,116.102,1.104,45.6592,104.102
419.537,112.003,116.102,1.122,46.3353,104.176
419.787,123.978,116.102,1.145,45.6297,104.248
420.037,132.077,116.102,1.157,43.9131,104.321
420.287,128,116.102,1.172,44.0963,104.393
420.537,99.99,116.102,1.192,44.3272,104.462
420.787,104.02,116.102,1.203,46.1194,104.537
421.037,107.986,116.102,1.151,48.1263,104.611
421.287,112.021,116.102,1.037,49.9929,104.68
421.537,103.978,116.102,0.983,50.0413,104.755
421.787,127.983,116.102,0.912,47.9067,104.825
422.038,115.892,116.102,0.862,47.8007,104.888
422.287,132.138,116.102,0.787,45.7731,104.954
422.537,107.979,116.102,0.744,45.8444,105.016
422.787,123.983,116.102,0.67,45.3872,105.079
423.037,104.031,116.102,0.63,45.8534,105.116
423.287,111.972,116.102,0.621,47.7311,105.121
423.537,116.021,116.102,0.612,47.8518,105.122
423.787,112.016,116.102,0.617,49.9501,105.123
424.038,131.9,116.102,0.617,48.8267,105.124
424.287,112.074,116.102,0.62,48.0113,105.126
424.537,104.025,116.102,0.614,47.9656,105.127
424.788,111.89,116.102,0.617,47.9822,105.128
425.037,132.097,116.102,0.616,46.0397,105.132
425.287,128.041,116.102,0.603,45.9397,105.136
425.537,103.979,116.102,0.604,45.9352,105.139
425.787,108.011,116.102,0.592,45.9061,105.142
426.037,103.988,116.102,0.596,47.2498,105.146
426.287,116.003,116.102,0.592,49.8736,105.15
426.537,103.994,116.102,0.598,49.9796,105.174
426.739,118.939,116.102,0.64,50.0918,105.224
426.987,124.896,116.102,0.703,47.8812,105.283
427.237,115.984,116.102,0.752,47.904,105.348
427.487,108.014,116.102,0.853,47.8364,105.422
427.737,128.002,116.102,0.908,45.8313,105.484
427.99,126.662,116.102,0.987,46.3285,105.55
428.237,109.177,116.102,1.029,45.6061,105.618
428.487,99.977,116.102,1.116,45.6022,105.684
428.737,103.997,116.102,1.17,47.446,105.756
428.987,104.003,116.102,1.253,49.7306,105.821
429.237,111.974,116.102,1.257,50.0223,105.887
429.487,112.019,116.102,1.254,49.9904,105.956
429.737,147.941,116.102,1.249,48.3022,106.021
429.988,155.605,116.102,1.238,44.9743,106.091
430.237,116.362,116.102,1.217,43.8129,106.16
430.487,131.989,116.102,1.192,42.0664,106.23
430.737,107.995,116.102,1.163,42.0989,106.304
430.987,112,116.102,1.128,45.8063,106.379
431.237,139.973,116.102,1.098,45.8823,106.45
431.487,112.031,116.102,1.061,47.6431,106.527
431.737,111.979,116.102,1.038,47.9769,106.597
431.988,143.776,116.102,1.011,45.7066,106.672
432.237,132.233,116.102,0.999,45.9427,106.747
432.487,103.949,116.102,0.984,45.8813,106.816
432.737,116.01,116.102,0.983,45.1417,106.885
432.987,112,116.102,0.985,45.8206,106.949
433.238,119.878,116.102,0.997,47.471,107.017
433.487,112.156,116.102,1.021,45.8034,107.083
433.737,115.999,116.102,0.985,45.8849,107.144
433.987,112.002,116.102,0.934,47.7535,107.213
434.239,142.949,116.102,0.898,45.8163,107.277
434.487,165.175,116.102,0.855,44.4259,107.345
434.737,112.037,116.102,0.83,44.109,107.416
434.987,111.983,116.102,0.806,44.0846,107.486
435.237,107.99,116.102,0.794,45.9188,107.561
435.487,143.94,116.102,0.782,46.7192,107.637
435.737,112.068,116.102,0.779,47.8814,107.706
435.987,107.953,116.102,0.784,47.856,107.771
436.238,127.931,116.102,0.792,47.0626,107.838
436.487,112.107,116.102,0.756,47.8186,107.902
436.737,111.993,116.102,0.741,47.8369,107.971
436.987,151.944,116.102,0.719,45.9262,108.033
437.237,108.04,116.102,0.717,45.9599,108.099
437.487,108.006,116.102,0.729,48.089,108.165
437.737,103.995,116.102,0.746,48.0408,108.236
437.987,107.999,116.102,0.766,49.9821,108.309
438.237,104,116.102,0.782,49.9663,108.375
438.487,127.926,116.102,0.782,49.2437,108.448
438.738,167.961,116.102,0.784,46.1522,108.518
438.987,112.097,116.102,0.791,46.1129,108.581
439.237,99.9639,116.102,0.801,46.115,108.646
439.487,108.041,116.102,0.821,46.0993,108.708
439.738,107.863,116.102,0.839,50.0977,108.766
439.988,132.047,116.102,0.855,47.4468,108.827
440.237,120.089,116.102,0.834,46.0318,108.893
440.487,111.975,116.102,0.771,46.0636,108.947
440.737,120.049,116.102,0.733,44.2756,109.006
440.987,115.983,116.102,0.694,44.6872,109.065
441.237,112.018,116.102,0.658,47.9219,109.127
441.487,127.993,116.102,0.63,45.7162,109.19
441.737,103.994,116.102,0.616,47.0568,109.249
441.987,100.012,116.102,0.602,47.5985,109.317
442.237,163.99,116.102,0.594,44.1909,109.386
442.487,107.961,116.102,0.589,44.584,109.452
442.737,128.041,116.102,0.584,44.3105,109.524
442.987,111.992,116.102,0.535,43.8666,109.59
443.237,100.032,116.102,0.508,46.821,109.664
443.438,99.7532,116.102,0.487,47.9914,109.713
443.689,119.334,116.102,0.481,48.095,109.767
443.937,116.836,116.102,0.488,48.0253,109.85
444.187,132.032,116.102,0.511,46.1361,109.911
444.438,143.839,116.102,0.535,44.2656,109.976
444.687,104.131,116.102,0.565,44.2466,110.036
444.937,107.962,116.102,0.591,45.9521,110.09
445.187,135.931,116.102,0.575,45.4704,110.149
445.437,160.065,116.102,0.559,43.8605,110.202
445.688,155.804,116.102,0.521,43.0987,110.26
445.937,108.164,116.102,0.499,42.0945,110.322
446.187,107.977,116.102,0.454,42.4406,110.384
446.438,127.899,116.102,0.421,44.3151,110.45
446.687,144.06,116.102,0.376,43.9513,110.519
446.937,132.072,116.102,0.348,44.2269,110.584
447.138,89.6692,116.102,0.318,44.1809,110.646
447.387,104.278,116.102,0.304,44.257,110.711
447.637,104.057,116.102,0.305,47.7485,110.782
447.887,91.9535,116.102,0.318,50.0182,110.855
448.137,96.037,116.102,0.338,50.1395,110.924
448.388,91.8956,116.102,0.366,50.0915,110.997
448.637,116.141,116.102,0.374,48.0118,111.067
448.887,91.9543,116.102,0.38,48.0792,111.143
449.137,88.041,116.102,0.383,48.0128,111.215
449.387,91.9759,116.102,0.389,48.0012,111.289
449.637,88.0076,116.102,0.393,49.9755,111.36
449.887,95.9596,116.102,0.4,50.0345,111.437
450.137,128.065,116.102,0.408,50.0049,111.507
450.387,91.9811,116.102,0.421,49.9107,111.582
450.637,95.9991,116.102,0.421,49.9631,111.656
450.887,87.9924,116.102,0.421,49.9991,111.727
451.137,92.0262,116.102,0.421,50.0216,111.803
451.387,135.968,116.102,0.421,50.0189,111.869
451.637,96.0107,116.102,0.421,50.0131,111.942
451.887,91.9593,116.102,0.423,49.9902,112.013
452.137,104.054,116.102,0.428,50.3109,112.082
452.387,107.946,116.102,0.437,49.9231,112.158
452.637,96.0546,116.102,0.445,49.9782,112.227
452.887,95.9703,116.102,0.457,50.003,112.298
453.138,103.859,116.102,0.463,49.5818,112.369
453.387,108.157,116.102,0.467,50.0816,112.436
453.638,95.8754,116.102,0.468,49.8755,112.511
453.887,128.194,116.102,0.47,48.0215,112.578
454.137,99.9792,116.102,0.466,48.0044,112.649
454.387,104.022,116.102,0.446,47.9503,112.722
454.638,107.792,116.102,0.446,47.9931,112.792
454.888,132.142,116.102,0.435,49.5533,112.846
455.137,104.046,116.102,0.424,47.885,112.933
455.387,103.99,116.102,0.422,47.8229,113.008
455.637,116.039,116.102,0.422,47.8692,113.078
455.887,96.021,116.102,0.421,48.2526,113.148
456.137,91.9375,116.102,0.421,50.0571,113.221
456.387,96.0598,116.102,0.421,50.799,113.298
456.637,99.9567,116.102,0.421,49.9808,113.368
456.887,96.0451,116.102,0.428,49.8777,113.44
457.138,103.775,116.102,0.431,49.5635,113.513
457.387,136.268,116.102,0.433,47.8184,113.584
457.637,87.9652,116.102,0.437,47.8163,113.657
457.887,96.0614,116.102,0.443,47.8461,113.734
458.138,95.9032,116.102,0.445,47.9884,113.801
458.387,96.0895,116.102,0.446,49.9953,113.877
458.638,95.8445,116.102,0.446,50.0176,113.947
458.887,128.224,116.102,0.447,49.9809,114.021
459.137,83.954,116.102,0.447,50.0282,114.097
459.387,124.07,116.102,0.447,48.66,114.168
459.637,83.9898,116.102,0.447,47.6597,114.245
459.887,95.9459,116.102,0.447,47.7069,114.317
460.137,92.0532,116.102,0.447,47.7192,114.393
460.387,99.9205,116.102,0.448,49.0182,114.468
460.637,96.0807,116.102,0.448,50.0212,114.534
460.887,103.978,116.102,0.448,50.0451,114.598
461.137,100.027,116.102,0.45,50.0009,114.661
461.387,95.9671,116.102,0.454,49.9868,114.724
461.637,99.9987,116.102,0.455,50.0828,114.784
461.887,104.002,116.102,0.459,50.014,114.84
462.137,104.025,116.102,0.462,49.9925,114.901
462.387,107.985,116.102,0.463,50.0407,114.96
462.637,96.009,116.102,0.457,49.9985,115.017
462.887,95.9394,116.102,0.459,50.0167,115.079
463.137,96.0717,116.102,0.452,50.0159,115.143
463.387,99.9564,116.102,0.446,50.0075,115.207
463.637,92.0317,116.102,0.446,49.9995,115.276
463.887,111.977,116.102,0.448,50.0246,115.344
464.137,96.0298,116.102,0.451,49.9985,115.418
464.387,91.9684,116.102,0.455,49.9947,115.494
464.637,92.0036,116.102,0.455,49.9985,115.564
464.887,115.941,116.102,0.452,48.8831,115.641
465.137,92.0674,116.102,0.45,47.9662,115.716
465.387,83.9511,116.102,0.449,47.9941,115.788
465.637,140.059,116.102,0.448,47.945,115.864
465.887,99.975,116.102,0.448,49.0287,115.939
466.137,128.092,116.102,0.447,48.921,115.996
466.387,91.9161,116.102,0.447,50.0262,116.086
466.637,96.056,116.102,0.447,50.0566,116.158
466.887,91.9602,116.102,0.448,50.039,116.234
467.137,100.047,116.102,0.449,50.4684,116.309
467.387,95.9235,116.102,0.451,50.0188,116.38
467.637,96.0786,116.102,0.454,50.0538,116.456
467.887,87.967,116.102,0.455,50.0093,116.528
468.137,92.031,116.102,0.455,50.0274,116.604
468.387,115.94,116.102,0.452,48.7891,116.68
468.637,88.0259,116.102,0.451,47.9339,116.75
468.887,91.9573,116.102,0.449,48.001,116.826
469.137,88.0642,116.102,0.449,48.0035,116.901
469.387,91.9586,116.102,0.448,49.1797,116.973
469.638,95.671,116.102,0.448,50.0473,117.048
469.888,100.268,116.102,0.447,49.9937,117.124
470.137,116.128,116.102,0.447,47.8657,117.196
470.338,84.6434,116.102,0.447,47.8728,117.257
470.587,96.3417,116.102,0.448,47.7603,117.327
470.837,88.0046,116.102,0.449,47.9081,117.405
471.087,91.9882,116.102,0.441,50.0097,117.475
471.337,88.0089,116.102,0.382,50.0111,117.552
471.587,87.9898,116.102,0.346,50.0255,117.628
471.837,92.004,116.102,0.303,49.9987,117.7
472.087,91.983,116.102,0.28,49.9834,117.776
472.337,96.0241,116.102,0.273,50.0157,117.852
472.587,95.9719,116.102,0.27,49.9958,117.921
472.837,92.0248,116.102,0.277,49.9653,117.991
473.087,99.987,116.102,0.285,49.991,118.06
473.338,119.874,116.102,0.294,49.9037,118.11
473.587,120.126,116.102,0.315,47.8163,118.194
473.837,103.969,116.102,0.351,47.878,118.265
474.087,96.0295,116.102,0.374,47.7902,118.336
474.337,87.9567,116.102,0.396,47.8318,118.405
474.589,107.312,116.102,0.413,49.6813,118.457
474.837,116.771,116.102,0.427,48.0273,118.543
475.087,112.02,116.102,0.436,48.0937,118.608
475.337,99.9958,116.102,0.452,47.8812,118.677
475.587,96.0199,116.102,0.465,48.3498,118.747
475.837,95.9872,116.102,0.499,49.9855,118.815
476.087,96.0198,116.102,0.524,50.0262,118.89
476.338,91.9075,116.102,0.53,49.6128,118.965
476.587,112.16,116.102,0.518,47.3358,119.018
476.837,99.9384,116.102,0.517,47.4657,119.104
477.087,92.0156,116.102,0.513,47.4095,119.175
477.337,99.9692,116.102,0.513,47.3936,119.246
477.588,103.889,116.102,0.513,49.5275,119.322
477.837,140.113,116.102,0.513,47.8776,119.394
478.087,120.058,116.102,0.513,45.9285,119.468
478.337,91.9816,116.102,0.514,45.9915,119.543
478.587,88.0221,116.102,0.514,45.9755,119.615
478.837,91.967,116.102,0.515,47.9522,119.692
479.087,92.0253,116.102,0.516,50.1056,119.767
479.337,92.0542,116.102,0.515,50.0087,119.828
479.587,95.9447,116.102,0.515,49.948,119.867
479.837,99.9896,116.102,0.517,50.0236,119.871
480.087,128.02,116.102,0.513,50.0277,119.872
480.338,87.9061,116.102,0.511,50.0031,119.874
480.587,112.071,116.102,0.51,48.9935,119.875
480.837,99.9714,116.102,0.504,47.892,119.876
481.187,117.17,116.102,0.503,46.0007,119.878
481.437,88.0276,116.102,0.503,46.044,119.879
481.687,95.9952,116.102,0.504,47.6457,119.88
481.937,96.0049,116.102,0.503,49.9418,119.883
482.187,99.9953,116.102,0.503,49.9052,119.886
482.437,108,116.102,0.513,50.0415,119.904
482.687,91.9957,116.102,0.526,49.9785,119.958
482.937,143.92,116.102,0.545,47.3327,120.013
483.187,96.0103,116.102,0.557,47.7544,120.075
483.437,104.044,116.102,0.566,47.7833,120.137
483.688,115.912,116.102,0.567,46.5395,120.212
483.937,96.0855,116.102,0.56,50.766,120.287
484.187,99.9989,116.102,0.548,50.0243,120.355
484.437,92.0033,116.102,0.538,49.9356,120.424
484.687,92.0072,116.102,0.538,50.5285,120.491
484.937,91.9852,116.102,0.539,49.9519,120.561
485.188,87.8299,116.102,0.544,50.0347,120.635
485.437,96.1944,116.102,0.553,49.9718,120.706
485.687,123.923,116.102,0.541,49.3995,120.78
485.937,120.003,116.102,0.539,47.8471,120.857
486.187,112.07,116.102,0.537,45.9265,120.926
486.437,95.9864,116.102,0.538,45.9525,120.996
486.687,92.0199,116.102,0.528,46.0104,121.063
486.937,91.9798,116.102,0.526,48.0546,121.137
487.187,96.0219,116.102,0.525,50.0142,121.209
487.437,99.9739,116.102,0.532,50.0057,121.274
487.687,92.0104,116.102,0.537,49.9866,121.341
487.937,135.988,116.102,0.529,47.7818,121.405
488.187,104.001,116.102,0.49,47.6771,121.464
488.437,95.9986,116.102,0.436,47.7262,121.53
488.688,103.883,116.102,0.397,47.7045,121.594
488.937,104.102,116.102,0.346,50.0484,121.666
489.187,100.035,116.102,0.314,50.049,121.741
489.437,95.9643,116.102,0.287,49.9646,121.809
489.687,120.008,116.102,0.279,49.9432,121.885
489.937,92.0118,116.102,0.29,49.9482,121.959
490.187,132.034,116.102,0.304,48.3327,122.027
490.437,91.9678,116.102,0.33,47.8671,122.095
490.687,96.0099,116.102,0.329,47.9042,122.158
490.937,87.9768,116.102,0.358,47.9218,122.225
491.187,100.025,116.102,0.379,49.6055,122.296
491.437,103.987,116.102,0.432,50.0148,122.365
491.687,112.015,116.102,0.459,47.9296,122.438
491.937,87.9972,116.102,0.46,48.007,122.513
492.187,92.0077,116.102,0.462,47.9838,122.584
492.437,92.0025,116.102,0.467,48.0363,122.659
492.687,107.928,116.102,0.469,49.0137,122.731
492.937,96.0531,116.102,0.47,47.8562,122.806
493.187,87.9976,116.102,0.471,47.8593,122.882
493.437,96.0183,116.102,0.471,47.9163,122.951
493.687,87.9646,116.102,0.472,48.852,123.023
493.937,92.0185,116.102,0.479,49.9892,123.093
494.187,96.0058,116.102,0.472,49.9734,123.162
494.437,100.001,116.102,0.458,49.9017,123.235
494.687,91.967,116.102,0.451,50.0108,123.304
494.937,96.048,116.102,0.447,49.9287,123.376
495.187,87.9852,116.102,0.435,50.0604,123.452
495.437,103.991,116.102,0.421,50.0045,123.52
495.687,91.9527,116.102,0.41,49.9599,123.592
495.937,96.0759,116.102,0.396,49.9924,123.663
496.187,91.9728,116.102,0.379,49.9959,123.731
496.437,100.031,116.102,0.388,49.9638,123.806
496.688,123.886,116.102,0.399,48.9737,123.881
496.937,92.093,116.102,0.423,47.9007,123.951
497.187,87.9799,116.102,0.425,47.859,124.027
497.437,95.9989,116.102,0.427,47.8947,124.099
497.687,131.927,116.102,0.428,45.3431,124.174
497.937,128.01,116.102,0.426,44.9435,124.25
498.187,95.9894,116.102,0.407,44.1859,124.322
498.437,92.0528,116.102,0.391,44.1605,124.399
498.687,96.0055,116.102,0.395,44.851,124.475
498.937,95.9952,116.102,0.402,49.0368,124.546
499.187,139.993,116.102,0.404,48.6178,124.619
499.437,95.9889,116.102,0.413,49.9895,124.689
499.687,95.9911,116.102,0.416,50.0291,124.762
499.937,96.0225,116.102,0.42,49.9227,124.828
500.187,99.9564,116.102,0.426,50.5616,124.885
500.438,111.946,116.102,0.444,49.7482,124.943
500.687,136.077,116.102,0.466,47.6582,124.997
500.937,100.052,116.102,0.498,47.7561,125.054
501.187,99.9827,116.102,0.487,47.8174,125.112
501.437,92.0085,116.102,0.449,48.0681,125.164
501.687,99.992,116.102,0.426,50.1209,125.223
501.937,92.0093,116.102,0.385,49.9325,125.281
502.187,119.92,116.102,0.372,47.9908,125.338
502.437,140.034,116.102,0.371,47.3168,125.401
502.687,104.036,116.102,0.378,45.9859,125.463
502.937,95.9911,116.102,0.408,45.984,125.534
503.187,132.036,116.102,0.424,44.8525,125.605
503.437,99.9389,116.102,0.443,45.9956,125.669
503.687,92.0107,116.102,0.45,47.8978,125.742
503.937,136.018,116.102,0.462,45.9143,125.809
504.189,119.205,116.102,0.462,46.6305,125.862
504.437,96.6652,116.102,0.44,45.9533,125.948
504.687,91.996,116.102,0.447,45.8558,126.016
504.937,88.0077,116.102,0.462,48.0026,126.091
505.187,91.9802,116.102,0.466,49.5903,126.164
505.437,88.0189,116.102,0.466,49.9513,126.233
505.687,95.9856,116.102,0.463,49.9783,126.308
505.937,92.0063,116.102,0.462,49.9875,126.384
506.188,99.8902,116.102,0.464,49.9423,126.454
506.437,96.1152,116.102,0.468,49.9192,126.531
506.687,115.972,116.102,0.47,47.8065,126.602
506.937,92.0322,116.102,0.471,47.9098,126.675
507.187,79.9828,116.102,0.469,47.8881,126.751
507.437,96.0122,116.102,0.462,47.8943,126.822
507.687,115.911,116.102,0.459,49.0217,126.896
507.937,96.0679,116.102,0.458,50.0129,126.971
508.188,115.821,116.102,0.458,47.7835,127.041
508.438,103.906,116.102,0.458,47.7318,127.118
508.687,104.253,116.102,0.458,46.1907,127.191
508.937,95.9894,116.102,0.458,45.8394,127.258
509.187,103.957,116.102,0.46,46.1466,127.328
509.437,104.015,116.102,0.458,45.7719,127.398
509.687,111.997,116.102,0.462,47.696,127.472
509.937,103.968,116.102,0.49,47.72,127.539
510.139,124.311,116.102,0.5,45.9434,127.599
510.387,100.508,116.102,0.504,48.0112,127.672
510.637,91.959,116.102,0.509,48.0834,127.739
510.887,96.0569,116.102,0.488,47.9669,127.815
511.137,103.992,116.102,0.45,50.0408,127.886
511.387,96.014,116.102,0.435,49.9873,127.962
511.637,99.9761,116.102,0.422,50.0134,128.038
511.887,100.015,116.102,0.422,49.9819,128.11
512.137,135.999,116.102,0.428,47.832,128.186
512.388,103.865,116.102,0.431,47.7948,128.255
512.637,96.1295,116.102,0.439,47.7762,128.326
512.887,91.9832,116.102,0.438,47.8184,128.399
513.137,88.0163,116.102,0.405,50.0107,128.474
513.387,99.9611,116.102,0.387,50.0577,128.544
513.637,84.031,116.102,0.382,50.0353,128.617
513.887,91.9785,116.102,0.383,50.0607,128.685
514.14,130.453,116.102,0.383,49.3212,128.76
514.387,141.694,116.102,0.381,48.6249,128.836
514.637,84.0147,116.102,0.376,48.0297,128.905
514.887,91.9663,116.102,0.375,48.0665,128.982
515.137,92.0163,116.102,0.372,48.983,129.059
515.338,104.709,116.102,0.366,48.1183,129.115
515.587,104.239,116.102,0.36,47.7407,129.192
515.837,96.063,116.102,0.333,47.8267,129.264
516.087,119.866,116.102,0.317,45.9683,129.34
516.337,92.0308,116.102,0.304,46.0154,129.418
516.587,92.0127,116.102,0.307,48.0502,129.49
516.837,95.9299,116.102,0.329,48.0785,129.566
517.087,88.0498,116.102,0.355,50.0706,129.633
517.337,104.005,116.102,0.4,50.0336,129.7
517.587,92.0091,116.102,0.436,50.029,129.764
517.837,128.005,116.102,0.495,48.0607,129.821
518.087,115.98,116.102,0.55,47.9506,129.881
518.337,100.014,116.102,0.581,47.9896,129.942
518.587,128.024,116.102,0.601,45.9932,129.998
518.837,103.969,116.102,0.58,47.5893,130.054
519.087,96.0253,116.102,0.55,47.8722,130.11
519.338,123.876,116.102,0.51,47.4867,130.166
519.587,136.127,116.102,0.498,47.8778,130.221
519.837,111.909,116.102,0.488,47.7887,130.285
520.088,123.992,116.102,0.472,47.2516,130.349
520.337,104.037,116.102,0.472,46.061,130.412
520.587,96.0622,116.102,0.474,48.0546,130.485
520.837,91.9352,116.102,0.483,48.0661,130.56
521.087,100.06,116.102,0.49,48.9867,130.628
521.337,95.9549,116.102,0.499,50.0089,130.699
521.588,139.735,116.102,0.501,48.4599,130.77
521.837,92.2272,116.102,0.507,47.6632,130.839
522.088,123.842,116.102,0.51,46.2724,130.91
522.337,100.056,116.102,0.524,45.1554,130.973
522.587,136.067,116.102,0.537,44.2609,131.043
522.837,95.9937,116.102,0.567,45.8637,131.104
523.087,88.025,116.102,0.59,46.9673,131.16
523.337,95.9766,116.102,0.605,48.4658,131.19
523.538,99.6784,116.102,0.613,49.9517,131.192
523.787,136.357,116.102,0.617,49.921,131.194
524.038,95.8596,116.102,0.626,49.9999,131.195
524.287,112.13,116.102,0.628,49.2756,131.197
524.537,112.047,116.102,0.628,47.6306,131.198
524.787,95.9959,116.102,0.629,47.6579,131.199
525.037,87.9981,116.102,0.63,47.672,131.2
525.287,99.9822,116.102,0.636,48.3352,131.204
525.537,100.03,116.102,0.641,50.0184,131.208
525.787,119.935,116.102,0.643,47.8858,131.212
526.037,88.0408,116.102,0.618,47.9752,131.24
526.287,95.9796,116.102,0.562,47.9817,131.294
526.537,96.0239,116.102,0.53,47.9376,131.355
526.787,91.9661,116.102,0.491,50.1138,131.42
527.037,96.0455,116.102,0.48,49.9828,131.492
527.287,95.9699,116.102,0.481,50.0926,131.563
527.537,96.013,116.102,0.484,49.9821,131.632
527.788,99.6434,116.102,0.489,50.0248,131.705
528.037,96.3397,116.102,0.497,49.9153,131.778
528.287,95.9913,116.102,0.504,50.0104,131.849
528.538,87.9339,116.102,0.506,50.0329,131.923
528.788,143.874,116.102,0.507,46.9428,131.999
529.037,112.16,116.102,0.508,45.7477,132.071
529.287,104.04,116.102,0.509,45.7278,132.144
529.537,103.961,116.102,0.51,45.8167,132.207
529.787,100.003,116.102,0.513,48.647,132.27
530.037,104.027,116.102,0.52,49.9955,132.327
530.287,127.983,116.102,0.537,47.7851,132.377
530.537,104.01,116.102,0.554,47.8841,132.432
530.787,116.005,116.102,0.596,47.8373,132.49
531.037,115.959,116.102,0.616,47.7802,132.541
531.287,132.037,116.102,0.541,47.7808,132.597
531.488,124.638,116.102,0.521,46.8772,132.628
531.737,128.244,116.102,0.454,45.5789,132.701
531.987,104.062,116.102,0.392,44.0395,132.764
532.237,107.993,116.102,0.351,44.3384,132.826
532.487,95.9971,116.102,0.307,46.1543,132.891
532.737,99.9569,116.102,0.292,47.7556,132.959
532.987,136.076,116.102,0.269,47.8511,133.032
533.237,99.9464,116.102,0.266,47.8855,133.104
533.487,108.046,116.102,0.28,47.7863,133.177
533.737,95.9641,116.102,0.3,47.891,133.247
533.987,96.0348,116.102,0.335,49.9001,133.32
534.238,107.909,116.102,0.369,49.149,133.39
534.487,104.091,116.102,0.379,48.0532,133.468
534.737,91.9738,116.102,0.384,48.0266,133.537
534.987,151.968,116.102,0.39,45.5134,133.613
535.237,96.0216,116.102,0.392,44.5098,133.69
535.487,119.997,116.102,0.401,44.3289,133.761
535.737,84.0294,116.102,0.405,44.3646,133.836
535.987,107.916,116.102,0.414,44.4399,133.907
536.237,96.0665,116.102,0.416,45.6979,133.983
536.487,91.9889,116.102,0.416,47.281,134.059
536.737,96.016,116.102,0.414,47.6379,134.131
536.987,95.9937,116.102,0.415,48.6213,134.197
537.238,103.85,116.102,0.418,50.0035,134.271
537.487,96.1041,116.102,0.42,49.9812,134.343
537.737,100.026,116.102,0.425,50.0448,134.418
537.987,92.0001,116.102,0.431,49.9891,134.483
538.237,92.0095,116.102,0.438,49.9978,134.557
538.487,99.9341,116.102,0.448,50.0049,134.628
538.737,132.055,116.102,0.457,49.9909,134.695
538.987,92.0278,116.102,0.465,50.0694,134.767
539.237,135.956,116.102,0.468,50.0566,134.842
539.487,104.037,116.102,0.469,50.4487,134.91
539.737,99.9336,116.102,0.467,49.6058,134.981
539.987,108.067,116.102,0.458,47.8749,135.05
540.237,91.9874,116.102,0.455,48.5196,135.125
540.487,91.9992,116.102,0.435,47.9479,135.202
540.737,103.967,116.102,0.435,47.9187,135.271
540.987,96.0048,116.102,0.421,49.9659,135.343
541.237,116.034,116.102,0.421,48.0336,135.415
541.487,120.022,116.102,0.42,46.9003,135.48
541.737,87.9735,116.102,0.421,46.0495,135.555
541.987,95.9588,116.102,0.421,46.0099,135.626
542.237,120.078,116.102,0.421,45.5531,135.702
542.487,99.9747,116.102,0.421,46.9504,135.772
542.737,100.019,116.102,0.425,47.9727,135.841
542.987,92.0198,116.102,0.43,47.991,135.918
543.238,91.7414,116.102,0.433,50.0047,135.994
543.487,92.2436,116.102,0.44,50.0258,136.064
543.737,91.9516,116.102,0.443,50.001,136.137
543.987,135.995,116.102,0.446,49.1837,136.211
544.237,100.048,116.102,0.449,47.685,136.282
544.487,88.0013,116.102,0.449,47.7472,136.358
544.737,92.0101,116.102,0.449,47.7646,136.427
544.987,95.9777,116.102,0.449,48.523,136.499
545.237,100.03,116.102,0.45,49.9564,136.575
545.487,91.9425,116.102,0.449,50.0002,136.646
545.737,92.0507,116.102,0.449,49.9615,136.722
545.987,87.9912,116.102,0.448,50.0262,136.792
546.237,96.0262,116.102,0.448,49.973,136.864
546.487,95.9482,116.102,0.444,49.9677,136.936
546.737,96.0362,116.102,0.441,49.9899,137.004
546.987,99.9773,116.102,0.439,49.9501,137.072
547.237,88.019,116.102,0.444,49.9461,137.134
547.487,123.982,116.102,0.445,48.0376,137.171
547.737,135.916,116.102,0.448,46.127,137.174
547.987,128.024,116.102,0.436,46.0936,137.175
548.237,96.0627,116.102,0.437,46.1029,137.176
548.488,95.9075,116.102,0.43,48.0008,137.178
548.737,96.0724,116.102,0.429,50.4063,137.179
548.987,115.964,116.102,0.426,50.0112,137.18
549.237,100.08,116.102,0.428,50.0391,137.182
549.487,99.8958,116.102,0.427,49.9727,137.182
549.737,96.0729,116.102,0.427,50.014,137.183
549.987,99.9262,116.102,0.427,49.9901,137.185
550.237,100.076,116.102,0.433,49.9476,137.188
550.487,95.9299,116.102,0.434,50.0104,137.191
550.737,100.071,116.102,0.439,49.9207,137.212
550.987,127.994,116.102,0.448,47.7764,137.272
551.237,95.9885,116.102,0.439,47.7256,137.339
551.488,139.571,116.102,0.44,45.4345,137.404
551.737,112.315,116.102,0.443,44.1199,137.474
551.987,107.99,116.102,0.451,45.0807,137.546
552.237,91.9914,116.102,0.453,46.0245,137.615
552.488,119.945,116.102,0.46,44.7156,137.688
552.737,108.091,116.102,0.465,46.0296,137.759
552.987,103.964,116.102,0.446,46.014,137.835
553.237,120.085,116.102,0.461,44.1634,137.911
553.487,119.914,116.102,0.467,43.7428,137.982
553.737,116.067,116.102,0.469,44.3903,138.059
553.988,87.7661,116.102,0.47,44.3898,138.129
554.237,84.2018,116.102,0.47,46.1032,138.205
554.487,96.0066,116.102,0.471,48.0791,138.281
554.737,91.9663,116.102,0.471,50.0019,138.351
554.987,88.0172,116.102,0.471,50.0031,138.426
555.237,116.011,116.102,0.471,47.748,138.501
555.487,92.0055,116.102,0.471,47.7555,138.572
555.737,99.9868,116.102,0.469,47.7632,138.647
555.987,100.005,116.102,0.462,47.7314,138.719
556.237,87.9878,116.102,0.46,50.0094,138.794
556.487,124.067,116.102,0.458,49.9581,138.87
556.737,95.9721,116.102,0.458,50.0128,138.941
556.987,88.0112,116.102,0.458,49.9675,139.011
557.237,87.9643,116.102,0.46,50.1676,139.087
557.487,100.034,116.102,0.463,50.019,139.158
557.737,99.9481,116.102,0.454,49.9668,139.23
557.987,112.043,116.102,0.454,50.0034,139.299
558.237,95.9804,116.102,0.46,49.984,139.361
558.487,96.0392,116.102,0.463,49.9801,139.425
558.737,95.9347,116.102,0.467,49.9938,139.482
558.987,104.098,116.102,0.474,49.9817,139.541
559.237,99.9579,116.102,0.485,49.9812,139.595
559.487,104.021,116.102,0.465,49.9838,139.647
559.737,103.928,116.102,0.421,50.0134,139.705
559.987,108.072,116.102,0.359,49.9615,139.76
560.237,107.989,116.102,0.318,49.977,139.823
560.487,100.019,116.102,0.279,49.9714,139.89
560.738,99.9063,116.102,0.254,50.0154,139.957
560.987,96.0765,116.102,0.241,50.1064,140.031
561.188,114.573,116.102,0.246,50.0361,140.088
561.438,124.222,116.102,0.253,49.9481,140.157
561.688,95.9586,116.102,0.27,49.9802,140.229
561.938,96.0295,116.102,0.294,49.9857,140.295
562.187,104.14,116.102,0.315,50.6598,140.363
562.437,87.9784,116.102,0.345,50.0307,140.427
562.687,100.025,116.102,0.379,49.9831,140.489
562.937,91.9535,116.102,0.413,50.0572,140.557
563.187,136.071,116.102,0.474,48.0777,140.624
563.388,114.493,116.102,0.514,47.3615,140.683
563.637,100.334,116.102,0.551,46.158,140.753
563.887,96.0246,116.102,0.621,46.1869,140.819
564.137,99.9831,116.102,0.676,47.1804,140.885
564.387,103.998,116.102,0.72,49.1031,140.944
564.637,104.005,116.102,0.759,50.0023,141.002
564.887,99.9536,116.102,0.798,49.4557,141.058
565.137,108.05,116.102,0.822,48.0263,141.112
565.387,92.0117,116.102,0.844,48.0263,141.172
565.637,111.937,116.102,0.858,47.2837,141.235
565.887,104.022,116.102,0.877,45.9923,141.296
566.137,92.0206,116.102,0.874,47.8312,141.371
566.388,103.542,116.102,0.857,47.7552,141.425
566.638,132.469,116.102,0.842,46.3245,141.507
566.887,120.116,116.102,0.833,45.9339,141.576
567.137,91.9845,116.102,0.821,45.919,141.642
567.387,91.983,116.102,0.807,45.9384,141.712
567.637,103.964,116.102,0.806,46.941,141.78
567.887,132.078,116.102,0.806,47.59,141.857
568.137,103.997,116.102,0.807,47.8825,141.923
568.388,103.898,116.102,0.807,45.8253,141.983
568.637,88.08,116.102,0.798,45.8651,142.042
568.887,100.079,116.102,0.78,47.6696,142.104
569.137,95.9029,116.102,0.758,47.683,142.157
569.387,136.033,116.102,0.716,47.9727,142.21
569.637,100.01,116.102,0.679,47.941,142.293
569.887,100.001,116.102,0.615,48.032,142.364
570.137,88.0006,116.102,0.566,48.0116,142.438
570.387,100.006,116.102,0.51,50.0077,142.501
570.637,91.9939,116.102,0.472,50.0052,142.563
570.887,99.9933,116.102,0.421,49.9819,142.623
571.137,112.012,116.102,0.393,48.9122,142.652
571.387,95.9942,116.102,0.391,47.9391,142.654
571.637,96.0126,116.102,0.391,47.9955,142.655
571.887,108,116.102,0.381,47.9592,142.655
572.137,88.0024,116.102,0.38,49.0614,142.657
572.387,95.9991,116.102,0.371,50.0229,142.658
572.637,91.995,116.102,0.37,50.0367,142.659
572.887,91.9766,116.102,0.37,50.0702,142.661
573.137,88.0234,116.102,0.368,50.0271,142.662
573.387,116.024,116.102,0.356,50.0192,142.663
573.637,91.9691,116.102,0.356,50.0186,142.665
