time,cpu,memory,obstacle_distance,cmd_vel_frequency,distance_travelled
0.240774,0,171.555,0.259,0,0
0.488967,201.456,171.816,0.259,20.2131,4.495e-05
0.738359,148.361,171.82,0.263,15.0645,0.0387141
0.988349,144.006,171.824,0.367,16.7128,0.114033
1.23837,135.986,172.512,0.424,15.5622,0.192746
1.48836,164.007,172.551,0.471,15.6642,0.264377
1.73834,140.011,172.551,0.472,16.3133,0.324605
1.98999,162.929,172.551,0.472,16.2617,0.413596
2.23834,144.954,172.551,0.473,16.3293,0.486577
2.48882,151.711,173.168,0.473,16.2913,0.563714
2.73837,148.264,173.168,0.473,16.4546,0.634451
2.98836,152.01,173.168,0.474,15.856,0.707814
3.23835,128.003,173.168,0.476,16.2149,0.785784
3.48839,163.972,173.762,0.482,16.0658,0.860861
3.73837,136.012,173.766,0.484,16.6098,0.932701
3.98838,147.994,173.77,0.485,16.8955,1.0093
4.23836,124.011,173.77,0.486,16.8885,1.08131
4.48836,159.998,174.348,0.486,17.1887,1.15797
4.68904,184.373,174.348,0.486,17.4965,1.21296
4.9384,192.495,174.348,0.482,16.8957,1.27479
5.18872,175.776,174.348,0.48,16.6072,1.36583
5.43864,188.058,174.93,0.454,16.895,1.44212
5.69313,188.611,174.941,0.39,16.5941,1.51514
5.9392,215.383,174.945,0.362,16.586,1.56298
6.18865,152.336,174.945,0.338,16.0588,1.60531
6.43956,195.291,175.52,0.305,16.0639,1.66929
6.68948,204.065,175.52,0.295,16.0648,1.75744
6.94134,218.376,175.52,0.295,15.3006,1.81873
7.18878,210.156,175.531,0.295,14.2,1.82729
7.44063,162.79,176.008,0.295,13.9986,1.82732
7.68843,189.671,176.008,0.294,13.8019,1.85357
7.94782,192.759,176.008,0.294,13.6118,1.92223
8.18842,157.943,176.008,0.294,13.4208,1.99678
8.43835,140.035,176.582,0.295,13.8028,2.07418
8.68825,124.053,176.582,0.295,14.2042,2.14242
8.93829,151.976,176.582,0.299,14.4178,2.21553
9.18822,124.035,176.582,0.303,14.6304,2.29181
9.43822,147.997,177,0.31,15.0793,2.36341
9.68838,123.923,177,0.318,14.8496,2.43819
9.93828,124.046,177,0.32,15.8189,2.50593
10.1903,146.801,177,0.303,17.1993,2.56928
10.4383,161.314,177,0.3,17.1953,2.62242
10.6886,147.831,177.57,0.325,17.82,2.6757
10.9384,140.114,177.57,0.354,18.1498,2.73067
11.1884,127.976,177.57,0.401,18.1467,2.78844
11.4383,140.073,177.57,0.401,17.8198,2.84918
11.6884,151.949,178.066,0.402,18.1497,2.90523
11.9383,136.048,178.066,0.393,18.5021,2.95724
12.1884,135.948,178.066,0.381,18.8498,3.011
12.4383,136.049,178.066,0.374,18.8472,3.06793
12.6884,147.952,178.633,0.349,19.2143,3.12884
12.9383,124.03,178.633,0.333,19.5992,3.20011
13.1884,123.974,178.633,0.334,19.5959,3.26681
13.4383,136.029,178.633,0.336,19.2121,3.33153
13.6884,123.972,179.184,0.346,19.2091,3.40549
13.9383,128.04,179.184,0.355,19.5962,3.47206
14.1883,131.998,179.184,0.363,19.5942,3.54361
14.4383,128.003,179.184,0.333,19.5961,3.61746
14.6883,139.999,179.73,0.307,19.5821,3.68492
14.9383,128,179.73,0.307,19.213,3.7543
15.1883,128.001,179.73,0.305,19.2142,3.82002
15.4383,143.993,179.73,0.305,19.2147,3.88185
15.6883,128.012,180.277,0.297,19.1961,3.9524
15.9383,128.009,180.277,0.285,19.6004,4.0097
16.1884,123.924,180.277,0.284,19.6073,4.08277
16.4382,132.09,180.277,0.282,19.6013,4.15291
16.6886,127.825,180.816,0.274,19.6012,4.20875
16.9383,128.151,180.816,0.271,19.2171,4.26487
17.1883,127.98,180.816,0.271,19.2188,4.33593
17.4383,144.023,180.816,0.275,19.2178,4.40426
17.6884,127.949,181.359,0.291,19.2168,4.47111
17.9382,128.097,181.359,0.305,19.2177,4.53372
18.1884,131.913,181.359,0.309,19.2175,4.60553
18.4385,131.906,181.359,0.304,19.2186,4.68214
18.6884,132.077,181.859,0.311,19.2177,4.74797
18.9384,128.022,181.863,0.321,19.2189,4.81011
19.1883,128.012,181.863,0.341,19.2184,4.86411
19.4383,144.003,181.863,0.357,19.2179,4.92839
19.6883,131.987,182.406,0.386,19.216,4.99151
19.9383,136.032,182.406,0.391,19.6008,5.03897
20.1884,135.951,182.406,0.397,19.6021,5.08935
20.4385,139.932,182.406,0.403,19.218,5.14076
20.6884,132.037,182.406,0.394,19.2166,5.19584
20.9388,139.813,182.922,0.382,19.2171,5.25055
21.1885,132.15,182.922,0.368,19.2164,5.3228
21.4384,132.034,182.922,0.353,19.216,5.39132
21.6884,132.013,182.922,0.351,19.2155,5.46246
21.939,127.685,183.453,0.353,19.6012,5.52564
22.1884,128.337,183.453,0.364,19.6017,5.59267
22.4384,127.995,183.453,0.395,19.6008,5.6671
22.6884,127.991,183.453,0.421,19.6014,5.73843
22.9383,132.033,183.98,0.474,19.5989,5.81307
23.1884,127.954,183.98,0.501,19.5989,5.87841
23.4386,131.88,183.98,0.563,19.5999,5.94735
23.6884,132.146,183.98,0.61,19.2154,6.02399
23.9385,131.945,184.473,0.684,19.2125,6.0872
24.1884,132.053,184.473,0.72,19.2169,6.15578
24.4383,128.038,184.484,0.785,19.2184,6.23263
24.6883,128.01,184.484,0.741,19.2159,6.30297
24.9383,131.968,184.934,0.662,18.8425,6.37023
25.1883,123.99,184.934,0.611,18.846,6.44531
25.4383,128.029,184.934,0.535,19.221,6.51192
25.6885,123.916,184.934,0.484,19.2056,6.58914
25.9383,140.075,185.395,0.407,19.2151,6.66034
26.1883,120.004,185.395,0.355,18.8451,6.73388
26.4383,144.009,185.457,0.29,19.2143,6.80959
26.6884,123.973,185.457,0.257,19.215,6.87439
26.9385,135.926,185.836,0.223,19.2148,6.94684
27.1884,128.068,185.836,0.215,19.2149,7.0222
27.4383,128.039,185.836,0.222,19.5933,7.08308
27.6884,127.939,185.836,0.231,19.5959,7.15822
27.9383,128.06,186.32,0.251,19.5985,7.22412
28.1884,131.926,186.32,0.272,19.6122,7.29228
28.4383,132.077,186.32,0.288,19.5987,7.36474
28.6883,115.997,185.812,0.301,20.0018,7.43493
28.9383,140.002,185.984,0.343,19.5989,7.50336
29.1883,115.976,185.984,0.379,19.6005,7.57702
29.4384,139.978,185.984,0.43,19.6024,7.6434
29.6884,119.99,185.984,0.455,19.6014,7.71531
29.9384,140.015,186.453,0.509,19.6094,7.78697
30.1883,120.01,186.453,0.533,19.22,7.85352
30.4383,136.032,186.48,0.59,19.2211,7.92758
30.6883,119.998,186.48,0.617,18.849,7.9986
30.9385,127.9,186.48,0.668,18.8478,8.07321
31.1884,124.061,186.836,0.704,18.8492,8.14461
31.4385,131.947,186.836,0.755,18.4934,8.22087
31.6883,128.075,186.836,0.787,18.8488,8.29627
31.9384,127.964,186.836,0.835,18.8461,8.36579
32.1883,132.025,186.836,0.873,18.8493,8.43701
32.4383,124.032,186.836,0.923,18.4936,8.51067
32.6884,123.932,186.836,0.957,18.8525,8.58165
32.9383,136.054,186.836,1.001,18.85,8.6571
33.1883,116.032,187.32,1.036,19.2153,8.72712
33.4384,139.92,187.32,1.09,18.8541,8.80212
33.6882,116.088,187.32,1.126,18.4958,8.8751
33.9384,127.921,187.32,1.173,18.8501,8.93522
34.1883,124.039,187.32,1.202,18.846,8.98995
34.4383,127.999,187.32,1.236,18.8492,9.03702
34.6883,111.973,187.402,1.26,19.2178,9.0721
34.9384,139.977,187.402,1.27,18.5593,9.07468
35.1884,124.016,187.402,1.274,18.929,9.07662
35.4383,140.001,187.402,1.275,18.9281,9.07779
35.6884,131.995,187.484,1.277,18.916,9.07998
35.9383,148.007,187.484,1.27,19.2863,9.08274
36.1883,131.999,187.484,1.265,19.2997,9.08595
36.4384,147.983,187.484,1.265,19.3014,9.0892
36.6883,140.018,187.484,1.265,18.9241,9.09311
36.9384,143.968,187.555,1.265,18.9075,9.09811
37.1883,132.029,187.555,1.264,18.9299,9.10304
37.4383,147.997,187.555,1.267,19.215,9.1079
37.6883,140.005,187.555,1.276,19.2112,9.11339
37.9384,151.976,187.676,1.274,19.2015,9.11813
38.1883,136.019,187.676,1.276,19.2145,9.13585
38.4384,143.994,187.676,1.287,19.2227,9.18232
38.6884,139.993,187.676,1.286,19.2143,9.2387
38.9383,156.013,187.746,1.264,19.2005,9.2967
39.1883,124.001,187.746,1.251,19.6025,9.35805
39.3891,144.468,187.746,1.215,19.2122,9.4182
39.6383,124.388,187.746,1.175,18.8478,9.4938
39.8884,139.949,187.871,1.146,18.489,9.56527
40.1383,132.049,187.871,1.103,18.1373,9.63887
40.3883,123.976,187.871,1.074,18.1373,9.70283
40.6383,144.031,187.871,1.034,17.8119,9.77688
40.8884,127.967,187.945,1.008,17.8172,9.84572
41.1383,140.016,187.945,0.974,17.8145,9.91039
41.3884,135.951,187.945,0.948,17.8206,9.98393
41.6383,132.042,187.945,0.907,17.8256,10.0612
41.8884,135.983,188.094,0.884,17.8174,10.1294
42.1383,128.034,188.094,0.846,17.8046,10.1989
42.3884,131.97,188.094,0.82,18.4919,10.2641
42.6383,136.03,188.094,0.782,18.4813,10.3373
42.8884,139.975,188.164,0.756,18.4855,10.4114
43.1383,128.021,188.164,0.726,18.853,10.4773
43.3884,135.98,188.164,0.696,18.4926,10.5502
43.6383,128.032,188.164,0.664,18.166,10.6276
43.8889,123.712,188.211,0.637,18.1469,10.6978
44.1384,140.29,188.211,0.608,18.1495,10.7664
44.3884,127.988,188.211,0.598,18.1378,10.8319
44.6383,144.019,188.211,0.577,17.8076,10.9024
44.8884,127.994,188.211,0.561,17.8323,10.9729
45.1384,140.001,188.258,0.541,17.8142,11.0362
45.3883,124.025,188.258,0.525,17.4988,11.1081
45.6383,128.012,188.258,0.497,17.5013,11.1861
45.8883,131.965,188.258,0.497,17.4955,11.2578
46.1383,136,188.305,0.504,17.7974,11.3326
46.3884,135.993,188.305,0.522,18.1363,11.3994
46.6383,132.008,188.305,0.552,17.8042,11.4743
46.8884,127.974,188.305,0.574,18.1324,11.5416
47.1383,140.052,188.352,0.616,18.4746,11.6079
47.3884,135.968,188.352,0.659,18.1439,11.6791
47.6383,144.02,188.352,0.712,18.4893,11.7552
47.8883,128.017,188.352,0.752,18.1364,11.8229
48.1383,143.979,188.422,0.691,18.1134,11.891
48.3884,127.989,188.422,0.656,18.4873,11.9581
48.6383,128.006,188.422,0.619,18.4795,12.0268
48.8883,135.995,188.422,0.575,18.1403,12.1031
49.1383,132.019,188.914,0.513,18.4944,12.1743
49.3884,135.978,188.914,0.49,18.1502,12.2472
49.6384,128.001,188.914,0.431,18.1614,12.3174
49.8884,131.998,188.914,0.397,17.8274,12.3954
50.1383,140.005,189.016,0.345,17.8179,12.4688
50.3884,127.994,189.016,0.31,17.8204,12.5347
50.6384,140.004,189.016,0.279,17.8139,12.6113
50.8884,127.977,189.016,0.276,17.8534,12.6786
51.1383,148.035,189.102,0.274,17.8226,12.736
51.3883,131.994,189.102,0.276,17.5012,12.7942
51.6383,148.036,189.102,0.285,17.5036,12.8515
51.8884,135.965,188.621,0.292,17.5012,12.9064
52.1383,136.01,188.746,0.3,17.5007,12.9644
52.3884,135.961,188.746,0.293,17.4987,13.0234
52.6383,128.05,188.746,0.307,17.8225,13.0905
52.8884,135.962,188.746,0.315,17.8174,13.1549
53.1383,140.051,188.793,0.331,17.8184,13.2129
53.3884,135.959,188.793,0.333,17.8223,13.2694
53.6383,148.015,188.793,0.332,18.152,13.333
53.8884,127.973,188.793,0.33,18.1483,13.3936
54.1383,144.023,188.828,0.332,18.1511,13.453
54.3883,136.009,188.828,0.334,18.4996,13.5056
54.6383,143.999,188.828,0.335,18.4865,13.5612
54.8884,127.983,188.828,0.317,18.5079,13.6247
55.1384,144.001,188.828,0.312,18.4899,13.6861
55.3884,128.006,188.879,0.319,18.1489,13.7574
55.6383,124.004,188.879,0.335,18.4921,13.8265
55.8884,127.997,188.879,0.349,18.8502,13.8967
56.1383,132.032,188.879,0.364,18.4921,13.9642
56.3883,131.978,188.879,0.373,18.5216,14.0311
56.6383,135.994,188.91,0.391,18.4887,14.0969
56.8883,124.002,188.91,0.398,18.513,14.1693
57.1383,128.002,188.91,0.405,18.4816,14.2319
57.3884,135.981,188.969,0.408,18.1407,14.2974
57.6384,124.008,188.969,0.408,18.4939,14.371
57.8884,127.998,188.969,0.4,18.8416,14.438
58.1383,136.012,188.969,0.395,18.8533,14.5104
58.3884,127.974,189.016,0.39,18.832,14.5804
58.6383,140.022,189.016,0.385,19.2106,14.6506
58.8884,123.984,189.016,0.383,19.2286,14.7225
59.1383,128.046,188.52,0.377,19.2004,14.7934
59.3884,143.952,188.578,0.373,19.5963,14.8645
59.6383,128.024,188.578,0.37,19.5978,14.9357
59.8884,127.985,188.578,0.369,19.6069,15.0051
60.1384,136.001,188.578,0.368,19.5715,15.0807
60.3884,123.993,188.617,0.368,19.6043,15.1527
60.6383,140.031,188.617,0.368,19.5996,15.2291
60.8883,123.982,188.617,0.368,19.2251,15.3049
61.1384,127.997,188.617,0.368,19.2055,15.3755
61.3884,135.995,188.633,0.368,18.8457,15.4505
61.6383,128.038,188.633,0.368,18.848,15.5218
61.8884,123.968,188.633,0.373,18.4892,15.5949
62.1383,136.004,188.637,0.378,18.1595,15.6632
62.3891,131.601,188.637,0.379,18.4932,15.7349
62.6383,136.413,188.637,0.38,18.4907,15.8103
62.8884,127.999,188.637,0.381,18.1442,15.8817
63.1383,128.002,188.637,0.381,18.1589,15.9448
63.3886,139.852,188.645,0.381,17.8151,16.0139
63.6383,128.158,188.645,0.377,18.1456,16.0839
63.8884,123.971,188.645,0.373,17.8259,16.1542
64.1383,136.024,188.645,0.368,18.1465,16.2248
64.389,127.638,188.645,0.365,18.4868,16.2955
64.6383,132.363,188.645,0.361,18.1383,16.3717
64.8884,131.971,188.645,0.355,18.4908,16.4448
65.1383,124.041,188.645,0.349,18.5016,16.5107
65.3899,131.144,188.645,0.348,18.1443,16.5825
65.6384,136.873,188.801,0.346,18.489,16.6541
65.8883,128.021,188.801,0.345,18.1464,16.7282
66.1383,135.983,188.801,0.338,18.1395,16.8001
66.3886,119.894,188.801,0.334,18.4892,16.8694
66.6383,132.143,188.801,0.331,18.1515,16.9421
66.8883,132.011,188.801,0.324,17.8048,17.0163
67.1383,123.963,188.801,0.306,17.8195,17.0781
67.3884,127.992,188.801,0.306,17.8308,17.1466
67.6384,135.994,189.004,0.307,17.819,17.2164
67.8884,123.987,189.004,0.305,17.501,17.2936
68.1383,128.027,189.004,0.302,17.4963,17.3659
68.3884,135.953,189.004,0.303,17.5032,17.4332
68.6383,128.044,189.004,0.304,17.4823,17.5011
68.8884,139.99,189.004,0.311,17.8266,17.566
69.1383,128.036,189.004,0.318,17.8222,17.6248
69.3883,135.983,189.004,0.338,17.8175,17.6876
69.6383,136.009,189.004,0.358,18.1659,17.7405
69.8884,131.964,189.004,0.382,17.8201,17.7969
70.1383,140.024,189.004,0.396,18.1429,17.8556
70.3884,135.993,189.004,0.42,18.4844,17.9072
70.6383,128.019,189.004,0.424,18.1472,17.9631
70.8884,131.977,189.004,0.43,18.492,18.0224
71.1383,144.024,189.004,0.431,18.4847,18.0787
71.3884,131.97,189.004,0.427,18.4975,18.1427
71.6383,140.014,189.004,0.41,18.4928,18.2135
71.8884,127.961,189.004,0.382,18.8472,18.2835
72.1384,128.01,189.004,0.382,18.4915,18.3405
72.3883,136.036,189.004,0.371,18.8468,18.3986
72.6384,131.994,189.004,0.376,18.489,18.4691
72.8883,128.002,189.004,0.382,18.4909,18.5439
73.1384,123.988,189.004,0.386,18.8505,18.6063
73.3883,132.017,189.004,0.392,18.4934,18.6721
73.6383,124.004,189.004,0.392,18.8495,18.7444
73.8884,123.983,189.004,0.387,18.4852,18.816
74.1383,132.02,189.004,0.385,18.4912,18.8883
74.3884,119.984,189.004,0.384,18.4951,18.9528
74.6383,140.02,189.305,0.388,18.4845,19.0288
74.8883,123.991,189.305,0.392,18.5008,19.1055
75.1383,128.013,189.305,0.393,18.8587,19.1745
75.3884,131.984,189.305,0.395,18.1459,19.2402
75.6383,124.003,189.305,0.397,18.1496,19.3077
75.8884,131.953,189.305,0.396,17.8194,19.3857
76.1383,124.048,189.305,0.396,17.8169,19.4601
76.3884,127.991,189.305,0.396,17.8167,19.5236
76.6384,131.992,189.305,0.396,18.1465,19.5984
76.8883,128.013,189.305,0.396,18.1457,19.6758
77.1383,124.027,189.305,0.396,17.8174,19.7475
77.3884,135.957,189.305,0.396,17.8264,19.8219
77.6384,124.007,189.305,0.396,18.1513,19.8901
77.8884,131.997,189.305,0.396,17.822,19.9669
78.1383,136.011,189.305,0.396,18.1456,20.0336
78.3884,123.994,189.305,0.396,18.4917,20.1018
78.6383,124.008,189.305,0.398,18.492,20.1764
78.8884,131.99,189.305,0.35,18.8489,20.2401
79.1383,124.009,189.305,0.317,18.4846,20.3103
79.3883,127.997,189.305,0.286,18.1478,20.3762
79.6383,124.025,189.305,0.272,18.4939,20.4455
79.8884,139.969,189.305,0.268,18.4797,20.52
80.1383,124.004,189.305,0.269,18.499,20.5819
80.3884,135.987,189.305,0.271,18.8446,20.6408
80.6384,123.999,189.305,0.276,18.4847,20.715
80.8884,136.011,189.305,0.277,18.4979,20.791
81.1383,124.034,189.305,0.281,18.4759,20.8585
81.3884,131.918,189.305,0.283,17.8125,20.9309
81.6383,132.079,189.305,0.284,17.4988,21.0018
81.8884,123.96,189.785,0.284,17.5018,21.078
82.1383,128.014,189.785,0.284,17.4954,21.1493
82.3884,119.992,189.785,0.285,17.5031,21.2167
82.6383,124.009,189.785,0.291,17.1932,21.2932
82.8884,131.987,189.785,0.308,17.1979,21.3651
83.1383,128.035,189.785,0.338,16.9001,21.442
83.3886,127.854,189.785,0.392,16.8983,21.5167
83.6383,128.121,189.785,0.434,16.9082,21.5863
83.8883,128,189.785,0.474,16.8994,21.6623
84.1383,136,189.785,0.475,17.1899,21.7377
84.3884,119.999,189.785,0.481,17.8214,21.8082
84.6383,124.032,189.785,0.485,18.1528,21.8835
84.8883,131.967,189.789,0.491,18.4939,21.9608
85.1383,124.003,189.789,0.494,18.4914,22.0324
85.3884,127.995,189.789,0.497,18.1512,22.1068
85.6383,124.002,189.789,0.498,18.4916,22.1771
85.8883,124.001,189.789,0.499,18.1498,22.25
86.1383,136.028,189.789,0.5,18.4752,22.3249
86.3883,124.005,189.789,0.502,18.4878,22.3962
86.6384,119.964,189.789,0.501,18.4938,22.4706
86.8885,131.927,189.789,0.5,18.4959,22.5264
87.1383,128.082,189.789,0.5,18.4945,22.5757
87.3884,123.992,189.789,0.501,18.1495,22.6185
87.6383,128.023,189.789,0.502,18.4946,22.6556
87.8884,123.98,189.789,0.506,18.4907,22.6666
88.1383,132.006,189.789,0.509,18.4873,22.6674
88.3885,131.897,189.789,0.503,18.8498,22.668
88.6383,120.095,189.789,0.504,18.8324,22.6688
88.8884,135.982,189.789,0.502,18.8494,22.6699
89.1384,136.003,189.789,0.501,19.2164,22.6718
89.3884,127.996,189.789,0.499,18.8454,22.6729
89.6383,136.015,189.789,0.498,18.8484,22.6739
89.9884,137.14,189.797,0.497,19.997,22.6758
90.2384,127.984,189.809,0.497,19.2003,22.6776
90.4884,156.005,189.809,0.498,19.2138,22.6792
90.7383,132.015,189.809,0.497,19.2091,22.6813
90.9884,139.997,189.82,0.498,19.2025,22.6825
91.2383,132.023,189.82,0.499,19.219,22.6844
91.4884,163.964,189.82,0.501,18.8327,22.6984
91.7383,128.01,189.82,0.512,18.8423,22.75
91.9883,143.997,189.82,0.53,19.1982,22.8023
92.2383,136.03,189.879,0.542,19.206,22.866
92.4883,147.97,189.879,0.541,18.8485,22.9394
92.7383,128.004,189.879,0.54,19.2273,22.9972
92.9883,135.994,189.879,0.54,18.4856,23.061
93.2383,136.006,189.887,0.544,18.8546,23.1268
93.4883,131.998,189.887,0.553,18.4863,23.1986
93.7384,131.989,189.887,0.558,18.5007,23.2671
93.9883,128.008,189.887,0.562,18.4916,23.3353
94.2384,127.997,189.938,0.563,18.4904,23.4117
94.4884,140,189.938,0.563,18.493,23.4827
94.7383,124.029,189.938,0.563,18.14,23.5574
94.9884,131.966,189.938,0.563,18.1379,23.6309
95.2383,136.005,189.945,0.561,18.148,23.6993
95.4884,135.999,189.945,0.561,17.8139,23.7722
95.7383,124.034,189.945,0.521,18.4948,23.8467
95.9884,139.946,189.945,0.467,18.84,23.9175
96.2383,128.044,189.945,0.431,18.8381,23.9906
96.4884,143.964,189.945,0.405,19.2146,24.0657
96.7383,124.003,189.945,0.394,18.8435,24.1322
96.9883,124.001,189.945,0.383,18.4915,24.2031
97.2383,136.009,189.945,0.384,18.8463,24.2677
97.4883,127.991,189.945,0.379,18.8404,24.3424
97.7384,123.991,189.945,0.376,18.493,24.4168
97.9884,140.008,189.945,0.372,18.846,24.4835
98.2384,124.001,189.945,0.37,18.8478,24.5561
98.4884,143.997,189.945,0.355,18.8479,24.6216
98.7383,124.03,189.945,0.322,18.832,24.6947
98.9884,131.97,189.945,0.292,18.834,24.7698
99.2383,136.035,189.945,0.281,19.2109,24.8385
99.4884,135.963,189.945,0.282,19.2195,24.9088
99.7383,120.034,189.945,0.292,18.8399,24.9776
99.9884,139.95,189.945,0.321,18.8418,25.0364
100.238,136.021,189.945,0.351,18.8479,25.0997
100.488,131.981,189.945,0.42,19.2213,25.1737
100.738,120.009,189.945,0.465,19.2028,25.2379
100.988,140,189.945,0.497,18.8371,25.3037
101.238,124.024,189.945,0.494,18.8474,25.3701
101.488,143.974,189.945,0.48,18.8314,25.4427
101.738,124.001,189.945,0.477,18.8541,25.5168
101.988,139.999,189.945,0.475,19.2077,25.5864
102.238,120.013,189.945,0.466,18.854,25.6578
102.488,143.983,189.945,0.455,19.2171,25.7295
102.738,132.014,189.945,0.449,19.2109,25.799
102.988,123.974,189.945,0.447,19.2178,25.8676
103.238,136.04,189.945,0.433,19.2191,25.9366
103.488,127.967,189.945,0.427,19.215,26.0087
103.738,124.017,189.945,0.41,19.2047,26.0756
103.988,135.992,189.945,0.409,19.2128,26.1452
104.238,123.999,189.945,0.398,19.2012,26.2196
104.488,148.002,189.945,0.388,19.2188,26.291
104.738,124.014,189.945,0.382,19.597,26.3617
104.988,131.985,189.945,0.369,19.5947,26.4324
105.238,131.997,189.945,0.369,19.601,26.5023
105.488,136.006,190.008,0.369,19.5857,26.5784
105.738,128.009,190.008,0.369,19.6146,26.6503
105.988,135.991,190.008,0.368,20.0003,26.7161
106.238,123.992,189.406,0.368,20.0008,26.7927
106.488,144.006,189.406,0.368,20.0115,26.8681
106.738,120.026,189.406,0.368,19.9984,26.9343
106.988,131.971,189.406,0.368,20,27.003
107.238,136.01,189.406,0.368,19.9991,27.0753
107.488,131.991,189.406,0.368,19.5917,27.143
107.738,128.002,189.406,0.368,19.6059,27.2161
107.988,139.949,189.406,0.368,19.6082,27.2826
108.238,124.071,189.406,0.367,19.572,27.352
108.439,139.224,189.406,0.364,19.6081,27.4024
108.688,136.573,189.406,0.36,19.2187,27.4666
108.938,132.004,189.406,0.359,19.2289,27.5295
109.188,128.001,189.406,0.363,19.2107,27.5895
109.438,147.993,189.406,0.364,18.8443,27.6474
109.688,136.008,189.406,0.371,18.8491,27.7009
109.938,140,189.406,0.38,19.2102,27.7559
110.188,131.994,189.406,0.385,19.2116,27.8097
110.438,147.989,189.406,0.392,19.2141,27.8609
110.688,136.01,189.406,0.394,19.2157,27.918
110.89,134.217,189.406,0.388,19.2241,27.9649
111.138,136.645,189.406,0.371,19.2147,28.0346
111.388,123.995,189.406,0.374,18.8463,28.107
111.638,128.001,189.406,0.372,18.8337,28.1773
111.888,131.981,189.406,0.368,19.2182,28.2454
112.139,135.594,189.406,0.363,19.2137,28.3062
112.388,120.375,189.406,0.337,19.2266,28.3732
112.638,131.941,189.48,0.359,19.214,28.4479
112.888,132.062,189.48,0.368,19.2192,28.513
113.138,128.004,189.48,0.376,18.8351,28.5802
113.388,135.991,189.48,0.378,18.4869,28.6542
113.638,127.991,189.48,0.378,18.8453,28.7249
113.888,140.01,189.48,0.372,19.215,28.8024
114.138,128.003,189.48,0.37,19.2186,28.8722
114.388,123.995,189.48,0.369,19.2193,28.9418
114.638,135.975,189.48,0.368,18.8437,29.0202
114.888,120.024,189.48,0.368,18.8457,29.0917
115.138,131.999,189.48,0.368,18.8448,29.1681
115.388,127.96,189.48,0.367,18.8469,29.2412
115.638,128.044,189.48,0.368,19.2122,29.3099
115.888,135.955,189.48,0.368,19.5992,29.3808
116.138,128.036,189.48,0.368,19.602,29.4488
116.388,123.956,189.48,0.373,19.6019,29.5193
116.638,148.062,189.48,0.378,19.1953,29.5955
116.888,127.971,189.48,0.379,19.221,29.6652
117.138,128.032,189.48,0.381,19.6002,29.73
117.388,131.983,189.48,0.386,19.2138,29.8047
117.638,128.045,189.48,0.391,19.2104,29.8742
117.888,135.949,189.48,0.397,19.215,29.9463
118.138,120.029,189.48,0.404,18.8551,30.0134
118.388,119.983,189.48,0.407,18.8488,30.0829
118.638,136.032,189.48,0.416,18.8476,30.1589
118.888,123.967,189.52,0.419,18.8373,30.2252
119.138,123.995,189.52,0.426,18.8433,30.298
119.388,136.008,189.52,0.429,18.8668,30.3642
119.638,132.021,189.52,0.431,18.8384,30.4374
119.888,123.986,189.52,0.431,18.8449,30.5133
120.138,135.984,189.551,0.431,18.852,30.5787
120.388,123.997,189.551,0.428,18.4893,30.6515
120.638,128.022,189.551,0.425,18.1359,30.7292
120.888,135.988,189.586,0.424,18.4992,30.8015
121.138,124.014,189.586,0.424,18.4849,30.8728
121.388,127.985,189.586,0.424,18.487,30.9416
121.638,128.005,189.586,0.423,18.8434,31.0133
121.888,131.975,189.586,0.413,18.8295,31.0874
122.138,132.054,189.586,0.411,18.8472,31.157
122.388,123.936,189.586,0.401,19.2291,31.2239
122.638,132.042,189.027,0.4,19.2092,31.3031
122.888,131.971,189.027,0.398,19.5954,31.3739
123.138,124.057,189.027,0.39,19.6125,31.4439
123.388,132.001,189.027,0.37,19.5983,31.507
123.638,127.965,189.027,0.365,19.6052,31.5753
123.888,124.006,189.027,0.346,19.6061,31.6514
124.138,128.025,189.027,0.332,19.6026,31.7168
124.388,127.991,189.031,0.318,19.6179,31.7831
124.638,136.014,189.031,0.305,19.5953,31.8558
124.888,123.965,189.031,0.3,19.6107,31.9221
125.138,124.016,189.031,0.308,19.2094,31.992
125.389,131.891,189.031,0.313,19.22,32.0577
125.638,136.106,189.031,0.323,19.6059,32.1158
125.888,139.986,189.031,0.333,19.2165,32.1784
126.138,132.039,189.031,0.348,19.2182,32.2351
126.388,131.964,189.031,0.364,19.2212,32.2864
126.638,136.007,189.031,0.386,18.8426,32.3485
126.888,127.994,189.035,0.394,18.8537,32.4112
127.138,136.033,189.035,0.418,18.4822,32.4854
127.388,119.97,189.035,0.431,18.152,32.5573
127.638,132.025,189.035,0.449,18.4998,32.6241
127.888,124.004,189.035,0.462,18.4934,32.6929
128.138,127.984,189.035,0.482,18.4934,32.7615
128.389,131.722,189.035,0.49,18.8527,32.8303
128.638,128.257,189.035,0.523,18.8585,32.9047
128.888,131.984,189.035,0.541,18.8489,32.9723
129.139,127.851,189.406,0.563,19.2194,33.0431
129.388,128.158,189.406,0.573,19.2194,33.1087
129.638,124.033,189.406,0.577,19.617,33.1655
129.888,119.945,189.406,0.583,20.0072,33.2177
130.138,128.033,189.406,0.6,20.0041,33.2573
130.388,119.995,189.406,0.603,20.0074,33.2923
130.638,128.036,189.406,0.603,19.9889,33.2965
130.888,127.939,189.406,0.604,20.0107,33.2973
131.138,132.04,189.406,0.604,19.9942,33.2983
131.388,123.975,189.406,0.61,19.6016,33.2995
131.638,135.992,189.406,0.611,19.5933,33.3008
131.888,140.021,189.406,0.616,19.2168,33.302
132.138,128.039,189.414,0.62,20.4098,33.3038
132.388,135.985,189.414,0.626,19.2128,33.3046
132.638,136.01,189.414,0.623,18.842,33.3054
132.888,131.957,189.414,0.628,18.8305,33.3071
133.138,132.034,189.414,0.628,18.8298,33.3088
133.388,131.993,189.414,0.629,18.8304,33.31
133.638,140.012,189.414,0.629,18.8312,33.3113
133.888,131.98,189.414,0.63,18.8248,33.3124
134.138,136.025,189.414,0.63,19.2028,33.3142
134.388,135.947,189.414,0.629,19.5852,33.3149
134.638,140.04,189.414,0.628,18.4784,33.3177
134.888,148.017,189.414,0.599,19.5957,33.3555
135.138,143.975,189.414,0.555,19.9993,33.4124
135.389,135.879,189.414,0.535,19.998,33.4664
135.638,136.144,189.414,0.52,19.9898,33.5275
135.888,123.969,189.414,0.525,20.0015,33.6036
136.138,132.028,189.414,0.54,19.9981,33.6713
136.388,131.913,189.414,0.562,19.9958,33.7446
136.638,128.091,189.414,0.54,19.9996,33.8195
136.888,131.946,189.414,0.513,20.0082,33.8915
137.138,124.05,189.414,0.493,19.5954,33.9683
137.388,139.975,189.414,0.474,19.2191,34.0395
137.638,128.012,189.414,0.433,19.2132,34.1097
137.888,123.985,189.414,0.409,19.2199,34.1848
138.138,140.029,189.414,0.368,19.2174,34.2407
138.389,135.808,189.414,0.345,18.8382,34.3021
138.638,136.186,189.414,0.306,18.8496,34.3687
138.888,127.965,189.414,0.282,18.8465,34.4377
139.138,124.023,189.414,0.26,18.8346,34.5102
139.388,135.972,189.414,0.257,18.8465,34.5731
139.638,132.043,189.414,0.266,19.2138,34.6321
139.888,131.957,189.414,0.275,19.5955,34.6989
140.138,140.046,189.414,0.278,19.6016,34.7591
140.388,139.985,189.414,0.283,19.5983,34.8159
140.638,136.004,189.414,0.3,19.9903,34.8774
140.888,136.006,189.414,0.309,20.0084,34.9394
141.138,139.962,189.414,0.319,19.9967,35.0091
141.388,123.984,189.414,0.325,19.9949,35.0773
141.638,128.059,189.414,0.329,19.9975,35.1483
141.888,127.965,189.414,0.331,20.0037,35.2245
142.138,128.031,189.414,0.333,19.9985,35.294
142.388,127.915,189.414,0.337,20.0103,35.3661
142.638,136.087,189.414,0.343,19.5601,35.4407
142.888,127.959,189.414,0.345,19.5957,35.5122
143.138,135.972,189.414,0.354,19.6101,35.59
143.388,128.031,189.914,0.363,19.6013,35.6632
143.638,128.035,189.914,0.394,19.6014,35.7346
143.888,132.007,189.914,0.424,19.2118,35.8111
144.138,124,189.914,0.449,19.2158,35.8858
144.388,139.945,189.914,0.447,19.2137,35.9556
144.638,128.025,189.914,0.437,19.2101,36.0318
144.888,123.971,189.914,0.428,19.2121,36.1036
145.138,140.061,189.914,0.431,19.6373,36.1813
145.388,123.909,189.914,0.43,19.6056,36.2523
145.638,136.1,189.914,0.451,19.6017,36.3215
145.888,123.963,189.914,0.47,19.6027,36.3965
146.138,140.041,189.914,0.51,19.591,36.468
146.388,123.936,189.914,0.51,19.5977,36.54
146.638,128.053,189.914,0.499,19.2143,36.6133
146.888,135.953,189.914,0.466,19.2199,36.6837
147.138,128.055,189.914,0.425,18.8484,36.7623
147.388,131.934,189.914,0.41,18.845,36.8372
147.638,128.068,189.914,0.395,18.8613,36.908
147.888,123.999,189.914,0.388,18.8437,36.9827
148.138,131.999,189.914,0.391,18.8515,37.0499
148.388,123.963,189.914,0.393,18.8491,37.1215
148.638,136.006,189.914,0.394,18.8404,37.1976
148.888,127.988,189.914,0.396,19.2276,37.2676
149.138,124.047,189.914,0.402,19.6006,37.3433
149.388,135.932,189.914,0.406,19.5765,37.4171
149.638,128.048,189.914,0.407,19.9824,37.4876
149.888,123.982,189.914,0.408,19.6021,37.5648
150.138,132.03,189.914,0.409,19.606,37.6356
150.388,119.986,189.914,0.412,19.6044,37.7099
150.638,128.02,189.996,0.419,19.5989,37.7853
150.888,127.949,189.996,0.421,19.5985,37.8525
151.138,124.046,189.996,0.422,19.608,37.9249
151.388,123.962,189.996,0.424,19.6038,38.0006
151.638,132.042,189.996,0.428,19.6016,38.0705
151.888,119.992,189.996,0.43,19.2189,38.142
152.138,132.005,189.996,0.438,19.2183,38.2092
152.389,127.527,189.996,0.442,19.6017,38.2825
152.638,128.386,189.996,0.448,19.6,38.356
152.888,136.052,189.996,0.454,19.6039,38.424
153.138,120.039,189.996,0.462,19.6057,38.4896
153.388,119.997,189.492,0.467,19.6029,38.5628
153.638,140.004,189.492,0.471,19.597,38.6299
153.888,123.967,189.492,0.47,19.6034,38.7014
154.138,128.038,189.492,0.474,19.6029,38.7724
154.388,119.99,189.492,0.486,20.013,38.8311
154.638,132.009,189.492,0.497,19.9919,38.884
154.888,131.966,189.492,0.505,20.005,38.9249
155.138,120.028,189.492,0.513,20.0019,38.9619
155.389,127.731,189.492,0.52,20.0016,38.9705
155.638,132.271,189.492,0.528,19.9902,38.9721
155.888,127.982,189.492,0.524,20.0039,38.9727
156.138,128.028,189.492,0.532,19.9992,38.9731
156.388,123.947,189.492,0.532,20.0012,38.9738
156.638,128.051,189.492,0.529,20.0037,38.9743
156.888,127.992,189.492,0.533,20.0001,38.9749
157.138,127.983,189.492,0.537,19.9981,38.9754
157.388,119.992,189.492,0.533,19.9872,38.976
157.638,132.04,189.492,0.538,19.996,38.9763
157.888,131.928,189.492,0.54,20.0025,38.9767
158.138,124.069,189.492,0.541,20.0128,38.9772
158.388,135.993,189.492,0.542,19.6003,38.9777
158.638,131.997,189.492,0.545,19.6016,38.9781
158.888,123.976,189.492,0.545,19.5953,38.9786
159.138,136.027,189.492,0.548,19.5973,38.9793
159.388,119.974,189.492,0.548,19.2206,38.9796
159.638,136.039,189.492,0.549,19.214,38.9802
159.888,123.961,189.492,0.549,19.2114,38.9807
160.139,151.724,189.492,0.551,19.2351,38.9812
160.388,136.248,189.492,0.551,18.8466,38.9819
160.638,124.035,189.492,0.549,18.8453,38.9822
160.888,131.96,189.492,0.551,19.2251,38.9829
161.138,132.021,189.492,0.551,19.2171,38.9833
161.388,123.942,189.492,0.55,19.2183,38.9839
161.638,136.051,189.492,0.551,19.2092,38.9843
161.888,120.025,189.492,0.552,19.2143,38.9848
162.138,136.006,189.492,0.551,19.2155,38.9854
162.388,123.96,189.492,0.552,19.2175,38.9862
162.638,132.043,189.492,0.551,19.2155,38.9871
162.889,131.881,189.492,0.551,19.5966,38.988
163.138,128.115,189.492,0.551,19.2105,38.9893
163.388,131.948,189.492,0.552,19.2139,38.9911
163.638,140.056,189.492,0.551,18.8517,38.9923
163.889,131.452,189.492,0.551,18.8489,38.9933
164.138,140.586,189.492,0.541,18.8439,38.9946
164.388,131.888,189.492,0.529,19.2229,38.9956
164.638,144.113,189.492,0.526,19.2149,38.9967
164.888,131.933,189.492,0.525,19.2154,38.9981
165.09,154.169,189.492,0.519,19.2134,38.9991
165.338,124.577,189.555,0.517,19.2158,39.0008
165.688,137.095,189.555,0.513,20.2878,39.0026
165.938,124.047,189.555,0.515,19.9958,39.0036
166.191,134.694,189.555,0.519,19.9947,39.0055
166.438,141.378,189.555,0.518,19.992,39.0064
166.689,123.919,189.555,0.514,20.0009,39.0072
166.889,139.454,189.555,0.513,19.9876,39.0075
167.138,128.522,189.555,0.516,19.9864,39.0079
167.389,135.708,189.555,0.516,19.9969,39.0085
167.638,136.277,189.555,0.514,19.9873,39.0088
167.89,123.35,189.555,0.515,19.5957,39.0093
168.138,144.78,189.555,0.521,19.3113,39.0098
168.388,119.933,189.555,0.514,20,39.0102
168.638,136.054,189.555,0.516,19.9989,39.0105
168.888,136.005,189.555,0.518,19.9962,39.0107
169.138,124.017,189.555,0.514,19.9917,39.0112
169.388,135.957,189.555,0.516,20.0064,39.0116
169.638,128.042,189.555,0.516,20.001,39.0119
169.888,127.963,189.555,0.518,19.5951,39.0124
170.138,132.04,189.555,0.521,19.6048,39.0127
170.393,161.216,189.555,0.523,19.5841,39.013
170.638,150.585,189.555,0.519,19.6124,39.0134
170.888,143.953,189.555,0.522,19.5989,39.0139
171.138,124.051,189.555,0.524,19.5944,39.0142
171.388,135.953,189.555,0.527,19.6037,39.0147
171.638,136.047,189.555,0.526,19.6076,39.0153
171.888,127.982,189.555,0.525,19.5982,39.0161
172.138,144.02,189.555,0.527,19.6009,39.0178
172.388,135.978,189.555,0.534,20.0133,39.0194
172.638,140.021,189.555,0.54,19.9992,39.021
172.889,139.883,190.066,0.546,20.0366,39.0227
173.138,140.12,190.066,0.549,20.0047,39.0234
173.388,143.934,190.066,0.55,20.0123,39.0246
173.638,148.033,190.07,0.551,19.9947,39.0256
173.888,135.923,190.07,0.554,19.6013,39.0272
174.138,144.113,190.07,0.559,19.5964,39.0287
174.388,135.926,190.07,0.552,19.6004,39.0301
174.638,152.084,190.07,0.537,19.6003,39.0685
174.888,135.953,190.07,0.482,19.599,39.1242
175.138,132.043,190.07,0.438,19.6005,39.1912
175.388,135.999,190.07,0.407,19.6012,39.2594
175.638,124.005,190.07,0.387,19.5956,39.3271
175.888,127.918,190.07,0.382,19.9974,39.4038
176.138,132.085,190.07,0.388,19.4918,39.4516
176.389,131.829,190.07,0.393,19.8757,39.5156
176.638,124.159,190.07,0.396,19.8801,39.5889
176.888,143.955,190.07,0.401,19.8749,39.6609
177.138,128.039,190.07,0.404,19.8819,39.7372
177.388,119.967,190.07,0.386,19.8808,39.8061
177.638,140.038,190.07,0.395,19.8793,39.878
177.888,127.926,190.07,0.404,19.8808,39.9546
178.138,124.068,190.078,0.406,19.8786,40.0232
178.388,139.935,190.078,0.408,19.1044,40.0931
178.638,128.066,190.078,0.409,20.0038,40.169
178.888,127.902,190.078,0.411,19.9863,40.2389
179.138,136.104,190.078,0.416,19.9952,40.3134
179.389,123.791,190.078,0.42,19.9888,40.3828
179.638,144.232,190.078,0.425,20.0038,40.4508
179.888,119.953,190.078,0.429,19.5959,40.5269
180.138,132.056,190.078,0.431,19.5945,40.5918
180.388,132.005,190.078,0.434,19.6011,40.6618
180.638,132.002,190.078,0.439,19.6001,40.7368
180.888,123.992,190.078,0.45,19.6013,40.8036
181.138,136.011,190.078,0.459,19.5983,40.8729
181.389,127.875,190.078,0.447,19.2118,40.9396
181.638,120.115,190.078,0.433,19.225,41.0141
181.888,139.947,190.078,0.397,19.2097,41.0882
182.138,124.044,190.078,0.371,19.2211,41.1533
182.389,135.74,190.078,0.347,19.6016,41.2237
182.638,132.258,190.078,0.332,19.606,41.2897
182.888,135.956,189.562,0.315,19.593,41.3514
183.138,140.04,189.562,0.304,19.6011,41.4183
183.388,131.92,189.562,0.306,19.599,41.4803
183.638,136.086,189.562,0.312,19.6033,41.5454
183.888,127.892,189.562,0.317,19.9951,41.6104
184.138,136.112,189.562,0.319,20.007,41.6669
184.388,135.998,189.562,0.321,19.9918,41.7233
184.638,136.006,189.562,0.303,20.0115,41.7841
184.888,139.935,189.562,0.296,19.9906,41.8421
185.138,136.045,189.562,0.296,20.0019,41.9063
185.39,131.212,189.562,0.304,19.6019,41.9751
185.638,132.817,189.562,0.312,19.6,42.0409
185.889,131.541,189.562,0.334,19.2069,42.1016
186.138,136.448,189.562,0.341,19.2173,42.167
186.388,127.975,189.562,0.345,18.8379,42.2402
186.638,128.047,189.562,0.346,18.8464,42.3118
186.888,131.972,189.566,0.349,18.8429,42.3773
187.138,128.029,189.566,0.356,18.8488,42.4537
187.388,127.94,189.566,0.364,18.8441,42.5195
187.638,128.056,189.566,0.373,18.8499,42.5918
187.888,132,189.566,0.398,18.8463,42.668
188.138,128.002,189.566,0.42,19.2244,42.7394
188.389,131.462,189.582,0.468,19.6002,42.8118
188.638,132.547,189.582,0.513,19.6007,42.8856
188.888,119.974,189.582,0.58,20.0007,42.9582
189.138,136.029,189.582,0.579,19.6024,43.0346
189.388,123.932,189.582,0.583,19.6017,43.1025
189.638,128.067,189.582,0.59,19.603,43.1752
189.888,127.978,189.582,0.593,19.5977,43.2453
190.138,120.02,189.582,0.596,19.6035,43.3141
190.388,127.929,189.582,0.6,19.6017,43.388
190.638,132.078,189.582,0.601,19.6039,43.4621
190.888,127.996,189.582,0.609,19.6107,43.5328
191.138,119.997,189.582,0.612,19.6046,43.6099
191.388,136.006,189.582,0.614,19.5998,43.6774
191.638,123.971,189.582,0.615,20.0149,43.7489
191.889,131.909,189.582,0.616,20.0004,43.8222
192.138,128.108,189.582,0.616,20.0088,43.8938
192.388,127.984,189.582,0.577,19.6074,43.9658
192.638,132.027,189.582,0.526,19.6032,44.0347
192.888,119.958,189.582,0.447,19.6048,44.0934
193.138,124.039,189.582,0.41,19.6034,44.1465
193.389,131.887,189.582,0.368,19.5997,44.1869
193.638,124.104,189.582,0.332,19.6028,44.2219
193.888,120.005,189.582,0.331,19.6014,44.2254
194.138,132,189.582,0.331,19.602,44.2263
194.389,131.458,189.582,0.33,19.5993,44.2273
194.638,136.562,189.582,0.328,19.6013,44.2285
194.888,127.972,189.582,0.327,19.9949,44.2292
195.138,136.032,189.582,0.318,20.0075,44.2305
195.388,139.924,189.582,0.318,19.9986,44.2319
195.638,136.073,189.582,0.318,19.601,44.2342
195.888,131.985,189.582,0.314,19.6021,44.2356
196.138,128.014,189.582,0.311,19.6007,44.2368
196.388,143.906,189.582,0.297,19.6063,44.2382
196.638,132.087,189.582,0.298,19.6004,44.2398
196.888,135.995,189.582,0.296,19.5952,44.2408
197.138,136.003,189.582,0.292,19.6,44.2416
197.488,137.113,189.59,0.294,20.407,44.2431
197.738,132.007,189.59,0.293,19.7074,44.2463
197.988,144.001,189.59,0.319,20.1073,44.2864
198.238,124.002,189.59,0.367,20.1175,44.3516
198.488,143.979,189.59,0.452,20.1145,44.4129
198.738,124.015,189.59,0.499,20.1056,44.4883
198.988,140,189.59,0.563,20.0955,44.5476
199.238,132.002,189.59,0.562,19.7091,44.6039
199.488,143.998,189.59,0.566,19.7101,44.6747
199.738,132.005,189.59,0.57,19.3194,44.743
199.988,131.994,189.59,0.581,18.9346,44.8032
200.238,132.003,189.59,0.586,19.2186,44.8702
200.488,144,189.59,0.589,19.2164,44.9393
200.738,128.002,189.59,0.576,19.2057,45.0134
200.988,127.997,189.59,0.575,19.2262,45.0767
201.238,132.005,189.59,0.566,19.1891,45.1442
201.488,135.979,189.59,0.572,19.2282,45.2206
201.738,116.018,189.59,0.573,19.2153,45.2887
201.988,139.994,189.59,0.575,19.211,45.3632
202.238,124.002,189.59,0.578,19.6106,45.4388
202.488,139.996,189.59,0.579,19.6179,45.5099
202.738,128.005,190.059,0.581,19.5795,45.5857
202.988,131.919,190.062,0.524,19.5792,45.6552
203.238,132.083,190.062,0.489,19.2203,45.7262
203.488,131.997,190.062,0.451,19.2157,45.8033
203.738,132.001,190.062,0.434,18.8392,45.8724
203.988,139.998,190.062,0.423,18.8341,45.9465
204.238,115.997,190.062,0.424,19.2162,46.0169
204.488,143.998,190.062,0.424,18.8447,46.088
204.738,128.008,190.062,0.424,18.8441,46.1595
204.988,123.997,190.062,0.425,18.8458,46.2276
205.238,131.998,190.062,0.425,18.8411,46.3016
205.488,136.005,190.062,0.42,18.8442,46.3743
205.738,127.996,190.062,0.379,19.2187,46.4429
205.988,135.994,190.062,0.324,19.1763,46.5163
206.238,124.006,190.062,0.298,19.6144,46.5862
206.488,131.963,190.062,0.272,19.5987,46.6624
206.738,140.04,190.066,0.27,19.209,46.7303
206.988,135.995,190.066,0.285,19.6114,46.7908
207.238,132.007,190.066,0.296,19.5884,46.8481
207.488,139.976,190.066,0.349,19.6028,46.9155
207.738,124.022,190.066,0.375,19.2011,46.9848
207.988,136,190.066,0.376,18.8482,47.0501
208.238,131.991,190.066,0.379,18.8522,47.1043
208.488,136.006,190.066,0.387,18.471,47.1615
208.738,131.995,190.07,0.386,18.1436,47.2187
208.988,152.005,190.07,0.386,18.1542,47.2717
209.238,132.013,190.07,0.385,18.1456,47.3295
209.488,139.987,190.07,0.37,18.4892,47.3971
209.738,132.005,190.07,0.367,18.136,47.4674
209.988,139.989,190.07,0.363,18.1473,47.5345
210.238,128.007,190.07,0.365,18.489,47.5996
210.488,143.992,190.07,0.367,18.4819,47.6626
210.738,120.003,190.07,0.374,18.836,47.737
210.988,128.001,190.07,0.364,19.2072,47.8063
211.238,136,190.07,0.346,19.5889,47.8724
211.488,139.997,190.07,0.324,19.5986,47.9432
211.738,124.001,190.07,0.319,19.5995,48.0036
211.988,139.999,190.07,0.306,19.2039,48.0725
212.238,128.004,190.07,0.296,19.6098,48.1428
212.488,131.999,190.07,0.283,19.6018,48.2033
212.738,131.927,189.594,0.283,19.1908,48.2754
212.988,136.068,189.594,0.283,19.2035,48.3462
213.238,128.01,189.594,0.284,19.2139,48.4193
213.488,143.994,189.594,0.284,19.2264,48.4949
213.738,120.005,189.594,0.285,19.224,48.562
213.988,139.993,189.594,0.291,18.8395,48.6326
214.238,120.008,189.594,0.294,18.8483,48.6916
214.488,143.985,189.594,0.309,18.4809,48.7557
214.738,127.966,189.594,0.307,18.4794,48.8268
214.988,136.046,189.594,0.295,18.4754,48.8946
215.239,119.856,189.594,0.291,18.4839,48.9671
215.488,144.158,189.594,0.299,18.5029,49.0313
215.739,135.858,189.594,0.309,18.4938,49.0916
215.988,140.155,189.594,0.32,18.1607,49.1573
216.238,127.987,189.594,0.344,18.1567,49.2156
216.488,136.018,189.594,0.355,17.8181,49.2753
216.739,131.883,189.594,0.358,18.1436,49.3291
216.988,152.137,189.598,0.359,18.4988,49.3823
217.238,127.985,189.598,0.359,18.4891,49.4388
217.488,140.014,189.598,0.356,18.8567,49.5071
217.738,128.022,189.598,0.336,18.4901,49.5675
217.988,131.977,189.598,0.333,18.8659,49.6336
218.238,127.986,189.598,0.336,18.8468,49.6966
218.488,140.017,189.598,0.343,18.4911,49.7684
218.738,132.027,189.598,0.359,18.4927,49.8403
218.988,135.961,189.617,0.384,18.8326,49.9086
219.238,124.016,189.617,0.423,18.8327,49.9781
219.488,127.993,189.617,0.463,18.8666,50.0531
219.738,127.991,189.617,0.51,18.4881,50.1203
219.988,128.002,189.617,0.553,18.1417,50.1941
220.238,132,189.617,0.619,18.4904,50.2597
220.488,124.008,189.617,0.658,18.4883,50.3323
220.738,124.002,189.617,0.725,18.1485,50.4073
220.988,127.999,189.617,0.772,18.4843,50.4769
221.238,127.99,189.617,0.727,18.492,50.5464
221.488,140.001,189.617,0.676,18.8512,50.6208
221.738,124.007,189.617,0.594,18.8616,50.6898
221.988,135.995,189.617,0.535,18.4898,50.764
222.238,124,189.617,0.462,18.8586,50.8332
222.488,132.001,189.617,0.415,19.2165,50.9082
222.738,128.002,189.617,0.348,18.8634,50.9829
222.988,124,189.617,0.304,18.8333,51.0519
223.238,140.004,189.617,0.263,18.841,51.1228
223.488,119.999,189.617,0.25,19.2161,51.1946
223.738,127.996,189.617,0.244,18.8383,51.2643
223.988,132.004,189.617,0.257,18.4932,51.3386
224.238,128.003,189.617,0.29,18.4897,51.4094
224.488,139.994,189.617,0.316,18.4932,51.4824
224.738,128.007,189.617,0.349,18.4904,51.5438
224.988,131.991,189.617,0.35,18.4799,51.6095
225.238,132.007,189.617,0.357,18.1472,51.6782
225.439,134.464,189.617,0.37,18.4938,51.7253
225.688,132.42,189.617,0.391,18.1589,51.7879
225.938,127.996,189.617,0.435,18.1513,51.8572
226.188,131.999,189.617,0.47,18.4988,51.9245
226.438,124.003,189.617,0.526,18.1401,51.9955
226.688,131.995,189.617,0.563,18.4928,52.0609
226.938,140.002,189.617,0.602,18.1542,52.1161
227.188,128.005,189.617,0.624,18.1525,52.1814
227.438,131.993,189.617,0.654,18.4938,52.2513
227.688,131.995,189.617,0.68,18.1611,52.3174
227.938,140.013,189.617,0.721,18.1495,52.3813
228.188,131.993,189.617,0.748,18.498,52.4453
228.438,128.001,189.617,0.809,18.4901,52.5204
228.688,116.007,189.617,0.844,18.4977,52.5793
228.938,139.989,189.617,0.892,18.1527,52.6422
229.188,124.006,189.617,0.916,18.5002,52.7123
229.438,132,189.617,0.951,18.8584,52.7803
229.688,131.999,189.617,0.973,18.8468,52.8461
229.938,136,189.617,1.015,18.4842,52.9131
230.188,124.004,189.617,1.052,18.8486,52.9788
230.438,127.997,189.617,1.116,18.4988,53.0515
230.688,120.003,189.617,1.153,18.8509,53.1211
230.938,139.996,189.617,1.199,18.853,53.1779
231.188,116.002,189.617,1.223,18.4993,53.2271
231.538,125.715,189.672,1.268,19.6015,53.2839
231.788,131.983,189.672,1.272,18.8311,53.2894
232.038,132.013,189.672,1.276,18.8291,53.2905
232.288,132.001,189.672,1.277,18.8308,53.291
232.538,140.001,190.086,1.277,18.8413,53.2919
232.788,128.001,190.207,1.277,18.4789,53.2923
233.038,143.995,190.207,1.273,18.8332,53.293
233.288,140.002,190.207,1.267,18.4761,53.2937
233.538,148.002,190.207,1.268,18.1305,53.2946
233.788,139.998,190.211,1.267,18.4717,53.2958
234.038,156.002,190.211,1.276,18.4757,53.2964
234.288,132.004,190.211,1.278,17.4872,53.2969
234.538,155.997,190.211,1.277,18.1462,53.2971
234.788,135.996,190.23,1.278,17.8182,53.2982
235.038,148.002,190.23,1.286,17.812,53.3229
235.288,140.002,190.23,1.29,17.8193,53.3804
235.538,136.001,190.23,1.278,17.8179,53.4363
235.788,135.996,190.301,1.268,17.8115,53.4943
236.038,143.982,190.301,1.239,18.1433,53.5618
236.288,124.01,190.301,1.206,18.4829,53.6349
236.538,140.01,190.301,1.165,18.4749,53.7042
236.788,127.999,190.355,1.139,18.1429,53.7785
237.038,135.999,190.355,1.1,18.4858,53.8491
237.288,132.004,190.355,1.071,18.1466,53.9256
237.538,135.998,190.355,1.023,18.4746,54.0003
237.788,135.997,190.414,0.994,18.8403,54.0684
238.038,128.004,190.414,0.953,18.4853,54.1384
238.288,135.99,190.414,0.924,18.8444,54.2004
238.538,139.998,190.414,0.894,18.4658,54.262
238.788,128.009,190.465,0.884,18.1474,54.3347
239.038,139.996,190.465,0.855,18.1543,54.3984
239.288,123.977,190.465,0.837,17.8364,54.463
239.538,140.027,190.465,0.806,17.8226,54.5329
239.788,143.998,190.465,0.774,17.8188,54.6015
240.038,136.009,190.465,0.728,17.8181,54.6757
240.288,115.998,190.465,0.693,17.8177,54.7309
240.538,147.993,190.465,0.656,17.4822,54.8018
240.788,127.999,190.504,0.638,17.5007,54.8742
241.038,131.941,190.504,0.61,17.5024,54.9406
241.288,124.062,190.504,0.6,17.4997,55.0136
241.538,136,190.504,0.581,17.8204,55.0894
241.788,136.002,190.504,0.566,17.4995,55.1575
242.038,123.987,190.504,0.543,17.4861,55.2258
242.288,136.01,190.504,0.528,17.5002,55.2934
242.538,132.004,189.887,0.513,17.4922,55.3688
242.788,143.968,189.98,0.511,17.8197,55.4413
243.038,136.028,189.98,0.512,18.1499,55.5124
243.288,123.999,189.98,0.524,17.8315,55.5867
243.538,147.986,189.98,0.554,18.1409,55.6612
243.789,143.879,189.98,0.583,17.8125,55.7329
244.038,168.161,190.027,0.635,17.8109,55.8061
244.288,120,190.027,0.674,17.8089,55.8738
244.538,147.994,190.027,0.734,17.8121,55.9493
244.788,120.002,190.027,0.733,17.8248,56.0225
245.038,136.003,190.027,0.669,18.1398,56.0934
245.288,139.987,190.031,0.64,18.1368,56.1648
245.538,132.011,190.031,0.58,18.14,56.2352
245.788,143.997,190.031,0.539,18.1276,56.3018
246.038,136.004,190.031,0.491,18.455,56.3718
246.288,131.998,190.031,0.449,18.8471,56.445
246.538,132.001,190.031,0.397,19.2292,56.5129
246.788,124.004,190.031,0.361,19.1989,56.5857
247.038,143.983,190.031,0.319,19.5907,56.6539
247.288,124.009,190.031,0.288,20.0039,56.7298
247.538,144.003,190.031,0.268,19.582,56.8041
247.788,123.981,190.031,0.269,19.6058,56.8682
248.038,144.022,190.031,0.277,19.5665,56.9282
248.288,139.995,190.031,0.281,19.6073,56.9836
248.538,148.005,190.031,0.294,19.221,57.0427
248.788,135.994,190.031,0.303,18.8482,57.0973
249.038,144.003,190.078,0.315,18.8487,57.1546
249.288,131.978,190.078,0.317,18.4976,57.2149
249.538,144.029,190.078,0.322,18.4925,57.279
249.788,123.994,190.078,0.329,18.1576,57.3371
250.038,140.006,190.078,0.34,18.1441,57.4013
250.288,136,190.078,0.334,18.4859,57.459
250.538,148.002,190.078,0.33,18.1501,57.5216
250.788,115.998,190.078,0.331,17.858,57.5837
251.038,147.991,190.078,0.331,18.1477,57.6435
251.288,136.002,190.078,0.332,17.8167,57.7011
251.538,148.008,190.078,0.332,18.1478,57.7611
251.788,131.955,190.078,0.32,17.8199,57.8202
252.038,144.027,190.102,0.314,17.8168,57.8828
252.288,132.016,190.102,0.32,17.8193,57.9479
252.538,136.005,190.102,0.335,17.8175,58.0247
252.788,120.003,190.102,0.351,17.8068,58.0949
253.038,135.998,190.102,0.362,17.8117,58.1629
253.288,127.991,190.102,0.37,18.1321,58.2347
253.538,136.003,190.102,0.38,18.4823,58.3069
253.788,132.004,190.102,0.387,18.845,58.3748
253.989,129.578,190.102,0.392,18.4899,58.4285
254.238,184.481,190.105,0.402,18.4842,58.4962
254.488,131.996,190.105,0.414,18.1469,58.5719
254.738,124.002,190.105,0.397,18.4904,58.6439
254.988,139.995,190.105,0.393,18.4938,58.7123
255.238,132.004,190.105,0.386,18.4803,58.7867
255.488,132,190.105,0.385,18.4935,58.8558
255.738,128.003,190.105,0.382,18.4792,58.9286
255.988,132,190.105,0.376,18.1627,59.0022
256.238,123.999,190.105,0.369,18.1402,59.0708
256.488,140,190.105,0.365,18.1487,59.1427
256.738,120.003,190.105,0.358,18.4956,59.2173
256.988,127.995,190.105,0.355,18.8458,59.2877
257.238,135.942,190.105,0.354,18.4882,59.3624
257.488,128.055,190.105,0.352,18.8459,59.4321
257.738,136.003,190.105,0.349,18.8409,59.5084
257.988,131.999,190.105,0.348,18.4898,59.5809
258.238,128,190.125,0.347,18.4758,59.6519
258.488,135.999,190.125,0.348,18.1468,59.7266
258.738,123.995,190.125,0.354,18.1452,59.7988
258.988,128.007,190.125,0.36,18.1499,59.8677
259.238,131.995,190.125,0.364,17.8194,59.9412
259.488,127.991,190.125,0.368,18.1466,60.0166
259.738,136.014,190.125,0.376,18.1485,60.0862
259.988,124.001,190.125,0.379,18.1507,60.1574
260.238,127.998,190.129,0.381,18.1466,60.226
260.488,143.998,190.129,0.381,17.8272,60.2998
260.738,132.003,190.129,0.379,18.1479,60.3767
260.988,131.998,190.129,0.375,17.8289,60.4468
261.238,132.004,190.129,0.372,18.1242,60.5168
261.488,132,190.129,0.37,18.4938,60.5874
261.738,120.001,190.129,0.367,18.1462,60.6603
261.988,139.982,190.129,0.363,18.4901,60.7306
262.238,123.997,190.129,0.361,18.4796,60.8006
262.488,132.015,190.238,0.36,18.4903,60.877
262.738,127.974,190.238,0.36,18.8413,60.9495
262.988,132.01,190.238,0.358,19.2177,61.0154
263.238,128.018,190.238,0.346,19.2096,61.0834
263.488,135.999,190.238,0.333,19.6029,61.1513
263.738,180.014,190.238,0.319,19.5956,61.2267
263.988,127.98,190.238,0.298,19.9909,61.2973
264.238,128.014,190.238,0.282,19.9991,61.365
264.488,143.997,190.238,0.282,19.998,61.4411
264.738,124.003,190.238,0.28,20.0017,61.5162
264.988,127.986,190.238,0.268,19.998,61.5849
265.238,128.012,190.238,0.252,19.9942,61.6549
265.488,132.007,190.746,0.252,19.9957,61.7158
265.738,135.993,190.746,0.252,19.9996,61.7824
265.988,135.971,190.746,0.242,19.5999,61.8497
266.238,132.037,190.746,0.273,19.6267,61.913
266.489,135.866,190.746,0.284,19.2213,61.9725
266.738,140.13,190.746,0.306,19.2201,62.0255
266.988,139.98,190.746,0.315,18.8489,62.0823
267.238,128.017,190.746,0.347,18.8027,62.1375
267.488,143.999,190.746,0.361,18.8477,62.1949
267.738,140.003,190.746,0.375,18.8488,62.2492
267.988,135.996,190.746,0.382,18.8405,62.314
268.238,123.996,190.746,0.383,18.8513,62.3813
268.488,144.016,190.746,0.372,18.8432,62.4579
268.738,115.994,190.746,0.371,19.2153,62.528
268.988,127.995,190.746,0.366,19.6032,62.5916
269.238,140.005,190.746,0.364,19.215,62.6539
269.488,135.989,190.746,0.366,19.6001,62.7209
269.738,124.01,190.746,0.372,19.2125,62.7967
269.988,139.93,190.746,0.384,19.2406,62.8631
270.238,132.065,190.746,0.389,19.2145,62.9297
270.488,135.986,190.746,0.396,19.2102,63.0056
270.738,116.015,190.746,0.399,19.2142,63.077
270.988,135.971,190.746,0.403,19.2144,63.1534
271.238,120.027,190.746,0.406,19.2123,63.2274
271.489,131.557,190.746,0.408,19.2166,63.2984
271.738,132.437,190.746,0.409,19.6006,63.3718
271.988,127.993,190.746,0.41,19.2141,63.4465
272.238,120.009,190.746,0.41,19.6027,63.5172
272.488,139.991,190.746,0.41,19.2255,63.5912
272.738,124.009,190.746,0.41,19.2133,63.6624
272.988,123.982,190.746,0.41,18.8476,63.7393
273.238,132.017,190.746,0.41,18.8437,63.8088
273.488,132.001,190.746,0.408,18.8455,63.8797
273.738,128.002,190.746,0.403,18.8444,63.9543
273.988,123.997,190.746,0.399,18.8439,64.0277
274.238,120.002,190.746,0.398,18.8511,64.0987
274.488,139.991,190.746,0.397,18.8446,64.1755
274.738,124.008,190.746,0.396,19.215,64.2514
274.988,123.995,190.746,0.396,19.5974,64.3218
275.238,128.007,190.746,0.396,19.9963,64.3899
275.488,131.999,190.234,0.349,19.9999,64.453
275.738,136.002,190.234,0.319,19.5926,64.5238
275.988,135.998,190.234,0.298,19.6009,64.5926
276.238,115.999,190.234,0.281,19.2112,64.6611
276.488,131.996,190.234,0.282,19.2155,64.7289
276.738,128.004,190.234,0.279,19.2186,64.791
276.988,135.995,190.234,0.284,18.8477,64.8622
277.238,120,190.234,0.285,18.8465,64.9353
277.488,132.006,190.234,0.29,18.8447,65.0028
277.738,128.001,190.234,0.295,18.844,65.0732
277.988,123.993,190.234,0.305,18.8445,65.1444
278.238,132.003,190.234,0.313,19.2147,65.2046
278.488,128,190.234,0.322,18.8377,65.2727
278.738,131.997,190.234,0.322,19.2154,65.3437
278.988,127.982,190.234,0.317,18.8473,65.4186
279.238,136.024,190.234,0.317,18.843,65.4779
279.488,135.993,190.234,0.321,19.2183,65.5401
279.738,124.006,190.234,0.35,19.2158,65.6149
279.988,127.995,190.234,0.398,19.2198,65.6827
280.238,124.002,190.234,0.432,19.2168,65.751
280.488,136.002,190.234,0.482,19.2189,65.8212
280.738,112.001,190.234,0.525,19.2187,65.8918
280.988,127.999,190.234,0.526,19.2125,65.969
281.238,124.002,190.234,0.524,19.2183,66.044
281.488,131.992,190.234,0.522,19.5987,66.1145
281.738,120.004,190.234,0.523,19.2168,66.1909
281.988,135.999,190.234,0.519,19.2175,66.2645
282.238,116.003,190.234,0.518,19.2163,66.3357
282.488,131.982,190.234,0.517,19.2172,66.4117
282.738,128.02,190.234,0.517,19.2192,66.482
282.988,123.997,190.238,0.514,19.219,66.5594
283.238,128,190.238,0.513,19.2183,66.6305
283.488,124.001,190.238,0.508,19.6145,66.6889
283.738,119.997,190.238,0.505,19.6041,66.7427
283.988,124,190.238,0.503,19.6088,66.7863
284.238,128.005,190.238,0.5,19.6091,66.8222
284.488,127.998,190.238,0.497,19.6081,66.8298
284.738,132.001,190.238,0.497,19.6029,66.8305
284.988,139.954,190.238,0.497,19.212,66.8313
285.238,124.038,190.238,0.496,18.8431,66.8325
285.488,127.999,190.238,0.494,18.8478,66.8338
285.738,119.991,190.238,0.487,18.8435,66.8346
285.988,140.013,190.238,0.479,18.8272,66.8361
286.238,135.993,190.238,0.478,18.8464,66.8372
286.488,132.004,190.238,0.478,18.4921,66.8382
286.788,126.666,190.238,0.477,19.2127,66.8397
287.038,143.985,190.238,0.474,18.4822,66.8412
287.288,128.004,190.238,0.476,18.1392,66.843
287.538,132.039,190.238,0.477,18.482,66.8444
287.788,147.962,190.238,0.477,18.1396,66.8452
288.038,148.039,190.238,0.477,18.4805,66.8463
288.288,131.948,190.238,0.478,18.4826,66.8473
288.538,152.037,190.238,0.482,18.1375,66.8698
288.788,131.984,190.238,0.502,18.1266,66.9234
289.038,148.035,190.309,0.515,18.1365,66.9792
289.288,135.972,190.309,0.53,18.1392,67.0446
289.538,140.028,190.309,0.535,18.4891,67.1101
289.788,123.978,190.309,0.534,18.4884,67.1868
290.038,148.006,190.309,0.525,18.4832,67.2581
290.288,119.993,190.309,0.519,18.8457,67.3287
290.538,136.028,190.309,0.517,18.4883,67.4061
290.788,131.973,190.309,0.515,18.4898,67.4802
291.038,132.035,190.309,0.515,18.1395,67.5506
291.288,127.972,190.309,0.515,18.4898,67.6269
291.538,136.029,190.309,0.514,18.4918,67.6969
291.788,119.97,190.309,0.516,18.4915,67.7743
292.038,144,190.309,0.518,18.4765,67.8473
292.288,124.002,190.309,0.495,18.4968,67.9167
292.538,132.035,190.309,0.456,18.149,67.9931
292.788,127.967,190.309,0.407,18.4873,68.0666
293.038,131.946,190.309,0.382,18.8477,68.1376
293.288,128.041,190.309,0.369,18.4916,68.2135
293.538,136.042,190.309,0.363,18.8401,68.282
293.788,131.974,190.309,0.364,18.4884,68.3557
294.038,132.013,190.309,0.368,18.14,68.4299
294.288,131.984,190.309,0.371,18.1409,68.5016
294.538,136.018,190.309,0.372,18.1471,68.5782
294.788,127.974,190.309,0.379,18.4868,68.6507
295.038,136.03,190.309,0.348,18.8446,68.7197
295.288,123.98,190.309,0.286,18.4832,68.7965
295.538,144.033,190.309,0.254,18.4912,68.8675
295.788,123.972,190.309,0.222,18.489,68.9439
296.038,132.009,190.801,0.22,18.8406,69.0108
296.288,135.989,190.801,0.226,19.2167,69.071
296.538,140.029,190.801,0.242,19.6102,69.1363
296.789,139.537,190.801,0.29,19.6036,69.2013
297.038,128.427,190.801,0.333,19.5999,69.2663
297.288,135.976,190.801,0.421,19.598,69.3394
297.538,132.027,190.801,0.439,19.6028,69.4074
297.788,127.901,190.801,0.467,20.0003,69.4776
298.038,136.102,190.801,0.481,19.5907,69.551
298.288,123.975,190.801,0.495,19.5966,69.6193
298.538,140.017,190.801,0.494,19.6053,69.692
298.788,123.984,190.801,0.475,19.5994,69.7651
299.038,139.99,190.801,0.472,19.2164,69.8347
299.288,132.006,190.801,0.461,18.8523,69.9116
299.538,124.03,190.801,0.46,18.8403,69.9818
299.788,139.972,190.801,0.453,18.8398,70.055
300.038,128.026,190.801,0.434,18.8467,70.1268
300.288,135.966,190.801,0.433,18.8412,70.1969
300.538,136.035,190.801,0.429,18.4763,70.2656
300.788,119.971,190.801,0.426,18.8577,70.2912
301.038,124.029,190.801,0.425,18.837,70.2919
301.288,127.969,190.801,0.424,18.8357,70.2921
301.538,132.029,190.801,0.424,19.2141,70.2921
301.788,119.978,190.801,0.424,19.5983,70.2922
302.038,128.01,190.801,0.424,19.6016,70.2922
302.288,127.986,190.801,0.424,19.5945,70.2922
302.538,131.984,190.801,0.424,19.5952,70.2923
302.788,124.018,190.801,0.424,19.6028,70.2923
303.038,132.027,190.801,0.424,19.9832,70.2923
303.288,127.973,190.801,0.424,19.9998,70.2923
303.538,128.025,190.801,0.424,20.0014,70.2923
303.788,127.976,190.801,0.424,20.0103,70.2923
304.038,124.025,190.801,0.424,19.9942,70.2923
304.288,131.967,190.801,0.424,19.9909,70.2923
304.538,132.028,190.801,0.424,19.5965,70.2924
304.788,123.974,190.801,0.424,19.5991,70.2924
305.038,132.017,190.801,0.424,19.2142,70.2925
305.288,131.98,190.801,0.424,19.2186,70.2925
305.538,127.99,190.801,0.424,19.2167,70.3069
305.788,136.017,190.801,0.418,18.8547,70.3769
306.038,132.025,190.309,0.415,18.8333,70.4506
306.288,135.969,190.309,0.412,18.8365,70.5209
306.538,132.01,190.309,0.405,18.8457,70.5956
306.788,123.999,190.309,0.4,18.8307,70.664
307.038,140.019,190.309,0.398,19.2135,70.7386
307.288,123.981,190.309,0.397,19.2153,70.811
307.538,132.013,190.309,0.397,19.6009,70.8828
307.788,135.983,190.309,0.397,19.6005,70.9564
308.038,132.013,190.309,0.397,19.5845,71.0311
308.289,139.846,190.309,0.397,20.0002,71.1014
308.538,132.118,190.309,0.392,19.6122,71.1754
308.788,124.014,190.309,0.387,19.6128,71.2462
309.038,136.029,190.309,0.385,19.5942,71.3148
309.288,127.967,190.309,0.383,19.6172,71.3861
309.538,132.023,190.309,0.378,19.592,71.4538
309.788,135.978,190.309,0.361,19.5739,71.5221
310.038,132.026,190.309,0.369,19.6014,71.5845
310.239,129.673,190.309,0.362,19.5965,71.6328
310.488,140.259,190.309,0.338,19.2119,71.6967
310.738,136.012,190.309,0.337,19.2108,71.7529
310.988,147.981,190.309,0.336,19.5952,71.8106
311.238,136.03,190.309,0.337,19.5956,71.8702
311.491,178.356,190.309,0.337,19.602,71.9219
311.738,137.27,190.309,0.341,19.2131,71.9778
311.988,147.942,190.309,0.342,19.2167,72.0354
312.238,128.052,190.309,0.335,18.843,72.0957
312.491,162.196,190.309,0.335,18.843,72.17
312.738,133.486,190.309,0.334,18.8465,72.2396
312.988,139.967,190.309,0.333,18.4888,72.3098
313.238,124.026,190.309,0.333,18.8367,72.3794
313.488,135.97,190.309,0.329,18.8422,72.4474
313.738,120.021,190.309,0.331,18.8395,72.5224
313.988,131.976,190.309,0.346,18.8405,72.5891
314.238,136.031,190.309,0.354,19.2036,72.656
314.488,131.973,190.309,0.361,19.2128,72.7302
314.738,124.025,190.309,0.362,19.5697,72.8027
314.988,135.946,190.309,0.361,19.6042,72.8796
315.238,119.988,190.309,0.359,19.2095,72.9532
315.488,148.04,190.309,0.353,19.589,73.0217
315.738,124.012,190.309,0.349,19.6075,73.0943
315.988,123.985,190.309,0.349,19.6023,73.1642
316.238,136.023,190.309,0.352,19.6109,73.2364
316.488,127.981,190.309,0.356,19.217,73.3127
316.738,120.026,190.309,0.357,19.2128,73.3814
316.988,139.97,190.309,0.358,19.2104,73.4581
317.238,164.036,190.309,0.359,18.7449,73.5271
317.489,139.86,190.309,0.361,18.8468,73.5965
317.739,164.021,190.309,0.36,18.8359,73.6701
317.988,136.086,190.309,0.36,19.2187,73.738
318.238,128.005,190.309,0.361,19.2143,73.8113
318.488,131.998,190.309,0.365,19.2028,73.8858
318.738,124.009,190.309,0.367,19.1908,73.9557
318.988,135.991,190.309,0.367,19.6035,74.0334
319.238,124.028,190.309,0.368,19.5993,74.1066
319.488,127.976,190.309,0.368,19.6003,74.1776
319.738,136.027,190.309,0.37,19.9712,74.2542
319.988,127.969,190.309,0.376,20.004,74.3233
320.238,120.026,190.309,0.379,20.0187,74.3955
320.488,139.967,190.309,0.381,20.0004,74.4726
320.738,124.028,190.309,0.381,19.9906,74.5443
320.988,135.969,190.309,0.382,20.0006,74.6214
321.238,120.03,190.309,0.383,20.0094,74.6956
321.488,131.971,190.309,0.388,19.99,74.7658
321.691,157.799,190.309,0.39,20.0018,74.8283
321.938,157.773,190.309,0.393,19.5992,74.8991
322.188,119.99,190.309,0.395,19.6011,74.9754
322.438,135.998,190.309,0.395,19.5976,75.05
322.689,127.92,190.309,0.396,19.5995,75.1209
322.938,164.092,190.309,0.396,19.2127,75.195
323.188,132.01,190.309,0.399,19.2157,75.2636
323.438,132.001,190.309,0.402,19.2165,75.3366
323.688,128,190.309,0.399,19.1997,75.4101
323.938,139.979,190.309,0.397,19.215,75.479
324.188,120.014,190.309,0.399,18.8408,75.5516
324.438,135.981,190.309,0.397,19.2143,75.6244
324.688,128.019,190.309,0.371,19.2189,75.6943
324.939,127.888,190.309,0.355,19.2181,75.768
325.188,116.105,190.309,0.336,19.2161,75.831
325.438,139.988,190.309,0.331,19.6053,75.8951
325.688,128.008,190.309,0.295,19.5999,75.9655
325.938,127.982,190.309,0.296,19.5923,76.0322
326.188,128.018,190.309,0.288,19.6186,76.0988
326.439,143.773,190.309,0.285,19.6015,76.1624
326.688,136.218,190.309,0.283,20.0025,76.2193
326.938,131.947,190.309,0.286,19.9999,76.2864
327.188,128.051,190.309,0.291,20.0039,76.3429
327.439,139.597,190.309,0.299,20.0002,76.3999
327.688,132.379,190.309,0.315,20.0011,76.4652
327.938,140.023,190.309,0.333,19.9956,76.5313
328.188,111.984,190.309,0.365,20.0068,76.6083
328.438,135.982,190.309,0.395,20.0146,76.6795
328.688,120.013,190.309,0.42,20.0036,76.7498
328.938,128.011,190.797,0.454,19.9981,76.8219
329.188,127.992,190.797,0.467,20.0046,76.8888
329.438,127.985,190.797,0.496,20.003,76.9558
329.688,132.015,190.797,0.518,19.988,77.028
329.938,127.943,190.797,0.546,20.0033,77.0978
330.188,128.022,190.797,0.563,20.002,77.1729
330.438,128.008,190.797,0.585,19.6073,77.2349
330.688,116.026,190.797,0.6,19.6036,77.2883
330.938,135.949,190.797,0.61,19.6024,77.3378
331.188,116.042,190.797,0.621,19.6054,77.378
331.438,123.97,190.797,0.636,19.6093,77.4129
331.688,128.033,190.797,0.639,19.6031,77.4165
331.938,128.029,190.797,0.641,19.6029,77.4173
332.188,131.967,190.797,0.642,19.6187,77.4183
332.438,135.987,190.797,0.644,19.6027,77.4194
332.688,124.015,190.797,0.644,19.6036,77.4204
333.038,134.281,190.797,0.643,20.8432,77.422
333.288,131.958,190.797,0.644,19.9878,77.4236
333.538,136.044,190.797,0.643,19.9873,77.4245
333.788,136.005,190.797,0.643,19.9892,77.4256
334.038,139.971,190.797,0.643,19.9734,77.427
334.288,131.992,190.859,0.642,19.9973,77.4278
334.538,140.035,190.859,0.642,19.5916,77.4288
334.788,135.997,190.859,0.642,19.5728,77.4303
335.038,143.937,190.859,0.643,19.5905,77.4314
335.288,140.064,190.859,0.648,19.5859,77.4481
335.538,148.004,190.859,0.598,18.8401,77.4968
335.788,143.995,190.859,0.562,19.6014,77.5535
336.038,140,190.859,0.527,19.6031,77.605
336.288,132.003,190.859,0.516,19.599,77.6592
336.538,147.993,190.859,0.517,19.6143,77.7218
336.788,128.004,190.859,0.524,19.594,77.7886
337.038,123.997,190.859,0.547,19.6007,77.8542
337.288,136.004,190.859,0.566,19.5952,77.9298
337.538,128.001,190.859,0.528,19.5974,77.9993
337.788,136,190.859,0.507,19.602,78.0725
338.038,123.98,190.859,0.488,19.5974,78.1411
338.288,124.019,190.859,0.467,19.5972,78.2135
338.538,144.003,190.859,0.424,19.21,78.2864
338.788,128.001,190.859,0.396,19.2219,78.3543
339.038,139.998,190.859,0.361,19.2157,78.4164
339.288,136,190.859,0.334,19.2162,78.4821
339.538,135.986,190.859,0.295,19.6016,78.5438
339.788,124.015,190.859,0.281,19.6231,78.6196
340.038,127.995,190.859,0.266,19.6042,78.6882
340.288,135.999,190.859,0.269,19.6002,78.7476
340.538,132.004,190.859,0.277,19.2159,78.8133
340.788,131.994,190.859,0.284,19.2165,78.8764
341.038,131.974,190.859,0.289,19.6047,78.9401
341.288,148.031,190.859,0.296,19.5859,79.0002
341.538,136.001,190.859,0.311,19.6019,79.059
341.788,136.001,190.859,0.32,19.6055,79.1253
342.038,140,190.859,0.329,19.571,79.1896
342.288,128,190.859,0.331,19.6003,79.2628
342.538,135.998,190.859,0.333,19.5955,79.3392
342.788,124,190.859,0.333,19.6016,79.4087
343.038,128,190.859,0.336,19.6016,79.4831
343.288,136,190.859,0.34,19.5982,79.5591
343.538,128.003,190.859,0.344,19.597,79.6299
343.788,131.995,190.859,0.346,19.6113,79.7065
344.038,127.986,190.859,0.353,19.6022,79.7763
344.288,124.019,190.859,0.362,19.6016,79.8497
344.538,135.998,190.859,0.396,19.6259,79.9263
344.788,127.997,190.859,0.426,19.599,79.9969
345.038,136.001,190.859,0.448,19.5974,80.0706
345.288,123.98,190.859,0.446,19.5893,80.1451
345.538,140.022,190.859,0.435,19.9925,80.2167
345.788,124.004,190.859,0.433,20.0022,80.2929
346.039,163.248,190.859,0.433,20.0019,80.3662
346.288,136.625,190.859,0.44,20.0005,80.4365
346.538,128.003,190.859,0.457,19.5985,80.5111
346.788,119.983,190.859,0.476,19.6004,80.5824
347.038,140.015,190.859,0.51,19.6011,80.6564
347.288,119.991,190.859,0.511,19.5834,80.733
347.538,139.95,190.859,0.494,19.2112,80.801
347.788,124.058,190.859,0.467,19.2199,80.8765
348.038,135.976,190.859,0.427,19.2196,80.9511
348.288,128.019,190.859,0.421,19.2141,81.0217
348.538,132.007,190.859,0.411,19.2098,81.0982
348.788,131.999,190.859,0.411,19.2174,81.1693
349.038,123.979,190.859,0.419,19.5999,81.2426
349.288,124.016,190.859,0.421,19.5972,81.3183
349.538,139.937,190.859,0.422,19.5959,81.3894
349.788,120.06,190.859,0.423,20.0021,81.4638
350.038,139.997,190.859,0.423,20.0004,81.5346
350.288,119.996,190.859,0.423,20.0091,81.6092
350.538,140.003,190.859,0.42,19.5992,81.6845
350.788,123.999,190.859,0.418,19.6054,81.7535
351.038,128.003,190.859,0.417,19.2158,81.8254
351.288,131.997,190.859,0.419,19.2223,81.9011
351.538,132,190.859,0.422,19.2155,81.9662
351.788,120.003,190.859,0.423,19.2188,82.0408
352.038,131.996,190.859,0.423,19.219,82.1092
352.288,120.005,190.859,0.424,19.2213,82.1819
352.538,131.993,190.859,0.428,19.215,82.2586
352.788,131.997,190.859,0.43,19.2177,82.3249
353.038,123.985,190.859,0.439,19.6039,82.4001
353.288,116.017,190.859,0.449,19.6061,82.4758
353.538,139.997,190.859,0.46,19.6051,82.5437
353.788,124.006,190.859,0.466,19.6041,82.6193
354.038,128.008,190.859,0.465,19.6064,82.687
354.288,119.992,190.859,0.463,19.6039,82.7603
354.538,131.989,190.859,0.455,19.5956,82.8293
354.788,132.013,190.859,0.451,19.602,82.8975
355.038,119.998,190.859,0.447,18.8459,82.9667
355.288,120.001,190.859,0.46,18.8485,83.0255
355.538,140.027,190.859,0.479,18.8465,83.0743
355.788,119.976,190.859,0.494,18.8488,83.1182
356.038,127.988,190.859,0.502,19.2201,83.1483
356.288,124.014,190.859,0.509,19.2194,83.1506
356.538,127.998,190.859,0.515,19.2157,83.1515
356.788,128.001,190.859,0.516,19.2326,83.1518
357.038,139.997,190.859,0.514,19.2113,83.1524
357.288,116.003,190.859,0.518,19.2154,83.153
357.538,135.998,190.859,0.519,19.999,83.1534
357.788,124.004,190.859,0.517,19.6005,83.1539
358.038,131.934,190.859,0.523,19.6054,83.1544
358.288,120.06,190.859,0.524,19.602,83.1547
358.538,135.999,190.859,0.526,19.2156,83.1554
358.788,135.996,190.859,0.526,19.2128,83.1558
359.038,127.939,190.859,0.526,19.2145,83.1562
359.288,132.063,190.859,0.527,19.218,83.1566
359.538,135.997,190.859,0.528,19.2111,83.1569
359.788,124.003,190.867,0.53,19.2119,83.1574
360.038,140,190.867,0.532,19.2138,83.1578
360.288,112.001,190.867,0.531,19.6019,83.1581
360.538,135.99,190.867,0.532,19.5933,83.1585
360.788,128.011,190.867,0.534,19.6,83.159
361.038,120,190.867,0.532,19.9998,83.1594
361.288,127.997,190.867,0.532,20.0035,83.16
361.538,135.987,190.867,0.532,19.9973,83.1603
361.788,120.012,190.867,0.537,20.0023,83.161
362.038,135.961,190.867,0.541,19.9994,83.1614
362.288,116.034,190.867,0.542,20.0011,83.1619
362.538,135.999,190.867,0.544,20.0049,83.1623
362.788,131.998,190.867,0.542,19.9999,83.1627
363.038,128.004,190.867,0.543,19.9978,83.1632
363.288,124.001,190.867,0.542,20.0019,83.1637
363.538,135.997,190.867,0.537,19.9974,83.1643
363.788,127.999,190.867,0.537,19.9995,83.1653
364.038,143.995,190.867,0.537,20,83.1661
364.288,124.008,190.867,0.538,20.0071,83.1678
364.538,135.989,190.867,0.538,19.9943,83.1689
364.788,124.008,190.867,0.535,20.0003,83.1701
365.038,156,190.867,0.528,19.9889,83.1713
365.288,139.998,190.867,0.519,19.9994,83.1727
365.538,151.994,190.867,0.513,20.4097,83.1738
365.788,127.989,190.867,0.506,19.5148,83.1762
366.038,152.016,190.867,0.503,19.5153,83.1776
366.288,120.004,190.867,0.5,19.5142,83.1788
366.538,151.999,190.867,0.5,19.5131,83.1799
366.838,123.31,190.867,0.499,20.3224,83.1816
367.088,136.03,190.867,0.499,19.608,83.1833
367.338,143.996,190.867,0.501,19.6102,83.184
367.588,124.004,190.867,0.499,19.6076,83.1848
367.838,131.993,190.867,0.497,19.6149,83.1857
368.088,132.012,190.867,0.501,18.8607,83.1867
368.338,123.996,190.867,0.502,19.2942,83.1875
368.588,140.003,190.867,0.498,19.3006,83.1878
368.838,135.999,190.867,0.501,19.3017,83.1881
369.088,131.994,190.867,0.503,19.3057,83.1886
369.338,131.981,190.867,0.502,18.9236,83.1891
369.588,124.025,190.867,0.5,19.2262,83.1895
369.838,131.994,190.867,0.503,19.2152,83.1898
370.088,140.007,190.867,0.5,19.2182,83.1903
370.338,123.996,190.867,0.502,19.5996,83.1905
370.588,136.004,190.867,0.505,19.5886,83.1908
370.838,119.965,190.867,0.5,19.9957,83.1913
371.088,144.039,190.867,0.505,19.9992,83.1918
371.338,135.995,190.867,0.506,20.0063,83.1926
371.588,128.006,190.867,0.509,19.6019,83.1935
371.838,135.966,190.867,0.512,19.6027,83.1942
372.088,140.034,190.867,0.512,19.5913,83.1951
372.338,147.995,190.867,0.517,19.5884,83.196
372.588,136.009,190.867,0.516,19.5964,83.1968
372.838,131.994,190.867,0.522,19.5955,83.1975
373.088,136.001,190.867,0.527,19.2236,83.1982
373.338,143.994,190.867,0.531,19.2167,83.199
373.588,136.006,190.867,0.531,19.2449,83.1998
373.838,135.967,190.867,0.538,19.1947,83.2006
374.088,140.035,190.867,0.536,19.5956,83.2017
374.338,147.961,190.867,0.543,19.6005,83.203
374.588,144.035,190.867,0.538,19.601,83.2074
374.838,135.976,190.867,0.508,19.5907,83.2504
375.088,144.027,190.867,0.468,19.5926,83.3081
375.338,131.98,190.867,0.41,19.6068,83.3744
375.588,180.021,190.867,0.372,20.4137,83.4397
375.838,120.003,190.867,0.338,19.5843,83.5129
376.088,124.006,190.867,0.325,19.6104,83.5874
376.338,139.992,190.867,0.325,19.2204,83.6584
376.588,128.006,190.867,0.328,19.2209,83.7324
376.838,127.988,190.867,0.33,19.2106,83.801
377.088,136.009,190.867,0.331,19.2128,83.866
377.338,131.999,190.867,0.309,19.2149,83.9368
377.588,131.984,190.867,0.323,19.2174,84.0053
377.838,128.019,190.867,0.338,19.1949,84.0776
378.088,143.997,190.867,0.349,19.2139,84.1448
378.338,128,190.867,0.359,19.2114,84.2176
378.588,128.005,190.867,0.363,19.213,84.2898
378.838,131.996,190.867,0.373,19.5765,84.3598
379.088,123.997,190.867,0.377,19.2078,84.4298
379.338,127.999,190.867,0.385,19.2143,84.5011
379.588,136.003,190.867,0.394,19.2209,84.5686
379.838,128,190.867,0.414,19.1995,84.635
380.088,128.005,190.867,0.417,19.2237,84.705
380.338,131.996,190.867,0.424,18.8225,84.7742
380.588,132.001,190.867,0.428,18.8518,84.8472
380.838,135.999,190.867,0.447,19.212,84.916
381.088,128.003,190.867,0.463,19.2199,84.9862
381.338,123.998,190.867,0.448,19.2146,85.0585
381.588,140,190.867,0.431,19.6086,85.1281
381.838,123.973,190.867,0.397,19.2074,85.2013
382.088,128.009,190.867,0.374,19.2113,85.2697
382.338,132.008,190.867,0.337,18.844,85.3385
382.588,136.016,190.867,0.32,18.4836,85.4072
382.838,131.959,190.867,0.295,18.8452,85.4692
383.088,128.041,190.867,0.284,18.4932,85.5311
383.338,135.989,190.867,0.278,18.4959,85.5964
383.588,132.01,190.867,0.272,18.4889,85.6598
383.838,135.993,190.867,0.278,18.4897,85.7296
384.088,124.015,190.867,0.286,18.4866,85.7896
384.338,143.984,190.867,0.292,18.1581,85.8464
384.588,135.999,190.867,0.302,18.497,85.9032
384.838,132,190.867,0.32,18.8365,85.9591
385.088,135.99,190.867,0.32,18.851,86.0215
385.338,132.009,190.867,0.326,19.225,86.0965
385.589,131.902,190.867,0.338,19.2146,86.1679
385.838,120.088,190.867,0.355,19.2094,86.2309
386.088,139.997,190.867,0.364,19.219,86.2974
386.338,131.988,190.867,0.367,19.2011,86.3634
386.588,132.007,190.867,0.367,18.841,86.4388
386.838,123.992,190.867,0.366,19.2107,86.5025
387.088,136.019,190.867,0.36,19.2092,86.5666
387.338,132,190.867,0.362,19.2215,86.6414
387.588,131.988,190.867,0.372,19.2132,86.7111
387.838,116.01,190.867,0.389,19.2082,86.7858
388.088,139.997,190.867,0.434,19.6046,86.8614
388.338,120.004,190.867,0.463,19.607,86.9285
388.588,127.988,190.867,0.516,19.5918,87.0014
388.838,128.007,190.867,0.568,19.5922,87.0694
389.088,131.988,190.867,0.576,19.6065,87.1407
389.338,131.976,190.867,0.581,19.6036,87.2175
389.588,128.033,190.867,0.586,19.2342,87.2863
389.838,124.003,190.867,0.592,19.2075,87.3597
390.088,135.999,190.867,0.598,19.2229,87.431
390.338,115.992,190.867,0.6,18.835,87.5074
390.588,132.008,190.867,0.602,18.8536,87.5799
390.838,124.009,190.867,0.602,18.8396,87.6495
391.088,124.006,190.867,0.603,18.8503,87.7245
391.338,119.992,190.867,0.603,18.8518,87.7998
391.588,131.98,190.867,0.603,18.8323,87.8713
391.838,120.02,190.867,0.603,18.4902,87.9441
392.088,128.003,190.867,0.598,18.8519,88.0118
392.338,127.994,190.867,0.591,18.8328,88.0888
392.588,127.993,190.867,0.512,18.5001,88.1586
392.838,127.987,190.867,0.461,18.8492,88.2164
393.088,128.024,190.867,0.404,18.8467,88.2664
393.338,119.996,190.867,0.369,18.8586,88.3099
393.588,128,190.867,0.328,18.852,88.3466
393.838,128.006,190.867,0.319,18.4927,88.3562
394.088,127.999,190.867,0.32,18.8507,88.357
394.339,167.897,190.867,0.322,19.2039,88.3577
394.588,144.092,190.867,0.319,19.2238,88.3586
394.838,119.961,190.867,0.318,19.2182,88.3595
395.088,140.043,190.867,0.318,19.6054,88.3604
395.338,131.996,190.867,0.319,19.6026,88.3617
395.588,140.006,190.867,0.308,19.6016,88.3629
395.838,135.983,190.867,0.304,19.5995,88.3643
396.088,136.014,190.867,0.302,19.6009,88.3654
396.338,135.964,190.867,0.301,19.9945,88.3667
396.588,136.036,190.867,0.288,19.9932,88.3677
396.838,135.998,190.867,0.289,20.006,88.3691
397.088,136.005,190.867,0.29,20.0036,88.37
397.438,148.587,190.867,0.283,20.4123,88.3715
397.688,127.972,190.867,0.283,19.5713,88.3731
397.938,136.002,190.867,0.291,19.5666,88.4031
398.188,124.004,190.867,0.369,19.5747,88.4694
398.438,131.98,190.867,0.425,19.5732,88.5352
398.688,140.024,190.867,0.499,19.1891,88.6074
398.938,127.996,190.867,0.578,18.8191,88.6846
399.188,120.006,190.867,0.573,18.4657,88.7556
399.438,136.015,190.867,0.569,18.4712,88.828
399.688,127.983,190.867,0.566,18.4738,88.8989
399.938,123.996,190.867,0.564,18.4648,88.9746
400.188,136.006,190.867,0.563,18.4922,89.0494
400.439,127.908,190.867,0.563,18.4904,89.1187
400.688,176.116,190.867,0.563,18.4563,89.1899
400.938,136.002,190.867,0.562,18.4819,89.2659
401.188,164.01,190.867,0.562,18.8327,89.3342
401.438,139.979,190.867,0.562,18.4893,89.4063
401.688,132.014,190.867,0.563,19.2028,89.4817
401.938,128.005,190.867,0.567,19.2156,89.5518
402.188,131.995,190.867,0.568,19.207,89.6255
402.438,132.005,190.867,0.573,19.2135,89.6947
402.688,131.998,190.867,0.537,19.5942,89.7662
402.938,136.001,190.867,0.499,19.5998,89.8389
403.188,164,190.867,0.462,19.2945,89.9115
403.438,139.98,190.867,0.44,18.8445,89.9851
403.688,132.018,190.867,0.428,18.8299,90.0532
403.938,127.995,190.867,0.426,19.214,90.1268
404.188,132.008,190.867,0.425,19.2111,90.2
404.438,131.994,190.867,0.425,19.2163,90.2701
404.688,140.009,190.867,0.426,19.2141,90.3393
404.938,135.991,190.867,0.425,19.2132,90.413
405.188,123.981,190.867,0.423,19.2162,90.4813
405.438,140.017,190.867,0.402,19.2145,90.5506
405.688,132.008,190.867,0.346,19.597,90.6202
405.938,127.988,190.867,0.318,20.0081,90.6925
406.188,124.01,190.867,0.293,19.6096,90.7643
406.438,128.003,190.867,0.287,19.6012,90.8251
406.688,143.995,190.867,0.3,19.2146,90.8867
406.938,144.003,190.867,0.318,19.2161,90.9467
407.188,128.001,190.867,0.341,19.2173,91.01
407.438,135.996,190.867,0.329,18.8486,91.0832
407.688,128.004,190.867,0.332,18.8478,91.159
407.938,135.998,190.867,0.338,18.8578,91.2183
408.188,132.005,190.867,0.349,18.8376,91.27
408.438,135.941,190.867,0.36,18.8456,91.3277
408.688,140.054,190.867,0.372,18.8397,91.3825
408.938,143.944,190.867,0.378,19.224,91.4355
409.188,132.052,190.867,0.383,19.2141,91.4958
409.438,139.99,190.867,0.382,18.8435,91.5638
409.688,124.01,190.867,0.378,18.8403,91.6348
409.938,132.001,190.867,0.38,19.2119,91.7062
410.188,135.997,190.867,0.382,19.2122,91.7724
410.438,143.998,190.867,0.382,19.2095,91.8341
410.688,176,190.867,0.354,19.2072,91.9065
410.938,140.007,190.867,0.343,19.2054,91.9745
411.188,135.999,190.867,0.325,19.2036,92.0356
411.438,127.991,190.867,0.32,18.8416,92.1071
411.688,128.008,190.867,0.317,19.2152,92.1714
411.938,135.994,190.867,0.305,19.2117,92.2479
412.188,124.006,190.867,0.296,18.8394,92.3124
412.438,135.98,190.867,0.295,18.8786,92.3747
412.688,128.018,190.867,0.295,18.8423,92.4449
412.938,128.021,190.867,0.296,18.8576,92.5159
413.188,131.976,190.867,0.301,18.8845,92.5899
413.438,135.975,190.867,0.304,18.4915,92.6617
413.688,132.023,190.867,0.306,18.4899,92.7315
413.938,135.982,190.867,0.314,18.4856,92.792
414.188,140.02,190.867,0.327,18.841,92.853
414.438,135.993,190.867,0.307,19.2298,92.9153
414.688,136.008,190.867,0.279,19.6077,92.9828
414.938,131.996,190.867,0.271,19.6034,93.0516
415.188,128.004,190.867,0.274,19.218,93.1237
415.438,131.977,190.867,0.28,18.846,93.1826
415.688,128.023,190.867,0.295,18.8484,93.2456
415.938,144.007,190.867,0.316,18.4899,93.3108
416.188,135.992,190.867,0.32,18.8361,93.3676
416.438,139.999,190.867,0.322,18.8457,93.422
416.688,136.002,190.867,0.325,18.4993,93.4813
416.938,143.99,190.867,0.328,18.4936,93.5372
417.189,139.803,190.867,0.332,18.4927,93.5975
417.438,128.185,190.867,0.321,18.5067,93.6672
417.688,127.999,190.867,0.33,18.8489,93.7336
417.938,131.998,190.867,0.343,18.4938,93.8015
418.188,132.01,190.867,0.362,18.8334,93.8682
418.438,135.98,190.867,0.381,19.2097,93.9316
418.688,120.018,190.867,0.421,19.2258,94.003
418.938,131.993,190.867,0.455,19.2164,94.0749
419.188,132.003,190.867,0.5,19.2168,94.1492
419.438,123.987,190.867,0.542,18.847,94.2164
419.688,136.016,190.867,0.605,18.8495,94.2857
419.938,131.998,190.867,0.644,18.8438,94.3545
420.188,131.998,190.875,0.712,18.4837,94.4264
420.438,131.992,190.879,0.758,18.8517,94.4958
420.688,124.013,190.879,0.753,18.8469,94.567
420.938,135.977,190.879,0.692,18.8436,94.6378
421.188,120.016,190.879,0.617,18.8452,94.7146
421.438,135.938,190.879,0.566,18.4925,94.7831
421.688,112.054,190.879,0.486,18.8442,94.8527
421.938,131.997,190.879,0.433,18.4874,94.9275
422.188,132.003,190.879,0.357,18.8348,95.0023
422.438,128,190.879,0.315,18.8471,95.07
422.688,136.002,190.879,0.267,18.8464,95.1372
422.938,127.993,190.879,0.222,19.2164,95.2089
423.188,131.988,190.879,0.195,18.8454,95.2806
423.438,128.014,190.879,0.192,18.8471,95.3486
423.688,136.002,190.879,0.204,18.8457,95.4162
423.889,119.67,190.879,0.219,18.8451,95.4756
424.138,136.314,190.879,0.247,19.2193,95.5388
424.388,127.989,190.879,0.281,19.2161,95.6104
424.638,120.018,190.879,0.299,19.2149,95.6784
424.888,143.967,190.879,0.332,19.2161,95.7345
425.138,123.993,190.879,0.352,18.8425,95.8003
425.388,136.007,190.879,0.381,18.8442,95.8733
425.638,128.011,190.879,0.401,19.2158,95.9321
425.888,135.997,190.879,0.436,19.22,95.9918
426.138,132.002,190.879,0.469,19.2192,96.0547
426.389,175.377,190.879,0.519,18.834,96.1295
426.638,124.455,190.879,0.563,18.8494,96.1932
426.888,131.981,190.879,0.609,19.2224,96.2533
427.138,136.006,190.879,0.641,19.2176,96.3272
427.388,127.996,190.879,0.689,18.8499,96.4002
427.638,119.995,190.879,0.718,19.218,96.4669
427.888,136.006,190.879,0.774,19.2185,96.5377
428.138,124.033,190.879,0.809,19.2184,96.6067
428.388,135.938,190.879,0.856,19.2187,96.6826
428.638,120.043,190.879,0.898,18.8468,96.7522
428.888,135.974,190.879,0.954,19.2316,96.8186
429.138,123.999,190.879,0.978,18.8439,96.8944
429.388,123.996,190.879,1.03,18.8481,96.9687
429.638,132.007,190.879,1.065,18.848,97.0387
429.888,119.997,190.879,1.121,18.4951,97.111
430.138,136.011,190.371,1.158,18.8507,97.174
430.388,123.993,190.371,1.194,18.8479,97.2319
430.638,124.002,190.371,1.216,18.8473,97.2793
430.988,125.715,190.383,1.261,19.6048,97.3247
431.238,123.997,190.383,1.266,19.21,97.3257
431.488,136.004,190.383,1.271,19.5929,97.3263
431.738,144.028,190.383,1.27,19.5878,97.327
431.988,143.974,190.402,1.267,19.203,97.3281
432.238,132.03,190.402,1.266,19.1996,97.3292
432.488,143.969,190.402,1.267,19.5931,97.3307
432.738,140.027,190.402,1.265,19.5824,97.3329
432.988,147.967,190.402,1.267,19.2013,97.3354
433.238,136.025,190.43,1.265,19.1966,97.3388
433.488,151.972,190.43,1.264,18.8325,97.3428
433.738,132.029,190.43,1.266,18.8524,97.3463
433.988,151.967,190.43,1.27,18.4905,97.3494
434.238,144.036,190.492,1.275,18.1474,97.3537
434.488,159.963,190.492,1.275,18.4743,97.3692
434.738,139.994,190.492,1.276,18.495,97.4206
434.988,140.006,190.492,1.276,18.484,97.4775
435.238,144.013,190.496,1.253,18.478,97.5337
435.488,144.038,190.496,1.217,18.5139,97.6036
435.738,119.974,190.496,1.18,18.4927,97.6632
435.988,143.973,190.496,1.14,18.1414,97.7342
436.238,128.006,190.551,1.113,18.4811,97.8049
436.488,135.945,190.551,1.076,18.8463,97.8778
436.738,168.106,190.551,1.057,18.8308,97.9446
436.988,131.967,190.551,1.018,19.2091,98.0161
437.238,135.995,190.57,0.997,19.2193,98.0812
437.488,144.006,190.57,0.964,18.844,98.146
437.738,128.02,190.57,0.934,18.8407,98.2134
437.988,131.983,190.57,0.9,18.8614,98.2868
438.238,187.992,190.574,0.873,18.7212,98.3603
438.488,132.004,190.574,0.842,19.2006,98.4349
438.738,135.982,190.574,0.817,19.2212,98.4982
438.99,143.229,190.574,0.78,19.2125,98.5733
439.238,156.862,190.59,0.756,19.2411,98.6418
439.488,147.997,190.59,0.713,18.8426,98.7145
439.738,115.993,190.59,0.684,18.8467,98.7764
439.988,196.024,190.59,0.654,18.8402,98.8485
440.238,127.996,190.59,0.637,19.2146,98.9214
440.488,140.001,190.59,0.61,19.2092,98.9866
440.738,127.969,190.59,0.61,19.7379,99.0577
440.988,172.045,190.59,0.591,19.5368,99.1262
441.238,135.995,190.59,0.562,19.2145,99.1965
441.488,136,190.59,0.528,19.2136,99.2715
441.739,131.839,190.59,0.501,19.2151,99.3349
441.988,132.161,190.59,0.498,19.6011,99.408
442.238,128.003,190.59,0.505,19.5893,99.4806
442.488,143.996,190.59,0.526,19.6011,99.5465
442.738,127.926,190.59,0.553,19.2096,99.6212
442.988,136.078,190.59,0.577,19.191,99.6961
443.238,131.998,190.59,0.602,19.2065,99.7669
443.488,148.001,190.609,0.659,19.27,99.8366
443.738,131.998,190.609,0.713,19.5964,99.9039
443.989,135.564,190.609,0.749,19.2102,99.9782
444.238,184.488,190.609,0.701,18.8272,100.05
444.44,144.223,190.609,0.683,18.8374,100.105
444.688,144.711,190.609,0.63,18.8411,100.17
444.938,127.988,190.609,0.595,18.843,100.242
445.188,124.016,190.609,0.539,19.22,100.315
445.438,147.946,190.609,0.49,19.2113,100.385
445.688,124.042,190.609,0.449,18.8429,100.453
445.939,143.881,190.609,0.398,18.4863,100.528
446.188,120.102,190.609,0.363,18.4908,100.604
446.438,135.916,190.609,0.316,18.8616,100.676
446.688,136.084,190.609,0.285,18.847,100.75
446.939,135.885,190.609,0.255,19.2214,100.817
447.188,136.112,190.609,0.252,18.8499,100.888
447.438,136.02,190.609,0.266,18.5056,100.952
447.688,135.979,190.609,0.271,18.5019,101.01
447.938,139.986,190.609,0.288,18.4916,101.068
448.188,140.013,190.609,0.302,18.8487,101.123
448.439,143.886,190.609,0.309,19.2167,101.18
448.688,132.108,190.609,0.316,19.2173,101.24
448.938,171.978,190.609,0.329,18.8485,101.298
449.188,144.017,190.609,0.339,18.8521,101.358
449.438,147.991,190.609,0.355,18.8466,101.419
449.688,136.005,190.609,0.357,19.2179,101.477
449.938,144.025,190.609,0.352,19.6105,101.537
450.188,127.978,190.609,0.344,19.5959,101.597
450.438,147.983,190.996,0.347,19.6016,101.657
450.688,132.017,191.094,0.347,19.2156,101.711
450.938,139.951,191.094,0.331,19.2169,101.767
451.188,140.055,191.094,0.316,19.2139,101.831
451.438,123.997,191.094,0.314,19.2315,101.898
451.688,136.002,191.094,0.32,19.2097,101.966
451.939,151.805,191.094,0.326,18.8469,102.043
452.188,136.115,191.094,0.352,18.8465,102.112
452.439,191.71,191.094,0.363,18.5104,102.186
452.688,124.239,191.094,0.374,18.1486,102.256
452.943,153.113,191.094,0.387,18.1537,102.32
453.188,159.004,191.094,0.393,17.8204,102.397
453.438,131.997,191.094,0.396,18.1444,102.466
453.688,135.995,191.094,0.401,18.1478,102.532
453.938,128.003,191.094,0.413,17.8183,102.608
454.188,124.003,191.094,0.416,18.1465,102.677
454.438,135.998,191.094,0.411,18.1512,102.753
454.688,124.001,191.094,0.405,18.1476,102.827
454.938,131.995,191.094,0.4,18.4891,102.895
455.188,128.007,191.094,0.397,18.4966,102.969
455.438,135.995,191.094,0.386,18.8511,103.043
455.688,140.008,191.094,0.375,19.2157,103.111
455.938,127.991,191.094,0.371,18.8457,103.184
456.188,124.004,191.094,0.37,18.8506,103.259
456.438,143.996,191.094,0.37,18.8513,103.328
456.688,128.007,191.094,0.369,18.8432,103.406
456.938,127.988,191.094,0.369,18.8457,103.481
457.188,132.011,191.094,0.369,19.2168,103.552
457.438,131.946,191.094,0.369,19.2071,103.626
457.688,128.047,191.094,0.369,19.2161,103.696
457.938,135.946,191.094,0.369,18.8471,103.773
458.188,120.052,191.094,0.372,18.8436,103.849
458.438,144,191.094,0.378,19.2144,103.919
458.688,124.002,191.094,0.38,19.214,103.987
458.938,127.948,191.094,0.38,19.6015,104.057
459.188,132.05,191.094,0.376,19.6027,104.133
459.438,127.992,191.094,0.372,19.5996,104.203
459.688,128.009,191.094,0.371,19.5987,104.271
459.938,139.998,191.094,0.365,19.2163,104.348
460.188,120,191.094,0.353,19.2123,104.415
460.439,131.801,190.527,0.347,19.2125,104.489
460.688,172.267,190.605,0.347,18.8175,104.562
460.938,135.988,190.605,0.341,18.8427,104.633
461.188,124.01,190.605,0.337,18.8473,104.708
461.438,135.996,190.605,0.335,18.8448,104.782
461.688,164.003,190.605,0.332,18.8483,104.851
461.938,143.99,190.648,0.326,18.1465,104.925
462.188,124.012,190.648,0.324,18.1463,104.999
462.438,131.995,190.684,0.328,17.8108,105.068
462.688,136,190.684,0.33,18.1473,105.132
462.938,139.991,190.684,0.328,18.4911,105.195
463.188,124.01,190.684,0.32,18.4908,105.271
463.438,123.998,190.684,0.283,18.8436,105.344
463.688,132.003,190.684,0.289,18.8465,105.414
463.938,135.996,190.738,0.283,18.8391,105.488
464.188,120.001,190.738,0.281,18.8428,105.555
464.438,139.989,190.738,0.269,19.5939,105.626
464.688,128.012,190.738,0.269,20.0057,105.699
464.938,131.992,190.738,0.276,19.9946,105.765
465.188,128.009,190.738,0.284,20.0035,105.833
465.391,172.768,190.738,0.293,19.9994,105.88
465.638,153.588,190.738,0.327,19.9989,105.943
465.888,131.997,190.738,0.343,19.602,105.999
466.138,143.999,190.738,0.366,19.6031,106.051
466.388,136.004,190.738,0.386,19.6015,106.109
466.638,135.996,190.738,0.412,19.216,106.164
466.888,140.004,190.738,0.424,19.2167,106.217
467.138,135.996,190.738,0.435,19.2194,106.275
467.388,140.007,190.738,0.436,19.2158,106.334
467.638,131.991,190.742,0.437,18.8551,106.402
467.888,132.007,190.742,0.435,18.4888,106.478
468.138,127.995,190.742,0.43,18.5648,106.549
468.389,131.847,190.742,0.422,18.4929,106.616
468.638,132.157,190.742,0.416,18.8459,106.678
468.888,132,190.742,0.418,18.8462,106.748
469.138,127.999,190.742,0.422,18.829,106.82
469.388,139.998,190.742,0.423,19.2151,106.882
469.638,132.002,190.742,0.424,19.2137,106.952
469.839,119.625,190.742,0.423,19.2104,107.012
470.088,132.335,190.742,0.418,19.2133,107.081
470.339,131.879,190.742,0.412,19.2125,107.155
470.588,132.121,190.742,0.41,19.5961,107.226
470.838,128,190.742,0.403,19.5938,107.303
471.088,143.993,190.742,0.4,19.5919,107.375
471.338,124,190.742,0.398,19.6,107.445
471.588,128.004,190.742,0.398,19.5939,107.522
471.838,135.998,190.742,0.397,19.6056,107.591
472.088,128,190.742,0.397,19.2198,107.668
472.338,123.996,190.742,0.397,18.8326,107.744
472.588,136.001,190.742,0.398,19.2023,107.815
472.838,123.951,190.742,0.402,19.2152,107.89
473.041,143.031,190.742,0.406,19.2146,107.949
473.288,165.904,190.742,0.408,18.8482,108.018
473.538,131.994,190.742,0.409,18.8464,108.095
473.788,123.999,190.742,0.41,18.8371,108.166
474.038,140,190.742,0.411,18.8359,108.242
474.288,124.003,190.742,0.414,18.4902,108.316
474.538,139.995,190.742,0.42,18.8475,108.386
474.788,120.004,190.742,0.422,18.5084,108.462
475.038,127.998,190.742,0.386,18.8495,108.533
475.288,136.002,190.742,0.353,18.8473,108.6
475.538,127.993,190.742,0.322,18.8423,108.669
475.788,132.005,190.742,0.3,19.2239,108.737
476.038,127.998,190.742,0.284,19.2081,108.812
476.288,140.004,190.742,0.289,19.2108,108.886
476.538,131.998,190.742,0.302,19.2085,108.952
476.788,128,190.742,0.306,19.5911,109.025
477.038,136.004,190.742,0.316,19.5967,109.09
477.288,131.999,190.742,0.32,19.2194,109.157
477.538,131.977,190.742,0.323,19.1967,109.231
477.788,120.02,190.742,0.324,19.2037,109.293
478.038,135.998,190.742,0.326,19.211,109.362
478.288,124.003,190.742,0.329,19.2172,109.434
478.538,139.923,190.742,0.341,19.2072,109.505
478.788,120.064,190.742,0.356,19.2292,109.58
479.038,132.005,190.742,0.367,19.2235,109.648
479.288,127.997,190.742,0.39,18.843,109.724
479.538,132,190.742,0.43,18.84,109.8
479.788,136.002,190.742,0.464,19.6019,109.872
480.038,123.999,190.742,0.522,19.6216,109.948
480.288,119.999,190.742,0.559,19.6306,110.023
480.538,144.002,190.742,0.562,19.6089,110.089
480.788,115.999,190.742,0.564,19.6064,110.161
481.038,135.984,190.742,0.561,19.6139,110.234
481.288,128.016,190.742,0.56,19.6029,110.305
481.538,131.999,190.742,0.552,19.2125,110.382
481.788,119.998,190.742,0.549,19.61,110.453
482.038,124.003,190.742,0.537,19.6111,110.529
482.288,135.999,190.742,0.517,19.5967,110.6
482.538,128.002,190.742,0.516,19.6035,110.669
482.788,123.998,190.742,0.515,19.606,110.745
483.038,132,190.742,0.515,19.6051,110.808
483.288,119.999,191.227,0.515,19.607,110.864
483.538,131.999,191.238,0.515,19.6013,110.914
483.788,120.006,191.238,0.515,19.5952,110.95
484.038,131.994,191.238,0.515,20.0026,110.959
484.288,120.002,191.238,0.515,20,110.96
484.538,131.996,191.238,0.513,20.009,110.961
484.788,124.005,191.238,0.512,19.609,110.962
485.038,139.997,191.238,0.505,19.6033,110.963
485.288,127.994,191.238,0.503,19.6019,110.964
485.538,152.008,191.238,0.501,19.5942,110.965
485.788,127.998,191.238,0.501,19.6008,110.966
486.038,139.991,191.238,0.5,19.601,110.967
486.288,132.013,191.238,0.5,20.8577,110.968
486.538,156,191.238,0.5,19.6083,110.969
486.788,132.001,191.238,0.5,19.597,110.971
487.038,135.994,191.238,0.499,19.5967,110.972
487.288,136.004,191.238,0.5,19.6124,110.974
487.538,148,191.238,0.5,19.6038,110.975
487.788,128.001,191.238,0.501,19.6076,110.983
488.038,144.001,191.238,0.516,19.6027,111.034
488.288,135.95,191.238,0.533,19.2314,111.088
488.538,152.047,191.238,0.549,19.2253,111.143
488.788,128.004,191.238,0.557,18.4971,111.216
489.038,179.993,191.238,0.556,18.8538,111.276
489.288,136.003,191.238,0.555,18.8456,111.342
489.538,132.002,191.238,0.561,18.4903,111.417
489.788,124,191.238,0.563,18.8475,111.486
490.038,139.999,191.238,0.552,18.8396,111.559
490.288,124,191.238,0.549,18.8446,111.63
490.538,136.002,191.242,0.545,18.8347,111.699
490.788,131.997,191.242,0.544,18.8445,111.775
491.038,131.997,191.242,0.544,19.2175,111.844
491.289,123.915,191.242,0.544,19.2125,111.917
491.49,169.115,191.242,0.543,19.6454,111.976
491.738,168.831,191.242,0.548,19.6038,112.046
491.988,123.996,191.242,0.519,20.0008,112.122
492.238,132.001,191.242,0.473,19.9998,112.191
492.488,139.999,191.242,0.445,19.9981,112.257
492.738,128.002,191.242,0.415,19.9967,112.332
492.988,132.001,191.242,0.398,19.9882,112.399
493.238,132,191.242,0.387,20.0005,112.475
493.488,131.998,191.242,0.386,19.6039,112.546
493.739,139.908,191.242,0.378,19.5997,112.613
493.988,128.086,191.242,0.37,19.6012,112.683
494.238,183.975,191.242,0.368,19.6065,112.75
494.488,136.019,191.242,0.367,19.5919,112.818
494.738,135.998,191.242,0.351,19.2125,112.889
494.988,127.999,191.242,0.311,19.2162,112.96
495.238,128,191.242,0.27,19.1926,113.032
495.488,147.984,191.242,0.259,19.218,113.102
495.738,124.017,191.242,0.251,19.2151,113.166
495.989,139.517,191.242,0.268,19.5804,113.236
496.238,176.605,191.242,0.296,19.6036,113.3
496.488,132.004,191.242,0.325,19.5979,113.367
496.738,136.001,191.242,0.397,19.5867,113.44
496.988,127.999,191.242,0.458,19.5943,113.511
497.19,168.929,191.242,0.485,19.9966,113.571
497.438,148.744,191.242,0.498,20.0019,113.64
497.688,128.005,191.242,0.494,20.0238,113.705
497.938,143.998,191.242,0.475,19.9904,113.779
498.188,124.006,191.242,0.47,19.9984,113.856
498.438,135.988,191.242,0.463,20.018,113.927
498.688,132.011,191.242,0.452,19.9959,113.999
498.938,139.996,191.242,0.441,19.9974,114.067
499.188,116.007,191.242,0.437,20.0071,114.144
499.438,131.988,191.242,0.435,20.0082,114.214
499.688,140.01,191.242,0.434,20.1068,114.287
499.938,127.958,191.242,0.429,19.9855,114.359
500.188,124.044,191.242,0.426,20.0195,114.427
500.438,139.991,191.242,0.425,20.0066,114.504
500.688,128.002,191.242,0.423,19.9867,114.576
500.938,143.996,191.242,0.416,19.9764,114.647
501.188,120.004,191.242,0.408,20.0065,114.724
501.438,143.992,191.242,0.401,19.9992,114.795
501.688,127.984,191.242,0.389,19.9962,114.866
501.938,131.987,191.242,0.37,19.5893,114.941
502.188,136.037,191.242,0.369,19.6065,115.011
502.438,132.003,191.242,0.367,19.5919,115.088
502.688,139.999,191.242,0.363,19.6048,115.162
502.938,128,191.242,0.354,19.5837,115.232
503.188,127.994,191.242,0.349,19.6001,115.307
503.438,144.005,191.242,0.339,19.6199,115.378
503.688,128.001,191.242,0.336,19.5931,115.452
503.938,143.996,191.242,0.333,19.5969,115.528
504.188,124.002,191.242,0.329,19.6069,115.597
504.438,127.957,191.242,0.309,19.9929,115.666
504.688,136.047,191.242,0.32,20.0098,115.722
504.938,147.999,191.242,0.311,20.005,115.777
505.188,128.036,191.242,0.306,20.0493,115.842
505.438,135.959,191.242,0.29,20.0186,115.9
505.689,139.869,191.242,0.289,19.6109,115.96
505.938,136.127,191.242,0.291,19.5909,116.018
506.188,131.999,191.242,0.293,19.6104,116.068
506.438,156.003,191.242,0.3,19.202,116.125
506.688,135.968,191.242,0.305,19.235,116.187
506.938,144.029,191.242,0.297,19.2079,116.248
507.189,123.81,191.242,0.316,19.2253,116.324
507.39,124.241,191.242,0.317,19.2898,116.377
507.638,140.913,191.242,0.317,19.2,116.446
507.888,123.947,191.242,0.316,19.2244,116.515
508.138,136.064,191.242,0.315,19.5832,116.584
508.388,123.981,191.242,0.332,19.5919,116.656
508.638,128.016,191.242,0.337,19.6153,116.72
508.889,135.715,191.242,0.342,20.0089,116.79
509.138,132.278,191.242,0.344,19.9907,116.865
509.388,119.983,191.242,0.345,20.01,116.932
509.638,140,191.242,0.347,19.9893,117.007
509.888,132.013,191.242,0.354,20.0008,117.081
510.138,180.011,191.242,0.356,19.96,117.151
510.391,166.358,191.242,0.359,19.975,117.223
510.638,121.195,191.242,0.36,20.0012,117.292
510.888,139.966,191.242,0.36,20.0102,117.364
511.138,120.028,191.242,0.36,19.9918,117.439
511.389,123.891,191.242,0.36,20.0028,117.508
511.638,136.122,191.242,0.36,20.0025,117.58
511.889,127.688,191.242,0.364,20.0082,117.65
512.138,128.311,191.242,0.366,19.9856,117.719
512.388,131.996,191.242,0.368,20.0122,117.793
512.638,128,191.242,0.369,19.9993,117.862
512.888,135.993,191.242,0.369,20.06,117.932
513.138,132.011,191.242,0.369,19.9901,118.007
513.388,127.966,191.242,0.376,20.0002,118.077
513.638,136.036,191.242,0.381,19.9954,118.153
513.888,123.995,191.242,0.39,20.0066,118.221
514.138,127.929,191.25,0.394,19.9962,118.293
514.388,172.093,191.25,0.403,19.5946,118.367
514.638,124.005,191.25,0.406,19.6108,118.437
514.888,123.988,191.25,0.404,19.5943,118.511
515.138,136.012,190.75,0.402,19.5854,118.584
515.388,127.969,190.754,0.403,19.5977,118.654
515.638,124.029,190.754,0.406,19.594,118.73
515.888,136.004,190.754,0.409,19.6026,118.803
516.138,127.995,190.754,0.409,19.5981,118.874
516.389,127.777,190.754,0.411,19.5943,118.95
516.638,136.243,190.754,0.413,19.6004,119.021
516.888,120,190.754,0.413,20.0133,119.095
517.138,139.997,190.754,0.413,19.9771,119.17
517.388,124.002,190.754,0.418,20.0022,119.239
517.638,124.001,190.754,0.42,19.9913,119.312
517.888,131.996,190.754,0.415,19.6025,119.388
518.138,128.002,190.754,0.413,19.5991,119.454
518.388,124.003,190.754,0.411,19.5942,119.53
518.638,131.992,190.754,0.408,19.6125,119.601
518.888,136.002,190.754,0.384,19.597,119.672
519.138,128.002,190.754,0.372,19.6075,119.741
519.388,135.995,190.754,0.363,19.6013,119.809
519.638,124.004,190.754,0.335,19.6176,119.881
519.888,135.987,190.754,0.319,19.6094,119.948
520.138,124.015,190.754,0.297,19.6111,120.011
520.388,131.993,190.754,0.274,20.0062,120.076
520.638,132.005,190.754,0.263,19.9952,120.138
520.889,131.742,190.754,0.246,20.0065,120.205
521.091,177.713,190.754,0.242,20.0048,120.26
521.338,129.587,190.754,0.242,20.0028,120.329
521.588,140.001,190.754,0.263,20.0017,120.397
521.838,135.995,190.754,0.281,20.0041,120.452
522.088,135.993,190.754,0.318,19.5953,120.517
522.338,136.007,190.754,0.341,19.6142,120.581
522.588,139.986,190.754,0.37,19.6034,120.636
522.838,132.017,190.754,0.399,19.6025,120.7
523.088,132,190.754,0.419,19.6056,120.764
523.338,123.998,190.754,0.428,19.6009,120.832
523.588,136.001,190.754,0.447,19.5912,120.901
523.838,123.995,190.754,0.459,19.6099,120.967
524.088,135.99,190.754,0.488,19.6033,121.035
524.338,124.017,190.754,0.519,19.6016,121.109
524.588,135.997,190.754,0.551,20.0047,121.175
524.839,143.609,190.754,0.563,20.0005,121.243
525.088,164.447,190.754,0.572,20.003,121.31
525.338,115.995,190.754,0.571,19.9722,121.367
525.588,132.005,190.754,0.584,19.5949,121.417
525.838,119.999,190.754,0.591,19.6142,121.456
526.088,127.999,190.754,0.601,19.6117,121.48
526.338,132.001,190.754,0.6,19.6041,121.481
526.588,124.002,190.754,0.6,19.2305,121.482
526.838,127.997,190.754,0.602,19.2049,121.483
527.088,140,190.754,0.603,19.2301,121.483
527.338,128.002,190.754,0.611,19.2015,121.484
527.688,134.309,190.754,0.616,19.9898,121.486
527.938,139.966,190.754,0.615,19.1945,121.488
528.188,135.998,190.754,0.617,19.5731,121.489
528.438,132.003,190.754,0.618,19.5697,121.491
528.688,139.99,190.754,0.621,19.5662,121.493
528.889,144.385,190.754,0.623,19.9834,121.493
529.138,132.489,190.754,0.625,19.9562,121.495
529.388,136.002,190.754,0.626,19.9809,121.496
529.638,135.998,190.754,0.628,19.962,121.498
529.889,139.796,190.754,0.618,19.984,121.501
530.138,152.225,190.754,0.592,19.1904,121.545
530.388,127.968,190.754,0.541,20.006,121.601
530.638,136.024,190.754,0.518,19.9966,121.652
530.888,147.969,190.754,0.501,19.9991,121.709
531.138,128.02,190.754,0.499,20.0014,121.773
531.388,132.009,190.754,0.517,19.9993,121.839
531.589,144.429,190.754,0.536,20.0095,121.901
531.838,164.482,190.754,0.56,19.5997,121.97
532.088,128.009,190.754,0.542,19.5999,122.039
532.338,119.986,190.754,0.513,19.6048,122.113
532.588,136.035,190.754,0.492,19.5984,122.182
532.838,123.98,190.754,0.468,19.5985,122.253
533.088,139.99,190.754,0.424,19.6003,122.321
533.338,124.008,190.754,0.386,19.6043,122.388
533.588,139.998,190.754,0.335,19.6049,122.459
533.838,128,190.754,0.307,19.6002,122.524
534.088,140.031,190.754,0.271,19.5912,122.592
534.338,119.982,190.754,0.251,19.6051,122.664
534.588,140.011,190.754,0.241,19.5891,122.734
534.838,119.97,190.754,0.25,19.599,122.801
535.088,140.01,190.754,0.269,19.6002,122.86
535.338,132.004,190.754,0.285,19.5955,122.921
535.588,136.004,190.754,0.293,19.5942,122.981
535.838,128,190.754,0.302,19.5923,123.036
536.088,143.986,190.754,0.315,19.6011,123.095
536.338,128.004,190.754,0.326,19.5987,123.162
536.588,136.011,190.754,0.331,19.6103,123.23
536.838,127.997,190.754,0.332,20.0021,123.307
537.088,143.998,190.754,0.333,19.9996,123.381
537.338,120.001,190.754,0.334,20.0041,123.451
537.588,140,190.754,0.335,19.9909,123.525
537.838,123.999,190.754,0.336,19.9993,123.596
538.088,131.999,190.754,0.343,19.9929,123.669
538.338,135.996,190.754,0.345,20.0051,123.745
538.588,128.001,190.754,0.357,20.0035,123.816
538.838,124.012,190.754,0.367,20.0082,123.893
539.088,131.965,190.754,0.408,20.0003,123.963
539.338,120.026,190.754,0.44,20.0006,124.037
539.588,143.985,190.754,0.46,19.9929,124.113
539.838,124.008,190.754,0.461,19.9978,124.184
540.088,140.006,190.754,0.461,20.0065,124.258
540.338,119.996,190.754,0.455,19.9927,124.334
540.588,139.994,190.754,0.455,20.0124,124.404
540.838,116.004,190.754,0.467,19.5905,124.48
541.088,135.967,190.754,0.485,19.5993,124.555
541.339,127.946,190.754,0.487,19.6029,124.626
541.588,128.086,190.754,0.488,19.5918,124.702
541.838,132,190.754,0.488,19.5949,124.773
542.088,128.018,190.754,0.489,19.6034,124.846
542.338,123.987,190.754,0.489,19.5988,124.923
542.588,136.012,190.754,0.461,19.5998,124.992
542.838,123.989,190.754,0.435,19.575,125.067
543.088,140.02,190.754,0.425,19.5858,125.137
543.338,119.922,190.754,0.425,19.9995,125.21
543.588,136.04,190.754,0.425,20.0092,125.286
543.838,124.018,190.754,0.425,19.9951,125.357
544.088,128.024,191.23,0.423,20.0014,125.431
544.291,138.289,191.23,0.418,20.0046,125.49
544.538,169.687,191.23,0.415,20.0024,125.562
544.788,131.969,191.23,0.412,20.0015,125.639
545.038,128.036,191.23,0.411,20.0019,125.709
545.288,123.999,191.23,0.411,20.0356,125.782
545.538,135.98,191.23,0.411,20.0162,125.858
545.788,128.013,191.23,0.412,20.0033,125.929
546.038,128.008,191.23,0.417,19.9973,126.002
546.288,131.963,191.23,0.421,19.9801,126.073
546.538,128.03,191.23,0.422,20.0022,126.147
546.788,115.984,191.23,0.423,20.0034,126.223
547.038,132.043,191.23,0.424,19.6031,126.291
547.288,119.952,191.23,0.427,19.6013,126.36
547.538,140.034,191.23,0.429,19.6047,126.43
547.788,115.971,191.23,0.439,19.2365,126.5
548.038,128.029,191.23,0.443,19.2151,126.574
548.288,132.006,191.23,0.449,19.2177,126.64
548.538,123.996,191.23,0.454,19.214,126.711
548.788,127.993,191.23,0.462,19.2092,126.787
549.038,132.005,191.23,0.462,19.2207,126.856
549.288,120.005,191.23,0.461,19.2208,126.928
549.538,127.997,191.23,0.461,19.6063,126.994
549.788,123.963,191.23,0.473,19.609,127.046
550.038,124.037,191.23,0.484,19.6033,127.093
550.288,123.956,191.23,0.49,19.9962,127.13
550.538,128.046,191.23,0.493,20,127.14
550.788,123.952,191.23,0.493,20.0064,127.141
551.038,124.051,191.23,0.495,19.999,127.142
551.288,127.964,191.23,0.499,20.0084,127.142
551.538,136.038,191.23,0.501,20.0008,127.143
551.788,123.993,191.23,0.502,20.0047,127.143
552.038,132.005,191.23,0.504,20.0016,127.143
552.288,135.993,191.23,0.505,20.0027,127.144
552.538,128.007,191.23,0.501,19.6016,127.144
552.788,123.994,191.23,0.503,19.5859,127.145
553.038,124.008,191.23,0.503,19.6024,127.145
553.288,131.966,191.23,0.507,19.6005,127.146
553.538,132.035,191.23,0.505,19.6032,127.146
553.788,115.961,191.23,0.508,19.6003,127.147
554.039,139.901,191.23,0.51,19.5967,127.147
554.289,164.002,191.23,0.515,19.5778,127.147
554.538,136.14,191.23,0.515,19.6003,127.148
554.788,131.964,191.23,0.514,19.6006,127.148
555.038,124.031,191.23,0.515,19.6022,127.149
555.288,127.992,191.23,0.52,19.6174,127.149
555.538,140.01,191.23,0.521,19.6005,127.149
555.788,115.98,191.23,0.52,19.5999,127.149
556.038,132.024,191.23,0.521,19.5875,127.15
556.289,131.793,191.23,0.521,19.5896,127.15
556.538,124.192,191.23,0.522,19.5892,127.151
556.788,127.976,191.23,0.521,19.6155,127.151
557.038,120.024,191.23,0.521,19.5981,127.151
557.288,131.991,191.23,0.521,20.0032,127.152
557.538,136.003,191.23,0.518,19.9954,127.152
557.788,135.995,191.23,0.52,20.0002,127.153
558.038,128.012,191.23,0.516,20.008,127.154
558.288,127.966,191.23,0.518,19.9984,127.155
558.538,136.032,191.23,0.518,20.001,127.156
558.788,135.97,191.23,0.515,19.999,127.157
559.038,132.026,191.23,0.51,20.0001,127.158
559.288,139.953,191.23,0.504,20.0046,127.159
559.538,136.049,191.23,0.499,19.9995,127.16
559.788,147.986,191.23,0.492,19.9984,127.161
560.038,136.011,191.23,0.49,19.9916,127.163
560.288,147.971,191.23,0.485,19.9803,127.164
560.538,136.03,191.23,0.485,20.0075,127.165
560.788,131.958,191.23,0.483,19.9987,127.167
561.038,140.013,191.23,0.485,19.9909,127.168
561.288,131.984,191.23,0.484,20.0055,127.169
561.538,140.017,191.23,0.483,20.0063,127.17
561.788,131.999,191.23,0.488,19.9925,127.171
562.038,128.005,191.23,0.486,19.9959,127.172
562.288,135.993,191.23,0.485,20.0084,127.172
562.538,136.003,191.23,0.488,19.611,127.173
562.788,123.99,191.23,0.489,19.6196,127.173
563.038,140.015,191.23,0.488,19.5901,127.173
563.288,127.996,191.23,0.489,19.219,127.174
563.538,136,191.23,0.489,18.164,127.174
563.789,143.44,191.23,0.489,19.2224,127.174
564.038,164.59,191.23,0.486,18.859,127.175
564.288,136.046,191.23,0.49,18.8448,127.175
564.539,139.784,191.23,0.489,18.8452,127.175
564.788,120.188,191.23,0.488,18.8465,127.175
565.038,140.013,191.23,0.491,19.205,127.176
565.288,131.982,191.23,0.494,19.2153,127.176
565.538,131.967,191.23,0.487,19.2258,127.177
565.788,124.033,191.23,0.491,19.6024,127.177
566.038,136,191.23,0.491,19.2189,127.178
566.241,137.933,191.23,0.497,19.2138,127.178
566.488,141.701,191.23,0.5,18.8712,127.179
566.738,187.995,191.23,0.501,19.1715,127.18
566.988,144,191.23,0.504,18.8421,127.181
567.238,131.989,191.23,0.514,18.4685,127.182
567.489,155.729,191.23,0.516,18.4794,127.183
567.739,124.013,191.23,0.516,18.1654,127.184
567.988,152.28,191.23,0.518,17.819,127.185
568.238,136.014,191.23,0.537,17.8061,127.187
568.488,147.961,191.23,0.52,17.8198,127.187
568.738,128.036,191.23,0.514,18.1496,127.196
568.988,143.941,191.23,0.485,18.1484,127.248
569.238,135.973,191.23,0.431,18.1517,127.307
569.488,156.096,191.23,0.409,18.4943,127.37
569.738,119.965,191.23,0.383,18.4903,127.44
569.988,128.002,191.23,0.376,18.8538,127.508
570.238,136.035,191.23,0.369,19.2103,127.577
570.488,135.94,191.23,0.368,19.5962,127.65
570.738,131.958,191.23,0.368,19.6223,127.726
570.988,128.153,191.23,0.365,19.6003,127.791
571.238,123.944,191.23,0.333,19.596,127.866
571.488,143.978,191.23,0.341,19.5923,127.935
571.738,120.012,191.23,0.359,19.9925,128.006
571.988,135.971,191.23,0.363,19.999,128.081
572.238,127.943,191.23,0.366,19.5894,128.148
572.488,132.074,191.23,0.37,19.2102,128.217
572.738,136.023,191.23,0.382,19.2127,128.283
572.988,127.94,191.23,0.388,19.2114,128.355
573.238,124.055,191.23,0.394,18.8454,128.43
573.488,143.922,191.23,0.4,18.8342,128.496
573.738,128.112,191.23,0.404,18.8375,128.568
573.988,175.925,191.23,0.415,18.8356,128.644
574.238,120.014,191.23,0.421,18.8505,128.71
574.488,140,191.262,0.427,18.8417,128.776
574.738,124.001,191.262,0.449,19.2202,128.844
574.988,128.022,191.262,0.464,19.2101,128.918
575.238,131.942,191.262,0.448,19.2179,128.994
575.488,132.001,191.262,0.425,19.2169,129.065
575.738,128.032,191.262,0.397,18.8358,129.139
575.988,135.998,191.262,0.37,19.2211,129.214
576.238,120.002,191.262,0.335,18.8528,129.28
576.488,143.942,191.262,0.32,18.5423,129.346
576.738,120.043,191.262,0.296,18.5016,129.408
576.988,135.952,191.262,0.292,18.1465,129.474
577.238,132.047,191.262,0.284,18.1519,129.543
577.488,135.954,191.262,0.286,18.4932,129.608
577.738,120.047,191.262,0.295,18.1582,129.677
577.988,135.954,191.262,0.305,18.1498,129.739
578.238,132.018,191.262,0.318,18.1487,129.791
578.488,147.985,191.262,0.309,18.4735,129.847
578.738,140.041,191.262,0.297,18.8467,129.903
578.988,132.05,191.262,0.296,19.2369,129.973
579.238,127.951,191.262,0.295,18.8489,130.044
579.488,135.965,191.262,0.297,19.2181,130.11
579.738,116.006,191.262,0.305,19.2102,130.184
579.989,127.915,191.262,0.312,19.2109,130.243
580.238,132.104,191.262,0.318,19.2151,130.31
580.488,143.966,191.262,0.32,18.8416,130.384
580.738,124.037,191.262,0.32,18.841,130.453
580.988,128.051,191.262,0.32,18.8426,130.524
581.238,135.93,191.262,0.32,18.4926,130.596
581.488,131.975,191.262,0.326,18.4867,130.666
581.738,132.044,191.262,0.347,18.4805,130.739
581.988,127.97,191.262,0.367,18.85,130.812
582.238,120.027,191.262,0.419,18.8421,130.882
582.489,147.863,191.262,0.463,18.8458,130.956
582.738,124.101,191.262,0.526,19.218,131.028
582.988,124.059,191.262,0.514,19.6063,131.103
583.238,127.952,191.262,0.517,19.2205,131.179
583.488,128.032,191.262,0.523,19.2151,131.249
583.738,119.974,191.262,0.531,19.6026,131.324
583.988,136.001,191.262,0.534,19.5987,131.393
584.238,119.996,190.664,0.536,19.2141,131.467
584.488,131.941,190.746,0.532,18.8491,131.543
584.738,136.059,190.746,0.528,18.8495,131.613
584.988,120.038,190.746,0.527,18.4993,131.69
585.238,127.96,190.746,0.518,18.4981,131.767
585.489,131.772,190.746,0.515,18.4916,131.838
585.738,120.18,190.746,0.513,18.1487,131.912
585.988,131.986,190.746,0.512,18.4966,131.989
586.238,124.041,190.746,0.512,18.4878,132.059
586.488,123.985,190.746,0.512,18.1437,132.13
586.738,128.018,190.746,0.448,18.1498,132.187
586.988,119.998,190.746,0.411,18.1469,132.239
587.238,123.991,190.746,0.36,18.4935,132.282
587.488,127.949,190.746,0.333,18.8496,132.305
587.738,124.062,190.746,0.333,18.4903,132.306
587.988,131.998,190.746,0.333,18.4959,132.307
588.238,116.001,190.746,0.333,18.8533,132.307
588.488,140.003,190.746,0.333,18.8468,132.308
588.738,127.985,190.746,0.333,18.8493,132.309
588.988,127.991,190.746,0.333,18.4918,132.31
589.238,132.022,190.746,0.332,18.8475,132.311
589.488,136,190.746,0.331,18.8433,132.312
589.738,128.001,190.746,0.319,18.4908,132.314
589.988,131.996,190.746,0.319,18.4953,132.316
590.238,136.005,190.746,0.316,18.4862,132.317
590.488,135.991,190.746,0.306,18.4955,132.318
590.738,140.005,190.746,0.302,18.4903,132.32
590.988,136.021,190.746,0.3,18.1417,132.321
591.238,187.969,190.746,0.298,17.8162,132.322
