time,cpu,memory,obstacle_distance,cmd_vel_frequency,distance_travelled
0.215283,0,173.16,0.237,0,0
0.465736,147.732,173.344,0.237,20.0674,0.00133171
0.71702,151.223,173.344,0.273,17.7908,0.0437514
0.965429,140.897,173.344,0.362,18.5909,0.119821
1.16644,154.217,174.02,0.425,18.8387,0.194973
1.41565,176.563,174.043,0.47,19.0943,0.251651
1.66582,135.909,174.043,0.475,17.865,0.327516
1.91551,188.229,174.043,0.476,18.7581,0.401139
2.16656,135.432,174.648,0.477,18.4276,0.468038
2.41672,183.881,174.648,0.478,18.6109,0.543484
2.66609,148.374,174.648,0.474,18.7551,0.613841
2.91538,148.424,174.648,0.47,18.4951,0.683189
3.16663,167.163,175.223,0.466,18.1498,0.751125
3.41528,152.826,175.223,0.46,18.1477,0.826241
3.61737,173.189,175.223,0.456,17.5002,0.893694
3.86529,149.239,175.223,0.459,17.8181,0.937629
4.11545,191.88,175.223,0.465,17.8208,1.00105
4.31713,183.458,175.797,0.474,17.815,1.05587
4.5653,141.032,175.797,0.504,18.1482,1.10816
4.81613,147.511,175.797,0.533,18.1477,1.19251
5.06543,156.441,175.797,0.545,18.1478,1.2425
5.31607,139.641,176.371,0.559,17.8214,1.2562
5.56596,164.071,176.371,0.572,18.1469,1.30417
5.81554,168.286,176.371,0.601,18.8418,1.36202
6.0654,164.087,176.371,0.668,19.2154,1.43322
6.31554,151.914,176.906,0.674,19.2104,1.50646
6.56572,127.911,176.906,0.696,19.5941,1.56543
6.81548,168.158,176.906,0.708,20.0048,1.63314
7.01734,173.387,176.906,0.719,19.2143,1.66552
7.26686,164.316,177.48,0.714,19.5993,1.73436
7.51641,152.273,177.48,0.71,19.599,1.7948
7.76531,128.566,177.48,0.691,20.0001,1.85011
7.96646,139.205,177.48,0.676,20.0003,1.92086
8.21663,171.879,177.48,0.619,20.4156,1.96878
8.46579,200.676,177.938,0.547,19.5904,2.02861
8.71609,195.767,177.938,0.504,19.5977,2.08737
8.96569,172.278,177.938,0.451,19.6031,2.1538
9.21638,199.448,177.938,0.401,18.4896,2.2243
9.46732,175.341,178.516,0.345,18.1396,2.30375
9.71531,173.395,178.516,0.312,18.1482,2.37463
9.96549,155.883,178.516,0.287,17.5009,2.44343
10.1674,153.521,178.516,0.286,16.8962,2.49812
10.4161,184.995,179.043,0.286,16.6062,2.57174
10.6661,139.993,179.043,0.289,16.6097,2.6343
10.9157,148.224,179.043,0.296,16.3357,2.70103
11.1663,127.683,179.043,0.314,16.3362,2.75678
11.4156,156.433,179.562,0.34,16.1007,2.80164
11.6653,128.157,179.562,0.328,15.8124,2.88127
11.8669,143.874,179.562,0.32,16.3323,2.92631
12.1153,132.827,179.562,0.313,16.6077,2.99314
12.3169,143.892,179.562,0.318,17.2003,3.05049
12.5653,136.872,180.133,0.324,17.8215,3.09222
12.7661,149.411,180.152,0.33,18.4965,3.1484
13.0153,132.419,180.152,0.333,18.8506,3.19333
13.2684,161.952,180.152,0.335,18.8435,3.27281
13.5153,149.871,180.699,0.337,19.2048,3.34683
13.7654,119.968,180.699,0.346,19.5964,3.4012
13.9662,149.374,180.699,0.352,19.5959,3.47013
14.2155,128.365,180.699,0.357,19.9939,3.5371
14.4164,139.411,181.242,0.365,20.0011,3.59342
14.6655,120.404,181.242,0.372,19.5957,3.66193
14.9157,143.881,181.242,0.348,19.5989,3.72929
15.1667,127.501,181.242,0.336,19.5955,3.79331
15.4155,152.732,181.242,0.336,19.9974,3.84107
15.6654,132.04,181.766,0.324,19.5967,3.926
15.9158,139.807,181.766,0.311,19.5959,3.99514
16.166,119.912,181.766,0.301,19.6004,4.04568
16.4167,151.561,181.766,0.299,19.2141,4.13086
16.6657,120.474,182.289,0.298,19.2202,4.18553
16.9161,143.777,182.289,0.298,18.846,4.2743
17.1666,119.752,182.289,0.298,19.2186,4.34796
17.4153,136.711,182.289,0.298,19.2122,4.40054
17.6662,135.528,182.281,0.304,19.2177,4.48333
17.9161,144.044,182.344,0.307,19.2176,4.54714
18.1653,120.38,182.344,0.316,18.8498,4.59295
18.4165,155.296,182.344,0.277,19.2199,4.65748
18.6664,128.023,182.859,0.254,18.8451,4.70669
18.9156,140.457,182.859,0.223,18.8493,4.79251
19.1659,115.864,182.859,0.219,19.2224,4.86542
19.4161,151.88,182.859,0.233,19.603,4.92119
19.6655,116.268,183.402,0.253,19.2186,5.00215
19.8668,149.052,183.402,0.27,19.2225,5.03351
20.1157,136.601,183.402,0.28,19.2184,5.09686
20.3655,148.121,183.402,0.285,18.8479,5.13886
20.5664,134.413,183.938,0.287,18.8474,5.18468
20.8156,152.432,183.941,0.296,18.8471,5.25559
21.0653,128.152,183.941,0.301,19.2169,5.31441
21.2665,139.183,183.941,0.3,19.2185,5.35489
21.5157,140.47,183.941,0.311,19.214,5.4303
21.7653,136.227,184.473,0.32,19.2136,5.48373
21.966,139.5,184.473,0.328,19.2187,5.5473
22.2155,132.245,184.473,0.346,19.2151,5.59368
22.4171,148.799,184.473,0.376,19.5947,5.64839
22.6659,124.604,184.949,0.393,19.6,5.72855
22.9154,144.299,184.949,0.446,19.9986,5.79864
23.1653,116.05,184.949,0.476,20.0058,5.86471
23.4154,147.936,184.969,0.533,19.9987,5.91899
23.6656,119.919,185.43,0.582,20.004,6.00655
23.9153,152.177,185.43,0.648,19.9992,6.07906
24.1659,115.727,185.43,0.687,20.0006,6.13544
24.4154,140.273,185.43,0.766,19.5996,6.22255
24.6654,132.017,185.742,0.742,19.6004,6.2769
24.9153,140.029,185.742,0.664,19.6046,6.3631
25.1163,129.327,185.805,0.611,19.6004,6.41462
25.3655,124.427,185.805,0.557,19.6007,6.47442
25.6158,127.843,185.805,0.478,19.2132,6.5625
25.8653,140.275,186.328,0.427,19.2128,6.61338
26.1153,132.005,186.328,0.357,19.2087,6.69948
26.3658,135.743,186.328,0.306,19.2138,6.77425
26.6158,135.982,186.328,0.243,18.8478,6.82913
26.8653,136.281,186.652,0.214,18.8428,6.9119
27.116,131.613,186.652,0.187,19.2158,6.98023
27.3166,139.56,186.652,0.187,19.2149,7.03587
27.5674,123.624,186.652,0.194,19.2196,7.10945
27.8156,132.965,187.148,0.236,19.2151,7.16613
28.0659,135.816,187.148,0.256,19.2192,7.24987
28.3154,132.289,187.148,0.291,19.6024,7.31158
28.5655,127.928,187.148,0.297,19.6,7.36245
28.8157,131.905,187.312,0.321,19.6028,7.44808
29.0653,120.185,187.312,0.345,20.0017,7.51345
29.3164,147.341,187.312,0.383,20.4217,7.5823
29.5659,116.265,187.312,0.414,20.0022,7.65223
29.8154,140.288,187.766,0.468,20.0009,7.71002
30.0655,127.905,187.766,0.509,20.0053,7.79741
30.2661,119.644,187.766,0.544,20.0026,7.83228
30.5171,147.435,187.801,0.58,19.6024,7.91011
30.7658,124.626,187.801,0.61,19.6022,7.98464
31.0157,132.099,188.172,0.651,19.5907,8.03756
31.2655,124.099,188.172,0.679,19.6031,8.12289
31.4667,139.138,188.172,0.715,19.6028,8.16434
31.7153,128.721,188.172,0.665,19.6048,8.25395
31.9653,128.003,188.172,0.607,19.6026,8.32286
32.2153,128.011,188.172,0.521,19.2177,8.37852
32.4655,123.861,188.172,0.467,19.2197,8.46542
32.6675,128.753,188.172,0.414,19.2226,8.50777
32.9156,137.035,188.656,0.335,19.6037,8.59399
33.1665,111.617,188.656,0.285,19.6037,8.6685
33.4154,148.615,188.656,0.221,19.219,8.72314
33.6653,120.065,188.656,0.183,19.2195,8.81054
33.916,131.627,188.656,0.172,19.2186,8.84285
34.1655,116.243,188.656,0.17,19.2192,8.8466
34.3674,123.806,188.656,0.163,19.219,8.86424
34.6153,129.101,188.656,0.22,19.6028,8.87536
34.816,129.518,188.656,0.279,19.6028,8.91041
35.0656,116.18,188.656,0.287,19.5978,8.91914
35.3157,135.933,188.656,0.233,19.601,8.97936
35.5664,123.657,188.656,0.234,19.6055,9.00491
35.8153,136.612,188.656,0.262,19.601,9.03267
36.0669,119.271,188.656,0.292,19.6007,9.07398
36.3157,124.572,188.656,0.308,19.6,9.08746
36.566,119.876,188.656,0.273,19.6031,9.15455
36.8153,132.326,188.656,0.3,19.5998,9.21452
37.0656,119.86,188.656,0.285,19.6003,9.25426
37.3153,128.188,188.656,0.235,19.6001,9.30698
37.5653,115.994,188.734,0.218,20.4172,9.34231
37.8153,132.008,188.734,0.208,19.9837,9.34511
38.0159,139.574,188.734,0.208,19.5834,9.34594
38.2653,128.274,188.734,0.206,19.9822,9.34663
38.4663,149.303,188.734,0.205,19.9837,9.34781
38.716,144.181,188.793,0.204,20.3997,9.34944
38.9657,140.151,188.793,0.203,19.5832,9.3502
39.1673,138.9,188.793,0.203,19.584,9.35118
39.4155,157.126,188.793,0.193,19.9834,9.35209
39.666,135.698,188.863,0.192,19.5841,9.35386
39.9156,152.273,188.863,0.19,19.9836,9.3552
40.1659,127.824,188.863,0.189,19.601,9.35638
40.4155,164.283,188.863,0.188,19.6001,9.35831
40.6653,120.104,188.984,0.188,18.8465,9.35877
40.9156,143.832,188.984,0.188,19.5998,9.35883
41.1656,111.981,188.984,0.188,19.2162,9.35883
41.4153,152.213,188.984,0.188,19.2148,9.35883
41.6658,119.772,189.105,0.188,19.6006,9.35883
41.8665,134.532,189.105,0.187,19.6002,9.35884
42.1161,136.174,189.105,0.187,19.5997,9.35887
42.3172,134.294,189.105,0.187,19.217,9.35887
42.5656,120.764,189.105,0.187,19.217,9.35887
42.8153,136.14,189.184,0.187,19.217,9.35888
43.0654,127.948,189.184,0.187,19.217,9.35888
43.3153,136.057,189.184,0.187,19.217,9.35888
43.5163,129.385,189.184,0.187,19.217,9.35888
43.7655,128.393,189.281,0.187,19.217,9.3589
44.0154,136.088,189.281,0.187,19.217,9.3589
44.2654,127.968,189.281,0.188,19.217,9.3589
44.5156,139.891,189.281,0.188,19.217,9.3589
44.7654,132.123,189.383,0.188,19.217,9.3589
45.0154,135.998,189.383,0.188,19.217,9.3589
45.2664,123.525,189.383,0.188,19.217,9.3589
45.5152,136.639,189.383,0.188,19.217,9.3589
45.7655,127.843,189.465,0.188,19.217,9.3589
46.0155,140.002,189.465,0.188,19.217,9.3589
46.2659,119.782,189.465,0.188,19.217,9.3589
46.5153,136.334,189.465,0.188,19.217,9.3589
46.7159,129.626,189.465,0.188,19.217,9.3589
46.9655,132.197,189.93,0.207,6.85323,9.3589
47.2173,143.017,189.93,0.261,6.9014,9.35981
47.4656,132.855,189.93,0.304,6.85349,9.36031
47.7162,147.654,189.992,0.313,6.86884,9.36174
47.9655,140.384,190.098,0.309,6.92594,9.36326
48.2153,144.127,190.098,0.322,6.87805,9.37508
48.4658,143.705,190.098,0.364,6.92421,9.43921
48.7153,148.338,190.098,0.423,6.87846,9.48045
48.9656,147.802,190.203,0.468,6.83101,9.54566
49.2175,142.894,190.203,0.52,6.83038,9.60483
49.4657,137.023,190.203,0.578,6.82989,9.65505
49.716,135.804,190.203,0.678,19.415,9.72948
49.9654,128.326,190.34,0.731,19.4162,9.81898
50.2153,148.076,190.34,0.825,18.6758,9.87403
50.466,127.625,190.34,0.877,18.8416,9.95222
50.7163,147.805,189.816,0.956,18.8419,10.0256
50.9653,128.526,189.922,1.023,18.853,10.0934
51.2153,148.016,189.922,1.015,18.8398,10.1641
51.4657,135.773,189.922,0.993,19.2132,10.2193
51.7155,140.098,189.922,0.955,18.8521,10.305
51.9653,136.121,190.008,0.929,19.2187,10.3801
52.2153,135.991,190.008,0.892,19.2213,10.4395
52.4653,139.996,190.008,0.877,19.2146,10.5235
52.6662,119.452,190.008,0.842,19.6141,10.5629
52.8673,144.247,190.008,0.826,19.5918,10.6233
53.1169,144.197,190.105,0.778,19.5968,10.6913
53.3664,132.313,190.105,0.74,19.6035,10.7628
53.6155,128.422,190.105,0.7,19.6052,10.8407
53.8653,140.144,190.105,0.679,19.2245,10.8926
54.1153,139.992,190.16,0.658,19.2136,10.982
54.3161,144.423,190.223,0.631,19.599,11.0264
54.5651,124.502,190.223,0.62,19.6071,11.1068
54.766,134.385,190.223,0.619,19.5995,11.1646
54.9681,148.439,190.289,0.602,19.5982,11.2186
55.2156,133.358,190.289,0.572,19.5954,11.2912
55.4659,127.826,190.289,0.544,19.5998,11.3425
55.7156,144.16,190.289,0.524,19.5985,11.4242
55.9653,124.14,190.289,0.524,19.6047,11.4953
56.2157,151.781,190.402,0.532,20.0025,11.5525
56.4673,131.155,190.402,0.543,19.5785,11.633
56.7158,132.79,190.402,0.566,19.5923,11.693
56.9653,140.278,189.918,0.587,19.2063,11.7614
57.216,139.609,189.984,0.617,18.8309,11.8469
57.4653,132.365,189.984,0.648,18.8482,11.9006
57.6666,139.137,189.984,0.677,18.8327,11.9684
57.9172,143.621,189.984,0.735,18.8434,12.024
58.1655,124.847,190.09,0.713,18.8373,12.1091
58.4155,152.05,190.09,0.649,18.8135,12.1796
58.6656,119.928,190.09,0.612,18.8463,12.2359
58.8675,138.699,190.09,0.572,18.8406,12.3111
59.1163,144.703,190.18,0.521,19.2171,12.3656
59.3668,135.708,190.18,0.493,18.8396,12.4531
59.6155,132.692,190.18,0.436,19.2557,12.528
59.8655,139.996,190.18,0.406,19.2264,12.5805
60.1154,136.068,190.227,0.352,19.2222,12.6635
60.3653,140.05,190.227,0.328,19.2276,12.7382
60.6153,136.015,190.227,0.289,19.2202,12.7927
60.8173,128.694,190.227,0.272,19.2062,12.8614
61.0657,140.883,190.227,0.269,19.2326,12.9087
61.3156,148.066,190.273,0.263,18.8465,12.978
61.5165,144.355,190.273,0.264,18.8458,13.013
61.7653,140.686,190.273,0.268,18.851,13.078
62.0156,135.848,190.273,0.277,19.2198,13.1567
62.2653,136.161,190.367,0.292,19.6037,13.2037
62.4664,149.181,190.367,0.297,19.2069,13.2658
62.7161,144.167,190.367,0.31,19.2162,13.3135
62.9669,135.566,190.367,0.318,19.2176,13.3805
63.2154,156.926,190.371,0.332,19.2137,13.4401
63.4653,140.065,190.371,0.341,19.2228,13.4864
63.7159,143.652,190.371,0.344,18.8481,13.5577
63.9657,132.117,190.371,0.332,19.2097,13.621
64.2153,148.238,190.379,0.332,19.2285,13.6701
64.4654,139.948,190.379,0.333,18.8449,13.7474
64.7153,140.049,190.379,0.335,18.8442,13.7881
64.9168,148.858,190.379,0.335,18.8622,13.8464
65.1666,124.1,190.379,0.313,19.2158,13.8932
65.4153,156.805,190.383,0.302,19.219,13.9595
65.6161,124.511,190.383,0.309,19.215,14.0289
65.8653,124.387,190.383,0.314,19.2375,14.0834
66.0663,139.332,190.383,0.32,19.2122,14.159
66.3165,143.893,190.391,0.339,19.5978,14.214
66.5669,139.78,190.391,0.352,19.6012,14.297
66.8155,136.75,190.391,0.362,19.5997,14.3656
67.0657,131.927,190.391,0.369,19.6021,14.42
67.3158,143.898,190.602,0.374,19.2234,14.5048
67.5653,120.261,190.602,0.381,19.2134,14.5767
67.7661,144.438,190.602,0.39,18.8391,14.6181
68.0153,132.391,190.602,0.403,18.8446,14.7069
68.2653,135.995,190.602,0.412,18.8446,14.7628
68.5158,139.766,190.602,0.406,18.4828,14.852
68.7665,127.635,190.602,0.4,18.4909,14.919
69.0154,144.618,190.602,0.395,18.1442,14.9784
69.2655,123.96,190.602,0.393,17.822,15.0536
69.5156,147.956,190.715,0.391,17.8133,15.1346
69.718,138.281,190.715,0.391,18.1558,15.1951
69.9661,124.955,190.715,0.387,18.4921,15.2706
70.2156,144.323,190.715,0.381,18.4938,15.3257
70.4661,131.738,190.715,0.379,18.8469,15.413
70.7158,136.13,190.715,0.377,18.8433,15.4696
70.9658,132.034,190.715,0.375,18.8438,15.5597
71.2155,140.133,190.715,0.368,19.2169,15.6346
71.4654,132.048,190.715,0.366,19.5959,15.69
71.7156,135.918,190.715,0.365,19.9973,15.7776
71.9653,136.163,190.715,0.366,20.0081,15.8334
72.2153,131.972,190.715,0.37,20.0042,15.9074
72.4654,143.968,191.117,0.371,20.0054,15.9971
72.716,127.683,191.117,0.371,20.0001,16.0527
72.9657,132.159,191.117,0.37,20.0176,16.1412
73.1673,138.921,191.117,0.368,20.0023,16.194
73.4153,145.156,191.117,0.364,20.004,16.2493
73.6654,131.951,191.117,0.358,19.5968,16.3357
73.866,134.552,191.117,0.34,19.5987,16.3766
74.1156,136.22,191.117,0.327,19.5977,16.4589
74.3652,132.211,191.117,0.327,19.5951,16.5115
74.5661,129.414,191.117,0.327,19.2221,16.5849
74.8155,148.381,191.117,0.327,19.2096,16.6568
75.0653,120.107,191.117,0.323,19.2133,16.7107
75.3153,147.963,191.117,0.316,19.2099,16.8005
75.566,127.646,191.117,0.314,19.2148,16.869
75.8153,140.41,191.117,0.305,19.2092,16.9296
76.066,135.619,191.117,0.303,19.2078,17.0147
76.3153,132.368,191.117,0.301,19.5976,17.0681
76.5654,135.934,191.117,0.3,19.2257,17.1552
76.8165,139.383,191.117,0.3,19.2133,17.2257
77.0654,120.561,191.117,0.297,19.6012,17.2802
77.3161,147.555,191.117,0.29,19.589,17.369
77.5652,124.435,191.117,0.276,19.6065,17.4391
77.8153,151.947,191.117,0.28,19.5919,17.4995
78.0166,129.194,191.117,0.278,19.6097,17.5728
78.2653,124.62,191.117,0.276,19.6021,17.6298
78.5161,151.534,191.117,0.268,19.2127,17.7135
78.7653,120.405,191.629,0.264,19.231,17.7674
78.9666,148.988,191.629,0.261,19.6101,17.8218
79.2174,139.572,191.629,0.267,19.6124,17.8968
79.4684,139.438,191.629,0.275,19.606,17.9435
79.7153,141.756,191.641,0.289,19.6068,18.0118
79.9657,127.786,191.641,0.307,19.6025,18.0551
80.2153,156.285,191.641,0.326,19.2167,18.1106
80.4653,135.981,191.641,0.342,19.1992,18.178
80.7159,143.641,191.641,0.363,19.2209,18.2311
80.966,135.959,191.641,0.374,19.224,18.2871
81.2153,148.414,191.641,0.381,19.6121,18.3507
81.4659,135.697,191.641,0.387,19.6014,18.4023
81.7154,140.238,191.641,0.386,19.5912,18.49
81.9666,127.4,191.641,0.371,19.6015,18.5637
82.2155,140.637,191.641,0.365,19.6019,18.6096
82.467,139.182,191.641,0.366,19.5991,18.6756
82.7155,136.798,191.641,0.371,19.9992,18.7437
82.9654,124.049,191.641,0.381,19.6202,18.8298
83.2154,140.021,191.641,0.387,19.6049,18.8848
83.466,135.644,191.641,0.393,19.5968,18.9514
83.7162,135.909,191.641,0.393,19.6038,19.0404
83.9658,132.179,191.641,0.392,19.6022,19.0969
84.2155,136.175,191.641,0.392,19.6129,19.1719
84.4161,134.59,191.641,0.392,19.612,19.2473
84.6653,124.419,191.641,0.392,19.5996,19.3036
84.9153,147.981,191.641,0.392,19.594,19.3932
85.1653,124.017,191.641,0.392,19.595,19.4495
85.4155,143.858,191.641,0.392,19.593,19.5246
85.6651,120.194,191.641,0.392,19.5975,19.5995
85.9153,147.903,191.641,0.392,19.5934,19.6702
86.1662,119.556,191.641,0.392,19.2181,19.7605
86.4165,151.849,191.641,0.392,19.2206,19.8344
86.6653,116.553,191.641,0.392,19.2246,19.8905
86.8667,143.991,191.641,0.392,19.2216,19.9654
87.1162,132.277,191.641,0.392,19.2225,20.0211
87.3664,131.901,191.641,0.397,19.2275,20.109
87.6162,144.079,191.641,0.4,19.216,20.184
87.866,128.13,191.641,0.403,19.2182,20.2403
88.1161,139.944,191.641,0.404,19.2132,20.3289
88.3658,124.155,191.641,0.405,19.2271,20.3848
88.6155,132.121,191.125,0.404,19.6022,20.4726
88.8172,143.761,191.125,0.38,19.6019,20.5259
89.0654,116.855,191.125,0.328,19.2217,20.5824
89.2664,144.3,191.125,0.303,19.2031,20.6495
89.5155,144.541,191.125,0.287,19.2053,20.7018
89.766,127.702,191.125,0.269,19.2167,20.7909
90.0153,136.387,191.125,0.261,19.2199,20.8629
90.2653,132.037,191.125,0.27,19.2125,20.9172
90.5158,135.695,191.125,0.277,19.208,21.0052
90.7653,128.277,191.125,0.286,19.2184,21.0617
90.9661,144.418,191.125,0.295,18.8437,21.1361
91.2153,132.439,191.125,0.308,18.8415,21.2038
91.4653,131.996,191.125,0.319,19.2176,21.2616
91.6689,127.667,191.125,0.323,19.2144,21.338
91.9164,145.486,191.125,0.327,19.217,21.3943
92.1653,116.49,191.125,0.336,19.2268,21.4795
92.4158,143.728,191.125,0.343,19.2092,21.5499
92.6656,128.118,191.125,0.359,19.2202,21.6107
92.9155,140.03,191.125,0.376,18.8523,21.7003
93.1653,124.114,191.125,0.419,18.8463,21.7693
93.416,143.58,191.125,0.452,19.2193,21.8266
93.666,123.994,191.125,0.504,19.2132,21.9145
93.9153,144.421,191.125,0.51,19.2033,21.9668
94.1679,122.736,191.129,0.508,19.2165,22.0556
94.4153,141.431,191.129,0.505,19.2212,22.1239
94.6161,119.516,191.129,0.506,18.8522,22.1742
94.8653,136.435,191.129,0.508,18.8466,22.2476
95.116,127.657,191.129,0.509,19.2062,22.2994
95.3657,140.165,191.129,0.511,19.6096,22.3807
95.6153,124.189,191.129,0.511,19.6109,22.4478
95.8653,136.033,191.129,0.503,19.2277,22.5089
96.0664,129.29,191.129,0.5,19.2101,22.5812
96.3153,144.638,191.129,0.498,18.8564,22.6347
96.5658,123.728,191.129,0.491,18.5104,22.7227
96.7695,132.556,191.129,0.488,18.4978,22.759
97.0162,141.898,191.129,0.486,18.4887,22.8144
97.2653,120.431,191.129,0.482,18.4929,22.8701
97.5153,131.982,191.129,0.479,18.4915,22.9016
97.7163,124.416,191.129,0.477,18.1516,22.926
97.9651,132.601,191.129,0.475,18.1478,22.9282
98.1663,134.234,191.129,0.476,18.1536,22.9291
98.4161,144.1,191.129,0.476,18.4911,22.9303
98.6653,128.387,191.129,0.472,18.5012,22.9316
98.916,155.613,191.129,0.471,18.4913,22.9335
99.1652,124.353,191.129,0.461,18.8473,22.9349
99.4166,151.184,191.129,0.461,18.4932,22.9365
99.6656,132.524,191.129,0.46,18.4915,22.9385
99.8674,143.682,191.129,0.459,18.1658,22.9395
100.115,141.217,190.57,0.455,18.8395,22.9407
100.366,139.697,190.57,0.458,18.317,22.9429
100.616,148.127,190.57,0.456,17.9795,22.9447
100.867,131.528,190.57,0.458,17.9751,22.9471
101.115,140.694,190.57,0.46,17.9742,22.9482
101.368,154.563,190.57,0.463,17.9743,22.9621
101.616,145.107,190.57,0.479,18.3071,23.0271
101.866,143.8,190.57,0.501,18.3155,23.0705
102.115,148.35,190.57,0.512,18.6608,23.1481
102.365,144.001,190.57,0.526,19.0299,23.2142
102.616,131.917,190.57,0.531,18.6715,23.2869
102.867,135.44,190.57,0.534,19.5977,23.363
103.116,136.431,190.621,0.535,19.5991,23.4195
103.365,136.242,190.621,0.536,19.2257,23.5089
103.566,139.369,190.621,0.536,19.2155,23.5652
103.816,140.395,190.621,0.536,19.2154,23.641
104.065,128.134,190.621,0.538,19.2159,23.7168
104.316,143.902,191.137,0.538,19.211,23.7709
104.565,132.092,191.137,0.541,19.2157,23.8444
104.816,147.56,191.137,0.542,19.225,23.9282
105.065,124.387,191.137,0.541,18.8447,23.9885
105.315,159.883,191.137,0.51,19.2157,24.078
105.565,124.097,191.137,0.461,19.2164,24.132
105.768,143.383,191.137,0.438,19.2151,24.1959
106.015,145.313,191.137,0.42,19.5999,24.2628
106.265,131.975,191.137,0.416,19.5991,24.3217
106.515,148.01,191.137,0.417,19.5988,24.4049
106.765,124.011,191.137,0.417,19.2204,24.4621
107.015,135.974,191.137,0.415,18.8489,24.5494
107.219,147.494,191.137,0.412,18.8445,24.596
107.465,133.855,191.137,0.407,19.2147,24.6669
107.668,138.349,191.137,0.402,19.2195,24.7425
107.915,141.322,191.137,0.362,19.217,24.798
108.166,127.754,191.137,0.308,19.2232,24.8861
108.416,156.127,191.137,0.286,19.2145,24.9576
108.665,128.138,191.137,0.257,18.8457,25.014
108.915,147.91,191.137,0.246,18.8474,25.0911
109.166,127.971,191.137,0.261,19.2157,25.1388
109.415,152.037,191.664,0.276,19.5951,25.2178
109.665,124.198,191.664,0.327,19.6002,25.2762
109.915,143.885,191.664,0.367,19.2193,25.3452
110.167,130.974,191.664,0.448,19.2158,25.4215
110.416,144.914,191.691,0.488,19.2167,25.4996
110.665,132.193,191.691,0.48,19.2168,25.5534
110.915,143.906,191.691,0.475,19.2185,25.6427
111.166,115.875,191.691,0.457,19.6014,25.699
111.416,168.125,191.691,0.457,19.597,25.7886
111.666,119.974,191.691,0.448,19.6002,25.8616
111.915,148.188,191.691,0.443,19.6052,25.9158
112.117,129.206,191.691,0.429,19.5973,25.9881
112.366,136.511,191.691,0.416,20.0002,26.0442
112.617,139.432,191.691,0.408,19.595,26.1324
112.865,128.677,191.691,0.379,19.5981,26.2034
113.115,139.987,191.691,0.379,19.5958,26.2576
113.365,136.021,191.691,0.373,19.5971,26.3477
113.567,128.948,191.691,0.369,19.6002,26.3898
113.815,148.954,191.691,0.367,19.5919,26.4779
114.016,134.342,191.691,0.364,19.597,26.5178
114.265,132.531,191.691,0.356,19.5972,26.5923
114.515,147.912,191.691,0.353,19.2073,26.6815
114.765,119.984,191.691,0.344,19.2172,26.7362
115.016,155.933,191.691,0.341,19.2135,26.8251
115.266,127.613,191.691,0.34,19.5998,26.8993
115.515,140.57,191.691,0.335,19.6002,26.9554
115.765,127.966,191.691,0.33,19.2216,27.0282
116.017,135.342,191.691,0.329,19.2147,27.0983
116.265,144.715,191.691,0.325,19.2176,27.1881
116.515,135.975,191.691,0.32,18.8475,27.262
116.766,131.93,191.691,0.316,18.8472,27.3188
117.016,139.948,191.691,0.315,18.8476,27.4085
117.265,132.184,191.691,0.314,18.8463,27.4642
117.516,143.817,191.699,0.314,18.8472,27.5382
117.767,123.525,191.699,0.313,18.8486,27.6161
118.016,144.518,191.699,0.312,18.8481,27.6712
118.265,144.247,191.699,0.308,18.4923,27.7307
118.516,151.719,191.699,0.307,18.8482,27.7881
118.766,135.861,191.699,0.302,18.4916,27.8318
119.016,148.174,191.699,0.302,18.4916,27.9042
119.266,147.659,191.062,0.303,18.8466,27.9597
119.515,144.567,191.168,0.303,19.2164,28.0029
119.716,144.345,191.168,0.304,19.2144,28.059
119.965,136.485,191.168,0.311,19.217,28.1066
120.216,143.452,191.172,0.311,19.6005,28.1852
120.465,132.485,191.172,0.321,19.2168,28.2561
120.715,143.977,191.172,0.324,19.6052,28.3125
120.917,139.104,191.172,0.326,19.603,28.3805
121.166,128.121,191.172,0.326,20.0043,28.4308
121.415,140.603,191.172,0.305,19.6006,28.5192
121.666,123.913,191.172,0.329,19.5967,28.5922
121.915,148.13,191.172,0.335,19.6004,28.6449
122.165,123.978,191.172,0.344,19.6041,28.7332
122.417,158.958,191.172,0.349,19.6002,28.79
122.665,120.848,191.172,0.357,19.6011,28.8648
122.866,139.272,191.172,0.36,19.6005,28.9399
123.115,144.588,191.172,0.362,19.6002,28.9965
123.366,131.813,191.172,0.364,19.6,29.0712
123.616,143.941,191.172,0.364,19.605,29.1418
123.865,128.214,191.172,0.365,19.6,29.2296
124.115,135.984,191.172,0.365,19.5993,29.304
124.365,135.944,191.172,0.365,19.599,29.3598
124.567,129.087,191.172,0.365,19.6003,29.4328
124.816,152.216,191.172,0.365,19.6014,29.5008
125.066,124.24,191.172,0.365,19.6002,29.5732
125.316,144.111,191.172,0.365,19.6012,29.6459
125.566,135.669,191.172,0.365,19.6,29.7019
125.815,140.58,191.172,0.365,19.5957,29.7869
126.016,139.591,191.172,0.365,19.5972,29.8253
126.265,128.287,191.172,0.365,20.0006,29.9077
126.466,149.252,191.172,0.368,19.9999,29.9687
126.716,132.446,191.172,0.373,19.5996,30.0226
126.966,139.691,191.172,0.384,19.5999,30.0873
127.216,131.846,191.172,0.388,19.6003,30.1513
127.466,140.323,191.172,0.39,19.2147,30.2395
127.716,132.166,191.172,0.391,19.215,30.3143
127.965,132.03,191.172,0.385,19.2192,30.3686
128.216,135.518,191.172,0.382,19.2103,30.4579
128.465,128.489,191.172,0.38,19.2156,30.5332
128.715,144.084,191.172,0.379,19.2133,30.5869
128.966,127.745,191.172,0.379,19.2155,30.6741
129.216,140.138,191.172,0.379,19.608,30.7311
129.465,132.108,191.172,0.379,19.5982,30.8208
129.715,135.904,191.172,0.379,19.6001,30.8958
129.966,139.731,191.172,0.379,19.9999,30.9524
130.216,132.251,191.172,0.379,19.5957,31.0409
130.466,135.95,191.172,0.379,19.5985,31.1163
130.715,128.168,191.172,0.379,19.5973,31.1719
130.966,139.842,191.172,0.379,19.2186,31.2597
131.216,131.743,191.172,0.379,19.6003,31.3143
131.466,135.986,191.172,0.381,19.2196,31.4008
131.716,136.108,191.172,0.38,19.2147,31.4751
131.965,124.288,191.172,0.38,19.2129,31.5285
132.215,143.905,191.172,0.384,19.2164,31.6119
132.465,131.982,191.172,0.389,18.8487,31.6864
132.716,127.898,191.172,0.363,19.2148,31.7423
132.966,140.069,191.172,0.325,18.844,31.8298
133.167,124.27,191.172,0.317,18.848,31.8715
133.415,152.784,191.172,0.319,18.8483,31.9477
133.616,114.664,191.172,0.323,19.2219,31.9825
133.866,148.278,191.172,0.305,19.2271,32.0448
134.115,140.038,191.172,0.298,19.2164,32.1201
134.366,131.819,191.172,0.282,19.2206,32.1733
134.616,128.047,191.172,0.278,19.2175,32.244
134.865,132.238,191.172,0.291,19.2144,32.3266
135.115,136.005,191.172,0.304,19.6039,32.3704
135.366,135.473,191.172,0.321,19.5988,32.4264
135.616,144.264,191.172,0.344,20.0021,32.496
135.865,136.269,191.172,0.366,20.0027,32.5599
136.116,139.615,191.172,0.38,19.9975,32.6305
136.366,128.183,191.172,0.411,19.6016,32.683
136.615,136.186,191.172,0.431,19.6043,32.771
136.865,128.09,191.172,0.45,19.6023,32.825
137.116,139.758,191.172,0.466,19.6033,32.8951
137.365,128.085,191.172,0.483,19.6066,32.9679
137.616,127.775,191.172,0.497,19.6021,33.0367
137.866,139.679,191.172,0.532,19.2181,33.1068
138.116,128.088,191.172,0.564,19.2199,33.1893
138.365,136.507,191.172,0.556,19.216,33.2436
138.616,127.755,191.172,0.562,19.2225,33.3158
138.818,128.852,191.172,0.567,19.603,33.3453
139.066,137.041,191.172,0.58,19.6046,33.3992
139.316,132.014,191.172,0.588,19.603,33.4366
139.517,124.077,191.172,0.593,19.6027,33.4445
139.765,120.85,191.172,0.595,19.2196,33.4468
140.016,139.796,191.172,0.593,19.218,33.4473
140.217,144.278,191.172,0.596,18.8442,33.4481
140.466,136.38,191.172,0.597,19.2171,33.4494
140.716,136.257,191.172,0.604,19.2159,33.4502
141.066,134.308,191.621,0.61,19.9984,33.4525
141.317,143.124,191.668,0.612,19.2091,33.4543
141.565,132.874,191.672,0.613,18.8381,33.4556
141.815,147.986,191.672,0.614,18.8373,33.4571
142.068,138.674,191.125,0.614,18.8372,33.459
142.315,149.522,191.191,0.616,19.2062,33.4608
142.517,139.033,191.191,0.616,19.2069,33.4639
142.765,144.813,191.191,0.617,19.5905,33.4658
142.966,144.537,191.191,0.619,19.2065,33.4678
143.216,159.641,191.191,0.611,19.2054,33.4718
143.465,140.614,191.191,0.585,19.2072,33.5116
143.715,140.054,191.191,0.538,19.2151,33.5576
143.967,147.023,191.191,0.514,19.5983,33.6095
144.216,148.713,191.191,0.504,19.6107,33.6775
144.467,147.329,191.191,0.504,19.5994,33.7482
144.715,128.779,191.191,0.514,19.6046,33.7994
144.966,131.748,191.191,0.525,19.2181,33.8793
145.217,147.276,191.191,0.559,19.216,33.9346
145.465,128.927,191.191,0.547,18.8462,34.0048
145.716,139.539,191.191,0.532,19.2143,34.0768
145.965,120.299,191.191,0.508,19.2161,34.1412
146.217,158.857,191.191,0.47,19.2072,34.2131
146.465,124.908,191.191,0.442,19.2163,34.2946
146.716,131.895,191.191,0.394,18.8446,34.355
146.917,149.13,191.191,0.366,18.8496,34.4241
147.165,112.693,191.191,0.339,18.8471,34.4754
147.416,167.701,191.191,0.303,18.8472,34.5603
147.666,119.949,191.191,0.288,19.2165,34.6273
147.915,144.249,191.191,0.285,19.6001,34.6854
148.166,127.776,191.191,0.288,19.6,34.7577
148.416,151.983,191.191,0.297,19.6031,34.8066
148.666,128.057,191.191,0.307,19.2168,34.8864
148.916,148.062,191.191,0.309,18.8489,34.9469
149.116,134.447,191.191,0.314,19.2149,34.9794
149.366,144.418,191.191,0.315,18.8433,35.0547
149.616,140.101,191.191,0.323,18.8552,35.1039
149.866,131.76,191.191,0.334,18.8462,35.1732
150.068,143.85,191.191,0.336,18.8459,35.2405
150.315,145.357,191.191,0.339,18.4876,35.3005
150.516,129.469,191.191,0.34,18.8422,35.377
150.765,128.423,191.191,0.34,18.8467,35.4246
150.966,149.294,191.191,0.344,18.8503,35.4898
151.215,136.518,191.191,0.354,19.2142,35.5446
151.465,131.997,191.191,0.36,19.5992,35.6313
151.716,135.851,191.191,0.376,19.6079,35.7
151.965,136.069,191.191,0.386,20.0009,35.7536
152.216,135.612,191.191,0.4,19.9875,35.8283
152.465,132.441,191.191,0.415,19.9965,35.917
152.715,140.017,191.191,0.441,19.9892,35.9737
152.917,134.046,191.191,0.442,19.6011,36.0489
153.165,120.682,191.191,0.442,19.6033,36.1001
153.416,155.775,191.191,0.446,19.6011,36.1867
153.666,119.636,191.191,0.451,19.6007,36.2576
153.915,148.684,191.191,0.456,19.2157,36.3192
154.166,123.497,191.191,0.461,19.2114,36.4085
154.415,152.649,191.191,0.466,18.8412,36.465
154.665,115.968,191.191,0.468,18.8472,36.5539
154.916,143.331,191.191,0.471,18.8467,36.6295
155.165,124.588,191.191,0.475,18.8465,36.6859
155.415,147.885,191.191,0.478,18.8382,36.7756
155.669,129.918,191.191,0.479,19.2183,36.85
155.915,138.308,191.191,0.474,19.2157,36.9061
156.116,129.449,191.191,0.458,19.2147,36.9813
156.365,136.419,191.199,0.444,19.5998,37.037
156.615,131.979,191.199,0.434,19.2087,37.1259
156.865,136.066,191.199,0.44,19.6005,37.1818
157.116,135.887,191.199,0.45,19.2151,37.2709
157.366,135.86,191.199,0.453,19.2161,37.3462
157.616,135.955,191.199,0.455,19.2153,37.4028
157.866,127.995,191.199,0.456,19.2164,37.4924
158.116,140.098,191.199,0.463,19.2196,37.5672
158.316,129.622,191.199,0.466,18.842,37.6238
158.566,136.315,191.199,0.467,18.8421,37.6983
158.815,136.116,191.199,0.469,18.8607,37.7534
159.066,123.964,191.199,0.465,19.2221,37.8414
159.316,151.855,191.199,0.461,19.2228,37.9164
159.566,124.126,191.199,0.46,19.2188,37.9729
159.768,138.517,191.199,0.455,19.2193,38.0477
160.015,133.289,191.199,0.449,19.2192,38.1008
160.267,123.368,191.199,0.447,19.2232,38.1878
160.516,148.584,191.199,0.445,19.6033,38.2588
160.765,120.102,191.199,0.444,19.6031,38.3134
160.966,139.56,191.199,0.445,19.2197,38.3875
161.216,132.094,191.199,0.446,19.2194,38.4395
161.465,128.243,191.199,0.446,18.8491,38.5238
161.716,143.697,191.199,0.445,18.846,38.5948
161.966,120.161,191.199,0.441,18.8494,38.6529
162.167,134.304,191.199,0.436,18.8497,38.7259
162.416,140.446,191.199,0.433,18.8487,38.7822
162.666,120.102,191.199,0.431,18.8445,38.8651
162.916,147.696,191.199,0.44,18.8483,38.9365
163.165,120.369,191.199,0.447,18.8496,38.983
163.416,147.797,191.199,0.462,18.4922,39.0476
163.666,119.713,191.199,0.472,18.8427,39.0925
163.915,136.438,191.199,0.488,18.8542,39.1324
164.117,134.175,191.199,0.493,19.2198,39.1503
164.365,124.642,191.199,0.498,19.2183,39.1516
164.616,139.895,191.199,0.496,19.2177,39.1532
164.866,131.921,191.199,0.496,19.2177,39.1549
165.115,128.242,191.199,0.5,19.223,39.1572
165.367,127.285,191.199,0.501,19.2207,39.1588
165.616,136.601,191.199,0.498,19.2165,39.16
165.866,127.859,191.199,0.496,19.2169,39.1618
166.117,139.621,191.199,0.493,19.601,39.1634
166.365,132.651,191.199,0.491,19.6008,39.1652
166.615,147.985,191.199,0.487,19.6003,39.1665
166.867,139.262,191.199,0.486,20.0059,39.1684
167.115,140.704,191.199,0.487,20.0002,39.1703
167.366,139.744,191.199,0.483,20.0007,39.1728
167.616,147.73,191.199,0.483,21.3014,39.1746
167.865,136.562,191.199,0.485,20.3778,39.1762
168.115,140.022,191.199,0.487,20.3824,39.1782
168.317,153.932,191.199,0.483,20.3826,39.1795
168.565,124.604,191.199,0.483,20.3812,39.1816
168.816,147.547,191.199,0.494,20.3815,39.1828
169.066,139.84,191.199,0.491,20.3777,39.1847
169.317,151.948,191.199,0.494,20.3777,39.1868
169.565,124.575,191.199,0.496,19.9658,39.1878
169.815,148.037,191.199,0.496,19.5622,39.1904
170.066,127.753,191.199,0.496,19.1853,39.1935
170.267,154.316,191.199,0.497,19.2153,39.2202
170.516,156.38,191.199,0.493,19.2203,39.2774
170.718,148.36,191.68,0.483,19.2178,39.3193
170.966,137.046,191.68,0.471,19.2148,39.3812
171.215,132.549,191.68,0.437,18.8461,39.4345
171.465,131.982,191.68,0.419,18.851,39.5094
171.668,137.911,191.684,0.412,18.8505,39.5463
171.915,157.922,191.684,0.423,18.8468,39.6319
172.165,112.009,191.684,0.438,19.2158,39.7034
172.415,156.029,191.684,0.456,19.5988,39.752
172.665,119.915,191.684,0.462,19.2167,39.8332
172.867,149.114,191.684,0.466,19.2118,39.8881
173.116,132.384,191.684,0.46,18.8449,39.9638
173.317,139.48,191.684,0.461,18.8418,40.025
173.565,132.835,191.684,0.46,19.2129,40.0805
173.815,143.944,191.684,0.459,18.8438,40.1642
174.066,127.819,191.684,0.456,18.8454,40.2325
174.316,147.708,191.684,0.445,18.8449,40.2983
174.517,139.575,191.684,0.444,18.8432,40.3535
174.766,124.12,191.684,0.445,18.8443,40.4088
175.017,143.594,191.684,0.445,18.8453,40.495
175.267,136.191,191.684,0.445,19.2113,40.5444
175.515,148.844,191.684,0.445,19.2201,40.626
175.766,131.886,191.684,0.443,19.6015,40.6987
176.015,140.13,191.684,0.417,19.5999,40.7543
176.265,128.027,191.684,0.417,20,40.8354
176.515,148.029,191.684,0.404,20.0016,40.9037
176.766,127.849,191.684,0.404,19.9996,40.9607
176.966,139.51,191.684,0.404,19.9935,41.0268
177.215,144.504,191.684,0.38,20.0014,41.0793
177.465,132.047,191.684,0.367,19.5948,41.1647
177.716,139.676,191.684,0.338,19.6029,41.2386
177.965,132.287,191.684,0.317,19.6016,41.2933
178.166,139.364,191.684,0.303,19.6009,41.3512
178.415,144.468,191.684,0.277,19.6009,41.4134
178.668,130.755,191.684,0.278,19.6011,41.4887
178.917,152.797,191.684,0.268,19.601,41.5545
179.165,132.667,191.684,0.267,19.6024,41.6043
179.416,155.842,191.684,0.279,19.2174,41.6837
179.667,115.449,191.684,0.287,19.2151,41.7301
179.916,164.644,191.684,0.299,19.2181,41.7982
180.166,127.833,191.684,0.309,19.5994,41.8555
180.417,155.119,191.684,0.304,19.6002,41.8972
180.666,128.704,191.164,0.303,19.6009,41.97
180.915,152.388,191.164,0.307,19.5997,42.0407
181.165,116.087,191.164,0.319,19.6008,42.0946
181.415,159.889,191.164,0.335,19.5996,42.1803
181.666,115.806,191.164,0.353,19.5995,42.2362
181.915,148.374,191.164,0.365,19.6015,42.3247
182.117,123.696,191.164,0.372,19.5986,42.3662
182.365,137.064,191.168,0.381,19.6026,42.4407
182.567,139.113,191.168,0.389,19.6038,42.5133
182.815,144.788,191.168,0.404,19.5988,42.5681
183.066,123.725,191.168,0.422,19.6017,42.6566
183.315,140.368,191.168,0.44,19.6004,42.73
183.565,123.968,191.168,0.462,19.2162,42.7873
183.766,139.184,191.168,0.489,19.2193,42.8628
184.016,144.323,191.168,0.535,19.2179,42.9191
184.265,124.298,191.168,0.587,19.2172,43.0059
184.515,143.984,191.168,0.602,19.6019,43.0621
184.766,119.853,191.168,0.603,19.2169,43.1352
185.016,147.767,191.168,0.613,19.2205,43.2238
185.265,120.336,191.168,0.619,19.2189,43.2761
185.516,147.405,191.168,0.63,18.8506,43.3656
185.767,123.729,191.168,0.633,18.8497,43.4404
186.016,136.723,191.168,0.636,19.2199,43.4972
186.217,144.171,191.168,0.641,19.2209,43.5693
186.465,124.716,191.168,0.645,19.2195,43.6255
186.666,124.444,191.168,0.648,19.2198,43.7003
186.915,152.569,191.168,0.649,19.2194,43.7548
187.165,119.991,191.168,0.65,19.6037,43.8316
187.415,151.885,191.168,0.65,19.6033,43.8897
187.665,112.047,191.168,0.641,19.6086,43.9676
187.915,152.058,191.168,0.606,20.0025,44.0383
188.165,111.977,191.168,0.546,20.0032,44.1144
188.416,155.492,191.168,0.468,20.0035,44.1639
188.667,115.738,191.168,0.417,20.0031,44.2301
188.915,144.747,191.168,0.366,20.003,44.2741
189.165,111.997,191.168,0.336,19.6034,44.3082
189.367,143.796,191.168,0.311,19.6091,44.328
189.616,144.824,191.168,0.312,19.6021,44.3295
189.865,128.251,191.168,0.311,19.6029,44.3304
190.115,143.85,191.168,0.313,19.6019,44.3322
190.317,144.173,191.168,0.313,19.5983,44.3339
190.565,128.57,191.168,0.3,19.602,44.3356
190.815,148.107,191.168,0.3,19.6017,44.337
191.016,134.621,191.168,0.294,19.6008,44.3386
191.216,149.601,191.168,0.292,19.6007,44.3393
191.465,132.607,191.168,0.282,19.2154,44.3403
191.716,147.841,191.168,0.28,19.6008,44.3412
191.965,136.015,191.168,0.28,19.6003,44.3426
192.215,156.107,191.168,0.28,19.6,44.3437
192.467,130.987,191.176,0.275,20.3291,44.3444
192.669,143.391,191.176,0.273,19.5705,44.3476
192.916,150.177,191.176,0.286,19.5698,44.3731
193.166,124.166,191.176,0.352,19.186,44.4372
193.416,159.694,191.176,0.419,19.1871,44.5153
193.667,115.481,191.176,0.482,19.1864,44.5692
193.916,152.933,191.176,0.574,19.57,44.6591
194.167,127.404,191.176,0.623,19.571,44.7301
194.415,148.853,191.176,0.616,19.5699,44.7837
194.665,131.98,191.18,0.615,19.5657,44.8733
194.917,142.933,191.18,0.616,19.2655,44.9427
195.166,116.352,191.18,0.619,19.2148,45.0177
195.416,160.437,191.18,0.622,19.2158,45.0791
195.667,123.302,191.18,0.623,19.5952,45.1478
195.916,156.944,191.18,0.623,19.6,45.2368
196.167,119.483,191.18,0.623,19.6046,45.3105
196.416,156.79,191.18,0.624,19.2163,45.3662
196.666,127.997,191.18,0.631,19.2149,45.4517
196.916,139.762,191.18,0.634,19.2159,45.5262
197.166,131.776,191.18,0.622,19.2136,45.5824
197.417,147.947,191.18,0.623,18.8451,45.6664
197.665,136.578,191.18,0.613,19.2148,45.7229
197.868,133.493,191.18,0.586,19.2145,45.7971
198.116,136.891,191.18,0.552,19.2153,45.8678
198.367,147.602,191.18,0.525,19.2141,45.9434
198.616,140.423,191.18,0.511,18.8453,46.0167
198.866,139.97,191.18,0.511,18.8448,46.0701
199.116,136.241,191.18,0.503,18.4896,46.1572
199.317,129.397,191.18,0.5,18.4903,46.2132
199.565,140.605,191.547,0.499,18.1431,46.2729
199.766,134.477,191.656,0.49,18.1473,46.3419
200.015,144.457,191.656,0.472,17.8189,46.3922
200.266,143.928,191.656,0.404,18.1484,46.469
200.516,151.584,191.656,0.373,18.149,46.5199
200.765,132.457,191.66,0.336,18.1489,46.6065
201.016,139.494,191.66,0.325,18.1497,46.677
201.267,135.688,191.66,0.32,18.8477,46.7247
201.515,152.97,191.66,0.32,18.4917,46.803
201.766,131.673,191.66,0.317,18.8458,46.8707
201.967,139.336,191.66,0.327,19.2166,46.9127
202.216,156.528,191.66,0.335,19.2155,46.9703
202.466,135.845,191.66,0.328,19.2168,47.0175
202.716,144.449,191.66,0.324,18.848,47.1009
202.966,127.978,191.66,0.323,18.8486,47.1701
203.215,148.159,191.66,0.327,18.8467,47.2117
203.465,135.995,191.66,0.335,18.5021,47.2783
203.668,138.279,191.66,0.339,18.4911,47.31
203.915,157.537,191.66,0.345,18.1477,47.3774
204.165,132.03,191.66,0.343,18.4905,47.4423
204.416,159.876,191.66,0.339,18.1457,47.4983
204.665,124.065,191.66,0.345,18.1398,47.5781
204.915,152.034,191.66,0.353,18.4841,47.6279
205.165,127.97,191.66,0.365,18.4861,47.7165
205.415,152.005,191.66,0.383,18.844,47.7908
205.666,123.902,191.66,0.352,18.8405,47.8474
205.916,151.826,191.66,0.339,18.8376,47.9324
206.166,131.851,191.66,0.329,19.2113,47.984
206.416,156.213,191.66,0.33,19.2166,48.051
206.668,123.15,191.66,0.317,19.2137,48.1273
206.917,152.384,191.66,0.304,19.5863,48.1823
207.167,123.751,191.66,0.289,19.6001,48.2616
207.416,160.87,191.66,0.278,19.5966,48.3236
207.666,131.935,191.66,0.279,19.6016,48.3748
207.916,155.96,191.66,0.284,19.5994,48.4614
208.168,119.239,191.66,0.288,19.6025,48.5343
208.415,141.428,191.66,0.293,19.2175,48.5905
208.665,131.998,191.66,0.298,18.8498,48.6786
208.917,143.142,191.66,0.301,19.2184,48.7242
209.166,132.416,191.66,0.322,19.2184,48.7929
209.415,152.424,191.66,0.314,19.2185,48.8513
209.665,131.982,191.66,0.277,18.8485,48.8978
209.916,155.744,191.66,0.26,18.4935,48.9855
210.165,116.16,191.66,0.253,18.4919,49.0579
210.416,147.707,191.66,0.253,18.4931,49.1131
210.666,132.016,191.66,0.277,18.1601,49.1947
210.915,152.271,191.66,0.302,18.4931,49.2397
211.166,135.932,191.66,0.309,18.4908,49.3034
211.416,151.966,191.66,0.312,18.8471,49.3594
211.666,135.673,191.66,0.317,18.5002,49.3991
211.916,156.243,191.66,0.318,18.4913,49.4623
212.117,139.113,191.66,0.318,18.8475,49.4932
212.365,141.117,191.66,0.305,18.4909,49.5563
212.615,135.925,191.66,0.299,18.8503,49.6407
212.866,135.725,191.66,0.311,18.8461,49.6952
213.115,144.258,191.66,0.323,19.2152,49.7706
213.366,139.84,191.66,0.355,19.2153,49.8367
213.615,144.195,191.66,0.378,19.22,49.8874
213.816,134.306,191.66,0.407,19.2175,49.9614
214.066,124.136,191.66,0.459,19.6006,50.0189
214.315,152.449,191.66,0.499,19.5982,50.1043
214.517,128.87,191.66,0.535,19.6015,50.1406
214.766,132.761,191.66,0.595,19.9998,50.2209
215.016,135.698,191.66,0.649,20.0006,50.2968
215.265,140.483,191.66,0.72,20.0116,50.3493
215.467,139.006,191.66,0.759,20.0004,50.4185
215.716,140.689,191.66,0.753,20.0008,50.4752
215.966,135.774,191.66,0.675,19.6003,50.5563
216.216,135.724,191.66,0.622,19.5996,50.63
216.466,144.461,191.66,0.55,19.5968,50.6811
216.716,135.847,191.66,0.498,19.2159,50.7632
216.966,140.076,191.66,0.419,19.2181,50.832
217.215,140.259,191.66,0.376,19.2125,50.8879
217.417,129.134,191.66,0.326,19.2147,50.9565
217.667,131.844,191.66,0.27,18.8457,51.0106
217.916,144.836,191.66,0.248,18.4906,51.0966
218.168,130.729,191.66,0.208,18.4908,51.1529
218.415,145.523,191.66,0.209,18.4908,51.2257
218.618,128.529,191.66,0.215,18.8471,51.2956
218.866,136.879,191.66,0.235,18.8461,51.3507
219.116,136.184,191.66,0.251,18.8474,51.434
219.365,148.277,191.66,0.287,19.216,51.5034
219.615,127.915,191.66,0.298,19.218,51.5564
219.866,131.909,191.66,0.321,18.8458,51.6378
220.115,144.113,191.66,0.341,19.2189,51.6933
220.366,127.847,191.66,0.377,18.8489,51.7753
220.616,131.732,191.66,0.407,19.2171,51.8505
220.866,135.997,191.66,0.456,19.2183,51.9034
221.115,136.424,191.66,0.487,18.8484,51.9864
221.317,143.687,191.66,0.523,18.8491,52.0285
221.567,128.134,191.66,0.578,18.8485,52.1098
221.816,148.352,191.66,0.603,18.8494,52.1755
222.067,127.936,191.66,0.644,18.8503,52.2317
222.316,136.539,191.66,0.669,18.8456,52.3158
222.567,134.957,191.66,0.706,19.2185,52.382
222.816,144.623,191.66,0.74,19.6031,52.4325
223.066,128.194,191.66,0.807,19.6035,52.5197
223.316,132.135,191.66,0.839,19.6037,52.5723
223.566,132.016,191.66,0.842,20.0023,52.6561
223.815,136.23,191.66,0.786,20.0031,52.7299
224.065,115.946,191.66,0.697,19.6034,52.7856
224.267,144.094,191.66,0.639,19.6028,52.8568
224.517,140.035,191.66,0.575,19.603,52.9099
224.766,128.308,191.66,0.486,19.603,53
224.967,139.027,191.66,0.43,19.6035,53.0424
225.215,129.062,191.66,0.379,19.6029,53.1107
225.465,127.994,191.66,0.314,19.6036,53.1777
225.666,134.523,191.66,0.277,19.6033,53.2055
225.916,144.005,191.66,0.249,19.603,53.2515
226.166,116.135,191.66,0.235,19.2431,53.2601
226.416,147.83,191.66,0.238,20.0301,53.2606
226.666,132.026,191.66,0.234,19.6288,53.2614
226.916,144.163,191.66,0.234,20.0293,53.2619
227.167,143.238,191.664,0.233,19.6269,53.2632
227.416,160.802,191.664,0.232,20.0287,53.266
227.665,144.285,191.664,0.228,19.627,53.268
227.866,164.288,191.664,0.226,19.6269,53.2696
228.116,144.359,191.664,0.225,20.0281,53.2724
228.367,154.946,191.664,0.222,20.0221,53.275
228.617,148.379,191.664,0.221,20.4172,53.2776
228.865,156.802,191.664,0.211,19.5999,53.2778
229.066,149.156,191.664,0.209,19.5992,53.2782
229.315,164.786,191.672,0.209,20.408,53.2797
229.566,159.768,191.672,0.229,19.5998,53.3074
229.817,151.353,191.672,0.27,19.6003,53.365
230.065,136.778,191.672,0.329,19.6015,53.4113
230.316,159.618,191.75,0.381,19.2224,53.4918
230.566,131.881,191.75,0.459,18.8451,53.5464
230.815,148.419,191.75,0.526,19.5974,53.6065
231.016,149.514,191.75,0.578,19.2139,53.6636
231.265,128.36,191.812,0.68,19.2178,53.7341
231.515,144.012,191.812,0.735,18.8462,53.8198
231.765,139.927,191.812,0.826,18.8459,53.8877
231.966,144.397,191.812,0.877,18.1548,53.948
232.215,148.584,191.812,0.943,18.8463,54.0208
232.466,131.799,191.812,0.984,18.8458,54.0711
232.716,147.584,191.812,0.953,18.8466,54.1595
232.966,132.191,191.812,0.913,18.8459,54.216
233.216,144.266,191.812,0.885,19.6002,54.2914
233.465,148.078,191.812,0.844,18.8457,54.3787
233.715,132.039,191.812,0.831,19.6003,54.4287
233.965,140.047,191.812,0.789,19.5987,54.5149
234.166,124.544,191.812,0.766,19.6011,54.5732
234.416,152.094,191.812,0.743,20.4169,54.6373
234.665,136.266,191.812,0.706,19.5983,54.7094
234.916,143.887,191.812,0.68,20.4164,54.7604
235.165,128.119,191.812,0.649,19.5991,54.8484
235.415,163.915,191.812,0.634,20.4164,54.915
235.617,124.299,191.812,0.621,19.2133,54.9728
235.865,128.57,191.812,0.605,19.6,55.0439
236.116,143.938,191.812,0.593,19.6001,55.1
236.365,144.173,191.812,0.576,19.217,55.1815
236.616,131.746,191.812,0.558,19.5995,55.2481
236.866,147.9,191.812,0.535,18.8458,55.3091
237.116,140.085,191.812,0.521,19.6001,55.3963
237.367,147.544,191.812,0.52,19.5998,55.4518
237.618,143.46,191.812,0.529,18.8394,55.5223
237.866,128.96,191.812,0.547,18.4834,55.6116
238.115,144.216,191.812,0.57,18.8401,55.6649
238.366,143.79,191.855,0.606,19.2053,55.7546
238.616,143.909,191.855,0.638,19.5931,55.8295
238.865,144.253,191.855,0.692,19.2068,55.8792
239.116,135.435,191.855,0.728,18.8437,55.9614
239.365,148.736,191.855,0.703,18.8347,56.0168
239.616,139.521,191.855,0.654,18.8395,56.0978
239.867,147.582,191.855,0.607,19.2046,56.1684
240.116,140.643,191.855,0.567,19.217,56.2247
240.366,139.924,191.301,0.512,18.8477,56.2985
240.616,155.959,191.301,0.484,19.2058,56.3833
240.865,136.171,191.301,0.431,18.8511,56.4383
241.116,139.648,191.301,0.395,18.8476,56.5272
241.365,144.362,191.301,0.343,18.8486,56.5833
241.615,140.078,191.301,0.317,18.4904,56.673
241.817,139.153,191.301,0.291,18.5012,56.733
242.065,128.659,191.301,0.272,18.4937,56.787
242.267,148.423,191.301,0.26,18.4915,56.851
242.515,153.265,191.301,0.266,18.4995,56.8964
242.766,143.858,191.301,0.269,18.4927,56.9693
243.017,155.278,191.301,0.276,18.849,57.0247
243.266,144.719,191.301,0.289,18.1547,57.0741
243.516,163.709,191.301,0.294,18.4953,57.148
243.766,135.944,191.301,0.3,18.151,57.2069
244.016,140.166,191.301,0.305,18.4952,57.2678
244.265,140.214,191.301,0.314,18.4993,57.3283
244.516,147.899,191.301,0.323,19.6027,57.3761
244.766,151.713,191.301,0.321,18.8467,57.4496
244.967,153.978,191.301,0.32,18.8474,57.4852
245.215,141.088,191.301,0.315,18.85,57.5496
245.466,143.399,191.301,0.314,18.8477,57.624
245.715,148.696,191.301,0.317,19.2187,57.6664
245.966,143.711,191.301,0.318,19.6011,57.735
246.216,188.22,191.301,0.319,19.9671,57.7811
246.465,144.128,191.301,0.317,18.848,57.8463
246.716,139.838,191.359,0.323,18.8474,57.9339
246.966,135.522,191.359,0.337,18.8463,57.9915
247.216,148.053,191.359,0.359,18.8466,58.0784
247.467,135.884,191.359,0.37,18.4925,58.1508
247.716,148.315,191.359,0.38,18.8516,58.2033
247.966,124.266,191.359,0.39,18.8466,58.2837
248.216,151.97,191.359,0.396,18.8465,58.343
248.417,183.935,191.359,0.401,18.1362,58.398
248.618,129.186,191.363,0.402,18.4904,58.4508
248.865,141.463,191.363,0.403,17.8438,58.5204
249.118,138.815,191.363,0.411,18.8465,58.6099
249.366,145.016,191.363,0.409,18.8446,58.6649
249.616,135.93,191.363,0.406,18.8466,58.7538
249.866,140.002,191.363,0.405,18.8447,58.8292
250.115,136.229,191.363,0.404,19.2175,58.8819
250.316,139.459,191.363,0.401,18.8456,58.9545
250.566,132.343,191.363,0.398,18.1466,59.0111
250.816,139.884,191.363,0.389,18.8462,59.1007
251.066,131.859,191.363,0.386,19.2688,59.1738
251.316,140.103,191.363,0.381,18.8475,59.2284
251.567,127.513,191.363,0.378,18.8473,59.3169
251.816,160.611,191.363,0.374,18.8469,59.3774
252.018,128.604,191.363,0.371,19.6016,59.4329
252.265,129.431,191.363,0.369,19.6001,59.5028
252.515,140.006,191.363,0.368,18.8471,59.576
252.765,135.922,191.363,0.367,18.847,59.6619
253.016,147.785,191.363,0.367,19.6005,59.7181
253.265,128.239,191.363,0.367,19.2169,59.7929
253.515,151.918,191.363,0.371,18.8464,59.8826
253.765,124.058,191.391,0.375,18.8446,59.953
254.016,143.756,191.391,0.378,18.8448,60.0278
254.267,135.554,191.391,0.379,18.8451,60.099
254.517,135.942,191.391,0.375,18.8453,60.1506
254.766,140.221,191.391,0.367,18.4853,60.2373
255.017,143.757,191.391,0.362,18.8436,60.2906
255.266,132.52,191.391,0.353,18.4815,60.3578
255.516,143.894,191.391,0.354,18.4865,60.4454
255.765,124.239,191.391,0.353,17.812,60.5052
256.017,155.089,191.391,0.353,18.1461,60.5713
256.266,120.261,191.391,0.352,18.1455,60.6602
256.515,152.575,191.391,0.345,18.1471,60.7153
256.717,129.232,191.391,0.343,18.1468,60.7901
256.965,128.597,191.48,0.341,18.4864,60.8456
257.216,151.634,191.48,0.336,18.8446,60.9328
257.466,168.337,191.48,0.333,18.0797,61.0076
257.716,140.02,191.48,0.33,18.149,61.0614
257.966,131.713,191.48,0.325,18.1504,61.1463
258.215,136.464,191.48,0.315,18.8467,61.2172
258.465,143.913,191.48,0.292,18.4892,61.278
258.716,171.852,191.48,0.29,18.1286,61.3668
258.965,140.065,191.48,0.289,18.1481,61.4224
259.167,123.906,191.48,0.283,18.1492,61.4988
259.416,148.999,191.48,0.264,18.4942,61.5546
259.666,127.752,191.48,0.271,18.1554,61.629
259.915,140.415,191.48,0.266,18.8475,61.7098
260.165,132.02,191.48,0.267,18.8469,61.7585
260.416,155.782,191.48,0.281,18.4942,61.8368
260.667,131.107,191.48,0.293,18.847,61.8947
260.915,149.23,191.48,0.315,19.6016,61.9373
261.168,130.752,191.48,0.326,18.8473,62.005
261.416,160.879,191.48,0.354,19.6015,62.0481
261.665,132.473,191.48,0.366,18.848,62.1052
261.916,155.644,191.48,0.385,19.2161,62.1748
262.165,128.347,191.48,0.393,18.8464,62.2198
262.416,151.315,191.48,0.401,18.8475,62.2967
262.665,124.576,191.48,0.4,18.8463,62.3696
262.915,140.019,191.48,0.381,19.5998,62.4258
263.116,139.14,192,0.367,19.6007,62.4951
263.365,132.612,192,0.367,18.8483,62.5486
263.615,139.925,192,0.367,18.8461,62.6232
263.866,183.924,192,0.367,18.4887,62.6916
264.115,132.143,191.504,0.367,18.8458,62.7651
264.366,147.577,191.504,0.367,18.1475,62.8536
264.617,135.693,191.504,0.367,18.8461,62.9074
264.865,128.672,191.504,0.367,18.1492,62.9798
265.115,147.985,191.504,0.367,18.1482,63.0673
265.366,123.8,191.504,0.367,18.149,63.1238
265.617,147.409,191.504,0.362,18.1491,63.2117
265.866,124.393,191.504,0.357,18.148,63.2867
266.116,136.039,191.504,0.354,18.8466,63.3423
266.365,144.252,191.504,0.352,18.1481,63.4306
266.617,131.245,191.504,0.346,19.2165,63.5029
266.865,136.846,191.504,0.343,18.846,63.5586
267.116,135.367,191.504,0.341,18.8465,63.6441
267.365,140.664,191.504,0.34,19.6001,63.6999
267.616,139.85,191.504,0.34,18.8453,63.7737
267.866,128.025,191.504,0.34,18.8459,63.8629
268.115,144.127,191.504,0.34,19.5995,63.9196
268.366,131.706,191.504,0.34,18.8448,64.0079
268.615,144.351,191.504,0.34,19.6001,64.0652
268.867,126.929,191.504,0.34,19.2168,64.139
269.117,147.996,191.504,0.34,19.5987,64.2242
269.366,132.634,191.504,0.34,18.8455,64.2782
269.616,136.038,191.504,0.348,18.8464,64.3664
269.866,140.232,191.504,0.319,19.598,64.4185
270.116,144.069,191.504,0.283,19.6003,64.4868
270.365,136.154,191.504,0.269,18.8453,64.5675
270.567,139.09,191.504,0.258,18.847,64.6102
270.816,136.471,191.504,0.253,18.8459,64.6909
271.067,135.078,191.504,0.258,18.8448,64.7406
271.315,145.246,191.504,0.268,18.8461,64.8095
271.566,131.768,191.504,0.273,18.8444,64.8953
271.815,132.216,191.504,0.283,18.8468,64.951
272.016,199.239,191.504,0.288,18.8284,65.0251
272.266,128.213,191.504,0.296,18.846,65.0855
272.515,132.197,191.504,0.312,19.6005,65.1544
272.765,135.994,191.504,0.316,19.6026,65.2404
273.015,136.004,191.504,0.326,19.6018,65.2979
273.216,139.261,191.504,0.33,19.6025,65.3727
273.466,132.204,191.504,0.332,19.2161,65.4442
273.715,132.34,191.504,0.346,18.8495,65.5007
273.966,135.582,191.504,0.36,18.507,65.587
274.217,135.599,191.504,0.395,18.4904,65.641
274.465,140.769,191.504,0.43,18.1499,65.7163
274.716,135.821,191.504,0.474,18.8507,65.8053
274.965,120.254,191.504,0.472,18.8492,65.8613
275.215,143.974,191.504,0.467,18.4889,65.9503
275.465,136.013,191.504,0.465,18.8481,66.0253
275.716,139.775,191.504,0.463,18.4878,66.0821
275.966,123.934,191.504,0.463,18.852,66.1701
276.17,122.665,191.504,0.462,19.2222,66.2118
276.415,162.813,191.504,0.462,18.8494,66.2992
276.666,111.8,191.504,0.462,18.8497,66.3725
276.915,156.244,191.504,0.461,18.4912,66.4281
277.166,115.921,191.504,0.457,18.1487,66.518
277.416,155.557,191.504,0.452,18.4897,66.5729
277.665,116.43,191.504,0.45,18.1513,66.6541
277.867,133.655,191.504,0.449,18.4986,66.7006
278.116,132.968,191.504,0.448,18.4919,66.7379
278.367,135.421,191.504,0.448,18.4987,66.7895
278.616,132.485,191.504,0.448,18.489,66.8151
278.866,139.597,191.504,0.448,18.4953,66.8205
279.116,136.36,191.504,0.441,18.8481,66.8212
279.365,136.15,191.504,0.441,18.8485,66.8218
279.616,147.926,191.504,0.434,19.5976,66.8231
279.816,169.508,191.504,0.434,19.6019,66.824
280.066,152.402,191.504,0.434,18.851,66.8255
280.316,151.919,191.504,0.433,19.6012,66.8264
280.565,128.11,190.969,0.426,20.0045,66.8272
280.816,147.851,190.969,0.426,18.8466,66.8294
281.066,135.758,190.969,0.43,18.8533,66.8313
281.315,148.457,190.969,0.428,18.4936,66.8328
281.565,143.995,190.969,0.432,18.1491,66.8342
281.816,155.58,190.969,0.434,18.1573,66.8351
282.066,136.179,190.969,0.435,18.1516,66.8382
282.316,167.739,190.969,0.45,18.156,66.8793
282.565,132.362,190.969,0.462,18.155,66.9319
282.767,193.896,190.969,0.474,18.4957,66.9807
283.016,164.076,190.969,0.488,18.4929,67.0434
283.266,140.354,190.969,0.492,17.5055,67.1291
283.516,143.748,190.969,0.491,19.2153,67.2053
283.766,131.881,190.984,0.488,19.2163,67.2607
284.016,148.555,190.984,0.483,18.4888,67.3501
284.265,128.119,190.984,0.477,19.2121,67.4065
284.516,151.872,190.984,0.474,18.8462,67.4818
284.766,131.93,190.984,0.472,18.4906,67.5717
285.017,151.308,190.984,0.472,18.4906,67.6282
285.265,120.73,190.984,0.472,18.4973,67.7035
285.466,144.538,190.984,0.472,18.4982,67.7793
285.715,152.355,190.984,0.471,18.1466,67.8362
285.966,127.591,190.984,0.47,17.8196,67.9253
286.215,148.467,190.984,0.444,17.8133,67.9814
286.465,168.085,190.984,0.405,18.1485,68.0721
286.667,148.613,190.984,0.378,17.5005,68.1143
286.915,169.214,191.43,0.351,17.4992,68.188
287.116,129.532,191.43,0.342,17.5004,68.2625
287.365,132.289,191.43,0.341,17.5006,68.3187
287.615,144.015,191.43,0.338,17.5029,68.4036
287.816,139.4,191.43,0.338,17.4998,68.4436
288.066,135.939,191.43,0.34,17.1952,68.532
288.315,140.635,191.43,0.343,17.8107,68.6048
288.565,123.914,191.43,0.348,17.8215,68.6594
288.766,149.559,191.43,0.353,18.1487,68.7345
289.016,140.204,191.43,0.33,18.1475,68.7909
289.266,135.901,191.43,0.305,18.4926,68.8659
289.516,148.088,191.43,0.276,18.8441,68.9523
289.765,120.215,191.43,0.262,19.2166,69.0021
290.016,155.778,191.43,0.267,18.8472,69.0774
290.265,132.116,191.43,0.291,19.2176,69.1416
290.516,151.602,191.43,0.331,19.6003,69.1976
290.765,124.388,191.43,0.371,19.2169,69.2802
291.017,194.963,191.43,0.446,19.2137,69.3355
291.266,132.374,191.43,0.477,18.8454,69.4195
291.515,152.388,191.43,0.465,18.8453,69.4895
291.765,123.995,191.43,0.446,18.4911,69.541
292.015,159.956,191.43,0.432,18.4894,69.6243
292.265,128.025,191.43,0.432,18.491,69.6942
292.466,134.363,191.43,0.431,18.148,69.7388
292.716,144.008,191.43,0.418,18.4882,69.8233
292.965,132.488,191.875,0.404,18.4906,69.8794
293.215,152.01,191.891,0.394,18.4871,69.9513
293.465,128.003,191.891,0.381,18.8449,70.0385
293.715,147.956,191.891,0.368,18.1474,70.0943
293.965,128.012,191.891,0.367,18.8454,70.1844
294.217,135.072,191.891,0.361,19.2175,70.2395
294.465,140.999,191.891,0.355,18.8442,70.3229
294.668,128.536,191.891,0.343,18.8442,70.3783
294.915,161.453,191.891,0.341,18.8422,70.44
295.165,124.015,191.891,0.341,19.214,70.5217
295.368,138.437,191.891,0.34,19.2131,70.5633
295.615,145.219,191.891,0.337,18.8478,70.652
295.868,130.898,191.891,0.334,18.8435,70.709
296.115,145.316,191.891,0.332,19.214,70.7836
296.368,138.676,191.891,0.328,18.8446,70.8732
296.616,137.079,191.891,0.321,18.8452,70.9292
296.866,140.096,191.891,0.318,18.4911,71.0053
297.116,139.7,191.891,0.317,19.2164,71.0932
297.366,148.263,191.891,0.317,18.8468,71.1484
297.615,172.227,191.891,0.315,18.8475,71.2373
297.867,127.245,191.891,0.313,18.4906,71.2942
298.115,144.774,191.891,0.315,18.1498,71.3687
298.365,124.093,191.891,0.314,18.4929,71.4564
298.568,148.323,191.891,0.315,18.4919,71.4954
298.816,149.169,191.891,0.3,18.4917,71.5685
299.067,134.959,191.891,0.313,18.8494,71.6253
299.315,149.313,191.891,0.311,18.4879,71.6743
299.517,143.586,191.891,0.311,18.8476,71.7335
299.766,176.616,191.891,0.309,18.4902,71.7745
299.968,143.55,191.891,0.311,18.1493,71.8292
300.215,157.897,191.891,0.313,18.1492,71.8713
300.467,143.325,191.891,0.316,17.8191,71.9376
300.716,148.39,191.891,0.313,18.1564,71.9972
300.965,136.28,191.891,0.312,18.1493,72.0451
301.216,151.937,191.891,0.297,18.4925,72.1281
301.466,131.913,191.891,0.324,18.1485,72.1966
301.715,140.206,191.891,0.326,18.1481,72.2545
301.967,127.151,191.891,0.329,18.4957,72.3429
302.216,136.728,191.891,0.327,18.8434,72.3973
302.466,143.607,191.891,0.328,19.2176,72.4835
302.716,136.169,191.891,0.337,19.2117,72.555
302.966,132.249,191.891,0.345,20.0044,72.6055
303.215,140.035,191.891,0.348,19.9985,72.6869
303.465,136.05,191.891,0.351,20.0004,72.7551
303.715,144.053,191.891,0.352,19.9993,72.8127
303.916,129.439,191.891,0.353,20.0018,72.8724
304.165,136.451,191.891,0.36,19.5998,72.9434
304.367,138.909,191.891,0.363,19.5994,73.0029
304.615,132.85,191.891,0.365,19.5994,73.0714
304.865,140.012,191.891,0.366,19.6001,73.1604
305.066,129.482,191.891,0.366,19.6006,73.2201
305.315,148.395,191.891,0.367,20.0012,73.2885
305.516,124.37,191.891,0.367,19.5999,73.3468
305.766,128.091,191.891,0.371,19.2168,73.4022
306.016,148.363,191.891,0.375,19.2111,73.4856
306.266,128.004,191.891,0.383,19.217,73.537
306.517,150.95,191.891,0.385,19.22,73.6238
306.767,128.377,191.891,0.382,19.2234,73.6907
307.015,136.689,191.891,0.383,19.2078,73.7443
307.266,131.801,191.891,0.389,19.2164,73.8331
307.516,144.111,191.891,0.391,19.2115,73.9058
307.766,119.949,191.891,0.397,19.2173,73.9586
308.016,143.726,191.891,0.4,18.846,74.0463
308.265,140.377,191.891,0.402,19.2192,74.1073
308.516,139.641,191.891,0.4,19.2124,74.1918
308.766,135.907,191.891,0.396,19.2049,74.267
309.015,136.463,191.891,0.396,19.216,74.3224
309.265,124.094,191.953,0.395,18.8466,74.4116
309.467,153.897,191.953,0.395,18.8454,74.4532
309.716,132.466,191.953,0.395,18.8449,74.5419
309.965,140.181,191.953,0.392,18.8509,74.6177
310.216,131.82,191.953,0.393,18.8442,74.6747
310.465,136.252,191.953,0.394,18.4866,74.7633
310.715,144.048,191.953,0.394,18.8408,74.8392
310.965,127.976,191.953,0.394,18.8463,74.8961
311.169,147.122,191.953,0.395,18.4934,74.9569
311.415,170.718,192.008,0.398,18.1532,75.0276
311.665,119.952,192.008,0.401,18.1464,75.102
311.866,149.254,192.008,0.403,18.4898,75.1606
312.116,132.28,192.008,0.405,18.4887,75.2444
312.366,148.157,192.008,0.41,18.1482,75.318
312.616,127.824,192.008,0.403,18.146,75.3713
312.866,136.126,192.008,0.384,17.8195,75.4592
313.116,143.908,192.008,0.37,18.1435,75.5284
313.365,132.302,192.07,0.368,18.1488,75.5863
313.616,143.824,192.07,0.358,18.1499,75.668
313.867,131.421,192.07,0.333,18.496,75.7192
314.116,136.388,192.07,0.319,19.2194,75.8017
314.366,135.989,192.07,0.29,19.2204,75.8728
314.615,144.391,192.07,0.28,19.2151,75.9223
314.866,139.643,192.07,0.272,18.8501,75.9909
315.116,135.922,192.07,0.269,19.2211,76.0781
315.366,136.295,192.07,0.273,19.2197,76.1282
315.616,139.84,192.07,0.281,19.2187,76.205
315.865,140.216,192.07,0.294,19.2181,76.2502
316.115,152.054,192.07,0.305,18.8514,76.3177
316.367,131.096,192.07,0.33,18.8456,76.3827
316.615,136.985,192.07,0.352,18.4927,76.432
316.866,183.467,192.07,0.382,18.1496,76.5018
317.067,139.285,192.07,0.391,18.1492,76.5359
317.317,148.089,192.07,0.408,18.1539,76.6209
317.566,128.529,192.07,0.421,18.493,76.69
317.815,144.267,192.07,0.432,18.8536,76.7398
318.066,131.782,192.07,0.441,18.8488,76.8188
318.317,143.156,192.07,0.454,18.8495,76.8886
318.565,124.906,192.07,0.488,19.2184,76.9451
318.766,134.61,192.07,0.513,19.2183,77.0172
319.015,140.371,192.07,0.525,19.2181,77.0692
319.266,127.852,192.07,0.559,19.2202,77.1513
319.517,139.511,192.07,0.569,19.6093,77.2135
319.765,124.553,192.07,0.592,19.6024,77.2521
319.966,139.612,192.07,0.6,19.6033,77.2983
320.215,136.395,192.07,0.617,19.6028,77.3297
320.416,164.397,192.07,0.629,19.6022,77.3597
320.665,140.404,192.07,0.626,19.6027,77.3611
320.916,143.75,192.07,0.628,19.6026,77.362
321.167,127.234,192.07,0.628,19.6023,77.3629
321.415,153.148,192.07,0.63,20.0014,77.3641
321.616,134.589,192.07,0.639,20.0013,77.3654
321.865,144.383,192.07,0.635,20.0009,77.3664
322.116,139.492,192.07,0.634,19.5915,77.3687
322.365,136.605,192.07,0.633,19.5893,77.3696
322.615,143.919,192.07,0.634,19.592,77.3714
322.866,147.802,192.07,0.631,19.5889,77.3736
323.115,148.148,192.102,0.632,19.5909,77.3758
323.366,155.416,192.105,0.631,19.5923,77.3777
323.616,140.245,192.105,0.628,19.5833,77.3795
323.865,148.229,192.105,0.634,19.5923,77.381
324.115,152.088,192.105,0.637,19.2087,77.3817
324.366,151.783,191.617,0.64,19.2026,77.394
324.615,148.257,191.617,0.62,18.1424,77.4211
324.866,143.769,191.617,0.574,18.8465,77.4873
325.067,154.315,191.617,0.552,18.8452,77.5187
325.315,156.673,191.617,0.537,18.4949,77.5911
325.517,138.972,191.617,0.528,18.4938,77.6434
325.765,128.811,191.617,0.533,18.1535,77.7023
326.017,139.28,191.617,0.547,17.8184,77.7871
326.266,140.279,191.617,0.563,17.8122,77.84
326.516,144.018,191.617,0.535,17.8208,77.9275
326.766,136.248,191.617,0.5,17.8159,78.0012
327.015,136.215,191.617,0.494,17.817,78.0534
327.216,139.368,191.617,0.468,18.147,78.1245
327.466,140.169,191.617,0.432,18.4946,78.1793
327.716,139.901,191.617,0.396,18.4916,78.2614
327.966,139.998,191.617,0.353,18.1493,78.3293
328.216,135.855,191.617,0.318,17.8067,78.3799
328.466,144.286,191.617,0.278,17.8186,78.4615
328.715,132.284,191.617,0.252,18.1438,78.5283
328.966,131.815,191.617,0.236,18.1546,78.5909
329.215,148.125,191.617,0.242,18.4919,78.6693
329.466,139.855,191.617,0.253,18.4883,78.7161
329.715,144.16,191.617,0.265,18.1478,78.7944
329.966,143.915,191.617,0.27,18.1513,78.8451
330.215,148.176,191.617,0.28,18.1432,78.9005
330.416,154.411,191.617,0.293,18.4905,78.9606
330.665,132.375,191.617,0.308,19.2127,79.008
330.916,155.674,191.617,0.314,18.8563,79.0755
331.165,124.214,191.617,0.32,19.215,79.1641
331.415,152.088,191.617,0.326,18.843,79.2184
331.667,131.14,191.617,0.329,18.4905,79.3071
331.916,144.339,191.617,0.331,18.4913,79.3605
332.166,128.345,191.617,0.337,18.4917,79.4344
332.417,155.466,191.617,0.339,18.8493,79.523
332.665,128.634,191.617,0.342,18.4912,79.5796
332.916,139.752,191.617,0.348,18.1532,79.6683
333.117,129.469,191.617,0.362,18.1465,79.7244
333.365,148.757,191.617,0.388,18.1508,79.7867
333.616,131.778,191.617,0.413,17.8193,79.8749
333.866,140.007,191.617,0.458,17.8202,79.9315
334.116,136.066,191.617,0.459,18.1517,80.0196
334.365,132.114,191.617,0.458,18.4991,80.076
334.618,150.34,191.617,0.453,18.4903,80.151
334.866,157.616,191.617,0.436,18.148,80.2409
335.115,140.159,191.617,0.443,18.4902,80.3114
335.368,154.539,191.617,0.46,18.4951,80.3723
335.617,160.575,191.617,0.475,18.4904,80.462
335.865,144.831,191.617,0.495,18.1482,80.5189
336.115,131.963,191.617,0.496,18.1496,80.606
336.367,146.935,191.617,0.504,18.8489,80.6677
336.615,177.345,191.617,0.482,18.8296,80.7382
336.865,135.907,191.617,0.437,18.1479,80.8278
337.117,135.205,191.617,0.416,18.1489,80.8844
337.366,132.649,191.617,0.397,17.8174,80.9602
337.616,144.049,191.617,0.395,18.1484,81.0444
337.866,127.738,191.617,0.396,18.1487,81.0976
338.115,140.367,191.617,0.395,18.1476,81.1855
338.366,139.548,191.617,0.399,18.4976,81.2408
338.615,132.533,191.617,0.401,18.4911,81.3163
338.866,139.864,191.617,0.407,18.1485,81.4054
339.116,131.925,191.617,0.411,18.4969,81.4608
339.365,144.162,191.617,0.415,18.499,81.5359
339.615,136.051,191.617,0.416,18.8481,81.6248
339.865,136.006,191.617,0.417,19.216,81.6812
340.066,189.019,191.617,0.418,19.2174,81.7546
340.316,136.354,191.617,0.418,19.2181,81.8249
340.565,132.163,191.617,0.42,18.8483,81.8849
340.816,135.511,191.617,0.425,18.8506,81.9725
341.066,132.353,191.617,0.429,19.2237,82.0287
341.315,144.164,191.617,0.43,18.8588,82.1008
341.565,127.986,191.617,0.431,19.2193,82.1884
341.815,147.97,191.617,0.431,19.2196,82.2428
342.066,131.799,191.617,0.432,19.2179,82.3324
342.318,146.98,191.617,0.434,19.2194,82.3881
342.566,128.871,191.617,0.44,19.2192,82.4731
342.767,124.415,191.617,0.444,19.2297,82.5332
343.015,144.852,191.617,0.449,19.6028,82.5843
343.266,131.768,191.617,0.457,19.6031,82.6727
343.515,144.338,191.617,0.462,19.6033,82.7265
343.765,123.922,191.617,0.464,20.0073,82.8125
344.016,135.589,191.617,0.471,20.0026,82.8768
344.266,131.858,191.617,0.487,19.6036,82.92
344.516,136.054,191.617,0.497,19.6031,82.9772
344.766,128.328,191.617,0.509,19.6032,83.0154
345.015,140.176,191.617,0.513,19.2187,83.0206
345.266,123.831,191.617,0.515,19.2247,83.0221
345.516,147.947,191.617,0.515,19.2186,83.0223
345.766,135.647,191.617,0.518,19.2191,83.0231
346.015,132.543,191.617,0.519,19.2177,83.0236
346.266,135.514,191.617,0.518,19.2318,83.0239
346.516,175.856,191.617,0.521,19.2079,83.0245
346.766,140.423,191.617,0.524,19.6005,83.025
347.016,139.941,191.617,0.524,19.6012,83.0254
347.266,127.747,191.617,0.522,19.2174,83.0263
347.516,132.376,191.617,0.522,19.6003,83.0265
347.717,138.94,191.617,0.522,19.6001,83.0265
347.966,120.731,191.617,0.522,19.6006,83.0265
348.216,131.772,191.617,0.521,19.6112,83.0265
348.466,136.176,191.617,0.522,19.6007,83.0265
348.717,131.546,191.617,0.521,19.5988,83.0265
348.966,128.442,191.617,0.521,19.2155,83.0265
349.216,127.902,191.617,0.521,19.2118,83.0265
349.466,128,191.617,0.521,19.2155,83.0265
349.715,128.27,191.617,0.521,18.84,83.0265
349.965,123.943,191.617,0.521,19.2167,83.0265
350.217,131.362,191.617,0.521,19.2116,83.0265
350.466,132.306,191.617,0.521,18.8464,83.0265
350.717,131.666,191.617,0.521,18.8407,83.0265
350.966,128.639,191.617,0.521,18.8461,83.0265
351.216,131.521,191.617,0.52,18.8464,83.0265
351.466,128.378,191.617,0.521,18.8462,83.0265
351.666,129.503,191.617,0.523,18.8464,83.0271
351.917,135.662,191.617,0.524,18.8461,83.0279
352.166,120.289,191.617,0.522,18.8465,83.029
352.416,152.319,191.617,0.519,19.2156,83.0303
352.666,124.181,191.617,0.512,19.2158,83.0317
352.916,155.73,191.617,0.514,19.2156,83.0347
353.166,132.187,191.617,0.509,19.5998,83.0375
353.415,152.136,191.617,0.504,19.6,83.0409
353.667,143.371,191.617,0.503,19.2154,83.0455
353.915,148.735,191.617,0.501,19.5972,83.0481
354.116,139.251,191.617,0.501,19.2167,83.0519
354.415,143.766,191.91,0.5,19.5978,83.0558
354.665,144.053,192.105,0.505,19.1785,83.0576
354.917,146.771,192.105,0.499,19.1773,83.0596
355.166,128.95,192.105,0.499,19.1777,83.0624
355.416,156.084,191.516,0.504,19.1779,83.0646
355.666,131.748,191.609,0.502,18.8098,83.0677
355.916,211.954,191.609,0.508,18.8085,83.0703
356.165,140.368,191.609,0.505,18.1134,83.072
356.416,163.509,191.609,0.513,18.1133,83.0746
356.665,128.43,191.609,0.516,18.1172,83.0769
356.917,166.834,191.609,0.516,18.4668,83.1037
357.166,132.311,191.609,0.503,17.7875,83.1591
357.416,164.485,191.609,0.49,18.1487,83.2018
357.617,143.951,191.609,0.463,18.1494,83.2661
357.865,132.947,191.609,0.443,17.8159,83.3194
358.115,140.017,191.609,0.415,17.817,83.3937
358.316,149.432,191.609,0.416,18.1516,83.428
358.565,132.439,191.609,0.421,18.5093,83.5092
358.817,155.093,191.609,0.433,18.8466,83.5698
359.066,124.466,191.609,0.448,19.2159,83.6323
359.267,154.007,191.609,0.454,19.2154,83.6967
359.517,180.072,191.609,0.46,19.2133,83.7485
359.767,144.191,191.609,0.456,18.845,83.8227
360.016,136.562,191.609,0.458,19.2193,83.9115
360.265,140.119,191.609,0.459,19.5977,83.9674
360.467,139.231,191.609,0.459,19.2148,84.0403
360.715,144.721,191.609,0.46,19.2101,84.0939
360.916,149.387,191.609,0.461,19.213,84.1682
361.165,120.398,191.609,0.464,19.2136,84.2392
361.415,151.991,191.609,0.466,19.2145,84.2947
361.616,139.387,191.609,0.467,19.2138,84.369
361.865,132.559,191.609,0.468,19.2118,84.4218
362.066,144.331,191.629,0.468,19.2162,84.4909
362.316,140.25,191.629,0.462,19.6025,84.5459
362.565,128.134,191.629,0.446,19.6,84.6355
362.816,155.357,191.629,0.432,19.5964,84.6961
363.065,120.525,191.629,0.418,19.6006,84.7643
363.268,152.76,191.629,0.418,19.6038,84.8362
363.516,137.501,191.629,0.408,19.6014,84.8912
363.765,136.108,191.629,0.399,19.5983,84.972
364.016,147.821,191.629,0.376,19.6016,85.0419
364.266,136.057,191.629,0.354,19.6068,85.0954
364.515,140.125,191.629,0.32,19.2172,85.1788
364.767,135.278,191.629,0.305,19.216,85.2453
365.015,144.665,191.629,0.28,19.2177,85.2939
365.266,135.831,191.629,0.276,18.8484,85.3701
365.516,147.994,191.629,0.269,19.2187,85.4193
365.766,176.136,191.629,0.27,18.8475,85.499
366.017,147.33,191.629,0.281,18.4937,85.5646
366.266,124.548,191.629,0.287,18.4889,85.6105
366.516,151.586,191.629,0.298,18.4932,85.6672
366.766,144.326,191.629,0.307,18.4909,85.7244
367.016,148.089,191.629,0.317,18.4912,85.7809
367.267,139.463,191.629,0.318,18.8459,85.8602
367.516,144.255,191.629,0.327,18.8465,85.9141
367.765,128.517,191.629,0.34,18.8466,85.991
367.967,133.751,191.629,0.359,19.2156,86.0593
368.216,148.773,191.629,0.374,19.6016,86.1095
368.466,136.096,191.629,0.387,19.9948,86.184
368.715,144.071,191.629,0.391,19.9951,86.2382
368.967,142.923,191.629,0.39,19.5963,86.3108
369.216,177.046,191.629,0.386,19.5999,86.3866
369.465,136.273,191.629,0.388,19.5907,86.4355
369.716,143.861,191.629,0.399,19.2108,86.5069
369.967,131.207,191.629,0.412,19.2117,86.5766
370.216,181.055,191.629,0.443,19.1721,86.6486
370.417,139.101,191.629,0.476,19.2182,86.7092
370.665,120.762,191.629,0.508,19.2165,86.7792
370.915,156.064,191.629,0.565,19.2188,86.8681
371.166,119.538,191.629,0.567,19.2178,86.9243
371.417,167.569,191.629,0.566,19.2212,86.9987
371.667,152.144,191.629,0.57,18.8166,87.0889
371.916,152.348,191.629,0.578,18.8507,87.1434
372.165,124.459,191.629,0.582,18.8479,87.2278
372.367,138.886,191.629,0.584,19.2193,87.2749
372.616,144.647,191.629,0.579,19.2235,87.3438
372.816,134.53,191.629,0.576,19.263,87.4169
373.017,139.147,191.629,0.577,18.8461,87.4586
373.265,129.162,191.629,0.579,18.492,87.5482
373.515,139.878,191.629,0.584,18.5029,87.6054
373.766,127.678,191.629,0.586,18.1558,87.6944
374.016,143.965,191.629,0.59,18.4954,87.7514
374.265,120.418,191.629,0.593,18.4953,87.8194
374.516,147.625,191.629,0.589,18.1503,87.8941
374.766,124.152,191.629,0.534,18.1509,87.9776
375.015,148.203,191.629,0.46,18.1515,88.022
375.216,129.6,191.629,0.419,18.151,88.0711
375.466,131.942,191.629,0.395,18.1521,88.1035
375.716,136.16,191.629,0.368,18.4952,88.1349
375.966,128.066,191.629,0.368,18.8497,88.1363
376.215,148.192,191.629,0.368,18.8496,88.1371
376.465,131.964,191.629,0.367,19.2185,88.1385
376.716,139.862,191.629,0.367,19.218,88.1392
376.966,135.798,191.629,0.364,19.604,88.1403
377.217,143.616,191.629,0.354,19.6015,88.1418
377.465,136.607,191.629,0.354,19.5994,88.1426
377.715,148.18,191.629,0.34,19.2167,88.145
377.965,175.912,191.629,0.34,18.8362,88.1474
378.215,147.893,191.629,0.34,18.8466,88.1491
378.417,153.903,191.629,0.337,18.8464,88.1506
378.665,124.803,191.629,0.333,18.85,88.1521
378.916,159.577,191.629,0.329,18.8462,88.1537
379.167,143.58,191.629,0.33,18.4881,88.1545
379.416,148.672,191.629,0.33,18.4934,88.1553
379.666,119.901,191.629,0.326,19.2126,88.1572
379.918,162.72,191.629,0.324,18.4905,88.1593
380.165,129.221,191.629,0.339,18.4876,88.1961
380.366,144.38,191.629,0.392,18.8435,88.2435
380.616,148.408,191.629,0.46,18.4984,88.3182
380.865,144.139,191.629,0.527,18.4875,88.3764
381.115,135.998,191.629,0.562,18.4876,88.4468
381.365,135.996,191.629,0.549,18.4872,88.5148
381.616,151.42,191.629,0.547,18.843,88.5962
381.865,144.579,191.629,0.548,18.842,88.6521
382.066,134.45,191.629,0.55,18.844,88.7135
382.316,144.295,191.629,0.556,19.2162,88.7844
382.566,131.793,191.629,0.559,18.8465,88.8732
382.816,148.216,191.629,0.56,18.847,88.9461
383.065,140.186,191.629,0.56,19.6001,89.003
383.316,143.609,191.629,0.56,19.6043,89.0861
383.518,143.448,191.629,0.561,19.5996,89.1259
383.766,181.268,192.094,0.561,19.5262,89.2144
384.016,136.475,192.094,0.568,19.5979,89.2897
384.266,155.386,192.094,0.568,19.5969,89.3462
384.516,168.405,192.094,0.57,19.2141,89.4324
384.766,127.764,192.094,0.578,19.2141,89.5027
385.017,151.883,192.094,0.544,18.4889,89.5623
385.266,136.049,192.094,0.515,18.8436,89.6521
385.516,148.489,192.094,0.488,18.8444,89.709
385.766,127.879,192.094,0.482,18.8444,89.7948
386.016,144.045,192.094,0.471,18.8442,89.8673
386.266,132.152,192.094,0.466,18.8452,89.9232
386.516,135.968,192.094,0.461,18.4989,90.0117
386.765,140.04,192.094,0.452,18.4901,90.078
387.017,143.388,192.094,0.434,18.1497,90.1464
387.266,132.506,192.094,0.42,18.1483,90.221
387.516,147.945,192.094,0.406,18.8507,90.2761
387.766,140.04,192.094,0.374,18.8463,90.3659
388.016,143.862,192.094,0.339,18.8416,90.4348
388.265,140.253,192.094,0.319,18.4911,90.4893
388.516,139.585,192.094,0.307,18.1493,90.5727
388.765,120.366,192.094,0.304,18.1473,90.6303
389.016,159.821,192.094,0.321,17.8168,90.6769
389.265,144.12,192.094,0.345,17.819,90.7468
389.516,151.93,192.094,0.329,17.8199,90.7979
389.765,136.151,192.094,0.324,18.1492,90.8859
390.016,139.45,192.094,0.324,18.489,90.9528
390.265,128.521,192.094,0.329,18.4901,90.9942
390.467,158.879,192.094,0.335,18.1491,91.0502
390.715,148.824,192.094,0.344,18.4906,91.0929
390.917,158.892,192.094,0.35,18.4914,91.1389
391.165,132.806,192.094,0.352,18.8449,91.1918
391.416,155.222,192.094,0.345,18.4894,91.2736
391.667,123.781,192.094,0.342,18.8408,91.3413
391.916,152.845,192.094,0.346,19.2223,91.3872
392.165,124.094,192.094,0.349,18.8427,91.4518
392.415,160.003,192.094,0.363,18.4814,91.5389
392.616,129.451,192.094,0.372,18.1442,91.5803
392.866,147.886,192.094,0.351,17.8136,91.6548
393.115,132.496,192.094,0.331,17.8114,91.719
393.366,143.866,192.094,0.335,17.8146,91.7986
393.615,148.156,192.094,0.332,17.8202,91.8642
393.816,134.375,191.602,0.332,17.8213,91.9152
394.065,136.553,191.613,0.318,18.1492,91.9717
394.316,143.878,191.613,0.304,17.8185,92.0433
394.567,139.086,191.617,0.292,17.8183,92.1164
394.816,152.739,191.617,0.292,18.1493,92.1808
395.065,128.348,191.617,0.296,18.155,92.2395
395.316,139.642,191.617,0.305,18.1502,92.3278
395.565,140.425,191.617,0.311,18.492,92.4009
395.816,143.347,191.617,0.317,18.4925,92.4691
396.065,136.484,191.617,0.326,18.8538,92.5199
396.267,143.901,191.617,0.317,18.8503,92.5637
396.516,156.889,191.617,0.288,18.8484,92.6307
396.766,143.971,191.617,0.262,19.2162,92.6783
397.016,155.696,191.617,0.247,18.8492,92.7601
397.265,120.377,191.617,0.242,18.8528,92.825
397.467,208.334,191.617,0.247,18.8445,92.8654
397.715,140.818,191.617,0.283,18.8478,92.949
397.966,123.484,191.617,0.301,19.217,92.9892
398.215,164.775,191.617,0.328,19.2139,93.0524
398.466,139.731,191.617,0.341,19.2188,93.107
398.715,148.171,191.617,0.352,18.8474,93.1436
398.965,135.991,191.617,0.359,18.8471,93.1969
399.167,138.875,191.617,0.362,18.8507,93.2379
399.416,176.761,191.617,0.363,18.4927,93.2926
399.665,132.308,191.617,0.343,18.8602,93.3608
399.915,144.064,191.617,0.331,18.8474,93.4281
400.165,131.923,191.621,0.336,19.2199,93.5113
400.416,147.731,191.621,0.346,19.2165,93.5801
400.665,136.348,191.621,0.369,19.2156,93.6357
400.866,189.261,191.621,0.392,19.2176,93.6968
401.115,132.428,191.621,0.431,19.2173,93.7688
401.316,159.144,191.621,0.469,19.215,93.8429
401.565,160.614,191.621,0.517,19.2171,93.9102
401.816,143.406,191.621,0.552,18.8458,93.9661
402.017,144.532,191.621,0.596,19.2173,94.0212
402.265,128.847,191.621,0.667,19.2167,94.0939
402.516,139.944,191.621,0.719,19.2157,94.1777
402.765,140.074,191.621,0.783,18.8456,94.2309
403.017,135.235,191.621,0.73,18.8467,94.3201
403.266,128.564,191.621,0.648,18.8466,94.3911
403.515,148.256,191.621,0.595,19.2448,94.4452
403.716,134.441,191.621,0.539,19.2159,94.5194
403.965,128.433,191.621,0.459,19.2163,94.5761
404.167,143.768,191.621,0.415,19.6376,94.635
404.416,152.458,191.621,0.369,19.5994,94.715
404.667,139.63,191.621,0.303,19.599,94.7696
404.915,140.886,191.621,0.263,19.2165,94.8538
405.165,115.937,191.621,0.208,19.5996,94.9238
405.417,155.306,191.621,0.191,19.5995,94.987
405.665,132.66,191.621,0.189,19.6007,95.0607
405.916,139.876,191.621,0.198,19.2193,95.1162
406.165,124.101,191.621,0.23,18.8548,95.1969
406.415,156.039,191.621,0.253,18.8379,95.2617
406.665,119.955,191.621,0.3,18.8454,95.321
406.867,143.98,191.621,0.308,18.8463,95.3649
407.115,140.837,191.621,0.329,18.4928,95.4264
407.316,154.119,191.621,0.339,18.4903,95.4969
407.565,124.584,191.621,0.371,18.4905,95.553
407.817,139.176,191.621,0.387,18.1461,95.6162
408.066,140.649,191.621,0.425,18.1519,95.6766
408.315,160.205,191.621,0.453,18.1493,95.7366
408.565,127.947,191.621,0.518,18.4922,95.8234
408.767,129.033,191.621,0.56,18.8491,95.8709
409.016,148.605,191.621,0.586,18.4941,95.9256
409.266,135.91,191.621,0.619,18.4924,95.9878
409.516,147.961,191.621,0.644,18.8447,96.0423
409.765,132.433,191.621,0.673,18.8497,96.1218
410.017,139.27,191.621,0.698,19.2198,96.1632
410.265,144.656,191.621,0.726,19.6036,96.2248
410.516,143.607,191.621,0.768,19.2075,96.3048
410.766,128.323,191.621,0.834,19.2185,96.3572
411.016,135.968,191.621,0.868,18.4973,96.4168
411.265,136.177,191.621,0.84,18.4939,96.4926
411.515,147.963,191.621,0.821,18.1467,96.543
411.716,129.632,191.621,0.731,18.493,96.6158
411.966,136.109,191.621,0.646,18.4929,96.6661
412.216,140.055,191.621,0.591,18.4928,96.7479
412.466,175.455,191.621,0.501,18.4906,96.821
412.715,128.548,191.621,0.446,18.1498,96.8762
412.966,127.646,191.621,0.367,18.1515,96.9556
413.167,129.584,191.621,0.328,18.5049,96.9882
413.415,184.974,191.621,0.29,18.1474,97.0473
413.616,114.407,191.621,0.251,18.8481,97.0722
413.865,132.598,191.621,0.228,20.4147,97.1077
414.115,135.936,191.621,0.227,19.2259,97.1109
414.367,146.867,191.621,0.223,18.855,97.1116
414.616,140.954,191.621,0.223,18.4963,97.1122
414.817,153.991,191.625,0.222,18.8552,97.1127
415.065,144.823,191.625,0.222,18.1588,97.1143
415.316,155.685,191.625,0.221,18.8549,97.1148
415.566,147.997,191.625,0.213,18.4982,97.1155
415.815,156.445,191.625,0.212,18.1546,97.119
416.066,143.49,191.625,0.21,18.5012,97.121
416.315,164.563,191.625,0.208,18.498,97.123
416.566,155.693,191.625,0.204,18.1446,97.1237
416.817,171.294,191.625,0.198,18.4934,97.1239
417.066,152.364,191.625,0.196,18.4874,97.1243
417.315,156.613,191.625,0.199,18.8475,97.145
417.568,154.383,191.625,0.253,19.2168,97.1877
417.817,200.822,191.629,0.299,18.8458,97.2461
418.065,144.896,191.629,0.38,18.846,97.3216
418.315,156.028,191.629,0.425,19.5997,97.377
418.567,131.316,191.629,0.514,19.2142,97.4639
418.817,139.633,191.629,0.579,19.5993,97.5201
419.066,144.663,191.637,0.666,19.2161,97.6046
419.315,144.482,191.637,0.721,19.2174,97.6794
419.566,131.862,191.637,0.817,18.4895,97.7356
419.816,159.885,191.637,0.879,19.2195,97.8222
420.066,135.743,191.641,0.959,19.2162,97.893
420.315,144.405,191.641,0.994,18.8458,97.9448
420.517,153.946,191.641,0.971,18.8472,98.0091
420.765,140.81,191.641,0.934,18.492,98.0644
421.016,147.599,191.691,0.918,18.1484,98.1516
421.217,139.478,191.691,0.895,18.1476,98.1911
421.466,144.742,191.691,0.856,18.1482,98.2673
421.716,139.595,191.691,0.832,18.8457,98.3543
421.965,132.494,191.691,0.796,18.8448,98.41
422.167,143.702,191.691,0.77,18.1476,98.47
422.416,148.895,191.691,0.74,18.4898,98.5355
422.616,134.527,191.691,0.717,18.4891,98.5914
422.871,184.898,191.691,0.687,18.8469,98.6647
423.116,134.677,191.738,0.674,18.8467,98.7277
423.316,159.399,191.738,0.659,18.8464,98.784
423.566,176.412,191.738,0.621,19.1921,98.8548
423.816,144.122,191.738,0.616,19.5985,98.9445
424.066,163.989,191.738,0.587,19.2151,99.0002
424.315,168.134,191.75,0.563,18.4869,99.0708
424.565,128.003,191.75,0.535,18.1461,99.1519
424.816,147.717,191.75,0.523,18.4892,99.2072
425.067,175.2,191.75,0.526,18.4904,99.291
425.315,148.979,191.75,0.535,18.8456,99.3492
425.567,135.073,191.75,0.553,18.8731,99.4207
425.817,147.72,191.75,0.569,18.836,99.495
426.067,132.5,191.758,0.606,18.8405,99.5831
426.268,153.864,191.758,0.628,18.1519,99.6245
426.516,185.619,191.758,0.664,18.1168,99.7123
426.766,128.147,191.758,0.716,18.1347,99.7679
426.967,198.123,191.758,0.741,18.4059,99.8445
427.217,152.373,191.766,0.705,18.842,99.9
427.465,140.78,191.766,0.64,18.1423,99.9869
427.716,135.544,191.766,0.611,18.1615,100.062
427.968,143.18,191.766,0.55,18.4793,100.117
428.216,145.229,191.766,0.513,18.1509,100.204
428.465,136.149,191.766,0.462,18.5002,100.278
428.716,151.583,191.766,0.429,18.1511,100.328
428.965,136.394,191.766,0.377,18.1498,100.413
429.169,142.174,191.766,0.343,18.849,100.455
429.415,191.077,191.766,0.319,18.1563,100.545
429.617,133.968,191.766,0.292,18.8845,100.586
429.866,132.687,191.766,0.275,18.8474,100.656
430.115,152.126,191.848,0.271,19.2193,100.735
430.365,148,191.848,0.283,18.8501,100.781
430.616,147.596,191.848,0.288,19.6028,100.853
430.865,140.407,191.848,0.3,19.6004,100.898
431.115,143.964,191.848,0.308,19.6042,100.954
431.366,199.828,191.891,0.32,18.5795,101.014
431.616,183.691,191.891,0.323,18.8509,101.074
431.866,152.017,191.891,0.327,18.1504,101.135
432.116,200.184,191.891,0.332,19.2183,101.206
432.366,163.843,191.891,0.341,18.1495,101.255
432.616,135.951,191.891,0.331,18.1498,101.328
432.865,136.312,191.891,0.326,18.4922,101.375
433.116,195.772,191.891,0.328,18.1215,101.439
433.365,152.278,191.891,0.329,17.4986,101.503
433.567,143.982,191.891,0.329,17.5049,101.544
433.816,148.469,191.891,0.33,17.8193,101.602
434.065,180.441,191.891,0.318,18.1509,101.673
434.316,151.85,191.891,0.311,18.1487,101.722
434.565,144.146,191.891,0.322,18.1476,101.809
434.817,143.063,191.891,0.328,18.4893,101.865
435.067,147.982,191.891,0.351,18.492,101.951
435.317,143.937,191.891,0.362,18.8468,102.023
435.566,128.518,191.891,0.371,18.8462,102.076
435.817,155.444,191.891,0.38,19.2139,102.154
436.066,124.57,191.891,0.389,19.2131,102.21
436.316,160.041,191.891,0.392,18.8463,102.281
436.566,127.969,191.891,0.396,18.1471,102.36
436.816,147.951,191.891,0.402,19.2152,102.417
437.066,128.176,191.891,0.405,18.848,102.491
437.316,151.643,191.891,0.402,18.8475,102.578
437.518,138.886,191.891,0.389,18.8461,102.619
437.765,133.307,191.891,0.383,18.4918,102.709
438.016,151.574,191.891,0.379,18.4862,102.764
438.265,128.36,191.891,0.372,18.1474,102.85
438.468,162.777,191.891,0.37,18.1456,102.906
438.716,137.208,191.891,0.369,18.4931,102.966
438.966,131.904,191.891,0.368,18.8478,103.055
439.217,147.533,191.891,0.365,18.4897,103.112
439.465,140.912,191.891,0.359,18.8448,103.201
439.666,129.472,191.891,0.357,18.8468,103.262
439.915,148.42,191.891,0.352,19.2166,103.318
440.166,127.485,191.891,0.344,19.2161,103.392
440.417,159.858,191.891,0.343,19.2127,103.461
440.665,120.508,191.891,0.341,19.222,103.532
440.916,155.412,191.891,0.341,20.0064,103.621
441.165,120.547,191.891,0.341,19.6003,103.678
441.366,154.121,191.891,0.344,19.5992,103.739
441.616,144.422,191.891,0.349,20.0014,103.81
441.865,136.22,191.891,0.352,20.0022,103.884
442.117,147.096,191.891,0.36,20.0011,103.967
442.366,132.344,191.891,0.362,19.5998,104.018
442.615,188.672,191.891,0.359,19.593,104.103
442.865,131.989,191.891,0.341,18.8448,104.177
443.116,143.534,191.891,0.335,19.5977,104.23
443.318,158.814,191.891,0.334,19.215,104.284
443.566,160.969,191.891,0.332,19.1819,104.359
443.816,152.205,191.891,0.33,18.487,104.433
444.066,127.654,191.891,0.326,18.1456,104.522
444.316,155.991,191.891,0.322,18.8467,104.578
444.566,172.194,192.027,0.32,18.1464,104.649
444.815,180.643,192.027,0.319,18.4858,104.719
445.065,135.897,192.027,0.318,18.145,104.791
445.316,143.704,192.027,0.312,18.1523,104.879
445.565,132.47,192.027,0.308,18.146,104.932
445.766,144.314,192.027,0.304,18.1489,105.006
446.016,139.935,192.027,0.29,18.1484,105.062
446.265,140.484,192.027,0.277,18.1533,105.148
446.516,139.731,192.527,0.274,18.8459,105.22
446.767,179.098,192.527,0.275,18.1493,105.275
447.016,144.417,192.527,0.271,17.8164,105.362
447.266,136.122,192.527,0.264,18.1493,105.438
447.515,144.469,192.527,0.264,18.846,105.494
447.765,127.925,192.527,0.263,18.8481,105.576
448.016,151.437,192.527,0.263,19.6021,105.624
448.267,143.772,192.527,0.268,19.2173,105.686
448.517,151.583,192.527,0.282,19.6022,105.743
448.765,141.153,192.527,0.295,19.2196,105.799
448.966,154.215,192.527,0.309,18.8478,105.858
449.216,148.139,192.527,0.333,19.2207,105.9
449.465,176.513,192.527,0.35,19.6021,105.967
449.715,148.093,192.527,0.368,19.2203,106.024
449.967,151.245,192.527,0.375,18.8467,106.067
450.216,188.156,192.527,0.384,18.4887,106.141
450.465,140.547,192.527,0.382,18.1478,106.212
450.667,129.261,192.527,0.369,18.1492,106.269
450.916,144.121,192.527,0.355,18.15,106.339
451.167,131.796,192.527,0.354,18.148,106.384
451.418,163.373,192.527,0.355,17.8155,106.445
451.666,169.414,192.527,0.361,17.8118,106.528
451.916,143.578,192.527,0.371,18.1481,106.582
452.166,127.974,192.527,0.386,17.8185,106.647
452.415,160.636,192.527,0.392,18.8456,106.71
452.616,129.392,192.527,0.394,18.4902,106.783
452.865,136.548,192.527,0.394,18.8472,106.851
453.118,181.697,192.527,0.395,18.4892,106.909
453.367,148.772,192.527,0.395,18.4953,106.999
453.617,144.141,192.527,0.399,19.2165,107.055
453.866,180.478,192.527,0.401,18.7868,107.128
454.117,139.543,192.527,0.403,18.4889,107.216
454.365,136.983,192.527,0.403,19.216,107.273
454.567,133.602,192.527,0.404,19.5998,107.348
454.815,149.174,192.527,0.404,18.8476,107.404
455.017,129.296,192.527,0.403,18.4891,107.479
455.265,128.617,192.527,0.402,18.8455,107.55
455.516,151.855,192.527,0.403,18.8464,107.611
455.717,138.805,192.527,0.403,18.4882,107.673
455.965,177.413,192.527,0.404,18.846,107.743
456.166,129.591,192.527,0.404,18.8472,107.818
456.416,148.007,192.527,0.404,19.2777,107.874
456.666,131.963,192.012,0.404,19.2172,107.964
456.867,149.453,192.012,0.404,18.8434,108.012
457.117,139.856,192.016,0.404,18.4893,108.096
457.366,136.303,192.016,0.404,19.2122,108.171
457.617,131.451,192.016,0.405,19.2176,108.225
457.866,144.833,192.016,0.374,18.4931,108.308
458.116,131.95,192.016,0.331,18.8461,108.378
458.366,136.101,192.016,0.309,18.4938,108.429
458.616,140.029,192.016,0.293,18.4886,108.516
458.866,144.097,192.016,0.29,18.148,108.581
459.116,135.955,192.016,0.291,18.49,108.635
459.366,144.01,192.016,0.294,18.4923,108.707
459.616,140.09,192.016,0.302,18.8468,108.775
459.865,144.242,192.016,0.309,18.8462,108.847
460.116,135.486,192.016,0.316,19.5999,108.936
460.365,168.569,192.016,0.32,19.5992,108.993
460.566,139.557,192.016,0.322,20.002,109.068
460.816,140.04,192.016,0.329,19.6002,109.122
461.066,135.667,192.016,0.333,19.217,109.21
461.316,148.057,192.016,0.341,19.2201,109.284
461.566,120.188,192.016,0.347,18.8478,109.34
461.816,159.905,192.016,0.375,19.2175,109.429
462.069,126.588,192.016,0.39,18.849,109.485
462.325,206.824,192.016,0.44,18.4852,109.561
462.566,149.59,192.016,0.473,18.8538,109.65
462.815,144.244,192.016,0.508,18.4921,109.706
463.017,139.045,192.016,0.511,18.8509,109.779
463.265,120.649,192.016,0.512,18.8497,109.833
463.516,155.38,192.016,0.513,18.4878,109.92
463.765,116.547,192.016,0.512,18.8493,109.996
464.016,151.261,192.016,0.512,19.214,110.051
464.265,128.622,192.016,0.513,18.849,110.141
464.516,139.526,192.016,0.51,19.22,110.212
464.765,172.473,192.016,0.506,18.849,110.271
464.967,144.136,192.016,0.504,18.8496,110.34
465.217,139.847,192.016,0.502,18.848,110.398
465.466,140.637,192.016,0.498,18.8498,110.48
465.716,131.696,192.016,0.492,18.8492,110.543
465.965,136.525,192.016,0.49,19.6031,110.585
466.216,135.46,192.016,0.488,19.6044,110.644
466.467,127.858,192.016,0.487,19.6033,110.677
466.716,140.549,192.016,0.486,19.6043,110.708
466.966,124.066,192.016,0.487,19.6027,110.71
467.215,148.078,192.016,0.488,19.9919,110.71
467.467,139.016,192.016,0.485,19.6016,110.711
467.716,148.887,192.016,0.473,19.6036,110.712
467.965,132.17,192.016,0.473,19.6014,110.713
468.167,128.733,192.016,0.472,19.6017,110.714
468.417,168.028,192.016,0.471,19.601,110.715
468.666,128.732,192.016,0.471,19.6001,110.717
468.917,159.404,192.023,0.47,20.4173,110.717
469.165,140.945,192.023,0.467,19.2465,110.719
469.416,187.22,192.023,0.469,18.8595,110.721
469.667,131.795,192.023,0.47,18.5264,110.722
469.916,160.624,192.023,0.47,18.5173,110.724
470.165,132.166,192.023,0.471,18.8745,110.726
470.415,175.954,192.023,0.472,18.8698,110.729
470.666,135.761,192.023,0.484,18.8752,110.768
470.916,159.863,192.023,0.51,18.8697,110.833
471.165,132.382,192.039,0.521,18.8751,110.876
471.415,176.008,192.039,0.537,18.8577,110.952
471.665,123.919,192.039,0.538,19.2159,111.004
471.915,164.062,192.039,0.538,19.9951,111.093
472.116,139.271,192.047,0.538,19.9853,111.134
472.365,132.608,192.047,0.534,20.0009,111.208
472.616,151.767,192.047,0.53,19.9999,111.297
472.866,163.933,192.047,0.529,19.5982,111.351
473.116,156.093,192.047,0.525,19.2099,111.441
473.365,132.277,192.047,0.523,19.2264,111.502
473.615,139.871,192.047,0.518,19.2097,111.572
473.866,147.739,192.047,0.515,19.2171,111.662
474.067,134.043,192.047,0.514,19.2274,111.704
474.317,148.066,192.047,0.513,19.2139,111.779
474.566,136.468,192.047,0.506,19.2169,111.867
474.815,136.494,192.047,0.452,19.2137,111.924
475.017,153.72,192.047,0.419,19.2155,111.999
475.267,131.847,192.047,0.4,19.2172,112.058
475.516,185.075,192.047,0.384,20.3969,112.142
475.766,131.983,192.047,0.378,20.0015,112.217
476.015,140.308,192.047,0.375,19.9976,112.274
476.267,170.715,192.047,0.374,19.5999,112.349
476.515,157.246,192.047,0.373,19.2061,112.438
476.765,179.808,192.047,0.373,19.2001,112.495
477.016,143.663,192.047,0.372,18.8545,112.58
477.265,132.328,192.516,0.364,18.8459,112.636
477.515,196.087,192.516,0.303,18.1424,112.71
477.716,139.207,192.516,0.278,18.1473,112.785
477.965,140.646,192.523,0.255,18.1478,112.838
478.166,129.599,192.523,0.245,18.1642,112.9
478.415,156.304,192.523,0.251,18.1472,112.949
478.666,135.843,192.523,0.268,18.1485,113.027
478.917,167.264,192.523,0.309,18.4877,113.076
479.165,160.968,192.523,0.345,18.499,113.147
479.415,187.962,192.523,0.439,18.1472,113.234
479.665,120.022,192.523,0.478,17.8263,113.285
479.918,162.051,192.523,0.493,18.1348,113.37
480.166,205.995,192.523,0.47,18.5977,113.441
480.416,160.251,192.523,0.468,18.1467,113.495
480.616,129.604,192.523,0.465,18.1483,113.567
480.866,124.108,192.523,0.463,17.8284,113.625
481.118,154.674,192.523,0.447,17.8101,113.696
481.366,133.215,192.523,0.433,17.4913,113.77
481.615,148.293,192.523,0.418,17.5061,113.837
481.868,134.3,192.523,0.406,17.827,113.908
482.116,141.302,192.523,0.401,18.1365,113.995
482.368,143.139,192.523,0.399,18.4867,114.051
482.615,137.28,192.523,0.396,18.4769,114.14
482.87,172.487,192.523,0.393,19.219,114.196
483.116,146.835,192.523,0.386,18.8414,114.281
483.32,156.31,192.523,0.369,19.2104,114.323
483.565,203.918,192.523,0.368,18.81,114.398
483.816,143.515,192.523,0.341,18.1462,114.485
484.066,140.423,192.523,0.34,18.1544,114.539
484.267,139.132,192.523,0.335,18.1466,114.613
484.515,185.033,192.523,0.332,18.1261,114.67
484.717,134.044,192.523,0.329,17.5038,114.73
484.966,128.49,192.523,0.322,17.4997,114.819
485.215,152.359,192.523,0.32,17.4974,114.874
485.466,135.394,192.523,0.31,17.1991,114.96
485.716,152.094,192.523,0.307,17.1904,115.035
485.966,136.428,192.523,0.305,17.4992,115.09
486.216,135.862,192.523,0.305,17.8394,115.165
486.466,148.088,192.523,0.308,18.8377,115.235
486.715,140.084,192.523,0.311,18.8497,115.322
486.966,139.687,192.523,0.309,18.8551,115.395
487.216,172.066,192.035,0.306,18.8303,115.444
487.466,144.202,192.035,0.302,18.497,115.52
487.716,143.691,192.035,0.301,18.4809,115.567
487.967,143.589,192.035,0.301,18.8481,115.628
488.218,171.429,192.035,0.304,18.8486,115.687
488.466,153.136,192.035,0.31,18.5033,115.743
488.716,195.802,192.035,0.314,18.4858,115.797
488.965,140.414,192.035,0.323,18.1488,115.853
489.215,147.991,192.035,0.329,18.1603,115.904
489.468,162.012,192.035,0.336,17.8269,115.959
489.716,202.342,192.035,0.324,17.4984,116.031
489.965,136.11,192.035,0.336,18.1499,116.085
490.217,135.262,192.035,0.334,18.4939,116.159
490.466,144.243,192.035,0.331,18.1487,116.209
490.716,136.058,192.035,0.331,18.1627,116.296
490.966,131.813,192.035,0.33,18.1603,116.37
491.216,140.552,192.035,0.338,18.1616,116.421
491.466,131.94,192.035,0.345,17.5145,116.507
491.716,143.623,192.035,0.352,17.8111,116.564
491.965,128.504,192.035,0.36,17.4998,116.639
492.215,147.998,192.035,0.363,17.818,116.728
492.466,135.803,192.035,0.366,18.1485,116.785
492.715,136.219,192.035,0.367,18.1507,116.874
492.917,148.792,192.035,0.367,18.4738,116.916
493.165,124.707,192.035,0.368,18.5002,117.006
493.416,163.889,192.035,0.368,18.4816,117.08
493.666,119.947,192.035,0.368,18.8436,117.137
493.917,147.191,192.035,0.368,18.4875,117.226
494.166,128.666,192.035,0.368,19.2154,117.282
494.415,152.242,192.035,0.368,19.203,117.357
494.666,131.695,192.035,0.368,19.2122,117.442
494.916,147.871,192.035,0.368,19.211,117.497
495.167,127.782,192.035,0.369,19.2254,117.584
495.415,156.855,192.035,0.373,19.2068,117.659
495.667,122.936,192.035,0.378,19.2156,117.715
495.917,152.481,192.035,0.38,18.8507,117.789
496.166,164.646,192.035,0.384,18.8553,117.86
496.367,139.423,192.035,0.388,18.4931,117.918
496.616,140.188,192.035,0.391,18.4896,118.007
496.866,132.303,192.035,0.393,18.8457,118.063
497.116,143.9,192.035,0.395,18.8351,118.152
497.317,139.163,192.035,0.399,18.8502,118.208
497.565,132.875,192.035,0.402,18.1471,118.269
497.815,187.991,192.035,0.404,18.145,118.358
498.018,167.721,192.035,0.409,17.8153,118.399
498.265,153.714,192.035,0.412,17.1994,118.489
498.515,139.914,192.035,0.413,17.1928,118.545
498.765,136.069,192.035,0.409,17.4942,118.634
499.016,143.776,192.035,0.407,17.8136,118.709
499.265,128.11,192.035,0.409,18.1469,118.765
499.517,147.394,192.035,0.411,17.8082,118.855
499.765,128.562,192.035,0.415,17.8212,118.929
500.016,151.88,192.035,0.416,17.8151,118.984
500.217,178.492,192.035,0.407,18.4718,119.038
500.466,145.03,192.035,0.406,18.1483,119.105
500.671,141.427,192.035,0.405,18.1468,119.166
500.917,170.699,192.035,0.401,18.489,119.246
501.166,132.523,192.035,0.399,18.4924,119.32
501.416,147.768,192.035,0.393,18.1514,119.395
501.666,164.292,192.035,0.388,17.8056,119.449
501.916,147.715,192.035,0.382,17.5005,119.532
502.165,172.53,192.035,0.366,17.4844,119.603
502.415,143.936,192.035,0.341,17.4957,119.658
502.667,127.435,192.035,0.331,17.503,119.741
502.916,140.29,192.035,0.325,17.5085,119.788
503.168,139.099,192.035,0.3,17.5027,119.849
503.415,145.336,192.035,0.29,17.4987,119.922
503.665,131.948,192.035,0.278,17.8224,119.972
503.916,187.771,192.035,0.267,17.4986,120.053
504.166,127.903,192.035,0.265,17.2041,120.126
504.416,148.038,192.035,0.272,17.8349,120.175
504.665,136.366,192.035,0.292,18.15,120.247
504.917,146.955,192.035,0.309,18.471,120.294
505.165,128.768,192.035,0.338,18.494,120.359
505.416,155.938,192.035,0.361,18.4811,120.438
505.666,123.771,192.035,0.392,18.8484,120.489
505.915,140.364,192.035,0.406,18.4911,120.575
506.116,124.434,192.035,0.425,18.8495,120.617
506.368,147.067,192.035,0.448,18.8486,120.698
506.615,133.294,192.035,0.455,19.6033,120.769
506.866,139.917,192.035,0.487,19.6018,120.822
507.066,134.53,192.035,0.515,19.6031,120.895
507.315,132.532,192.035,0.535,19.6011,120.944
507.517,148.972,192.035,0.554,19.5945,121.001
507.766,164.694,192.035,0.58,19.22,121.086
508.015,136.185,192.035,0.584,19.214,121.134
508.217,149,192.035,0.596,19.2108,121.187
508.466,124.518,192.035,0.611,19.606,121.222
508.667,129.12,192.035,0.62,19.6027,121.261
508.916,132.415,192.035,0.628,19.5973,121.282
509.165,132.472,192.035,0.627,19.6032,121.285
509.366,144.551,192.035,0.626,19.6027,121.285
509.615,132.262,192.035,0.628,18.8514,121.286
509.817,154.056,192.035,0.628,18.8544,121.287
510.066,184.423,192.535,0.636,19.2183,121.287
510.415,140.291,192.535,0.645,19.2109,121.289
510.616,149.219,192.047,0.643,18.4458,121.291
510.865,140.61,192.047,0.643,18.4556,121.291
511.067,143.869,192.047,0.643,18.4535,121.293
511.317,188.203,192.047,0.642,18.4493,121.294
511.565,152.862,192.047,0.642,18.1056,121.296
511.816,179.687,192.047,0.642,18.1157,121.298
512.065,192.249,192.047,0.645,18.108,121.3
512.266,149.147,192.047,0.644,18.4459,121.301
512.516,188.581,192.047,0.648,18.4458,121.302
512.765,160.226,192.047,0.616,18.116,121.344
513.015,147.943,192.047,0.577,18.1122,121.399
513.265,140.061,192.047,0.539,18.8464,121.439
513.467,158.67,192.047,0.516,18.8465,121.493
513.717,160.12,192.047,0.511,18.8456,121.537
513.966,176.904,192.047,0.517,18.1458,121.621
514.166,119.5,192.047,0.525,18.8506,121.676
514.416,148.41,192.047,0.539,18.8457,121.729
514.617,143.865,192.047,0.565,18.264,121.805
514.865,133.041,192.047,0.528,18.4942,121.86
515.115,131.891,192.047,0.512,18.4909,121.95
515.365,144.011,192.047,0.496,18.8468,122.005
515.616,183.929,192.047,0.47,18.8256,122.075
515.866,179.873,192.047,0.44,18.4859,122.162
516.118,142.881,192.047,0.405,18.1488,122.216
516.366,188.93,192.047,0.369,18.1496,122.294
516.616,136.459,192.047,0.342,18.4935,122.358
516.865,188.269,192.047,0.31,18.8473,122.408
517.115,215.877,192.047,0.291,19.2189,122.484
517.365,147.955,192.047,0.272,18.8453,122.557
517.615,136.099,192.047,0.276,18.4887,122.619
517.819,176.84,192.047,0.28,18.4899,122.666
518.065,162.322,192.047,0.296,18.8466,122.728
518.316,143.77,192.047,0.301,18.8465,122.804
518.565,140.22,192.047,0.304,19.2194,122.847
518.815,151.972,192.047,0.31,18.8586,122.909
519.067,155.229,192.047,0.321,19.218,122.974
519.315,172.845,192.047,0.326,19.2145,123.039
519.565,132.014,192.047,0.33,19.2163,123.129
519.816,151.337,192.047,0.331,19.3316,123.204
520.065,168.647,192.047,0.334,19.6013,123.261
520.317,143.066,192.047,0.336,19.2121,123.347
520.567,136.311,192.047,0.34,19.2193,123.415
520.816,180.65,192.047,0.341,19.2115,123.477
521.066,135.95,192.047,0.341,18.8461,123.566
521.315,136.24,192.047,0.342,18.4859,123.623
521.566,135.419,192.047,0.359,18.4919,123.712
521.815,160.616,192.047,0.376,18.4861,123.773
522.019,181.628,192.047,0.404,18.4885,123.83
522.265,162.445,192.047,0.445,18.1488,123.906
522.515,140.041,192.047,0.446,18.4858,123.976
522.765,144.002,192.047,0.442,17.8185,124.065
523.015,131.974,192.047,0.439,18.8442,124.141
523.265,136.022,192.047,0.426,18.4921,124.197
523.516,147.661,192.047,0.435,18.5551,124.285
523.766,127.78,192.047,0.448,18.4917,124.36
524.015,148.604,192.047,0.463,18.4815,124.416
524.267,127.296,192.047,0.501,18.8386,124.505
524.516,140.631,192.047,0.509,18.8405,124.561
524.766,143.856,192.047,0.51,18.1453,124.65
525.016,135.84,192.047,0.483,18.4889,124.726
525.265,136.384,192.047,0.447,18.8448,124.782
525.516,147.634,192.047,0.43,18.8452,124.868
525.766,140.097,192.047,0.406,18.8462,124.944
526.017,135.586,192.047,0.402,19.2159,124.999
526.266,128.532,192.047,0.404,18.846,125.088
526.516,148.021,192.047,0.404,18.8465,125.144
526.765,168.152,192.047,0.405,18.8453,125.233
527.016,147.759,192.047,0.406,18.8471,125.306
527.266,128.042,192.047,0.409,18.4936,125.359
527.516,135.889,192.047,0.414,18.8458,125.449
527.766,140.134,192.047,0.416,18.8451,125.519
527.967,144.331,192.047,0.419,18.8444,125.578
528.167,124.487,192.047,0.425,18.8486,125.62
528.416,148.859,192.047,0.428,18.4891,125.694
528.665,164.357,192.047,0.435,18.8477,125.783
528.915,147.975,192.047,0.44,18.4931,125.838
529.166,119.481,192.047,0.443,18.1525,125.912
529.416,152.033,192.047,0.444,18.1529,125.987
529.666,120.412,192.047,0.445,18.8497,126.054
529.916,144.037,192.047,0.446,18.8513,126.143
530.166,131.681,192.047,0.446,18.8488,126.217
530.416,144.177,192.047,0.446,18.8501,126.272
530.618,138.75,192.047,0.446,18.8495,126.332
530.865,133.231,192.047,0.446,19.2214,126.395
531.116,143.378,192.047,0.448,19.2187,126.478
531.366,128.346,192.047,0.453,19.6033,126.533
531.616,135.791,192.047,0.461,19.6033,126.621
531.865,132.421,192.047,0.464,19.6068,126.681
532.116,139.849,192.047,0.463,19.2184,126.747
532.366,175.578,192.047,0.462,18.8547,126.817
532.616,128.196,192.047,0.467,18.4971,126.877
532.866,172.019,192.047,0.479,18.4896,126.924
533.117,139.575,192.047,0.496,17.8212,126.975
533.366,132.027,192.047,0.497,17.8215,126.998
533.616,136.196,192.047,0.501,17.8209,127.002
533.866,140.103,192.047,0.508,17.8203,127.003
534.115,144.365,192.047,0.509,17.499,127.004
534.367,131.193,192.047,0.508,17.5016,127.004
534.615,144.893,192.047,0.51,17.5017,127.005
534.866,135.839,192.047,0.511,17.8198,127.005
535.116,139.581,192.047,0.516,18.489,127.006
535.366,136.106,192.047,0.515,18.4956,127.006
535.615,132.466,192.047,0.513,18.8465,127.006
535.866,131.584,192.047,0.516,19.2162,127.007
536.115,144.432,192.047,0.517,19.2162,127.007
536.317,163.891,192.047,0.517,19.2159,127.008
536.566,144.208,192.047,0.518,19.2158,127.008
536.815,140.528,192.047,0.519,19.6006,127.009
537.016,139.605,192.047,0.522,19.6005,127.009
537.265,120.311,192.047,0.522,19.2161,127.01
537.466,154.435,192.047,0.521,19.216,127.01
537.717,135.726,192.047,0.522,19.2154,127.01
537.965,172.921,192.047,0.525,19.208,127.011
538.216,143.53,192.047,0.524,18.8417,127.011
538.465,128.27,192.047,0.526,18.8455,127.011
538.715,140.167,192.047,0.523,18.4904,127.012
538.916,174.233,192.047,0.524,18.4905,127.012
539.166,164.045,192.047,0.528,18.4907,127.013
539.416,159.966,192.047,0.526,18.1486,127.014
539.666,119.903,192.047,0.525,18.1484,127.014
539.916,152.01,192.047,0.524,18.1484,127.014
540.166,128.311,192.531,0.525,18.1483,127.015
540.416,144.02,192.543,0.524,17.8183,127.016
540.666,127.892,192.543,0.526,17.8177,127.016
540.915,148.316,192.543,0.524,17.818,127.017
541.166,135.714,192.543,0.527,17.8183,127.018
541.415,152.217,192.043,0.526,18.1483,127.019
541.616,139.425,192.043,0.525,18.1482,127.02
541.866,139.971,192.047,0.524,18.4928,127.022
542.118,146.738,192.047,0.52,18.4906,127.023
542.366,194.295,192.047,0.513,18.1481,127.025
542.616,159.995,192.047,0.5,18.4906,127.026
542.865,144.144,192.047,0.499,18.1483,127.027
543.116,147.406,192.047,0.496,18.147,127.028
543.367,163.691,192.047,0.496,18.574,127.03
543.616,168.344,192.047,0.49,18.2267,127.032
543.865,140.603,192.047,0.489,18.2276,127.033
544.115,147.935,192.047,0.49,19.3022,127.034
544.317,148.742,192.047,0.491,17.8028,127.036
544.565,124.777,192.047,0.489,17.8058,127.037
544.815,155.966,192.047,0.492,18.4771,127.038
545.016,189.151,192.047,0.489,18.1375,127.038
545.265,140.608,192.047,0.488,18.1345,127.039
545.466,229.219,192.047,0.486,18.8316,127.039
545.716,151.945,192.047,0.493,18.4767,127.04
545.966,140.184,192.047,0.49,18.3936,127.04
546.167,124.492,192.047,0.487,19.1227,127.04
546.417,163.413,192.047,0.492,18.7469,127.041
546.668,143.403,192.047,0.493,18.0593,127.041
546.915,174.228,192.047,0.492,18.845,127.042
547.117,143.828,192.047,0.494,18.492,127.042
547.318,168.943,192.047,0.493,18.1478,127.042
547.566,145.395,192.047,0.497,17.4999,127.043
547.816,140.146,192.047,0.498,18.4913,127.043
548.017,144.09,192.047,0.496,18.1493,127.043
548.218,139.245,192.047,0.5,18.6882,127.044
548.465,181.855,192.047,0.498,18.8468,127.044
548.666,124.649,192.047,0.498,18.1496,127.044
548.915,152.362,192.047,0.5,18.8465,127.045
549.118,138.36,192.047,0.504,18.1483,127.045
549.367,140.645,192.047,0.501,18.1479,127.046
549.616,200.359,192.047,0.503,18.1157,127.047
549.866,136.22,192.047,0.499,18.8471,127.047
550.116,151.955,192.047,0.505,18.8457,127.048
550.317,154.256,192.047,0.51,18.1485,127.049
550.565,136.668,192.047,0.513,18.148,127.05
550.815,152.114,192.047,0.519,18.1501,127.052
551.016,154.396,192.047,0.522,17.8201,127.053
551.266,151.764,192.047,0.522,17.8576,127.055
551.516,148.257,192.047,0.526,18.4914,127.056
551.765,144.421,192.047,0.525,18.147,127.057
551.966,164.429,192.047,0.527,17.8322,127.058
552.216,152.123,192.047,0.529,18.6003,127.059
552.467,159.516,192.047,0.521,18.1478,127.083
552.716,148.525,192.047,0.461,18.846,127.15
552.967,139.144,192.047,0.426,18.8457,127.192
553.217,160.124,192.047,0.382,19.2165,127.264
553.466,172.807,192.047,0.36,19.5959,127.335
553.716,148.155,192.047,0.356,18.8477,127.389
553.965,136.144,192.047,0.341,18.1485,127.461
554.168,147.709,192.047,0.351,18.4913,127.499
554.415,178.155,192.047,0.364,18.0572,127.557
554.666,119.643,192.047,0.36,18.7599,127.598
554.867,154.018,192.047,0.356,18.4084,127.639
555.116,173.263,192.047,0.35,18.0712,127.723
555.366,143.886,192.047,0.322,17.7406,127.778
555.615,144.238,192.047,0.345,18.4072,127.853
555.866,135.898,192.047,0.35,18.067,127.923
556.115,136.128,192.047,0.358,18.0703,127.993
556.317,163.987,192.047,0.362,18.408,128.063
556.568,127.347,192.047,0.365,18.4061,128.114
556.816,149.153,192.047,0.367,18.4037,128.202
557.017,134.545,192.047,0.367,18.4675,128.243
557.265,132.687,192.047,0.371,18.4897,128.317
557.516,151.627,192.047,0.378,18.8234,128.396
557.766,144.064,192.047,0.384,19.2146,128.451
558.015,144.283,192.047,0.396,19.2322,128.534
558.265,123.957,192.047,0.412,19.2172,128.609
558.515,156.055,192.047,0.421,19.2073,128.661
558.718,133.431,192.047,0.432,19.2186,128.72
558.965,177.67,192.047,0.448,18.8058,128.791
559.216,175.231,192.047,0.464,18.4951,128.862
559.466,136.39,192.047,0.447,18.4912,128.945
559.715,144.225,192.047,0.415,18.4906,129.001
559.918,162.902,192.047,0.393,18.1487,129.06
560.166,149.145,192.047,0.359,18.1559,129.13
560.415,152.402,192.047,0.329,17.819,129.213
560.617,133.62,192.047,0.319,17.8226,129.251
560.866,136.875,192.047,0.297,17.5017,129.316
561.117,147.38,192.047,0.289,17.5001,129.393
561.365,136.834,192.047,0.284,17.4961,129.443
561.569,191.025,192.047,0.283,17.1937,129.495
561.819,168.578,192.047,0.291,17.5015,129.558
562.065,166.154,192.047,0.296,17.8146,129.62
562.315,160.034,192.047,0.305,17.8218,129.687
562.566,143.364,192.047,0.311,17.4999,129.73
562.815,148.574,192.047,0.316,17.894,129.79
563.066,171.433,192.047,0.318,17.8193,129.866
563.315,144.571,192.047,0.323,17.5074,129.915
563.516,159.555,192.047,0.336,17.8175,129.988
563.766,136.092,192.047,0.36,17.8249,130.04
564.019,201.679,192.047,0.385,17.8177,130.098
564.265,166.059,192.047,0.39,17.4959,130.171
564.515,160.08,192.047,0.397,17.5529,130.224
564.716,154.202,192.047,0.396,17.4941,130.285
564.965,156.589,192.047,0.396,17.1925,130.348
565.216,151.8,192.047,0.396,17.1969,130.426
565.466,139.957,192.047,0.399,17.1933,130.496
565.715,132.289,192.047,0.412,16.8939,130.553
565.917,133.571,192.047,0.425,16.8968,130.625
566.169,131.398,192.047,0.452,17.1911,130.681
566.418,152.412,192.047,0.489,17.2085,130.756
566.665,173.795,192.047,0.524,16.8549,130.827
566.915,148.007,192.047,0.575,17.1945,130.901
567.167,123.258,192.047,0.573,17.5081,130.989
567.416,156.261,192.047,0.578,17.5028,131.064
567.667,123.754,192.047,0.583,18.1521,131.129
567.915,152.892,192.047,0.59,18.4915,131.188
568.166,119.935,192.047,0.59,18.1509,131.256
568.416,155.512,192.047,0.59,18.1541,131.34
568.666,116.084,192.531,0.592,18.4955,131.414
568.915,156.463,192.539,0.595,18.1519,131.466
569.167,151.219,192.539,0.596,17.5056,131.553
569.415,144.818,192.539,0.597,17.8703,131.606
569.616,144.426,192.539,0.597,17.5028,131.679
569.867,127.652,192.039,0.595,17.501,131.736
570.115,132.798,192.039,0.588,17.5034,131.807
570.316,144.563,192.039,0.583,17.5107,131.863
570.566,128.116,192.039,0.579,17.504,131.935
570.816,151.795,192.039,0.511,17.8184,132.018
571.066,120.236,192.039,0.459,18.1516,132.073
571.267,138.688,192.039,0.419,18.1516,132.115
571.517,148.491,192.039,0.368,18.4926,132.16
571.766,124.428,192.039,0.335,19.2175,132.188
572.015,144.174,192.039,0.329,19.2153,132.199
572.217,134.054,192.039,0.329,19.6021,132.199
572.466,132.455,192.039,0.328,20.0084,132.2
572.716,152.171,192.039,0.327,20.0023,132.202
572.965,140.199,192.039,0.325,20.0054,132.202
573.216,179.85,192.039,0.32,19.5981,132.204
573.467,138.976,192.039,0.318,19.6011,132.206
573.716,153.138,192.039,0.318,19.2171,132.207
573.918,148.409,192.039,0.316,19.2132,132.208
574.167,132.249,192.039,0.304,19.216,132.21
574.416,152.882,192.039,0.299,19.219,132.212
574.667,171.075,192.039,0.296,19.217,132.213
574.918,179.459,192.039,0.294,18.488,132.215
575.167,144.592,192.039,0.287,18.1487,132.216
575.416,168.37,192.039,0.288,18.1482,132.217
