time,cpu,memory,obstacle_distance,cmd_vel_frequency,distance_travelled
0.217265,0,172.195,0.25,0,2.02762e-05
0.42052,157.437,172.23,0.251,15.1744,5.50379e-05
0.6687,185.35,172.234,0.278,15.5747,0.0520641
0.916864,209.539,172.234,0.369,16.6561,0.125081
1.16701,191.887,172.945,0.434,15.9501,0.203306
1.41683,144.105,172.945,0.456,16.8307,0.274713
1.61737,179.518,172.945,0.458,17.1714,0.335753
1.86781,155.725,172.949,0.457,17.5747,0.407684
2.11689,172.635,173.531,0.458,17.3884,0.474656
2.36681,192.059,173.562,0.457,16.8354,0.553607
2.56768,184.204,173.562,0.457,16.9727,0.595149
2.81685,216.716,173.574,0.457,16.4845,0.683665
3.01864,208.14,173.578,0.457,16.0133,0.745971
3.26711,165.01,174.156,0.46,15.6687,0.817279
3.51683,200.218,174.156,0.466,15.2921,0.893428
3.71916,153.22,174.156,0.468,15.3126,0.934629
3.96683,165.54,174.168,0.468,15.077,1.02386
4.21681,156.011,174.754,0.469,15.5542,1.08521
4.46703,175.852,174.762,0.469,15.5726,1.15613
4.71706,155.976,174.766,0.464,15.0751,1.2463
4.9668,144.151,174.766,0.449,14.87,1.3165
5.21715,155.786,175.344,0.455,14.8475,1.38643
5.46833,151.281,175.348,0.459,15.0746,1.46405
5.71675,165.046,175.348,0.405,15.4994,1.53416
5.92384,169.005,175.348,0.373,15.5536,1.58141
6.1668,172.873,175.348,0.348,16.3537,1.66759
6.41687,171.952,175.922,0.328,16.0722,1.74279
6.61935,182.726,175.922,0.323,16.6079,1.78588
6.86696,173.666,175.922,0.32,16.0101,1.87533
7.11685,156.064,175.922,0.319,16.3325,1.94854
7.36702,143.903,176.496,0.318,16.3344,2.01762
7.61682,144.118,176.496,0.318,16.067,2.08622
7.86681,128.001,176.496,0.319,16.0671,2.16204
8.07002,172.235,176.504,0.32,16.3332,2.21939
8.3169,157.973,176.891,0.324,16.0659,2.29515
8.56683,132.04,176.891,0.326,16.3348,2.36388
8.81682,192.004,176.891,0.327,16.0624,2.43713
9.0669,127.958,176.891,0.316,15.891,2.50642
9.31697,147.958,177.465,0.299,16.6187,2.558
9.56682,140.086,177.465,0.319,16.9701,2.61044
9.8168,140.014,177.465,0.357,17.5033,2.66781
10.0668,183.973,177.465,0.368,17.1935,2.73618
10.3178,147.435,178.008,0.366,17.5016,2.80459
10.5668,128.511,178.008,0.371,17.8208,2.85841
10.8168,147.99,178.008,0.379,17.5012,2.9146
11.0668,184.009,178.008,0.382,17.5007,2.97528
11.3169,147.961,178.008,0.385,17.5007,3.02894
11.5668,152.033,178.492,0.386,18.147,3.0841
11.8168,148.009,178.492,0.371,18.4889,3.13765
12.0669,127.964,178.492,0.37,18.1447,3.20748
12.3169,135.989,178.492,0.369,17.8147,3.28289
12.5669,188.006,179.039,0.369,17.5333,3.34502
12.7692,168.035,179.039,0.369,17.8497,3.39396
13.0175,205.392,179.039,0.372,17.4629,3.45344
13.2669,132.352,179.039,0.377,17.4991,3.52104
13.517,143.89,179.586,0.345,17.807,3.58628
13.7669,136.105,179.586,0.327,18.1443,3.65018
14.0168,144.031,179.586,0.319,18.147,3.71878
14.2668,131.985,179.586,0.318,18.1457,3.78784
14.5178,179.282,180.125,0.312,18.1474,3.85192
14.7669,148.581,180.125,0.292,17.8196,3.9167
15.0169,143.989,180.125,0.279,18.1489,3.97729
15.2669,171.993,180.125,0.279,18.1411,4.04255
15.5169,155.999,180.664,0.28,17.8182,4.11764
15.7668,124.047,180.664,0.286,18.493,4.18255
16.0167,144.05,180.664,0.289,18.1492,4.25576
16.2668,123.954,180.664,0.29,18.1496,4.33056
16.517,147.853,181.156,0.291,18.1509,4.38797
16.7669,168.129,181.195,0.303,17.5028,4.44683
17.0168,144.026,181.195,0.321,17.5026,4.51282
17.2669,139.939,181.195,0.306,17.1941,4.58096
17.5168,144.043,181.727,0.291,17.8192,4.65674
17.7668,132.004,181.227,0.29,17.8195,4.72219
18.0169,147.967,181.23,0.298,17.5313,4.78051
18.2668,132.051,181.23,0.304,18.1535,4.84406
18.5169,147.958,181.762,0.32,18.4929,4.90229
18.7668,180.034,181.762,0.336,18.1504,4.95765
19.0172,139.806,181.762,0.338,18.1466,5.00788
19.2668,136.206,181.762,0.333,17.8196,5.06479
19.5191,158.556,182.301,0.333,17.8181,5.12328
19.7668,133.216,182.301,0.331,18.1488,5.18109
20.0171,139.803,182.301,0.317,18.1503,5.24965
20.2668,128.179,182.301,0.313,18.1491,5.32491
20.5169,191.925,182.301,0.328,18.491,5.38623
20.7178,154.321,182.816,0.334,18.4926,5.43659
20.967,160.506,182.816,0.35,18.494,5.49598
21.2168,144.125,182.816,0.38,18.4904,5.56261
21.4668,123.979,182.816,0.407,18.848,5.63584
21.7169,147.955,183.316,0.456,18.8502,5.70604
21.9668,128.052,183.316,0.487,19.5997,5.77793
22.2169,127.95,183.328,0.54,19.6043,5.8403
22.4669,139.99,183.328,0.593,19.2163,5.91425
22.7174,135.748,183.789,0.654,18.488,5.98592
22.9668,128.281,183.789,0.702,18.4901,6.0573
23.2168,144.01,183.789,0.764,18.4913,6.1223
23.4668,123.995,183.789,0.766,18.5406,6.19359
23.7169,147.941,184.125,0.688,18.4918,6.26509
23.9668,124.044,184.125,0.636,18.1478,6.33998
24.2169,131.971,184.125,0.556,18.149,6.40762
24.4669,136.001,184.188,0.503,18.1484,6.4787
24.7169,136.006,184.707,0.426,17.8193,6.54986
24.9667,136.056,184.707,0.377,17.8226,6.62267
25.1674,154.533,184.707,0.33,18.1451,6.67774
25.4168,188.391,184.707,0.277,18.4768,6.7483
25.6669,143.979,185.223,0.24,18.1482,6.82407
25.9168,128.013,185.223,0.211,17.818,6.90032
26.1194,177.748,185.223,0.213,17.8263,6.95375
26.3668,157.638,185.227,0.22,17.5001,7.02151
26.6168,144.002,185.227,0.235,17.8176,7.09783
26.8669,127.956,185.746,0.248,17.8182,7.15955
27.1169,127.997,185.746,0.279,17.8188,7.23223
27.3192,168.07,185.746,0.289,17.8175,7.28951
27.5668,153.422,185.746,0.3,17.8179,7.3659
27.8168,140.044,186.199,0.339,17.8192,7.43883
28.0668,127.96,186.199,0.36,17.5481,7.50161
28.3168,132.044,186.199,0.41,17.8192,7.57628
28.5675,135.62,186.199,0.444,17.8201,7.64531
28.8168,128.318,186.395,0.482,17.5011,7.71648
29.067,127.914,186.395,0.524,17.8178,7.79092
29.3169,148.096,186.43,0.577,17.8208,7.85385
29.567,135.909,186.43,0.6,17.8227,7.92851
29.8168,136.134,186.941,0.647,18.1499,7.99777
30.0669,123.943,186.941,0.674,18.1517,8.06208
30.317,139.957,186.941,0.729,18.4909,8.13352
30.5189,128.785,186.941,0.775,18.8486,8.19181
30.7669,124.972,186.941,0.805,18.491,8.26787
30.9681,203.749,187.289,0.842,18.8443,8.32509
31.2168,136.722,187.289,0.899,18.1509,8.39701
31.4671,127.874,187.289,0.952,18.4945,8.47198
31.7169,136.111,187.289,0.984,18.4933,8.54343
31.967,123.939,187.289,1.031,18.1503,8.61999
32.1677,129.521,187.289,1.051,18.1546,8.67564
32.4168,144.541,187.289,1.098,18.1515,8.74541
32.6668,132.009,187.289,0.883,17.8261,8.80804
32.9169,127.943,187.789,0.822,17.8259,8.86376
33.1668,128.056,187.789,0.752,17.8209,8.9146
33.4168,131.961,187.789,0.729,18.1507,8.9583
33.6668,132.01,187.863,0.693,18.7249,8.98536
33.917,135.885,187.863,0.688,18.6619,8.98642
34.1668,136.129,187.863,0.688,19.0248,8.98707
34.4182,171.063,187.863,0.688,18.663,8.98803
34.6668,164.904,187.934,0.7,18.6631,8.98908
34.9169,143.932,187.934,0.96,18.6648,8.98997
35.1668,144.043,187.934,0.687,18.3137,8.99159
35.4169,147.99,187.934,0.692,18.6622,8.99308
35.6671,147.87,188.004,0.686,18.3129,8.99447
35.9169,200.14,188.004,0.677,17.9575,8.99565
36.1668,144.062,188.004,0.673,17.6529,8.99729
36.4169,191.957,188.004,0.665,16.7102,8.99889
36.6686,166.855,188.074,0.659,16.8965,9.00053
36.9168,169.165,188.074,0.663,16.8955,9.00137
37.1668,156.015,188.074,0.665,16.8986,9.02371
37.4168,148.003,188.074,0.695,16.8964,9.07642
37.6669,147.982,188.148,0.754,16.8961,9.13287
37.9168,148.001,188.148,0.806,16.6088,9.19392
38.1668,148.009,188.148,0.877,16.8966,9.26118
38.4181,159.174,188.148,0.944,16.8953,9.33322
38.667,160.757,188.223,1.024,16.8962,9.4072
38.9169,144.057,188.223,1.088,17.192,9.4698
39.1668,148.02,188.223,1.111,16.8946,9.54437
39.4168,135.995,188.223,1.084,17.1923,9.61128
39.6669,135.978,188.223,1.041,17.5013,9.68768
39.9169,144.01,188.293,1.008,17.8183,9.7609
40.1677,159.437,188.293,0.983,17.8186,9.82763
40.4168,160.584,188.293,0.946,17.8183,9.90014
40.6668,136.001,188.293,0.905,18.149,9.96872
40.9169,135.978,188.367,0.88,18.4917,10.0445
41.1668,192.022,188.367,0.83,18.1484,10.1133
41.4168,147.997,188.367,0.806,18.4899,10.1753
41.6668,136.026,188.367,0.771,18.8468,10.2424
41.8675,159.411,188.496,0.764,19.21,10.2995
42.1168,172.477,188.496,0.736,19.1755,10.3589
42.3668,144.013,188.496,0.702,18.8465,10.4277
42.6171,155.845,188.496,0.679,18.8457,10.4994
42.8187,188.497,188.543,0.649,18.4524,10.5601
43.0669,165.191,188.543,0.61,18.4905,10.6341
43.3177,151.507,188.543,0.596,18.1432,10.7058
43.5668,172.578,188.543,0.58,17.8178,10.782
43.8168,136,188.59,0.563,17.8177,10.8534
44.0178,139.348,188.59,0.54,17.8133,10.9141
44.2668,180.668,188.59,0.509,17.5003,10.9888
44.5169,139.965,188.59,0.505,17.4985,11.0602
44.7668,132.045,188.59,0.5,17.1982,11.1342
45.017,195.895,188.637,0.502,17.1629,11.2006
45.2668,132.066,188.637,0.518,17.1865,11.2711
45.5168,151.992,188.637,0.533,17.1864,11.3375
45.7668,176.022,188.637,0.57,17.5003,11.4045
46.0168,143.997,188.684,0.608,17.8143,11.4751
46.267,143.92,188.684,0.663,17.8065,11.5471
46.5168,136.064,188.684,0.698,17.8135,11.6142
46.7199,152.666,188.684,0.751,17.8134,11.6774
46.9668,178.175,189.16,0.692,17.188,11.7436
47.1686,173.518,189.16,0.666,17.1871,11.7917
47.4168,161.118,189.16,0.627,16.8921,11.8548
47.6668,148.008,189.16,0.577,16.6052,11.9279
47.9169,131.969,189.25,0.549,16.6341,12.0018
48.1668,144.024,189.25,0.511,16.8986,12.0698
48.4168,139.995,189.25,0.474,16.8999,12.1401
48.667,151.869,189.25,0.434,17.2194,12.2103
48.9169,168.098,189.297,0.395,17.1989,12.2842
49.1668,140.054,189.297,0.359,17.1953,12.3595
49.4168,132,189.297,0.327,17.5022,12.429
49.6668,143.999,189.297,0.303,18.1515,12.5004
49.9169,135.977,189.297,0.302,18.8623,12.5676
50.1681,147.29,189.41,0.305,19.6053,12.6259
50.4168,241.199,189.41,0.307,19.1818,12.6869
50.6668,155.997,189.41,0.312,18.8547,12.7441
50.9169,143.977,188.918,0.317,18.8501,12.7986
51.1669,144.003,189.016,0.327,18.8495,12.8548
51.4168,140.007,189.016,0.328,18.9348,12.9115
51.6669,143.981,189.016,0.322,18.4944,12.973
51.9169,136.012,189.016,0.332,18.8471,13.0375
52.1668,148.028,189.051,0.346,18.8426,13.0983
52.4195,185.987,189.051,0.348,18.8479,13.1608
52.6668,190.045,189.051,0.346,18.8477,13.2182
52.917,143.926,189.051,0.344,18.1499,13.2821
53.1668,140.057,189.098,0.344,18.4878,13.3451
53.4168,188.032,189.098,0.344,18.1322,13.3999
53.6668,144.007,189.098,0.345,18.1456,13.4557
53.9169,139.964,189.098,0.317,17.8197,13.512
54.1668,156.042,189.133,0.304,17.8192,13.5701
54.4168,131.981,189.133,0.31,18.1484,13.6409
54.6668,139.997,189.133,0.32,18.1489,13.7132
54.9182,151.193,189.133,0.329,18.1517,13.7805
55.1669,176.892,189.191,0.359,17.7637,13.8501
55.4168,132.058,189.191,0.364,17.8367,13.9184
55.6668,132,189.191,0.373,18.1415,13.9885
55.9168,135.972,189.191,0.379,18.492,14.0582
56.1701,154.007,189.25,0.386,18.845,14.123
56.4169,170.192,189.25,0.392,18.492,14.1915
56.6668,132.02,189.25,0.406,18.4831,14.2637
56.9169,131.981,188.734,0.393,18.4899,14.3274
57.1668,148.036,188.793,0.392,18.1496,14.401
57.4168,127.995,188.793,0.388,18.1485,14.4723
57.6668,143.995,188.793,0.385,18.1502,14.5433
57.9169,131.98,188.793,0.384,18.4905,14.6164
58.1182,163.917,188.793,0.382,18.4899,14.6735
58.3668,172.943,188.848,0.376,17.8177,14.7502
58.6168,132.007,188.848,0.373,17.8181,14.8197
58.8668,143.99,188.852,0.371,17.8183,14.891
59.1169,131.982,188.855,0.37,18.1494,14.9673
59.3668,192.041,188.887,0.369,18.062,15.0382
59.6168,127.99,188.887,0.369,17.8228,15.109
59.8668,128,188.887,0.367,18.1475,15.1767
60.1168,147.994,188.887,0.362,17.8212,15.2495
60.3668,131.997,188.949,0.342,17.1788,15.3164
60.6168,140.025,188.949,0.342,17.1926,15.3832
60.8681,147.226,188.949,0.342,17.1912,15.4559
61.1168,156.791,188.949,0.343,17.2302,15.5257
61.3668,192.028,188.98,0.342,17.5007,15.5927
61.6168,132.007,188.98,0.342,17.1931,15.6692
61.8668,139.996,188.98,0.342,17.1935,15.738
62.1169,135.972,188.98,0.342,17.5202,15.8106
62.3668,152.037,188.98,0.342,17.8176,15.8808
62.6182,143.213,188.98,0.342,17.8173,15.9468
62.8668,160.879,188.98,0.328,18.1469,16.0214
63.1168,135.979,188.98,0.328,18.8471,16.0921
63.3668,148.026,188.98,0.323,18.8414,16.1521
63.6168,135.988,188.98,0.321,18.5043,16.2275
63.8669,175.964,188.98,0.319,18.838,16.2962
64.1202,181.614,188.98,0.319,18.8896,16.3688
64.3669,137.814,189.141,0.318,18.4893,16.4396
64.6168,140.036,189.141,0.318,18.4864,16.5055
64.8668,131.997,189.141,0.318,17.8159,16.5812
65.1168,131.984,189.141,0.318,17.8167,16.6575
65.3668,156.013,189.141,0.318,17.4982,16.7274
65.6168,168.015,189.141,0.318,17.1809,16.8008
65.8668,139.995,189.141,0.314,17.1923,16.8674
66.1169,131.953,189.141,0.309,17.194,16.9398
66.3668,144.057,189.227,0.285,17.5009,17.015
66.6168,131.982,189.227,0.288,17.5052,17.0816
66.867,135.907,189.227,0.286,17.8186,17.1509
67.1169,192.11,189.227,0.281,17.7639,17.2252
67.3668,136.029,189.227,0.279,18.4932,17.2937
67.6169,139.964,189.227,0.278,18.4935,17.359
67.8668,148.038,189.227,0.275,18.848,17.4172
68.1168,131.976,189.227,0.284,18.4956,17.4823
68.3668,144.027,189.227,0.289,18.4915,17.5455
68.617,139.86,189.227,0.299,18.8437,17.6027
68.8668,184.187,189.227,0.324,18.4853,17.6577
69.0689,192.979,189.227,0.333,18.4917,17.7003
69.3169,177.424,189.227,0.353,17.6705,17.7556
69.5669,156.003,189.227,0.37,17.4979,17.8115
69.7708,171.639,189.227,0.383,17.5039,17.853
70.0168,158.517,189.227,0.389,17.502,17.9097
70.2668,132.003,189.227,0.393,17.5015,17.9691
70.5169,155.975,189.227,0.392,17.1936,18.0389
70.7669,123.996,189.227,0.369,17.5003,18.1131
71.017,131.94,189.227,0.369,17.4997,18.1679
71.2668,152.103,189.227,0.369,17.4995,18.2221
71.5168,139.98,189.227,0.369,17.8437,18.2911
71.7669,135.973,189.227,0.379,18.1479,18.3598
72.0168,128.038,189.227,0.384,18.3056,18.426
72.2214,200.451,189.227,0.395,18.1477,18.4773
72.4668,134.445,189.227,0.401,18.1484,18.5499
72.7168,131.985,189.227,0.403,18.485,18.6243
72.9668,140.017,189.227,0.404,18.1507,18.6909
73.2168,131.983,189.227,0.405,18.4899,18.7631
73.4668,180.037,189.227,0.41,18.4941,18.8342
73.7168,135.973,189.617,0.414,17.8183,18.9077
73.9177,144.417,189.617,0.417,18.1495,18.9656
74.1668,172.569,189.617,0.421,18.1549,19.032
74.4168,168.008,189.617,0.421,18.1258,19.106
74.6668,147.985,189.617,0.421,18.4893,19.1755
74.9169,127.991,189.617,0.42,18.5156,19.2426
75.1176,174.342,189.617,0.42,18.4902,19.2976
75.3668,188.603,189.617,0.42,18.1536,19.3663
75.6168,135.996,189.617,0.422,18.4911,19.4382
75.8668,135.989,189.617,0.429,18.4889,19.5045
76.1168,131.996,189.617,0.43,18.5102,19.5762
76.3668,144.025,189.617,0.425,18.8455,19.6483
76.6168,131.978,189.617,0.423,18.8459,19.7193
76.8668,132.01,189.617,0.421,18.8431,19.7938
77.1169,175.962,189.617,0.42,18.8701,19.8657
77.3668,136.037,189.617,0.42,18.8474,19.9302
77.6168,143.984,189.617,0.418,18.49,20.0036
77.8668,136.007,189.617,0.409,18.9114,20.0695
78.1169,131.977,189.617,0.37,18.8444,20.1404
78.3668,136.039,189.617,0.321,18.4942,20.2071
78.6168,139.982,189.617,0.306,18.8445,20.2671
78.8668,135.999,189.617,0.276,18.8455,20.3401
79.1169,123.99,189.617,0.277,18.8461,20.4049
79.3669,151.998,189.617,0.279,18.4892,20.466
79.6168,128.02,189.617,0.278,18.1487,20.5348
79.8668,128.01,190.109,0.281,18.5058,20.6051
80.1169,147.949,190.109,0.287,18.1485,20.676
80.3668,180.048,190.109,0.299,18.143,20.7503
80.618,135.334,190.109,0.311,18.1487,20.8161
80.8668,132.659,189.621,0.323,18.1464,20.8867
81.1169,139.971,189.621,0.327,18.491,20.9608
81.3668,128.01,189.621,0.333,18.1502,21.0212
81.6169,143.98,189.621,0.346,17.8192,21.0849
81.8671,139.856,189.621,0.362,18.1423,21.1544
82.1169,128.127,189.621,0.392,18.1509,21.2206
82.3668,144.045,189.621,0.413,18.1481,21.2777
82.617,139.869,189.621,0.423,18.4866,21.3383
82.8668,140.112,189.621,0.457,18.1515,21.413
83.1169,127.968,189.621,0.5,18.4934,21.4826
83.3668,148.052,189.621,0.488,18.4944,21.538
83.6169,135.977,189.621,0.491,18.4943,21.6039
83.8668,136.024,189.621,0.495,18.8494,21.6745
84.1169,131.968,189.621,0.5,18.1516,21.7438
84.3668,132.034,189.625,0.506,18.4936,21.8063
84.6168,131.985,189.625,0.508,18.494,21.8702
84.8668,140.011,189.625,0.5,18.1497,21.9462
85.1169,131.98,189.625,0.489,18.4944,22.0177
85.3668,136.005,189.625,0.475,18.8495,22.0815
85.6169,127.985,189.625,0.473,18.8501,22.1555
85.8668,136.025,189.625,0.472,18.8495,22.2281
86.1169,127.981,189.625,0.471,18.85,22.304
86.3668,136.027,189.625,0.466,18.8506,22.3688
86.6169,135.98,189.625,0.463,19.6027,22.4209
86.8668,128.025,189.625,0.461,19.2185,22.4694
87.1169,127.971,189.625,0.46,19.2186,22.5102
87.3669,136,189.633,0.46,19.221,22.5346
87.6168,132.006,189.633,0.461,19.2179,22.5368
87.869,154.656,189.633,0.459,19.2182,22.5381
88.1197,199.493,189.633,0.459,18.849,22.5388
88.3668,141.618,189.656,0.458,18.1515,22.5401
88.6168,143.98,189.656,0.453,18.1496,22.5415
88.8668,144.003,189.656,0.452,18.1483,22.5435
89.1169,139.983,189.656,0.451,18.1476,22.5451
89.3668,148.01,189.656,0.45,17.8176,22.5468
89.6168,135.998,189.691,0.446,18.8431,22.5488
89.8675,139.61,189.691,0.449,18.4832,22.5506
90.1168,148.423,189.707,0.45,18.1405,22.5522
90.3174,144.588,189.707,0.45,18.1408,22.5534
90.5669,140.3,189.707,0.45,17.8107,22.555
90.8168,156.019,189.719,0.453,17.8071,22.5574
91.0668,200.001,189.719,0.453,18.139,22.5632
91.317,143.901,189.719,0.462,18.1399,22.6124
91.5671,183.956,189.719,0.477,17.7943,22.6676
91.8168,144.145,189.77,0.492,17.4884,22.7252
92.0675,147.572,189.77,0.492,17.4929,22.7995
92.3169,168.458,189.77,0.489,17.1844,22.8706
92.5669,144.003,189.77,0.482,16.0614,22.9444
92.8168,136.003,189.777,0.479,16.8958,23.0198
93.0668,144.004,189.777,0.477,17.193,23.0906
93.3168,132.002,189.777,0.478,17.1929,23.1669
93.5668,132,189.777,0.476,17.5063,23.2433
93.8169,147.962,189.816,0.474,17.5005,23.3126
94.0669,128.017,189.816,0.474,17.5009,23.3862
94.3169,147.968,189.816,0.474,18.147,23.464
94.5668,132.046,189.816,0.471,18.1484,23.5359
94.8169,143.984,189.816,0.465,18.1477,23.6094
95.0175,144.524,189.816,0.462,18.8464,23.6631
95.2668,128.361,189.816,0.433,18.4897,23.7378
95.5169,151.974,189.816,0.386,18.4962,23.8099
95.7668,128.019,189.816,0.365,18.1477,23.8848
96.0169,139.969,189.816,0.343,18.1478,23.959
96.2668,136.016,189.816,0.332,18.1483,24.0258
96.5169,139.975,189.816,0.332,17.818,24.103
96.7668,144.056,189.891,0.328,17.8169,24.174
97.0168,135.988,189.891,0.325,17.819,24.2409
97.2668,140.009,189.891,0.323,17.5002,24.3134
97.5169,183.934,189.891,0.323,17.174,24.3889
97.7668,128.035,189.891,0.322,17.5,24.4609
98.017,187.875,189.891,0.323,17.4483,24.5357
98.2668,172.109,189.891,0.323,17.4831,24.6036
98.5169,151.971,189.891,0.31,17.5003,24.6772
98.7668,124.028,189.891,0.299,17.1958,24.7431
99.018,151.29,189.891,0.317,17.5,24.8039
99.2668,140.675,189.891,0.336,17.4996,24.8696
99.5169,139.96,189.891,0.382,17.5002,24.9345
99.7668,140.025,189.891,0.422,17.4998,25.0105
100.017,136.004,189.891,0.456,17.815,25.0802
100.268,151.463,189.891,0.468,18.1686,25.1435
100.517,204.703,189.891,0.456,17.4756,25.2184
100.767,140.022,189.891,0.453,16.8949,25.2941
101.017,139.968,189.891,0.446,17.1889,25.3637
101.267,127.995,189.891,0.437,17.1927,25.4368
101.517,148.008,189.891,0.434,17.1924,25.5077
101.767,128.019,189.891,0.428,17.5033,25.583
102.017,192.003,189.891,0.421,17.4995,25.6596
102.267,132.002,189.891,0.42,17.4991,25.7288
102.517,139.641,189.891,0.412,17.4972,25.8004
102.767,132.224,189.891,0.408,17.4995,25.8717
102.968,169.556,189.891,0.407,17.4982,25.9283
103.217,160.457,189.891,0.4,17.2049,26.003
103.467,131.984,189.891,0.396,18.1479,26.0725
103.717,148.01,189.891,0.393,18.1501,26.1449
103.967,136.03,189.957,0.39,18.4878,26.2202
104.217,139.95,189.957,0.383,18.4876,26.2902
104.467,144.033,189.957,0.377,18.14,26.3604
104.72,158.092,189.957,0.371,18.5338,26.4307
104.967,161.981,189.957,0.37,17.8162,26.5072
105.217,179.986,189.957,0.369,17.4493,26.5804
105.467,128.008,189.957,0.369,17.4995,26.6461
105.717,147.986,189.957,0.365,17.1925,26.7239
105.967,128.015,189.957,0.361,17.548,26.7955
106.217,151.96,189.957,0.357,17.1888,26.8695
106.467,128.027,189.957,0.355,16.8975,26.9394
106.717,143.967,189.957,0.348,16.8968,27.0087
106.967,128.036,189.957,0.345,16.8982,27.084
107.217,143.995,189.957,0.344,16.6115,27.1519
107.418,198.499,189.957,0.343,16.9032,27.1998
107.667,144.878,189.957,0.336,17.3561,27.2584
107.917,139.957,189.957,0.332,17.195,27.319
108.167,180.029,189.957,0.33,17.4707,27.3803
108.417,187.997,189.957,0.325,17.1748,27.4388
108.667,144.022,189.957,0.325,17.1945,27.4909
108.917,143.975,189.957,0.325,17.5015,27.5487
109.167,136.022,189.957,0.328,17.5015,27.604
109.417,151.999,189.957,0.332,17.501,27.6562
109.667,143.998,189.957,0.331,17.5017,27.7143
109.917,155.851,189.957,0.313,17.5018,27.7686
110.167,224.221,190.469,0.322,16.8597,27.8311
110.417,131.998,190.469,0.315,16.6435,27.9045
110.668,175.431,190.469,0.318,16.8976,27.9642
110.917,152.466,190.469,0.306,16.8981,28.0272
111.167,148.031,190.469,0.306,16.9429,28.0882
111.417,131.964,190.469,0.294,17.1907,28.1521
111.667,132.037,190.469,0.317,17.5,28.2193
111.917,135.984,190.469,0.329,17.5,28.2778
112.167,148.016,190.469,0.335,17.5002,28.3441
112.417,167.948,190.469,0.339,17.1633,28.416
112.667,140.022,190.469,0.34,17.1933,28.4812
112.917,164.003,190.469,0.342,17.7934,28.5524
113.167,140.019,190.469,0.348,17.8182,28.6274
113.417,139.975,190.469,0.359,18.1484,28.6877
113.667,136.027,190.469,0.363,17.8176,28.7575
113.917,135.963,190.469,0.366,17.8173,28.8256
114.167,132.025,190.469,0.367,17.8205,28.9012
114.417,140.008,190.469,0.368,17.5002,28.9729
114.667,167.999,190.469,0.368,17.1685,29.0455
114.917,179.968,190.469,0.372,17.1707,29.1134
115.167,128.023,190.469,0.376,17.1959,29.1774
115.417,139.984,190.469,0.38,17.1894,29.2406
115.667,132.017,190.469,0.382,16.6102,29.3115
115.917,127.976,190.469,0.382,16.912,29.3801
116.167,151.881,190.469,0.381,16.8965,29.4513
116.417,168.08,190.469,0.38,16.6031,29.5212
116.667,143.939,190.469,0.381,16.8962,29.5932
116.917,124.08,190.469,0.383,16.8972,29.6643
117.167,140.005,190.469,0.387,16.8963,29.7289
117.417,131.946,190.469,0.389,16.8966,29.8023
117.667,172.094,190.469,0.388,16.9189,29.8775
117.917,139.975,190.496,0.384,16.8963,29.9455
118.167,136.014,190.496,0.384,16.8975,30.0178
118.369,187.952,190.496,0.383,16.8967,30.0683
118.617,145.245,190.496,0.383,17.1929,30.1446
118.867,171.985,190.496,0.383,17.1743,30.2191
119.117,140.008,190.496,0.383,17.193,30.2883
119.367,136.007,190.496,0.383,17.1924,30.3587
119.617,140.011,190.496,0.384,16.8964,30.4326
119.867,175.91,190.496,0.387,16.6098,30.5045
120.117,140.065,189.98,0.39,16.6103,30.5767
120.367,135.993,190,0.393,16.6139,30.6451
120.617,168.014,190,0.399,17.1897,30.7105
120.867,143.997,190,0.402,16.8959,30.7875
121.117,132.019,190,0.404,16.8961,30.8558
121.367,143.993,190,0.405,17.2191,30.926
121.617,132.004,190,0.403,17.4996,30.9917
121.867,128.007,190,0.404,17.4976,31.0631
122.117,139.987,190,0.393,17.8188,31.1393
122.367,136.011,190,0.388,18.4858,31.2084
122.617,175.963,190,0.37,18.4602,31.2778
122.867,132.005,190,0.357,18.1499,31.3511
123.117,144.007,190,0.329,18.4916,31.4197
123.367,143.88,190,0.323,18.5235,31.4876
123.617,172.157,190,0.292,18.8484,31.5516
123.867,151.744,190,0.276,18.8483,31.6158
124.117,172.267,190,0.269,18.4939,31.6762
124.367,128.03,190,0.256,18.151,31.7435
124.617,147.954,190,0.249,18.1498,31.8114
124.867,128.028,190,0.25,17.8208,31.8855
125.117,123.986,190,0.274,18.1509,31.9476
125.367,144,190,0.298,18.1499,32.0087
125.617,144.005,190,0.329,18.4889,32.0732
125.867,135.975,190,0.36,18.8476,32.1321
126.072,180.105,190,0.378,18.8483,32.1693
126.317,155.406,190,0.419,18.4926,32.2384
126.567,140.009,190,0.434,18.1481,32.3102
126.817,128,190,0.445,18.4932,32.3823
127.067,127.986,190,0.45,18.8489,32.4427
127.317,144.01,190,0.461,19.2187,32.5087
127.567,132.003,190,0.483,19.219,32.5832
127.817,136.007,190,0.51,18.8487,32.6513
128.067,123.98,190,0.538,18.8517,32.7252
128.317,184.011,190,0.568,18.4791,32.7929
128.567,135.884,190,0.577,18.4937,32.8563
128.817,168.149,190,0.603,18.4912,32.911
129.067,127.975,190,0.604,18.8494,32.9545
129.317,140.02,190,0.618,18.4936,32.9933
129.518,149.18,190,0.623,18.4933,33.0034
129.767,144.628,190,0.621,18.1504,33.0043
130.017,151.889,190,0.621,18.1515,33.0049
130.267,187.937,190,0.622,18.1505,33.0056
130.517,152.174,190,0.623,18.1502,33.0064
130.767,132.01,190,0.625,18.1493,33.0078
131.017,175.894,190,0.637,18.4923,33.0091
131.267,136.095,190.012,0.64,18.472,33.011
131.517,147.958,190.012,0.643,18.8265,33.012
131.767,136.035,190.012,0.644,19.1955,33.0143
132.017,167.867,190.012,0.646,19.1878,33.016
132.267,160.119,190.012,0.647,19.5778,33.0186
132.517,159.96,190.012,0.647,19.5777,33.0206
132.767,132.051,190.012,0.648,19.5782,33.0224
133.018,155.379,190.012,0.65,19.5728,33.0236
133.267,148.576,190.012,0.65,19.5725,33.0278
133.517,203.977,190.012,0.613,19.2004,33.0649
133.767,132.012,190.012,0.577,18.1318,33.1209
134.017,144.008,190.012,0.546,19.2088,33.1774
134.267,143.992,190.012,0.53,19.2147,33.2354
134.468,184.082,190.012,0.528,19.2134,33.2881
134.717,148.581,190.012,0.537,19.2913,33.3526
134.967,171.959,190.012,0.544,18.8103,33.4142
135.217,140.055,190.012,0.564,18.8485,33.4873
135.467,176.002,190.012,0.541,19.1985,33.5523
135.717,187.986,190.012,0.521,18.7976,33.621
135.967,127.909,190.012,0.517,18.8603,33.6814
136.217,144.099,190.012,0.497,18.849,33.7482
136.468,135.323,190.012,0.463,18.8465,33.8234
136.717,180.871,190.012,0.419,18.4263,33.8932
136.967,128.024,190.012,0.386,18.4948,33.9596
137.217,143.995,190.012,0.356,18.5078,34.0202
137.467,135.962,190.012,0.317,18.4926,34.0784
137.717,143.962,190.012,0.293,18.4915,34.1495
137.967,127.835,190.012,0.261,18.4908,34.2182
138.217,132.252,190.012,0.258,18.8467,34.2936
138.467,188.087,190.012,0.261,18.4549,34.359
138.717,139.909,190.012,0.279,18.8456,34.4156
138.967,140.018,190.012,0.289,18.846,34.4798
139.217,140.005,190.012,0.296,19.2922,34.5429
139.467,139.901,190.012,0.311,19.2153,34.5991
139.718,171.485,190.012,0.321,18.8456,34.6615
139.967,148.463,190.012,0.341,18.4913,34.7209
140.217,155.971,190.012,0.349,18.4905,34.7838
140.468,135.428,190.527,0.354,18.8462,34.8536
140.717,184.898,190.527,0.36,18.4172,34.9256
140.967,127.992,190.527,0.363,18.1475,34.9873
141.217,148.012,190.527,0.366,18.5124,35.0527
141.417,144.633,190.527,0.373,18.1481,35.1082
141.667,160.321,190.527,0.384,17.8177,35.1788
141.917,136.022,190.527,0.399,17.8181,35.2414
142.167,143.997,190.527,0.412,17.4989,35.3109
142.417,127.703,190.527,0.418,17.8187,35.381
142.667,132.322,190.527,0.419,18.1482,35.4472
142.917,143.969,190.527,0.42,18.1499,35.5238
143.167,132.001,190.527,0.42,18.1475,35.6001
143.417,143.998,190.527,0.42,18.4894,35.6703
143.667,132.022,190.527,0.42,18.4906,35.7433
143.917,139.977,190.527,0.424,18.8323,35.8153
144.167,139.799,190.527,0.428,18.8856,35.89
144.417,168.27,190.527,0.431,19.216,35.9623
144.668,143.507,190.527,0.439,19.5905,36.0266
144.917,164.546,190.527,0.443,19.2153,36.0992
145.117,144.545,190.527,0.448,19.2169,36.1566
145.367,128.34,190.527,0.453,18.8457,36.2291
145.617,131.989,190.527,0.454,18.4907,36.3004
145.867,135.982,190.527,0.456,18.492,36.3713
146.117,128.009,190.527,0.457,18.4908,36.4475
146.367,148.002,190.527,0.46,18.8458,36.5178
146.617,132.009,190.527,0.458,18.8408,36.5911
146.867,131.997,190.527,0.456,18.846,36.6665
147.117,139.99,190.527,0.456,18.8483,36.737
147.368,143.585,190.527,0.456,18.8464,36.8136
147.618,203.538,190.531,0.456,18.8407,36.8884
147.867,140.648,190.531,0.456,19.217,36.9582
148.117,144.081,190.531,0.456,18.8457,37.0332
148.367,128.018,190.531,0.456,19.2146,37.1052
148.617,132.011,190.594,0.456,19.215,37.1745
148.867,191.962,190.594,0.456,18.7586,37.2422
149.117,128.023,190.594,0.456,18.8491,37.3071
149.367,143.988,190.594,0.459,18.4918,37.3805
149.617,131.993,190.594,0.46,18.4931,37.4563
149.867,131.975,190.594,0.461,18.4962,37.5262
150.117,136.019,190.594,0.462,18.5079,37.6
150.367,128.01,190.594,0.466,18.8511,37.6719
150.617,143.848,190.074,0.468,19.2186,37.7479
150.867,168.186,190.074,0.464,18.8552,37.8232
151.117,139.965,190.074,0.461,18.8489,37.8888
151.367,172.033,190.074,0.459,18.8485,37.9638
151.568,144.026,190.074,0.458,19.2191,38.0219
151.817,168.926,190.074,0.458,19.2158,38.0959
152.067,167.981,190.074,0.455,19.2187,38.1662
152.317,147.822,190.074,0.451,18.8496,38.2354
152.567,120.055,190.074,0.442,18.4948,38.3128
152.817,132.102,190.074,0.437,18.4947,38.3884
153.067,135.98,190.074,0.434,18.1512,38.4576
153.317,128.01,190.074,0.436,18.1521,38.5238
153.567,140.001,190.074,0.461,18.4934,38.5767
153.817,132.013,190.074,0.471,18.4928,38.6218
154.067,132.008,190.074,0.484,18.1517,38.6576
154.317,131.982,190.074,0.492,18.1512,38.6634
154.569,146.809,190.074,0.5,18.1538,38.6652
154.817,165.353,190.074,0.499,17.8208,38.6661
155.067,131.981,190.074,0.498,18.1503,38.6671
155.317,131.977,190.074,0.503,18.4913,38.6677
155.567,147.883,190.074,0.505,18.848,38.6679
155.817,164.173,190.074,0.501,18.4916,38.6683
156.067,136,190.074,0.508,18.4918,38.6688
156.317,135.992,190.074,0.509,18.4917,38.669
156.567,128.027,190.074,0.504,18.1511,38.6694
156.817,135.988,190.074,0.506,18.4908,38.6697
157.019,148.058,190.074,0.506,18.4913,38.6702
157.267,157.642,190.074,0.509,18.4909,38.6707
157.468,133.981,190.074,0.515,18.8466,38.6712
157.717,136.811,190.074,0.516,18.8463,38.6717
157.967,136.049,190.074,0.514,18.8476,38.6721
158.217,135.946,190.074,0.519,18.4909,38.6726
158.467,136.05,190.074,0.518,18.4909,38.673
158.717,135.976,190.074,0.518,18.4912,38.6735
158.967,171.891,190.074,0.519,18.4873,38.6738
159.217,136.093,190.074,0.517,18.8469,38.6742
159.467,176.082,190.074,0.522,18.8439,38.6746
159.717,135.922,190.074,0.516,18.4911,38.6754
159.968,147.519,190.074,0.519,18.8463,38.6758
160.217,164.545,190.074,0.521,18.4904,38.6763
160.467,132.001,190.074,0.521,18.4903,38.6769
160.717,135.991,190.074,0.521,18.846,38.6774
160.967,124.025,190.074,0.523,19.2151,38.6782
161.217,143.983,190.074,0.523,19.2153,38.6789
161.467,151.877,190.074,0.522,18.8461,38.6794
161.717,152.097,190.074,0.52,18.4907,38.6802
161.967,148.031,190.074,0.518,18.4906,38.6811
162.217,140.004,190.074,0.52,18.4949,38.6819
162.467,136,190.074,0.52,18.1477,38.6831
162.717,135.982,190.074,0.519,18.153,38.6848
162.967,148.004,190.074,0.52,18.1478,38.6869
163.217,136,190.074,0.514,18.1483,38.6879
163.467,140.027,190.074,0.507,17.8185,38.6899
163.717,143.98,190.074,0.5,17.5001,38.692
163.967,151.993,190.137,0.499,17.4965,38.6937
164.169,138.801,190.137,0.491,17.6634,38.6948
164.417,193.361,190.137,0.486,17.6637,38.6957
164.667,183.835,190.137,0.488,17.6617,38.6972
165.017,177.263,190.137,0.484,17.6642,38.6988
165.267,147.996,190.137,0.486,17.3849,38.6997
165.517,140.004,190.137,0.486,17.3836,38.7011
165.767,140.045,190.137,0.488,17.3895,38.7023
166.017,135.578,190.137,0.487,17.3894,38.7036
166.267,140.393,190.137,0.486,17.3849,38.7045
166.517,196,190.137,0.491,17.3611,38.7058
166.767,131.942,190.137,0.49,17.3931,38.707
167.017,184.071,190.137,0.488,17.1917,38.7075
167.267,140.004,190.137,0.49,17.2157,38.708
167.518,139.318,190.137,0.49,16.9357,38.7085
167.767,136.702,190.137,0.489,17.2255,38.7095
168.017,131.942,190.137,0.488,17.5013,38.7101
168.267,139.982,190.137,0.49,17.4882,38.7104
168.517,144.052,190.137,0.489,17.5005,38.7108
168.767,168,190.137,0.492,17.5002,38.7114
168.967,189.334,190.137,0.497,17.1941,38.712
169.217,156.414,190.137,0.498,17.2023,38.7129
169.467,139.916,190.137,0.498,17.1931,38.7147
169.717,144.108,190.137,0.502,16.9051,38.7156
169.967,167.653,190.137,0.507,17.5037,38.7166
170.217,228.395,190.645,0.504,17.1726,38.718
170.467,176.06,190.645,0.512,17.4821,38.7193
170.717,143.916,190.645,0.517,17.4995,38.7205
170.923,179.336,190.645,0.517,17.5105,38.7219
171.17,166.337,190.645,0.519,17.5038,38.7235
171.417,190.231,190.148,0.523,17.499,38.7246
171.667,155.974,190.148,0.533,17.8163,38.7257
171.917,135.999,190.148,0.52,17.8224,38.7333
172.167,204.013,190.148,0.487,17.4655,38.7839
172.417,140.01,190.148,0.444,17.4934,38.8414
172.667,155.743,190.148,0.389,17.5041,38.9018
172.917,132.206,190.148,0.36,18.1843,38.9771
173.167,171.997,190.148,0.33,17.5214,39.0461
173.417,152.021,190.148,0.324,17.4977,39.1172
173.667,127.983,190.148,0.32,17.1941,39.1895
173.917,143.999,190.148,0.328,17.1919,39.2579
174.167,132.014,190.148,0.329,17.5037,39.3292
174.417,128.001,190.148,0.328,17.5007,39.397
174.667,139.983,190.148,0.322,17.4981,39.471
174.917,132.003,190.148,0.33,17.8522,39.5442
175.167,143.996,190.148,0.336,17.8253,39.6122
175.417,132.011,190.148,0.338,17.8065,39.6806
175.667,143.979,190.148,0.345,17.7953,39.7497
175.917,128.011,190.148,0.351,18.1457,39.8164
176.168,175.218,190.148,0.362,18.1468,39.8919
176.417,148.669,190.148,0.365,18.4805,39.9554
176.667,139.895,190.148,0.367,18.1491,40.0254
176.917,164.121,190.148,0.374,17.817,40.0916
177.167,132.011,190.148,0.381,18.1302,40.1572
177.417,143.985,190.148,0.386,18.1483,40.2222
177.667,140.012,190.16,0.396,18.1455,40.2871
177.917,135.989,190.16,0.409,18.4937,40.3629
178.167,127.998,190.16,0.437,18.152,40.4371
178.417,188.015,190.16,0.444,18.0613,40.5032
178.667,140,190.16,0.45,18.1462,40.5758
178.917,139.986,190.16,0.434,18.2153,40.6498
179.167,172.028,190.16,0.405,18.1555,40.7199
179.417,131.993,190.16,0.371,17.8196,40.7935
179.667,188.001,190.16,0.343,17.818,40.8651
179.917,127.985,190.16,0.329,17.8365,40.9279
180.118,174.427,190.16,0.312,17.8254,40.9798
180.367,164.43,190.16,0.308,17.4943,41.0404
180.617,144.004,190.16,0.308,17.5085,41.106
180.867,140.007,190.16,0.31,17.8182,41.1685
181.117,131.979,190.16,0.312,17.8201,41.2332
181.367,152.024,190.16,0.321,18.1533,41.2921
181.617,143.989,190.16,0.327,18.1242,41.3503
181.867,140.002,190.16,0.305,18.5412,41.4041
182.117,139.998,190.16,0.291,18.8398,41.4612
182.367,156.001,190.16,0.292,19.2297,41.525
182.617,172.013,190.16,0.301,19.1259,41.5864
182.867,143.997,190.16,0.321,19.2194,41.6562
183.117,127.992,190.16,0.345,19.2209,41.7115
183.367,144.024,190.16,0.366,18.847,41.7674
183.617,143.956,190.16,0.372,18.8462,41.8269
183.867,140.018,190.16,0.381,18.498,41.8987
184.117,132.023,190.16,0.375,18.1453,41.9576
184.367,151.983,190.16,0.377,18.1722,42.0136
184.617,147.918,190.16,0.382,17.7175,42.0856
184.867,172.106,190.16,0.411,17.4818,42.1546
185.117,131.988,190.16,0.422,17.202,42.2093
185.367,148.003,190.16,0.434,16.8992,42.2721
185.617,187.814,190.16,0.439,16.8832,42.3389
185.867,164.143,190.16,0.461,16.8982,42.4129
186.117,132.018,190.16,0.48,17.1866,42.4718
186.367,148.017,190.16,0.523,17.1926,42.5315
186.617,171.975,190.16,0.536,16.8588,42.6053
186.818,159.04,190.16,0.537,16.906,42.6602
187.067,148.731,190.16,0.544,16.895,42.7205
187.317,143.989,190.16,0.551,17.1856,42.7841
187.567,143.989,190.16,0.558,17.2003,42.8544
187.817,128.008,190.16,0.55,17.4843,42.9244
188.067,140.013,190.16,0.538,17.8222,42.9941
188.317,135.983,190.16,0.535,18.1558,43.0663
188.567,124.015,190.16,0.536,18.1491,43.1434
188.817,148.019,190.16,0.535,18.1516,43.2154
189.02,142.404,190.16,0.535,17.8228,43.2781
189.267,170.365,190.16,0.535,18.5462,43.3554
189.517,136.013,190.16,0.535,18.8774,43.4257
189.767,128.051,190.16,0.537,18.4674,43.501
190.017,136.001,190.16,0.542,18.4925,43.5784
190.267,171.995,190.16,0.545,18.4925,43.6499
190.517,172.001,190.16,0.526,18.4177,43.7138
190.767,124.01,190.16,0.471,18.5131,43.7672
191.017,144.001,190.16,0.434,18.4948,43.8097
191.267,128.002,190.16,0.383,18.4902,43.8476
191.517,167.984,190.16,0.37,18.4936,43.8582
191.767,135.999,190.16,0.373,18.1511,43.8588
192.017,143.976,190.16,0.375,18.1627,43.8593
192.267,140.03,190.16,0.375,18.1423,43.86
192.517,139.993,190.16,0.369,18.1515,43.8611
192.721,156.547,190.16,0.369,18.1498,43.8616
192.967,166.963,190.16,0.369,17.8455,43.8624
193.217,139.963,190.16,0.369,18.1532,43.8634
193.467,140.013,190.16,0.366,17.8191,43.8648
193.67,157.43,190.16,0.356,17.8219,43.8661
193.917,170.233,190.16,0.355,17.1886,43.8677
194.167,136.019,190.16,0.353,17.2002,43.8689
194.368,173.598,190.16,0.341,17.1993,43.8698
194.617,172.941,190.16,0.34,17.5046,43.871
194.867,144.147,190.16,0.34,17.1899,43.8718
195.217,148.569,190.168,0.335,17.5036,43.8737
195.467,147.865,190.168,0.329,17.2976,43.8769
195.717,132.078,190.168,0.369,17.2973,43.9175
195.967,136.036,190.168,0.422,17.2972,43.9803
196.217,135.941,190.168,0.465,17.605,44.0447
196.467,144.068,190.168,0.563,18.2616,44.1132
196.717,132.013,190.168,0.567,17.9322,44.1867
196.967,143.98,190.168,0.557,18.2617,44.2573
197.217,139.989,190.168,0.552,18.607,44.3226
197.467,140.038,190.168,0.551,18.9735,44.3983
197.717,135.79,190.168,0.55,18.6076,44.474
197.967,180.271,190.168,0.549,18.49,44.5424
198.217,135.958,190.168,0.549,18.4903,44.6174
198.467,144.052,190.168,0.552,18.4904,44.689
198.717,139.617,190.168,0.555,18.4903,44.7539
198.968,135.979,190.168,0.557,18.1479,44.8238
199.217,184.249,190.168,0.56,17.8175,44.8927
199.467,180.246,190.168,0.564,18.1069,44.9655
199.717,191.972,190.168,0.569,17.7988,45.0396
199.967,128.009,190.168,0.569,17.8175,45.1124
200.217,135.928,190.168,0.575,17.4991,45.1877
200.467,188.101,190.688,0.55,17.1686,45.2588
200.717,175.92,190.688,0.502,17.1438,45.3356
200.967,140.085,190.688,0.487,16.8942,45.4091
201.217,131.964,190.688,0.471,16.8951,45.4783
201.467,188.03,190.688,0.471,17.1911,45.5514
201.717,127.944,190.688,0.464,16.6092,45.6215
201.967,136.078,190.688,0.462,16.8958,45.6918
202.217,192.005,190.688,0.454,16.867,45.7645
202.467,132.004,190.688,0.452,16.6093,45.8379
202.717,151.946,190.688,0.447,16.9239,45.9022
202.967,128.03,190.688,0.421,16.6095,45.9718
203.217,184.008,190.688,0.364,16.8964,46.0408
203.467,135.977,190.688,0.333,17.5512,46.1175
203.72,161.778,190.688,0.314,17.8149,46.1856
203.967,154.149,190.688,0.291,17.1944,46.255
204.168,178.675,190.688,0.283,17.1943,46.3054
204.417,144.844,190.688,0.291,16.9897,46.3573
204.667,155.99,190.688,0.307,17.5015,46.409
204.868,168.989,190.688,0.33,17.5016,46.4497
205.117,221.053,190.688,0.358,17.1747,46.5113
205.367,140.006,190.688,0.353,16.8988,46.5828
205.617,136,190.688,0.342,16.9003,46.6531
205.867,131.996,190.688,0.348,16.8983,46.7225
206.117,180.004,190.688,0.359,16.5873,46.7791
206.367,147.999,190.688,0.367,16.8974,46.8324
206.618,174.906,190.688,0.376,16.6133,46.8876
206.867,168.928,190.688,0.382,17.1697,46.9431
207.117,172.132,190.688,0.383,17.2331,47.0068
207.367,139.996,190.688,0.386,17.1881,47.0782
207.617,139.997,190.699,0.389,17.1898,47.1372
207.867,180.005,190.711,0.395,16.8986,47.2025
208.117,144.002,190.711,0.407,17.4959,47.2791
208.367,132.014,190.711,0.401,17.4955,47.3442
208.617,148.007,190.711,0.372,17.4958,47.4052
208.867,184.009,190.711,0.364,17.1217,47.4629
209.117,131.975,190.711,0.349,17.4971,47.536
209.367,140.015,190.711,0.344,17.4976,47.6088
209.617,143.957,190.711,0.338,17.4988,47.6739
209.867,168.032,190.711,0.334,17.2148,47.7476
210.117,179.997,190.711,0.332,16.8771,47.8229
210.367,132.017,190.18,0.327,16.8973,47.8938
210.617,139.979,190.18,0.323,17.8543,47.9665
210.867,144.009,190.18,0.321,17.8199,48.0307
211.117,143.98,190.18,0.319,17.82,48.1001
211.367,136.006,190.18,0.32,17.8208,48.1726
211.567,189.425,190.18,0.32,17.8225,48.2189
211.818,143.916,190.18,0.312,17.8168,48.2765
212.067,144.442,190.18,0.297,18.151,48.3316
212.317,147.984,190.18,0.269,17.8195,48.3963
212.567,132.026,190.18,0.26,18.1503,48.4729
212.817,132.016,190.18,0.259,18.4868,48.5391
213.067,147.968,190.18,0.277,18.4918,48.6133
213.317,171.721,190.18,0.301,18.4937,48.6747
213.567,164.044,190.18,0.327,18.4933,48.7255
213.817,196.103,190.18,0.335,18.148,48.7751
214.067,152.124,190.18,0.342,18.1499,48.8236
214.317,147.992,190.18,0.346,18.2378,48.8804
214.567,144.018,190.18,0.349,18.1493,48.9379
214.817,151.997,190.18,0.349,18.4918,48.9927
215.067,179.994,190.18,0.335,18.4601,49.0504
215.317,184,190.18,0.327,18.4179,49.1248
215.567,132.017,190.18,0.325,18.492,49.1946
215.817,140.012,190.18,0.342,18.1483,49.263
216.067,143.971,190.18,0.366,18.1669,49.319
216.317,131.997,190.18,0.396,18.1481,49.391
216.567,127.997,190.18,0.436,18.8787,49.4657
216.817,183.996,190.18,0.486,19.2157,49.5363
217.067,128.034,190.18,0.522,18.8461,49.6074
217.317,147.959,190.18,0.588,18.8453,49.681
217.567,127.99,190.18,0.633,18.4943,49.7497
217.767,179.482,190.18,0.683,18.1655,49.8095
218.017,148.369,190.18,0.742,18.5661,49.8722
218.267,127.997,190.18,0.782,18.1475,49.9459
218.517,147.97,190.18,0.707,18.4915,50.0191
218.718,134.589,190.18,0.648,18.4902,50.0766
218.967,132.377,190.18,0.595,18.4874,50.1527
219.217,187.819,190.18,0.513,18.4905,50.2226
219.467,128.089,190.18,0.464,17.8178,50.2962
219.717,144.002,190.18,0.388,17.843,50.3712
219.967,180.009,190.18,0.344,17.3595,50.4347
220.217,144,190.18,0.292,17.8171,50.5039
220.467,172.041,190.18,0.257,18.1304,50.5658
220.717,139.969,190.18,0.221,17.8176,50.6328
220.967,131.992,190.18,0.195,17.8176,50.7047
221.217,139.906,190.18,0.195,17.8185,50.7675
221.467,172.142,190.18,0.203,17.4992,50.8405
221.717,135.986,190.18,0.235,17.4988,50.9097
221.918,163.684,190.18,0.273,17.1935,50.965
222.167,152.979,190.18,0.283,16.9416,51.0425
222.417,131.979,190.18,0.304,17.5022,51.1086
222.667,139.889,190.18,0.33,17.503,51.1766
222.917,176.176,190.18,0.364,17.5006,51.2518
223.167,135.998,190.18,0.387,17.5004,51.311
223.419,158.754,190.18,0.431,17.8216,51.384
223.667,145.135,190.18,0.469,17.5005,51.4514
223.917,147.896,190.18,0.51,17.5014,51.5288
224.167,164.133,190.18,0.538,17.5272,51.5959
224.421,149.64,190.18,0.58,17.5026,51.6645
224.667,166.644,190.18,0.616,17.5023,51.7422
224.917,135.827,190.18,0.672,18.1509,51.8173
225.167,168.206,190.18,0.708,18.1517,51.8884
225.417,139.999,190.18,0.752,17.8149,51.9604
225.667,131.993,190.18,0.812,18.1508,52.0298
225.867,139.607,190.18,0.838,18.1505,52.0922
226.117,172.376,190.18,0.888,18.1501,52.1676
226.367,167.994,190.18,0.925,18.1514,52.2365
226.617,139.97,190.18,0.984,18.1531,52.307
226.867,128.044,190.18,1.014,18.4944,52.3783
227.117,127.984,190.18,1.074,18.4935,52.454
227.367,144.023,190.18,0.935,18.8498,52.5285
227.617,167.988,190.18,0.843,18.8499,52.5927
227.867,123.996,190.18,0.795,18.1513,52.6518
228.117,175.994,190.18,0.729,18.158,52.7027
228.467,128.555,190.23,0.686,18.4903,52.7573
228.717,140.036,190.23,0.669,17.8182,52.7695
228.967,132.001,190.23,0.672,17.4946,52.7701
229.217,144.009,190.23,0.671,17.8095,52.7707
229.467,147.967,190.285,0.681,17.8096,52.7714
229.717,151.942,190.285,0.945,17.8089,52.7725
229.969,146.651,190.285,0.672,17.8122,52.7735
230.217,181.754,190.285,0.665,17.4909,52.7744
230.467,144.028,190.285,0.669,17.8131,52.7756
230.717,159.824,190.832,0.664,17.8024,52.777
230.967,140.162,190.832,0.657,18.1369,52.7787
231.217,147.984,190.832,0.652,18.4899,52.7811
231.467,151.953,190.832,0.641,18.1481,52.7829
231.717,160.031,190.844,0.642,17.8178,52.7845
231.967,140.015,190.844,0.641,17.8174,52.7903
232.217,151.988,190.844,0.673,17.8186,52.8391
232.467,144.016,190.844,0.707,17.8173,52.8909
232.717,151.989,190.902,0.762,17.8146,52.95
232.967,143.99,190.902,0.818,17.8166,53.0134
233.217,135.982,190.902,0.905,17.8179,53.0827
233.467,180.019,190.902,0.96,17.7666,53.151
233.717,152.001,190.922,1.048,17.8153,53.2266
233.967,128.014,190.922,1.098,17.8175,53.2942
234.217,148.005,190.922,1.099,18.1484,53.3674
234.469,135.026,190.922,1.083,18.8468,53.4383
234.717,185.072,190.941,1.045,18.4722,53.4957
234.969,174.539,190.941,1.022,18.441,53.5622
235.171,247.761,190.941,0.992,18.408,53.6034
235.417,195.327,190.941,0.952,17.7232,53.6804
235.667,135.996,191,0.936,18.1487,53.7511
235.917,175.986,191,0.9,18.1472,53.8172
236.167,183.991,191,0.88,17.7946,53.8906
236.417,140.015,191,0.842,17.8186,53.9591
236.667,136.003,191.055,0.817,17.498,54.0344
236.868,184.32,191.055,0.805,17.5017,54.084
237.117,164.47,191.055,0.765,17.193,54.1514
237.367,131.988,191.055,0.735,17.5134,54.2254
237.617,136.023,191.055,0.693,17.5036,54.2947
237.867,147.983,191.074,0.664,17.8955,54.371
238.117,136.02,191.074,0.626,18.5943,54.434
238.367,135.986,191.074,0.61,18.1482,54.5009
238.617,148.01,191.074,0.6,17.8186,54.5758
238.867,143.936,191.074,0.576,18.5153,54.6409
239.117,147.974,191.074,0.553,18.8453,54.7126
239.367,140.078,191.074,0.534,18.4905,54.7878
239.617,136.024,191.074,0.522,18.9107,54.8584
239.819,173.384,191.086,0.523,18.8452,54.9185
240.067,157.128,191.086,0.523,18.8439,54.9873
240.317,136.023,191.086,0.542,18.4788,55.0631
240.567,143.997,190.539,0.561,18.4841,55.1383
240.818,151.478,190.574,0.59,18.1411,55.2046
241.067,172.591,190.574,0.614,18.142,55.2787
241.317,147.996,190.574,0.668,18.4826,55.3535
241.567,139.997,190.574,0.696,18.4841,55.4215
241.817,152.01,190.574,0.738,18.4835,55.4972
242.067,175.976,190.574,0.707,18.4841,55.568
242.317,139.981,190.574,0.651,18.4759,55.6429
242.567,188.029,190.574,0.616,18.1193,55.7187
242.821,161.472,190.625,0.563,18.1446,55.7752
243.067,195.073,190.625,0.524,18.1044,55.8628
243.317,147.993,190.625,0.476,18.4905,55.9372
243.567,171.992,190.625,0.449,18.1238,56.0085
243.817,140.01,190.629,0.395,18.4933,56.0813
244.067,143.993,190.629,0.369,18.4909,56.1529
244.317,143.895,190.629,0.317,18.4951,56.2271
244.567,168.13,190.629,0.313,18.1514,56.3
244.817,184,190.629,0.302,18.4955,56.3634
245.067,159.721,190.629,0.302,18.1501,56.4242
245.317,220.378,190.629,0.305,17.7784,56.4808
245.567,139.999,190.629,0.306,17.8205,56.5438
245.817,155.997,190.629,0.315,18.1502,56.6023
246.067,135.998,190.629,0.324,18.1509,56.6635
246.317,143.991,190.629,0.325,18.4936,56.7223
246.567,240.065,190.629,0.328,18.4939,56.782
246.817,147.985,190.629,0.332,17.8216,56.839
247.067,184.04,190.629,0.338,17.1073,56.9025
247.317,147.971,190.629,0.332,17.5254,56.9652
247.52,152.457,190.629,0.331,17.5025,57.0137
247.767,166.249,190.629,0.329,16.9019,57.0818
248.017,151.78,190.629,0.329,17.1946,57.1433
248.267,204.038,190.629,0.33,17.4693,57.2035
248.517,200.163,190.629,0.335,17.194,57.2564
248.767,159.823,190.629,0.327,16.8975,57.3136
249.017,184.288,190.629,0.306,16.6111,57.3763
249.267,123.988,190.629,0.306,16.6105,57.4404
249.517,151.981,190.629,0.312,16.9999,57.5158
249.72,162.374,190.629,0.319,16.8964,57.5693
249.923,177.3,190.629,0.334,16.8891,57.6247
250.167,205.135,190.629,0.356,16.5888,57.6935
250.417,127.843,190.629,0.365,16.6104,57.7587
250.668,139.593,190.629,0.375,16.9098,57.8261
250.917,132.541,190.629,0.382,16.8977,57.8952
251.168,147.394,190.629,0.386,17.5327,57.955
251.417,132.493,190.629,0.392,17.5452,58.0245
251.667,139.947,190.629,0.399,17.4991,58.0957
251.917,176.138,190.629,0.41,17.1744,58.1667
252.167,144,190.629,0.397,16.8968,58.2424
252.417,127.923,190.629,0.395,17.1937,58.3127
252.667,136.098,190.629,0.391,17.5082,58.3853
252.919,178.62,190.629,0.387,18.1745,58.458
253.167,137.049,190.629,0.384,18.148,58.5284
253.417,143.941,190.629,0.379,18.1447,58.604
253.667,128.045,190.629,0.374,18.1475,58.6666
253.917,143.999,190.629,0.372,17.8187,58.7393
254.167,179.767,190.629,0.371,17.7997,58.814
254.417,172.149,190.629,0.361,17.3833,58.8809
254.667,140.05,190.629,0.358,17.8383,58.9523
254.917,131.961,190.629,0.357,18.1487,59.0223
255.167,140.078,190.629,0.356,17.8187,59.0983
255.417,175.809,190.629,0.356,17.803,59.1742
255.667,136.08,190.629,0.356,17.8183,59.2448
255.917,144.043,190.629,0.356,17.8177,59.3182
256.167,132.036,190.629,0.356,17.8202,59.3871
256.368,168.969,190.629,0.355,17.815,59.4489
256.617,152.655,190.629,0.355,17.8189,59.5243
256.867,179.695,190.629,0.361,17.1929,59.5912
257.117,144.055,190.629,0.363,17.9405,59.6603
257.367,140.235,190.629,0.36,17.8133,59.7326
257.617,140.002,190.629,0.357,17.8164,59.8022
257.867,131.946,190.629,0.349,18.1454,59.8705
258.117,140.044,190.629,0.346,18.1499,59.9418
258.367,136.006,190.629,0.344,17.8164,60.0096
258.617,147.856,190.629,0.343,17.4982,60.0829
258.867,168.186,190.629,0.343,17.1914,60.1496
259.117,131.94,190.629,0.343,17.1906,60.2209
259.367,152.054,190.746,0.335,17.4967,60.2912
259.617,128.008,190.746,0.332,18.1467,60.3601
259.868,155.307,190.746,0.33,17.8165,60.4365
260.117,160.701,190.746,0.327,17.4992,60.5064
260.367,144.005,190.746,0.323,17.4982,60.5785
260.617,135.868,190.746,0.321,17.1929,60.6511
260.867,132.151,190.746,0.304,17.1931,60.7223
261.117,139.978,190.746,0.282,17.5,60.7898
261.367,180.005,190.832,0.285,17.5012,60.8571
261.617,128.006,190.832,0.288,17.8177,60.9251
261.868,187.407,190.832,0.289,18.1493,60.9992
262.117,208.636,190.832,0.29,18.1125,61.069
262.367,143.889,190.832,0.283,17.5012,61.1433
262.617,172.147,190.832,0.28,17.4767,61.2059
262.867,143.942,190.832,0.286,17.5001,61.2656
263.117,144.052,190.832,0.289,17.819,61.3278
263.367,144.003,191.34,0.305,18.1488,61.3907
263.617,151.99,191.344,0.31,18.1486,61.4431
263.867,139.963,191.344,0.336,17.8193,61.4998
264.068,164.125,191.344,0.354,18.1939,61.5419
264.317,204.943,191.344,0.363,17.4541,61.5982
264.567,147.905,191.344,0.383,17.1899,61.6537
264.768,154.556,191.344,0.387,17.1948,61.6972
265.017,228.557,191.344,0.387,16.9352,61.7599
265.218,129.672,191.344,0.392,17.1932,61.8106
265.467,140.283,191.344,0.388,17.8196,61.8865
265.717,179.919,191.344,0.372,17.4855,61.9543
265.967,136.082,191.344,0.369,17.5017,62.0087
266.217,143.922,191.344,0.369,17.5003,62.0701
266.418,174.086,191.344,0.372,17.5001,62.109
266.667,160.836,191.344,0.381,17.5003,62.1953
266.917,132.007,191.344,0.387,17.4998,62.2562
267.167,187.976,191.344,0.397,17.795,62.322
267.417,140.023,191.344,0.396,17.8172,62.3926
267.667,175.949,191.344,0.393,17.8183,62.4629
267.917,144.038,191.344,0.389,17.8172,62.5313
268.167,132.011,191.344,0.385,17.5,62.5993
268.417,139.993,191.344,0.384,17.5,62.6661
268.667,131.995,191.344,0.387,17.4961,62.7425
268.917,131.996,191.344,0.389,17.4994,62.8159
269.167,187.982,191.344,0.391,17.192,62.8811
269.417,176.015,191.344,0.391,17.1967,62.9515
269.667,187.974,191.344,0.387,16.8253,63.021
269.917,128.002,191.344,0.385,16.8963,63.097
270.169,170.289,191.344,0.384,16.8973,63.1684
270.417,141.425,191.344,0.384,17.1931,63.2333
270.667,136.021,191.344,0.383,17.4963,63.3082
270.917,187.993,191.344,0.383,17.5,63.3789
271.167,132.015,191.344,0.383,17.4988,63.4527
271.417,135.983,191.344,0.383,17.5001,63.5262
271.667,175.887,191.344,0.383,17.5013,63.5947
271.869,153.783,191.344,0.383,16.8963,63.6539
272.117,161.113,191.344,0.383,17.1934,63.7248
272.371,153.556,191.344,0.383,17.2075,63.799
272.617,174.793,191.344,0.384,16.8963,63.8711
272.867,128.028,191.344,0.331,17.1932,63.941
273.117,159.57,191.344,0.307,16.9108,64.0063
273.367,200.479,190.832,0.28,16.8959,64.072
273.617,140.012,190.832,0.263,16.896,64.1397
273.867,132.001,190.832,0.265,16.9142,64.2112
274.117,135.991,190.832,0.272,16.8967,64.2698
274.367,144.015,190.832,0.284,17.1929,64.338
274.617,224.006,190.832,0.288,17.4709,64.4105
274.867,131.997,190.832,0.3,17.4995,64.4804
275.117,131.997,190.832,0.305,17.8181,64.5468
275.367,144.003,190.832,0.317,18.1487,64.6114
275.572,156.059,190.832,0.326,18.1484,64.6718
275.817,163.283,190.832,0.336,17.8153,64.7443
276.067,143.878,190.832,0.359,17.8481,64.8097
276.317,168.14,190.832,0.366,17.8199,64.8831
276.567,131.983,190.832,0.371,17.8236,64.9548
276.817,140.021,190.832,0.385,17.8192,65.0199
277.067,132.013,190.832,0.412,17.8198,65.0964
277.317,127.974,190.832,0.436,17.8352,65.1661
277.567,143.919,190.832,0.49,17.8201,65.2379
277.817,168.126,190.832,0.521,17.5031,65.3132
278.067,131.987,190.832,0.522,17.5031,65.3845
278.317,136.001,190.832,0.52,17.5029,65.4593
278.567,139.836,190.832,0.519,18.1548,65.5283
278.817,132.15,190.832,0.521,17.8218,65.5978
279.067,132.014,190.832,0.524,18.1513,65.6682
279.317,183.998,190.832,0.523,18.4621,65.7442
279.518,129.164,190.832,0.52,18.4971,65.7955
279.767,176.821,190.832,0.517,18.143,65.8627
280.017,139.787,190.832,0.516,18.1512,65.9312
280.267,124.247,190.832,0.516,18.1509,66.0015
280.517,140.011,190.832,0.516,18.4937,66.0707
280.767,127.99,190.832,0.515,18.1516,66.1445
281.017,139.999,190.832,0.512,18.4935,66.2059
281.267,128.011,190.832,0.506,18.8491,66.2546
281.517,135.988,190.832,0.504,18.4933,66.3007
281.721,147.037,190.832,0.503,18.4933,66.3256
281.967,154.498,190.832,0.502,18.164,66.3291
282.217,136.006,190.832,0.502,18.1509,66.3301
282.467,136.008,190.832,0.499,18.5227,66.3308
282.718,147.161,190.832,0.5,18.4903,66.3319
282.97,206.867,190.832,0.497,18.8449,66.3332
283.217,161.806,190.832,0.491,18.8474,66.3341
283.467,135.986,190.832,0.49,18.8476,66.3356
283.668,204.207,190.832,0.488,18.8515,66.3368
283.917,144.443,190.832,0.487,18.1489,66.3383
284.167,136.036,190.832,0.476,19.2126,66.3407
284.417,147.991,190.832,0.475,18.8395,66.3432
284.667,143.997,190.832,0.476,18.8361,66.3453
284.917,143.978,190.832,0.483,18.8357,66.3473
285.167,152.017,190.832,0.486,18.834,66.3489
285.417,143.993,190.832,0.487,18.482,66.351
285.669,174.467,190.832,0.489,18.8364,66.3564
285.917,161.417,190.832,0.499,18.4842,66.4038
286.167,151.676,190.844,0.516,18.4801,66.4567
286.417,144.316,190.844,0.526,19.2056,66.519
286.667,139.987,190.844,0.532,18.8385,66.5902
286.917,199.901,190.844,0.533,18.7813,66.6628
287.167,172.105,190.844,0.529,18.4914,66.7391
287.417,155.973,190.859,0.527,18.4965,66.8139
287.667,131.984,190.859,0.525,18.4899,66.8828
287.917,132.033,190.859,0.525,18.4901,66.9601
288.167,148.012,190.859,0.524,18.8456,67.0357
288.417,131.998,190.859,0.523,19.215,67.1052
288.618,243.752,190.859,0.521,18.83,67.1465
288.868,159.996,190.859,0.52,18.4906,67.2369
289.117,172.691,190.859,0.521,18.1476,67.3136
289.367,196.042,190.859,0.523,18.1271,67.3818
289.568,184.114,190.859,0.524,17.8185,67.4393
289.817,140.488,190.859,0.502,17.8481,67.5133
290.067,132.035,190.859,0.448,17.8187,67.581
290.317,143.995,190.859,0.424,17.4991,67.6516
290.567,140.022,190.859,0.406,17.4996,67.7195
290.82,185.624,190.859,0.395,17.148,67.7938
291.067,178.279,190.859,0.395,16.8961,67.8677
291.317,139.972,190.867,0.394,16.8993,67.9357
291.568,151.427,190.867,0.391,16.946,68.0109
291.817,172.651,190.867,0.386,16.8632,68.0799
292.067,136.03,190.867,0.38,16.8966,68.1461
292.317,147.988,190.867,0.377,16.9031,68.2205
292.567,128.009,190.867,0.333,17.1931,68.2863
292.817,144.001,190.867,0.306,17.4999,68.3581
293.067,128,190.867,0.28,17.8179,68.435
293.318,159.18,190.867,0.268,17.818,68.4985
293.567,221.082,191.352,0.276,17.3928,68.5638
293.817,196.009,191.352,0.291,17.4964,68.6322
294.067,132.012,191.352,0.321,17.5004,68.6952
294.269,173.246,191.352,0.363,17.8234,68.7552
294.517,169.126,191.352,0.422,18.491,68.8267
294.767,168.235,191.352,0.486,18.1486,68.9004
295.017,147.989,191.352,0.497,18.4906,68.971
295.267,128.024,191.352,0.485,18.4907,69.0348
295.517,195.764,191.352,0.477,18.4262,69.1081
295.767,128.134,191.352,0.471,18.4922,69.1789
296.017,131.946,191.352,0.471,18.1718,69.2465
296.267,192.092,191.352,0.457,18.4613,69.3179
296.517,183.992,191.352,0.453,18.8717,69.3926
296.767,136.025,191.352,0.434,18.1477,69.46
297.017,135.989,191.352,0.421,18.1634,69.5316
297.267,144.01,191.352,0.42,18.4881,69.5965
297.517,135.934,191.352,0.417,18.4877,69.6595
297.767,136.065,191.352,0.406,18.4875,69.7257
298.017,139.972,191.352,0.393,18.1429,69.8005
298.267,132.019,191.352,0.386,17.8733,69.8683
298.469,178.362,191.352,0.37,17.814,69.9068
298.717,197.426,191.352,0.37,17.4496,69.9963
298.918,129.525,191.352,0.369,17.497,70.0527
299.167,148.462,191.352,0.369,17.4968,70.1244
299.417,135.992,191.352,0.369,18.1455,70.199
299.667,143.993,191.352,0.362,18.1411,70.2711
299.917,132.001,191.352,0.359,18.1465,70.3424
300.167,144.016,191.352,0.349,18.1469,70.4032
300.417,127.992,191.352,0.346,17.817,70.4768
300.667,184.01,191.352,0.344,17.758,70.5063
300.917,167.967,191.352,0.342,17.8184,70.5071
301.167,131.995,191.352,0.342,17.8206,70.5072
301.417,132.02,191.352,0.342,18.4907,70.5072
301.618,158.731,191.352,0.342,18.4922,70.5072
301.867,161.028,191.352,0.342,18.488,70.5072
302.117,131.987,191.352,0.342,18.4909,70.5073
302.367,143.995,191.352,0.342,18.1528,70.5073
302.617,132.019,191.352,0.342,18.1485,70.5073
302.867,131.995,191.352,0.342,17.8175,70.5073
303.117,135.994,191.352,0.342,17.8169,70.5073
303.367,127.938,190.867,0.342,18.2172,70.5073
303.617,180.071,190.867,0.342,17.4315,70.5073
303.867,132.026,190.867,0.342,17.817,70.5073
304.117,172.065,190.867,0.342,17.818,70.5073
304.367,127.933,190.867,0.342,17.1929,70.5073
304.617,136,190.867,0.342,17.5539,70.5073
304.867,136.024,190.871,0.342,17.4991,70.5073
305.117,127.979,190.871,0.342,17.5041,70.5073
305.367,135.874,190.871,0.342,17.4997,70.5142
305.617,176.18,190.871,0.342,17.8202,70.5704
305.867,139.991,190.871,0.342,18.1483,70.6456
306.117,131.997,190.871,0.342,18.4906,70.7131
306.367,144.019,190.871,0.342,18.4896,70.7889
306.617,139.903,190.871,0.342,18.149,70.8638
306.867,176.11,190.871,0.339,18.8469,70.9336
307.117,167.766,190.871,0.333,18.8474,71.0014
307.367,136.192,190.871,0.329,18.8468,71.0581
307.617,135.982,190.871,0.327,18.4911,71.1216
307.867,144.003,190.871,0.333,18.4898,71.1832
308.117,139.995,190.871,0.339,18.4925,71.2424
308.367,155.782,190.871,0.348,18.1458,71.2985
308.617,172.286,190.871,0.354,18.1329,71.3536
308.867,159.977,190.871,0.373,17.8158,71.4051
309.118,166.919,190.871,0.38,17.8192,71.4595
309.367,209.333,190.871,0.385,17.4866,71.5106
309.617,136.02,190.871,0.388,17.5587,71.5672
309.867,159.982,190.871,0.384,17.1901,71.6253
310.117,219.988,190.871,0.369,17.1828,71.6896
310.367,184.039,190.871,0.351,16.8551,71.762
310.617,139.99,190.871,0.329,16.6098,71.8154
310.868,159.402,190.871,0.328,16.8971,71.8698
311.118,251.534,190.871,0.328,16.5921,71.9384
311.367,181.016,190.871,0.329,16.3139,72.0103
311.617,139.993,190.871,0.341,16.6098,72.0718
311.867,132.003,190.871,0.351,16.3365,72.1399
312.121,165.03,190.871,0.353,16.611,72.1936
312.367,146.529,190.871,0.354,16.8964,72.282
312.617,132.106,190.871,0.353,16.896,72.3572
312.867,144.005,190.871,0.349,17.2256,72.429
313.117,127.981,190.871,0.345,17.8639,72.5016
313.367,135.995,190.871,0.343,18.1485,72.571
313.617,136.002,190.871,0.34,17.8194,72.6441
313.82,147.922,190.871,0.336,18.1694,72.7033
314.067,210.177,190.871,0.335,18.1574,72.774
314.317,152.135,190.871,0.335,18.1483,72.8452
314.567,184.038,190.871,0.339,17.7866,72.9156
314.817,131.964,190.871,0.339,17.8172,72.9905
315.068,163.384,190.871,0.34,18.1441,73.0621
315.317,160.6,190.871,0.34,18.148,73.1341
315.567,132.025,190.871,0.341,18.1485,73.2063
315.817,139.981,190.871,0.339,18.1475,73.2738
316.067,132.024,190.871,0.338,17.8146,73.3455
316.318,167.405,190.871,0.34,17.8191,73.4157
316.567,140.479,190.871,0.342,17.8182,73.4833
316.817,132.002,190.871,0.349,18.1695,73.5576
317.067,136.003,190.871,0.352,17.8146,73.6311
317.317,135.967,190.871,0.354,18.4902,73.6974
317.518,154.079,190.871,0.354,18.491,73.7526
317.767,156.776,190.871,0.357,18.1528,73.8216
318.017,144.002,190.871,0.364,17.8183,73.898
318.267,175.995,190.871,0.366,17.4561,73.9735
318.518,135.287,190.871,0.373,17.5003,74.0442
318.767,132.701,190.871,0.377,17.8198,74.1174
319.017,183.999,190.871,0.38,17.7938,74.183
319.218,168.969,190.871,0.381,17.8329,74.2411
319.467,144.736,190.871,0.388,17.8177,74.3164
319.717,131.966,190.871,0.395,17.4999,74.3839
319.967,140.021,190.871,0.4,17.499,74.4549
320.217,139.984,190.871,0.403,17.4963,74.5243
320.467,140.001,190.871,0.405,17.817,74.5954
320.717,131.987,190.871,0.406,17.8177,74.6658
320.967,128.04,190.871,0.406,18.1951,74.7324
321.217,148.008,190.871,0.406,18.1478,74.8016
321.468,163.149,190.871,0.406,18.1488,74.8745
321.717,152.753,190.871,0.4,17.8182,74.946
321.967,132.037,190.871,0.398,17.8183,75.0197
322.217,135.991,190.871,0.388,18.4908,75.0794
322.418,139.324,190.871,0.387,18.1501,75.1321
322.667,176.685,190.871,0.355,18.1103,75.2039
322.868,154.007,190.871,0.332,17.8196,75.2589
323.117,152.767,190.871,0.32,17.5025,75.3305
323.367,148.029,190.871,0.296,17.5015,75.3946
323.617,135.996,190.871,0.291,17.8205,75.4578
323.867,135.973,190.871,0.286,17.5018,75.5208
324.117,135.998,190.871,0.275,17.5021,75.5806
324.318,179.358,190.871,0.269,17.191,75.6364
324.567,140.409,190.871,0.269,17.1955,75.7064
324.817,151.716,190.871,0.281,17.1951,75.7813
325.067,164.3,190.871,0.303,16.6123,75.8453
325.317,144.002,190.871,0.346,16.8983,75.9049
325.567,136.029,190.871,0.37,17.5029,75.9642
325.817,144.002,190.871,0.394,17.8339,76.0262
326.067,131.973,190.871,0.419,17.5023,76.0858
326.317,147.999,191.344,0.439,17.1912,76.1549
326.567,127.994,191.344,0.446,17.1952,76.2232
326.769,158.597,191.344,0.451,17.1957,76.2729
327.017,169.198,191.344,0.463,16.8991,76.3356
327.267,172.012,191.344,0.484,17.2062,76.4003
327.517,131.969,191.344,0.511,17.502,76.4731
327.767,128.024,191.344,0.538,17.8518,76.5337
328.017,139.983,191.344,0.566,17.8246,76.6016
328.267,128.014,191.344,0.573,17.503,76.6705
328.517,143.996,191.344,0.591,17.5027,76.7262
328.767,160.024,191.344,0.606,17.8061,76.7771
329.017,131.994,191.344,0.625,18.1555,76.8209
329.267,143.986,191.344,0.629,18.1505,76.8434
329.47,226.956,191.344,0.624,18.4833,76.8443
329.717,141.415,191.344,0.625,18.8489,76.8447
329.967,132.107,191.344,0.625,18.8483,76.8457
330.217,144.006,191.344,0.627,18.8483,76.8464
330.467,136.067,191.344,0.63,18.4921,76.8477
330.717,135.811,191.344,0.641,18.8472,76.8493
330.918,179.369,191.344,0.644,20.0028,76.8507
331.167,200.74,191.344,0.643,18.512,76.8517
331.417,139.994,191.344,0.643,18.5221,76.8527
331.667,139.992,191.344,0.639,18.5165,76.8538
331.917,148,191.344,0.64,18.1694,76.8554
332.167,152.009,191.344,0.643,18.176,76.8574
332.417,144.01,191.344,0.643,18.1705,76.8597
332.667,140.003,191.344,0.644,18.1722,76.8619
332.868,188.742,191.344,0.643,18.1671,76.8627
333.117,152.793,191.344,0.645,18.1717,76.8641
333.367,148.039,191.344,0.646,18.1707,76.8657
333.617,203.958,191.344,0.628,17.4771,76.883
333.867,144.013,191.344,0.603,18.15,76.9309
334.117,155.859,191.344,0.564,18.1461,76.9869
334.367,132.134,191.344,0.552,17.8223,77.0548
334.617,147.977,191.344,0.544,18.148,77.126
334.867,132.008,191.344,0.546,17.8225,77.1953
335.117,143.982,191.344,0.557,17.8151,77.2627
335.367,175.864,191.344,0.563,17.7973,77.3371
335.617,136.136,191.344,0.515,18.1738,77.4057
335.867,179.979,191.344,0.504,17.8068,77.4817
336.117,179.989,191.344,0.484,17.121,77.5509
336.367,140.013,191.344,0.471,17.5481,77.624
336.617,136.003,191.344,0.433,17.4995,77.6907
336.867,131.994,191.344,0.406,17.4978,77.7589
337.117,147.99,191.344,0.37,17.4976,77.8183
337.367,140.012,191.344,0.346,17.5022,77.8743
337.617,144.002,191.344,0.311,17.8144,77.94
337.867,180.018,191.344,0.292,17.4649,78.0105
338.117,127.969,191.344,0.273,17.5178,78.0831
338.367,144.008,191.344,0.277,17.5,78.1476
338.617,176.007,191.344,0.292,17.4935,78.2054
338.867,151.819,191.344,0.299,17.5038,78.2677
339.117,172.195,191.344,0.305,17.8153,78.3345
339.367,136.024,191.344,0.312,17.8153,78.3887
339.617,191.958,191.344,0.312,17.4818,78.4478
339.867,180.023,191.344,0.316,16.8836,78.5097
340.117,183.975,191.344,0.348,17.2028,78.5698
340.367,136.021,191.344,0.351,16.6132,78.6448
340.617,131.998,191.344,0.354,16.6062,78.7209
340.867,136.015,191.344,0.354,16.8961,78.7922
341.117,135.973,191.344,0.355,16.6167,78.8643
341.367,148.054,191.344,0.355,16.9037,78.9301
341.617,127.966,191.344,0.356,17.1882,79.0043
341.867,132.012,191.344,0.357,17.2019,79.0804
342.117,143.97,191.344,0.363,17.189,79.1515
342.367,124.01,191.344,0.373,17.5194,79.227
342.568,179.343,191.344,0.39,18.2356,79.2837
342.817,152.435,191.344,0.425,17.8138,79.3573
343.067,132.027,191.344,0.457,18.4922,79.4324
343.317,187.965,191.344,0.455,18.4872,79.5015
343.567,128.008,191.344,0.451,17.8198,79.5759
343.817,140.015,191.344,0.444,18.1487,79.6471
344.067,171.994,191.344,0.422,17.4812,79.7225
344.317,147.97,191.344,0.434,17.8069,79.7947
344.567,128.032,191.344,0.451,17.8203,79.8613
344.817,175.964,191.344,0.475,17.5065,79.9366
345.067,139.987,191.344,0.496,17.5019,80.0124
345.317,136.01,191.344,0.509,17.1852,80.0808
345.567,140.018,191.344,0.511,17.2067,80.154
345.817,127.988,191.344,0.471,17.1847,80.2177
346.067,128.013,191.344,0.441,16.8981,80.2917
346.317,199.984,191.344,0.416,16.8925,80.3675
346.517,129.636,191.344,0.408,16.893,80.4234
346.767,132.311,191.344,0.408,16.6164,80.4966
347.017,168.011,191.344,0.41,17.2181,80.5632
347.267,139.975,191.344,0.415,16.6092,80.6393
347.517,187.974,191.344,0.409,16.5936,80.7149
347.767,124.001,191.344,0.408,17.1878,80.7841
348.017,140.002,191.344,0.403,17.1953,80.8606
348.219,163.249,191.344,0.399,17.2013,80.9181
348.468,189.053,191.344,0.396,17.1757,80.9945
348.717,144.435,191.344,0.394,16.8995,81.0652
348.967,132.013,191.344,0.393,17.1901,81.131
349.217,140.013,191.344,0.393,17.8169,81.2057
349.467,124.011,191.344,0.393,18.1497,81.2766
349.717,147.797,191.344,0.393,18.5262,81.3452
349.967,172.211,191.344,0.393,18.1594,81.4186
350.217,168.024,191.344,0.393,18.1477,81.4873
350.467,160.037,191.344,0.397,17.8118,81.563
350.717,155.935,191.344,0.402,17.5155,81.6344
350.967,136.023,191.344,0.404,17.5095,81.6988
351.217,127.988,191.344,0.411,17.2092,81.7721
351.467,131.997,191.344,0.415,17.2057,81.8447
351.717,139.926,191.344,0.418,17.1958,81.9122
351.967,124.071,191.344,0.421,16.8991,81.9853
352.217,143.975,191.344,0.429,16.8947,82.0547
352.467,128.006,191.344,0.435,16.8997,82.1269
352.717,139.986,191.344,0.446,17.1995,82.2019
352.967,128.043,191.344,0.456,17.5042,82.2711
353.217,135.98,191.344,0.466,17.1936,82.3444
353.467,135.999,191.344,0.485,17.8228,82.4047
353.717,131.97,191.344,0.499,17.8237,82.4536
353.967,136.033,191.344,0.509,18.5023,82.4967
354.217,131.904,191.344,0.516,18.8542,82.5133
354.468,175.604,191.344,0.52,19.1867,82.5145
354.717,132.392,191.344,0.524,19.2151,82.516
354.967,136.021,191.344,0.525,19.225,82.5165
355.217,143.986,191.344,0.525,19.2169,82.5172
355.467,124.007,191.344,0.525,19.216,82.5176
355.668,203.866,191.344,0.53,19.215,82.518
355.917,164.708,191.344,0.529,18.8485,82.5184
356.167,140.014,191.344,0.53,18.8506,82.5188
356.368,174.405,191.344,0.527,18.8401,82.5191
356.617,192.563,191.363,0.533,18.1457,82.5195
356.867,172.006,191.363,0.535,17.5024,82.52
357.117,127.949,191.363,0.536,17.5052,82.5205
357.367,140.067,191.363,0.535,17.5002,82.5208
357.617,183.958,191.363,0.539,17.146,82.5213
357.867,123.998,191.363,0.539,17.1896,82.5216
358.117,171.955,191.363,0.541,16.6082,82.5221
358.367,128.043,191.363,0.541,16.612,82.5225
358.568,158.909,191.363,0.541,16.8988,82.5228
358.817,152.864,191.363,0.544,17.1862,82.5231
359.067,131.878,191.363,0.544,17.1935,82.5236
359.317,144.059,191.363,0.542,17.4975,82.5241
359.567,132.078,191.363,0.546,18.1505,82.5246
359.817,135.949,191.363,0.547,18.14,82.525
360.067,128.012,191.363,0.546,17.8183,82.5255
360.317,135.96,191.363,0.545,18.1412,82.5262
360.567,140.052,191.363,0.544,17.8308,82.5268
360.817,123.9,191.363,0.543,18.1493,82.5271
361.067,136.121,191.363,0.549,18.1488,82.5278
361.317,143.97,191.363,0.547,17.8192,82.5289
361.521,152.093,191.363,0.544,17.8293,82.5297
361.767,162.472,191.363,0.539,17.501,82.5312
362.017,147.922,191.363,0.547,17.5012,82.5327
362.267,132.08,191.363,0.547,17.5109,82.5346
362.517,147.953,191.363,0.538,17.5066,82.5364
362.767,136.074,191.363,0.534,17.8205,82.5377
363.017,191.919,191.363,0.526,17.8154,82.5394
363.267,144.023,191.363,0.523,17.8204,82.5415
363.517,151.913,191.363,0.513,18.1598,82.5433
363.767,235.736,191.371,0.511,17.8212,82.5445
364.017,204.307,191.371,0.512,17.2749,82.5458
364.267,132.017,191.371,0.508,17.5907,82.5479
364.518,159.211,191.371,0.504,18.2341,82.5503
364.767,156.758,191.371,0.506,17.851,82.5527
365.017,147.986,191.371,0.503,17.8445,82.5543
365.267,128.044,191.371,0.509,17.5342,82.5558
365.517,159.881,191.371,0.505,17.518,82.5565
365.767,168.095,191.371,0.511,17.5282,82.5573
365.968,163.89,191.371,0.51,17.8436,82.5579
366.217,164.874,191.375,0.507,17.5255,82.5585
366.467,132.074,191.375,0.512,17.8476,82.5591
366.717,143.991,191.375,0.507,18.7836,82.5597
366.967,139.96,191.375,0.512,18.7832,82.5601
367.217,143.988,191.375,0.511,17.7654,82.5607
367.467,124.021,191.375,0.509,19.2136,82.5612
367.668,159.196,191.375,0.513,19.6,82.5617
367.917,168.699,191.375,0.508,19.1773,82.5625
368.167,139.975,191.375,0.513,18.846,82.5632
368.417,148.007,191.375,0.513,18.8451,82.5638
368.618,154.448,191.375,0.51,18.8478,82.5644
368.867,164.528,191.375,0.514,18.831,82.5653
369.117,128.005,191.375,0.52,18.8503,82.5659
369.367,143.943,191.375,0.52,18.4907,82.5664
369.617,188.006,191.375,0.518,18.0731,82.5673
369.867,127.849,191.375,0.515,18.1475,82.5685
370.117,148.131,191.375,0.523,18.1479,82.5692
370.367,140.042,191.375,0.524,18.1483,82.5704
370.617,144.037,191.375,0.528,18.8483,82.572
370.818,188.351,191.375,0.528,18.4852,82.5732
371.067,144.968,191.375,0.533,18.1505,82.5757
371.317,151.993,191.375,0.538,17.8153,82.5769
371.567,144.016,191.375,0.542,17.8316,82.5787
371.768,218.784,191.375,0.545,17.8198,82.5798
372.017,184.804,191.375,0.542,17.5005,82.5812
372.267,132.008,191.375,0.549,17.5001,82.5825
372.475,187.134,191.375,0.548,17.5692,82.5852
372.717,157.261,191.375,0.52,17.1931,82.6295
372.967,136.028,191.375,0.484,16.8961,82.6847
373.217,155.991,191.375,0.425,16.61,82.7475
373.467,167.971,191.375,0.393,16.3035,82.8162
373.717,135.992,191.375,0.355,16.6104,82.8923
373.967,140.013,191.375,0.34,16.6059,82.9674
374.217,135.988,191.375,0.334,16.8971,83.0385
374.419,172.999,191.375,0.337,16.6096,83.1
374.667,193.811,191.375,0.337,16.2848,83.1689
374.868,139.494,191.375,0.334,16.3614,83.2237
375.117,176.53,191.375,0.33,16.5772,83.2918
375.367,131.712,191.375,0.312,16.6091,83.3612
375.617,180.384,191.375,0.333,16.6073,83.4373
375.867,127.843,191.375,0.336,16.8957,83.5056
376.117,136.16,191.375,0.344,16.8949,83.576
376.367,140.062,191.375,0.352,16.9305,83.6494
376.617,135.94,191.375,0.362,16.8953,83.7196
376.867,139.989,191.375,0.366,16.8993,83.7928
377.117,139.874,191.375,0.37,16.8947,83.8626
377.367,172.232,191.375,0.376,17.8741,83.9297
377.617,179.956,191.375,0.384,17.7985,84.0014
377.867,135.981,191.375,0.393,17.8548,84.0598
378.117,187.975,191.375,0.4,17.783,84.1247
378.367,127.933,191.375,0.42,18.1486,84.1988
378.617,140.113,191.375,0.433,18.1509,84.2674
378.867,132.011,191.375,0.447,18.4912,84.3398
379.117,131.976,191.375,0.457,18.855,84.4136
379.367,147.686,191.375,0.448,18.4917,84.4808
379.617,168.374,191.375,0.433,18.4932,84.5508
379.867,143.998,191.375,0.393,18.4913,84.6187
380.117,127.983,191.375,0.371,18.1494,84.6923
380.367,139.915,191.375,0.33,18.4865,84.7673
380.568,139.437,191.375,0.328,18.8602,84.8176
380.817,140.537,191.375,0.319,18.4935,84.8802
381.067,132.039,191.375,0.312,18.4822,84.9413
381.317,151.793,191.375,0.31,18.1504,85.0038
381.567,180.209,191.375,0.315,17.5011,85.0668
381.817,135.985,191.375,0.321,17.5044,85.1274
382.067,144.001,191.375,0.33,17.1899,85.1924
382.317,144.008,191.375,0.325,17.546,85.251
382.567,144.028,191.375,0.29,17.5003,85.3051
382.817,139.992,191.375,0.282,17.5037,85.3606
383.067,144.005,191.375,0.286,17.4989,85.4182
383.317,143.976,191.375,0.296,17.1985,85.4857
383.567,143.97,191.375,0.323,16.8967,85.5511
383.768,204.03,191.375,0.336,17.1929,85.5931
384.017,140.645,191.375,0.351,17.1894,85.6544
384.267,139.924,191.375,0.362,17.1925,85.7233
384.517,180.001,191.375,0.361,17.4993,85.7901
384.767,135.994,191.375,0.365,17.8205,85.8519
385.018,155.14,191.375,0.371,17.8164,85.915
385.267,205.175,191.375,0.392,17.4887,85.9911
385.519,150.421,191.375,0.412,17.4972,86.0531
385.767,165.714,191.375,0.431,17.4488,86.1039
386.017,143.988,191.379,0.439,17.4993,86.166
386.267,136.033,191.379,0.444,17.4995,86.2337
386.517,135.979,191.379,0.458,17.5008,86.2974
386.767,135.998,191.379,0.486,17.82,86.3535
387.017,140.014,191.379,0.512,17.8175,86.4135
387.267,132.002,191.379,0.53,17.8216,86.4889
387.517,135.965,191.379,0.533,18.145,86.5516
387.767,139.99,191.379,0.55,17.8188,86.6071
388.017,140.008,191.379,0.554,17.8373,86.6712
388.267,180.061,191.379,0.536,17.8202,86.7414
388.467,164.52,191.379,0.535,17.5033,86.7982
388.717,148.326,191.379,0.521,16.9006,86.8605
388.967,127.936,191.379,0.518,17.1961,86.923
389.217,144.032,191.379,0.518,17.193,86.9994
389.467,128.032,191.379,0.52,17.1935,87.0694
389.718,223.362,191.379,0.523,17.1963,87.1405
389.967,124.365,191.379,0.529,16.8986,87.2159
390.217,140.002,191.379,0.527,17.2001,87.2871
390.467,123.929,191.379,0.526,17.1964,87.3644
390.717,132.061,191.379,0.53,17.1967,87.4353
390.967,179.535,191.379,0.533,17.1984,87.51
391.217,168.444,191.379,0.533,16.9662,87.5839
391.467,136.017,191.379,0.459,17.5061,87.6396
391.717,127.962,191.379,0.421,17.5027,87.6904
391.967,127.978,191.379,0.381,17.4996,87.7332
392.217,132.05,191.379,0.356,17.5029,87.7586
392.467,136.006,191.379,0.356,17.8268,87.7604
392.717,131.814,191.379,0.356,17.8206,87.7614
392.967,124.168,191.379,0.356,17.502,87.7633
393.217,143.945,191.379,0.356,17.1973,87.765
393.467,168.063,191.379,0.356,17.1943,87.7667
393.717,183.998,191.379,0.356,17.1765,87.768
393.968,139.252,191.379,0.356,17.8351,87.7696
394.217,164.895,191.379,0.356,17.1921,87.7707
394.467,135.994,191.379,0.355,17.1917,87.7718
394.717,139.953,191.379,0.343,17.1932,87.7732
394.967,132.058,191.379,0.342,17.189,87.7747
395.169,138.653,191.379,0.342,17.1938,87.7758
395.417,185.431,191.379,0.342,16.6023,87.7771
395.667,140.004,191.379,0.329,16.3338,87.7795
395.868,179.365,191.379,0.328,16.6105,87.7804
396.118,159.818,191.379,0.328,16.897,87.7819
396.367,172.679,191.379,0.328,16.3338,87.7832
396.618,155.463,191.379,0.325,16.6106,87.7844
396.867,164.572,191.379,0.323,16.333,87.7855
397.117,179.976,191.379,0.316,16.612,87.7868
397.467,145.701,191.379,0.319,16.8925,87.7891
397.717,148.009,191.379,0.318,16.894,87.7908
397.967,136.066,191.379,0.322,16.8974,87.8203
398.217,139.768,191.379,0.373,16.8929,87.8686
398.467,144.196,191.379,0.448,17.1861,87.9416
398.717,143.97,191.379,0.499,17.1905,88.0106
398.967,176.029,191.379,0.524,16.8249,88.0794
399.217,144.003,191.379,0.529,17.4983,88.1506
399.467,123.986,191.379,0.533,17.489,88.2192
399.717,152.018,191.379,0.534,17.8106,88.2904
399.967,176.01,191.379,0.532,17.7784,88.3644
400.217,139.995,191.379,0.527,17.8201,88.43
400.467,131.995,191.379,0.526,17.815,88.5067
400.669,168.155,191.379,0.53,17.8176,88.5639
400.917,157.362,191.379,0.533,17.8192,88.6377
401.167,171.995,191.379,0.532,17.771,88.7101
401.368,149.271,191.379,0.528,17.8182,88.7656
401.617,136.557,191.379,0.525,17.8165,88.8418
401.867,151.672,191.379,0.521,18.1472,88.9117
402.117,168.332,191.379,0.516,17.8119,88.9842
402.367,128.003,191.379,0.514,17.8168,89.0586
402.572,156.067,191.379,0.514,17.5033,89.1168
402.817,179.629,191.379,0.502,17.5015,89.1933
403.067,143.994,191.379,0.45,17.4981,89.2649
403.317,159.737,191.379,0.422,17.5014,89.3404
403.567,204.33,191.379,0.4,17.1483,89.412
403.817,136.008,191.379,0.385,17.1867,89.4903
404.067,131.994,191.379,0.382,17.2205,89.5671
404.268,183.756,191.379,0.376,17.1911,89.6238
404.517,152.834,191.379,0.373,17.1899,89.6999
404.767,136.004,191.379,0.361,16.8923,89.778
405.017,139.919,191.379,0.345,17.1923,89.848
405.268,147.589,191.379,0.343,16.8959,89.9212
405.47,197.399,191.379,0.343,17.1625,89.978
405.717,166.293,191.379,0.339,17.194,90.0544
405.967,136.024,191.379,0.334,16.8942,90.1307
406.217,135.986,191.379,0.324,17.1949,90.1979
406.467,172.009,191.379,0.313,17.4671,90.258
406.717,151.997,191.379,0.303,17.8246,90.3118
406.919,168.433,191.379,0.318,17.8201,90.3507
407.167,217.585,191.379,0.364,17.8232,90.4099
407.417,140.02,191.379,0.36,17.5014,90.4722
407.667,136.02,191.379,0.36,17.195,90.5421
407.918,159.329,191.379,0.363,17.1992,90.6001
408.168,211.814,191.379,0.367,17.1783,90.6559
408.417,160.63,191.379,0.371,16.6189,90.7111
408.667,184.195,191.379,0.378,16.6107,90.7644
408.917,143.989,191.379,0.378,16.6129,90.8186
409.167,192.023,191.379,0.37,16.3084,90.8881
409.417,127.991,191.379,0.368,16.6389,90.9537
409.667,148.001,191.379,0.367,16.608,91.0177
409.917,131.998,191.379,0.374,16.3262,91.0785
410.167,139.971,191.379,0.385,16.894,91.1523
410.417,136.043,191.379,0.406,16.8938,91.2277
410.667,148.01,191.379,0.376,17.1897,91.296
410.917,135.972,191.379,0.358,17.5013,91.3562
411.167,140.019,191.379,0.344,17.8149,91.4279
411.417,132.003,191.379,0.343,18.1443,91.4982
411.667,192.006,191.379,0.341,18.0845,91.5711
411.917,131.911,191.379,0.337,18.6509,91.6338
412.167,144.054,191.379,0.329,18.1551,91.7065
412.418,187.474,191.379,0.328,18.1494,91.7811
412.667,172.386,191.379,0.32,18.097,91.8475
412.918,183.55,191.379,0.318,17.8185,91.9168
413.167,168.523,191.379,0.317,17.8187,91.9868
413.417,144.016,191.379,0.318,17.8201,92.0593
413.667,128.005,191.379,0.319,17.8335,92.1239
413.917,163.81,191.379,0.324,17.8221,92.1773
414.167,175.957,191.379,0.313,17.818,92.2345
414.417,232.263,191.379,0.293,17.8241,92.2941
414.667,139.931,191.379,0.271,17.8194,92.3609
414.917,136.081,191.379,0.263,17.8198,92.4342
415.167,131.917,191.379,0.268,17.8925,92.5049
415.417,132.11,191.379,0.292,17.8759,92.5739
415.667,135.994,191.379,0.33,17.8206,92.6329
415.917,187.981,191.379,0.338,17.8154,92.6814
416.167,155.982,191.387,0.354,17.8149,92.7351
416.417,148.027,191.391,0.362,17.5011,92.7866
416.667,144.019,191.391,0.374,17.5008,92.8379
416.917,187.61,190.879,0.378,17.5615,92.8908
417.167,200.411,190.891,0.371,17.5437,92.9467
417.417,127.966,190.891,0.359,17.4967,93.0121
417.667,144.038,190.891,0.35,17.4999,93.0838
417.867,194.447,190.891,0.352,17.5047,93.1364
418.117,176.374,190.891,0.352,17.1919,93.2039
418.367,171.969,190.891,0.372,16.9027,93.2699
418.617,140.024,190.891,0.394,17.1929,93.3386
418.867,132.002,190.891,0.436,17.1917,93.4154
419.117,131.996,190.891,0.475,17.1895,93.4854
419.367,148.012,190.891,0.523,16.9033,93.5595
419.617,128.001,190.891,0.567,16.6103,93.6245
419.867,143.992,190.891,0.626,16.9284,93.6937
420.117,135.999,190.891,0.683,17.1949,93.7624
420.367,171.998,190.891,0.745,16.8413,93.8297
420.617,144.017,190.891,0.782,17.1926,93.8948
420.867,168.004,190.895,0.712,16.9218,93.9686
421.117,187.977,190.895,0.662,17.1938,94.0372
421.367,176.018,190.895,0.578,16.9296,94.1113
421.617,131.994,190.895,0.535,16.6095,94.1769
421.867,140.004,190.895,0.46,16.8999,94.245
422.117,131.981,190.934,0.407,17.5008,94.3156
422.367,144.025,190.934,0.343,17.1897,94.3851
422.617,131.986,190.934,0.306,17.4994,94.4542
422.867,128.002,190.934,0.243,17.1935,94.5303
423.067,194.521,190.934,0.223,17.1983,94.5731
423.317,132.253,190.934,0.208,17.2034,94.6623
423.567,144.005,190.934,0.212,16.8951,94.7322
423.817,183.738,190.934,0.223,17.451,94.8024
424.067,160.242,190.934,0.247,17.8176,94.869
424.317,143.984,190.934,0.276,18.1505,94.931
424.567,132.01,190.934,0.295,18.1483,95.0018
424.817,124.014,190.934,0.307,18.1477,95.065
425.068,139.609,190.934,0.34,18.495,95.133
425.317,136.353,190.934,0.366,18.1495,95.204
425.567,128.002,190.934,0.406,18.4917,95.2723
425.817,140.01,190.934,0.428,18.8509,95.3443
426.067,132,190.934,0.472,18.8492,95.4175
426.317,139.99,190.934,0.5,19.2353,95.4845
426.567,135.914,190.934,0.549,19.2723,95.5512
426.817,180.115,190.934,0.586,19.1966,95.6222
427.07,170.169,190.934,0.632,18.8488,95.6905
427.317,145.574,190.934,0.669,18.4904,95.7659
427.567,127.997,190.934,0.719,18.1511,95.8366
427.817,136.005,190.934,0.754,18.1526,95.913
428.067,124.022,190.934,0.805,18.1531,95.9856
428.317,135.86,190.934,0.83,18.1513,96.0542
428.567,140.096,190.934,0.885,17.8215,96.128
428.817,128.023,190.934,0.925,17.8216,96.1998
429.067,135.993,190.934,0.975,17.8243,96.2701
429.317,132,190.934,1.005,17.8211,96.3463
429.567,163.998,190.934,1.054,17.8251,96.4198
429.817,180.006,190.934,1.089,17.4984,96.4898
430.067,135.928,190.934,1.007,17.5029,96.5564
430.317,168.094,190.934,0.956,17.8213,96.6076
430.567,139.999,190.934,0.995,17.8209,96.6562
430.817,124.016,190.949,0.813,18.4911,96.6971
431.019,138.741,190.949,0.953,18.4191,96.7108
431.267,136.967,190.949,0.778,18.4139,96.7123
431.517,143.673,190.949,0.817,18.0737,96.713
431.767,144.364,190.949,0.945,18.0735,96.7139
432.017,135.942,190.949,0.842,18.4123,96.7144
432.267,156.018,190.949,0.85,18.4164,96.7155
432.476,172.162,190.949,0.852,18.0724,96.7173
432.717,178.384,190.949,0.844,18.0738,96.7181
432.922,199.6,190.949,0.84,18.0723,96.7193
433.167,155.513,190.949,0.839,18.0717,96.7203
433.417,151.974,190.949,0.823,17.7434,96.7216
433.667,148.01,190.949,0.828,16.8304,96.7231
433.917,151.98,190.953,0.82,17.4987,96.7248
434.118,178.609,190.953,0.818,17.4992,96.7257
434.367,169.091,190.953,0.664,17.5001,96.758
434.617,143.951,190.953,0.715,17.498,96.8118
434.867,152.042,190.953,0.739,17.818,96.8671
435.069,193.261,191.004,0.794,17.8182,96.9107
435.318,148.608,191.004,0.837,18.1909,96.977
435.519,149.21,191.004,0.92,18.148,97.0294
435.767,141.026,191.004,0.978,17.8491,97.0923
436.017,151.863,191.012,1.024,17.8193,97.1666
436.267,204.169,191.012,1.097,17.4679,97.2375
436.517,204.02,191.012,1.06,17.1772,97.3111
436.767,128.006,191.012,1.043,17.1939,97.3862
437.017,196.033,191.012,1.011,17.1848,97.4477
437.269,150.825,191.012,0.981,17.1939,97.514
437.517,221.651,191.012,0.94,17.1796,97.5821
437.767,132.018,191.012,0.917,16.3336,97.6552
438.017,151.764,191.012,0.893,16.3345,97.729
438.267,132.191,191.012,0.858,16.3334,97.7914
438.468,153.915,191.012,0.831,16.3336,97.8497
438.717,176.97,191.012,0.801,16.3057,97.9161
438.967,144.053,191.012,0.77,16.0657,97.9923
439.217,139.894,191.02,0.742,16.6504,98.0626
439.467,132.081,191.02,0.708,16.9132,98.131
439.721,157.565,191.02,0.685,16.3317,98.2053
439.967,166.601,191.02,0.646,16.3479,98.2756
440.217,151.898,191.031,0.611,16.6044,98.3522
440.467,132.078,191.031,0.585,16.3707,98.4248
440.717,139.972,191.031,0.568,16.8967,98.4848
440.967,144.039,191.031,0.555,17.1967,98.5535
441.217,143.983,191.066,0.538,17.1927,98.6273
441.469,135.083,191.066,0.525,17.8517,98.6831
441.717,205.071,191.066,0.511,17.8047,98.7437
441.919,183.314,191.066,0.501,17.4942,98.7829
442.167,153.365,191.066,0.485,17.5,98.8709
442.417,135.985,191.066,0.489,18.1466,98.938
442.668,183.115,191.066,0.498,18.1429,99.0027
442.917,184.897,191.066,0.527,17.1447,99.0785
443.167,139.996,191.066,0.557,16.8901,99.1472
443.417,152.019,191.066,0.611,17.4942,99.2207
443.667,175.973,191.066,0.645,17.423,99.2965
443.917,140.002,191.066,0.713,17.4948,99.3693
444.167,144.027,191.078,0.745,17.1886,99.446
444.417,179.865,191.078,0.693,16.8015,99.5215
444.667,176.141,191.078,0.65,17.5044,99.5892
444.917,147.981,191.078,0.596,17.4945,99.66
445.167,136.018,191.078,0.554,17.1897,99.7297
445.417,143.86,191.078,0.5,17.1898,99.8008
445.667,136.103,191.078,0.458,18.2314,99.8749
445.868,143.863,191.078,0.421,18.4935,99.932
446.119,199.645,191.078,0.385,18.0927,100.005
446.367,169.37,191.562,0.33,17.8761,100.076
446.617,136.005,191.562,0.285,17.8193,100.146
446.867,187.994,191.562,0.265,17.6882,100.222
447.117,132.032,191.562,0.25,17.8209,100.296
447.367,175.955,191.562,0.256,17.1687,100.359
447.617,195.882,191.562,0.269,16.9166,100.417
447.867,152.114,191.562,0.273,16.8987,100.469
448.117,147.986,191.562,0.294,16.8989,100.521
448.367,144.014,191.562,0.302,16.8924,100.576
448.574,173.966,191.562,0.306,16.8994,100.624
448.817,168.676,191.562,0.313,16.3364,100.689
449.067,139.98,191.562,0.318,16.6609,100.75
449.317,195.99,191.562,0.332,16.5658,100.812
449.567,143.997,191.562,0.344,16.6134,100.868
449.817,148.022,191.562,0.339,16.8988,100.927
450.067,144.009,191.562,0.338,16.898,100.987
450.317,143.983,191.562,0.334,17.8432,101.047
450.567,192.048,191.562,0.333,17.7955,101.104
450.817,139.947,191.562,0.337,18.1495,101.16
451.067,144.016,191.562,0.328,17.819,101.214
451.317,152.026,191.562,0.314,17.5003,101.278
451.567,139.98,191.562,0.319,18.1491,101.345
451.817,175.994,191.562,0.329,17.8037,101.422
452.068,167.227,191.562,0.343,18.1724,101.489
452.317,168.786,191.562,0.363,17.8176,101.551
452.567,135.993,191.562,0.37,17.8181,101.625
452.817,144.008,191.562,0.38,18.1483,101.697
453.067,139.73,191.562,0.385,18.1486,101.762
453.318,199.602,191.562,0.39,18.1728,101.832
453.567,152.598,191.562,0.396,17.8142,101.896
453.817,148.006,191.562,0.41,17.8182,101.967
454.067,132.011,191.562,0.393,17.8181,102.037
454.317,135.976,191.562,0.391,17.819,102.105
454.52,172.578,191.562,0.387,17.8243,102.166
454.768,181.201,191.562,0.385,17.5003,102.234
455.017,152.753,191.562,0.384,17.5269,102.306
455.267,131.963,191.562,0.382,17.1927,102.381
455.517,196.016,191.594,0.376,16.8495,102.454
455.767,135.992,191.594,0.373,16.6099,102.527
456.018,139.558,191.594,0.371,16.61,102.596
456.267,172.555,191.094,0.37,16.6078,102.666
456.517,139.994,191.094,0.362,16.6105,102.738
456.72,167.577,191.094,0.36,16.8971,102.792
456.967,141.67,191.094,0.352,16.897,102.861
457.217,136.001,191.094,0.35,16.8957,102.933
457.467,140.003,191.094,0.348,16.8963,103.003
457.717,175.956,191.094,0.344,16.8927,103.073
457.967,136.031,191.094,0.347,16.8962,103.138
458.217,139.979,191.094,0.353,16.8971,103.198
458.467,136.011,191.094,0.357,16.8991,103.279
458.717,191.981,191.094,0.361,16.8457,103.352
458.967,128.019,191.094,0.361,16.8946,103.426
459.217,199.954,191.094,0.362,16.598,103.5
459.467,128.012,191.094,0.362,16.8955,103.567
459.717,179.674,191.094,0.362,16.6057,103.632
459.967,140.279,191.094,0.357,16.6087,103.699
460.217,131.95,191.094,0.342,16.6073,103.77
460.467,180.044,191.094,0.335,16.332,103.838
460.717,135.968,191.094,0.331,16.9283,103.905
460.967,144.038,191.094,0.333,16.8935,103.979
461.219,158.677,191.094,0.332,16.8945,104.044
461.467,157.322,191.094,0.33,16.3323,104.106
461.717,171.968,191.188,0.325,16.2797,104.176
461.967,136.03,191.188,0.322,16.6095,104.238
462.217,135.982,191.188,0.32,16.6556,104.309
462.417,159.476,191.188,0.319,16.6066,104.369
462.667,160.447,191.188,0.319,16.6106,104.439
462.917,143.967,191.188,0.319,17.1881,104.506
463.167,168.037,191.188,0.318,17.1934,104.575
463.417,131.991,191.188,0.308,16.8924,104.65
463.667,144.001,191.188,0.29,16.6144,104.718
463.917,135.986,191.188,0.289,16.8965,104.783
464.168,159.417,191.188,0.29,17.8445,104.857
464.417,164.604,191.188,0.291,17.8183,104.929
464.618,163.682,191.188,0.286,17.8205,104.986
464.867,201.273,191.188,0.271,17.8158,105.06
465.117,135.973,191.188,0.283,18.1499,105.13
465.367,140.015,191.188,0.286,17.8233,105.19
465.617,139.956,191.188,0.295,17.823,105.249
465.867,136.05,191.188,0.303,17.5025,105.301
466.117,155.999,191.188,0.328,17.8204,105.358
466.318,163.93,191.188,0.347,17.8224,105.401
466.567,176.943,191.188,0.357,17.8261,105.457
466.817,143.987,191.188,0.378,17.5004,105.513
467.067,192.001,191.188,0.385,17.4809,105.565
467.317,155.999,191.188,0.393,17.1934,105.624
467.567,143.999,191.188,0.391,17.5243,105.686
467.817,184.03,191.188,0.384,17.1931,105.759
468.067,128.001,191.188,0.37,17.4999,105.83
468.317,151.971,191.188,0.37,17.5004,105.883
468.518,224.089,191.188,0.37,17.4794,105.931
468.767,144.478,191.188,0.37,17.1946,105.998
469.017,183.626,191.188,0.378,17.4858,106.063
469.267,140.285,191.188,0.384,17.2079,106.125
469.517,143.985,191.191,0.389,17.1941,106.186
469.767,132.011,191.191,0.39,17.193,106.257
470.017,132.004,191.191,0.386,17.4999,106.33
470.267,136.002,191.191,0.38,17.8186,106.399
470.521,153.383,191.191,0.374,18.1489,106.472
470.767,158.696,191.191,0.372,17.8186,106.543
471.017,140.007,191.191,0.371,17.818,106.614
471.267,124.01,191.191,0.37,17.8751,106.691
471.517,191.978,191.191,0.37,17.7677,106.761
471.767,128.003,191.191,0.37,18.1667,106.83
472.018,147.603,191.191,0.37,18.4877,106.901
472.267,128.351,191.191,0.37,18.4907,106.973
472.517,143.901,191.191,0.37,18.148,107.047
472.718,174.095,191.191,0.37,18.1482,107.102
472.967,140.679,191.191,0.37,17.8134,107.17
473.217,139.873,191.191,0.37,17.8178,107.248
473.467,128.116,191.191,0.371,17.8204,107.32
473.717,144.007,191.191,0.371,17.5,107.391
473.967,172.003,191.191,0.372,17.4682,107.457
474.217,136.004,191.191,0.378,18.2003,107.532
474.419,153.437,191.191,0.38,18.1483,107.592
474.667,157.277,191.191,0.382,17.818,107.66
474.917,143.993,191.191,0.382,17.8177,107.731
475.167,167.988,191.191,0.365,17.4836,107.796
475.417,144.02,191.191,0.312,17.8159,107.868
475.667,151.817,191.191,0.281,18.1478,107.94
475.917,156.16,191.191,0.259,17.8171,108.005
476.167,140.001,191.191,0.244,17.818,108.079
476.417,167.865,191.191,0.247,17.4996,108.144
476.668,183.608,191.191,0.258,17.4997,108.213
476.917,168.515,191.191,0.27,17.172,108.283
477.167,143.988,191.191,0.283,17.1898,108.352
477.417,128.021,191.191,0.29,17.2145,108.427
477.667,143.975,191.191,0.301,16.8966,108.496
477.917,131.988,191.191,0.318,17.1932,108.563
478.167,136.053,191.191,0.331,17.5026,108.639
478.417,179.961,191.191,0.357,17.5009,108.705
478.667,128.023,191.191,0.368,17.5007,108.775
478.917,143.972,191.191,0.378,17.5011,108.849
479.167,131.998,191.684,0.388,17.8165,108.919
479.417,139.909,191.684,0.416,17.8355,108.993
479.667,172.114,191.684,0.439,17.8436,109.067
479.917,136.006,191.684,0.49,17.8174,109.132
480.167,180.012,191.684,0.519,17.816,109.207
480.417,127.987,191.684,0.524,18.1504,109.284
480.667,184.014,191.684,0.525,17.8072,109.355
480.917,135.955,191.684,0.524,17.8218,109.429
481.167,184.071,191.684,0.524,17.8211,109.498
481.417,127.984,191.684,0.526,17.8211,109.573
481.667,132.025,191.684,0.525,18.151,109.649
481.917,135.97,191.684,0.524,18.1511,109.72
482.118,144.475,191.684,0.521,18.494,109.78
482.369,202.697,191.684,0.519,18.8492,109.85
482.617,141.337,191.684,0.517,18.4945,109.926
482.867,168.003,191.684,0.516,18.8359,110.002
483.117,139.983,191.684,0.515,18.8498,110.066
483.367,127.984,191.684,0.511,18.8504,110.123
483.617,176.009,191.684,0.506,18.4619,110.171
483.867,168.013,191.684,0.505,18.5382,110.211
484.068,134.127,191.684,0.503,18.4936,110.228
484.317,176.886,191.684,0.503,17.8186,110.23
484.521,161.536,191.684,0.503,17.5034,110.231
484.767,187.247,191.684,0.503,17.1918,110.232
485.017,140.024,191.684,0.5,16.6123,110.233
485.267,143.979,191.684,0.499,16.6101,110.234
485.517,143.982,191.684,0.491,16.898,110.234
485.767,128.009,191.684,0.491,16.9093,110.236
486.017,151.993,191.684,0.488,16.8978,110.238
486.267,140.008,191.684,0.487,16.8972,110.239
486.517,140.008,191.125,0.483,17.5275,110.241
486.718,149.343,191.125,0.481,17.1878,110.243
486.968,163.556,191.125,0.482,16.8852,110.244
487.217,173.035,191.125,0.48,17.4883,110.246
487.467,176.065,191.125,0.487,18.1528,110.248
487.72,189.445,191.141,0.488,18.1319,110.249
487.967,145.815,191.141,0.493,17.8054,110.268
488.217,160.129,191.141,0.504,17.4876,110.324
488.467,187.811,191.141,0.516,17.1805,110.383
488.717,192.075,191.141,0.528,17.1817,110.446
488.918,154.067,191.141,0.527,16.8858,110.507
489.168,148.296,191.141,0.526,17.1844,110.583
489.417,184.337,191.141,0.525,16.6013,110.653
489.667,136.132,191.141,0.525,16.8967,110.728
489.918,155.268,191.141,0.525,17.1935,110.799
490.168,199.824,191.141,0.528,16.8965,110.872
490.417,193.254,191.141,0.531,16.8836,110.944
490.667,139.838,191.141,0.528,16.6099,111.017
490.918,211.492,191.141,0.526,16.2957,111.089
491.167,140.479,191.141,0.526,16.6109,111.16
491.417,139.865,191.141,0.529,16.6354,111.234
491.667,148.146,191.629,0.534,16.6137,111.307
491.917,135.993,191.629,0.525,16.61,111.377
492.167,175.998,191.629,0.475,16.3334,111.453
492.417,144.017,191.629,0.442,16.6233,111.53
492.667,140.018,191.629,0.424,16.8956,111.6
492.917,151.971,191.629,0.406,17.2261,111.672
493.167,132.081,191.629,0.397,17.5324,111.738
493.417,143.913,191.629,0.397,18.1519,111.812
493.667,139.888,191.629,0.395,18.8887,111.881
493.917,132.116,191.629,0.393,18.4893,111.956
494.117,154.586,191.629,0.39,18.4913,112.017
494.367,168.309,191.629,0.385,17.8056,112.086
494.617,144.04,191.629,0.368,17.8177,112.158
494.867,131.982,191.629,0.317,18.1679,112.228
495.117,135.955,191.629,0.305,17.8175,112.303
495.367,155.956,191.629,0.287,17.4997,112.374
495.617,191.858,191.629,0.28,17.4865,112.433
495.867,152.243,191.629,0.305,16.6072,112.498
496.117,143.958,191.629,0.322,16.333,112.566
496.367,140.047,191.629,0.376,16.3332,112.638
496.617,135.987,191.629,0.423,16.6098,112.709
496.867,143.985,191.629,0.468,16.6065,112.778
497.117,143.878,191.629,0.457,16.8969,112.847
497.367,176.156,191.629,0.454,17.1926,112.916
497.617,132.003,191.629,0.449,17.193,112.981
497.867,152.008,191.629,0.439,17.193,113.057
498.117,135.962,191.629,0.437,17.1929,113.126
498.367,184.017,191.629,0.435,17.1936,113.185
498.617,180.017,191.629,0.42,17.1281,113.257
498.867,136.007,191.629,0.399,17.1924,113.321
499.117,143.935,191.629,0.393,17.1921,113.386
499.367,144.066,191.629,0.392,16.895,113.458
499.617,131.995,191.629,0.39,16.8958,113.525
499.867,140.008,191.629,0.387,16.8946,113.595
500.068,154.193,191.629,0.386,16.8952,113.656
500.317,200.307,191.629,0.383,16.8949,113.72
500.57,162.361,191.629,0.375,16.3323,113.789
500.817,170.166,191.629,0.378,16.2826,113.858
501.067,175.985,191.629,0.38,16.3094,113.927
501.317,163.662,191.629,0.377,16.0644,113.998
501.567,156.329,191.629,0.373,16.6697,114.067
501.768,184.051,191.629,0.37,16.608,114.129
502.017,148.604,191.629,0.363,16.6093,114.2
502.267,128.001,191.629,0.354,16.6084,114.273
502.517,143.944,191.629,0.344,16.3319,114.342
502.767,132.044,191.629,0.343,16.3324,114.41
503.017,144.005,191.629,0.343,16.0653,114.486
503.267,176.007,191.629,0.346,16.0624,114.558
503.517,143.996,191.629,0.347,16.6099,114.626
503.767,128.019,191.629,0.345,17.1954,114.701
504.017,147.998,191.629,0.343,17.1936,114.773
504.267,119.988,191.629,0.342,17.8195,114.841
504.517,191.91,191.629,0.342,17.8201,114.898
504.767,132.007,191.629,0.335,17.8188,114.954
505.017,160.061,191.629,0.329,17.8201,115.016
505.267,132,191.629,0.307,18.4913,115.082
505.468,178.793,191.629,0.304,18.4938,115.128
505.717,197.054,191.629,0.308,18.4373,115.184
505.918,154.478,191.629,0.31,18.8748,115.225
506.167,184.52,191.629,0.313,18.1495,115.281
506.417,148.009,191.629,0.317,18.1496,115.333
506.667,207.72,191.629,0.318,17.8198,115.38
506.917,172.206,191.629,0.319,17.1972,115.452
507.167,144.016,191.629,0.312,17.1933,115.515
507.417,132.003,191.629,0.32,17.5007,115.588
507.667,135.981,191.629,0.319,17.1932,115.651
507.917,140.01,191.629,0.319,17.5007,115.707
508.118,179.306,191.629,0.319,17.5012,115.764
508.367,144.452,191.629,0.319,17.8178,115.833
508.617,136.004,191.629,0.328,17.8182,115.902
508.867,171.992,191.629,0.348,18.1712,115.969
509.117,143.96,191.641,0.353,18.1477,116.036
509.367,136.028,191.641,0.358,19.2738,116.106
509.617,140.016,191.641,0.361,19.2158,116.172
509.867,131.936,191.641,0.366,18.8463,116.249
510.117,143.955,191.051,0.367,18.8462,116.319
510.367,176.15,191.145,0.372,17.7997,116.381
510.618,171.463,191.145,0.374,17.425,116.451
510.867,188.575,191.145,0.374,17.1931,116.526
511.117,175.985,191.145,0.372,17.198,116.594
511.367,140.018,191.145,0.37,16.896,116.665
511.617,168.004,191.145,0.37,16.8828,116.736
511.867,175.999,191.145,0.37,16.9143,116.81
512.117,135.977,191.145,0.37,16.8962,116.882
512.367,136.012,191.145,0.37,16.6099,116.944
512.617,136.018,191.145,0.37,16.8966,117.016
512.867,132.001,191.145,0.37,16.8957,117.082
513.117,159.805,191.145,0.37,17.8367,117.141
513.367,164.202,191.145,0.37,18.1486,117.228
513.568,169.155,191.145,0.37,18.4903,117.282
513.818,160.095,191.145,0.37,18.1637,117.354
514.067,164.56,191.145,0.37,18.1485,117.428
514.317,143.978,191.145,0.369,18.4856,117.5
514.567,123.997,191.145,0.369,18.1475,117.567
514.817,127.983,191.145,0.369,18.1487,117.63
515.067,188.066,191.145,0.369,17.5029,117.706
515.317,139.947,191.145,0.369,17.8131,117.782
515.567,144.015,191.145,0.369,17.8181,117.849
515.817,128.034,191.145,0.369,17.8178,117.918
516.067,139.995,191.145,0.374,18.1475,117.985
516.317,139.97,191.145,0.378,18.1885,118.057
516.567,172.043,191.145,0.384,17.8001,118.125
516.817,135.996,191.145,0.387,18.1491,118.192
517.018,164.318,191.145,0.389,18.1429,118.252
517.267,156.505,191.145,0.391,18.1472,118.322
517.517,183.994,191.145,0.391,17.8171,118.394
517.767,120.005,191.145,0.392,18.4901,118.471
517.968,184.171,191.145,0.392,18.4899,118.527
518.217,148.503,191.145,0.392,18.1488,118.585
518.467,151.922,191.145,0.392,18.1466,118.665
518.717,132.083,191.145,0.395,18.1468,118.732
518.967,143.892,191.145,0.395,18.4911,118.802
519.217,216.198,191.145,0.394,18.5106,118.873
519.467,132.001,191.145,0.39,18.1472,118.937
519.669,148.192,191.145,0.368,18.1476,118.983
519.921,190.76,191.145,0.342,18.1685,119.054
520.167,146.345,191.145,0.318,18.1826,119.129
520.417,159.89,191.145,0.32,18.1493,119.2
520.667,148.147,191.145,0.322,17.8194,119.272
520.92,158.126,191.145,0.322,18.1892,119.331
521.167,165.957,191.145,0.329,17.8338,119.384
521.417,143.975,191.145,0.333,17.5028,119.443
521.667,140.034,191.145,0.317,17.5031,119.505
521.917,167.966,191.145,0.32,17.497,119.58
522.167,144.028,191.145,0.334,17.5034,119.642
522.417,139.989,191.145,0.346,17.503,119.698
522.667,140.009,191.145,0.369,17.82,119.763
522.917,139.968,191.145,0.38,17.821,119.835
523.167,175.987,191.145,0.421,17.5032,119.905
523.417,140.025,191.145,0.442,17.8196,119.979
523.667,168.02,191.145,0.488,17.821,120.045
523.917,167.924,191.145,0.497,17.8204,120.111
524.167,140.054,191.145,0.507,18.1544,120.183
524.417,131.996,191.145,0.512,18.1517,120.251
524.667,144.014,191.145,0.538,18.1516,120.313
524.917,123.971,191.145,0.56,18.4954,120.384
525.118,129.518,191.145,0.551,18.4941,120.442
525.367,140.435,191.145,0.54,18.1524,120.513
525.617,135.963,191.145,0.531,18.4923,120.571
525.867,172.064,191.145,0.541,18.4944,120.625
526.117,123.971,191.145,0.551,18.4958,120.667
526.367,132.02,191.145,0.558,18.5042,120.699
526.617,128.003,191.145,0.559,18.1568,120.701
526.867,128.009,191.145,0.559,18.1504,120.701
527.117,135.959,191.145,0.558,17.8201,120.702
527.318,193.728,191.145,0.56,18.155,120.703
527.567,144.768,191.145,0.563,17.8197,120.704
527.817,180.046,191.145,0.566,17.4986,120.706
528.117,129.975,191.145,0.572,18.1462,120.707
528.367,156,191.145,0.573,17.5045,120.708
528.617,136.014,191.145,0.577,17.5055,120.71
528.867,148.069,191.145,0.578,17.5026,120.712
529.117,143.919,191.145,0.581,17.8199,120.714
529.367,144.024,191.145,0.582,18.1496,120.717
529.568,247.924,191.145,0.581,18.1506,120.718
529.817,169.119,191.145,0.582,17.8202,120.72
530.067,139.987,191.145,0.583,17.8199,120.722
530.317,159.992,191.145,0.585,17.8106,120.725
530.567,144.006,191.145,0.559,17.8223,120.754
530.817,191.982,191.145,0.528,17.8192,120.808
531.067,152.017,191.145,0.492,17.4993,120.858
531.317,147.993,191.145,0.49,17.1927,120.913
531.571,153.655,191.145,0.493,17.1932,120.971
531.817,199.056,191.145,0.499,16.8461,121.037
532.067,179.987,191.145,0.527,16.2811,121.105
532.317,140.002,191.145,0.55,16.3337,121.174
532.567,132.003,191.145,0.551,16.0803,121.243
532.817,140.008,191.145,0.536,16.6078,121.311
533.067,132.003,191.145,0.512,16.3336,121.378
533.317,147.982,191.145,0.488,16.6164,121.449
533.519,152.987,191.145,0.457,16.3332,121.503
533.767,189.7,191.145,0.407,16.331,121.579
534.017,164.071,191.145,0.383,16.8973,121.643
534.267,176.225,191.145,0.343,17.1935,121.707
534.517,135.977,191.145,0.317,17.1945,121.774
534.718,193.565,191.145,0.303,17.532,121.813
534.967,140.857,191.145,0.276,17.1938,121.901
535.217,131.996,191.145,0.284,17.1981,121.967
535.467,191.943,191.145,0.29,17.5,122.026
535.717,132.034,191.145,0.301,17.8184,122.086
535.967,144.003,191.145,0.31,17.5,122.149
536.217,140,191.145,0.314,17.5004,122.207
536.467,200.032,191.145,0.306,17.4765,122.261
536.717,147.995,191.145,0.307,17.5474,122.322
536.967,139.97,191.145,0.331,17.53,122.389
537.217,127.92,191.145,0.36,17.4992,122.457
537.468,167.345,191.145,0.362,17.192,122.532
537.721,205.935,191.145,0.364,16.5706,122.604
537.967,166.48,191.145,0.368,16.8968,122.677
538.217,139.95,191.145,0.369,16.6111,122.748
538.467,132.035,191.145,0.369,16.6072,122.817
538.717,131.972,191.145,0.37,16.8965,122.893
538.967,179.998,191.145,0.37,16.5763,122.967
539.217,139.983,191.145,0.37,16.8963,123.041
539.467,140.024,191.637,0.397,16.8967,123.112
539.717,135.992,191.637,0.414,16.8969,123.182
539.967,147.891,191.637,0.462,17.1935,123.251
540.217,168.107,191.637,0.46,17.4994,123.323
540.467,132.032,191.637,0.452,18.49,123.393
540.717,187.967,191.637,0.446,18.4735,123.468
540.967,128.005,191.637,0.421,18.4906,123.545
541.217,159.661,191.637,0.421,18.4899,123.616
541.467,160.342,191.637,0.435,18.4914,123.689
541.717,132.008,191.637,0.451,18.8476,123.758
541.967,140.026,191.637,0.487,18.8463,123.835
542.168,163.828,191.637,0.515,18.8461,123.898
542.417,213.213,191.637,0.518,18.8453,123.963
542.618,179.039,191.637,0.497,18.4913,124.024
542.867,140.586,191.637,0.443,18.8474,124.094
543.117,171.982,191.637,0.42,18.4908,124.17
543.367,132.018,191.637,0.394,18.1493,124.246
543.617,143.984,191.637,0.383,17.8177,124.315
543.867,172.014,191.637,0.387,17.4525,124.388
544.117,139.906,191.637,0.39,17.499,124.464
544.367,132.076,191.637,0.391,17.1927,124.533
544.617,151.736,191.637,0.393,16.8963,124.606
544.867,160.283,191.637,0.401,17.1926,124.676
545.117,131.993,191.637,0.403,16.897,124.751
545.367,151.974,191.637,0.412,17.2125,124.826
545.617,180.048,191.637,0.415,17.1761,124.893
545.867,135.996,191.637,0.418,17.8352,124.964
546.117,131.999,191.637,0.423,17.8189,125.032
546.367,131.997,191.637,0.429,17.8241,125.105
546.617,139.852,191.637,0.433,18.4908,125.177
546.867,132.164,191.637,0.44,18.8499,125.242
547.117,135.975,191.637,0.443,18.4938,125.318
547.367,183.803,191.637,0.445,18.8488,125.393
547.617,200.033,191.637,0.446,18.8378,125.464
547.867,140.147,191.637,0.449,18.4937,125.537
548.117,127.721,191.637,0.454,18.4931,125.61
548.367,144.329,191.637,0.455,18.1545,125.68
548.618,151.187,191.637,0.456,17.8214,125.752
548.867,156.812,191.637,0.461,17.8226,125.816
549.117,143.808,191.637,0.461,17.8209,125.876
549.367,176.257,191.117,0.458,17.503,125.963
549.617,131.992,191.133,0.452,17.5029,126.034
549.867,124.005,191.133,0.45,17.5032,126.102
550.118,175.017,191.133,0.451,17.5037,126.171
550.32,178.534,191.133,0.461,17.5155,126.218
550.567,125.543,191.133,0.468,17.5421,126.27
550.817,139.952,191.133,0.49,17.4964,126.31
551.067,124.024,191.133,0.495,17.5063,126.336
551.317,163.982,191.133,0.496,17.1902,126.338
551.567,131.989,191.133,0.498,17.525,126.339
551.817,128.045,191.133,0.498,17.8182,126.34
552.067,123.969,191.133,0.492,18.1503,126.342
552.317,132.058,191.133,0.498,17.8201,126.342
552.567,135.956,191.133,0.497,17.8194,126.343
552.819,154.765,191.133,0.488,17.8197,126.344
553.067,153.208,191.133,0.488,17.8193,126.345
553.317,143.993,191.133,0.491,18.1475,126.346
553.567,140.017,191.133,0.493,17.8183,126.348
553.817,143.991,191.133,0.486,17.819,126.349
554.067,179.97,191.133,0.485,18.1546,126.35
554.317,148.045,191.133,0.488,17.5491,126.351
554.567,139.966,191.133,0.489,17.242,126.353
554.817,163.672,191.133,0.484,17.2404,126.354
555.067,156.338,191.133,0.487,17.2408,126.356
555.317,171.763,191.133,0.488,17.2407,126.357
555.567,156.217,191.133,0.487,17.5487,126.359
555.817,148.002,191.133,0.489,17.8696,126.362
556.067,192.017,191.133,0.491,17.8683,126.363
556.317,147.968,191.133,0.497,17.5486,126.383
556.518,144.313,191.133,0.493,17.5399,126.425
556.767,136.538,191.133,0.484,17.5488,126.479
556.97,256.248,191.133,0.46,17.5662,126.524
557.217,153.707,191.133,0.428,17.5014,126.583
557.467,140.128,191.133,0.401,17.492,126.655
557.717,135.886,191.133,0.379,17.824,126.716
557.967,132.081,191.133,0.373,17.8134,126.773
558.217,144.033,191.133,0.381,17.5282,126.84
558.467,128.007,191.133,0.388,17.4971,126.911
558.717,143.855,191.133,0.41,17.1925,126.978
558.967,136.131,191.133,0.414,17.818,127.045
559.22,166.022,191.133,0.412,17.5027,127.111
559.467,145.675,191.133,0.416,17.4914,127.183
559.717,183.912,191.133,0.419,17.4766,127.252
559.967,124.067,191.133,0.424,17.4954,127.323
560.217,144.009,191.133,0.43,17.8251,127.397
560.467,136.027,191.133,0.432,17.8155,127.463
560.717,171.932,191.133,0.433,16.8786,127.534
560.967,167.864,191.133,0.433,16.8995,127.608
561.217,148.151,191.133,0.434,16.8941,127.679
561.467,136.025,191.133,0.434,16.3312,127.747
561.668,164.17,191.133,0.435,16.6085,127.793
561.917,160.511,191.133,0.444,16.333,127.86
562.167,132.062,191.133,0.452,16.3332,127.936
562.417,144.053,191.133,0.455,16.61,128.004
562.667,136.017,191.133,0.449,16.6452,128.076
562.917,127.938,191.133,0.422,16.9,128.144
563.167,140.08,191.133,0.421,16.6113,128.216
563.417,167.808,191.133,0.406,16.338,128.28
563.667,192.149,191.133,0.384,16.9142,128.344
563.917,131.955,191.133,0.345,16.6136,128.421
564.167,140.02,191.133,0.329,17.1938,128.496
564.417,131.99,191.133,0.323,17.4997,128.554
564.667,140.021,191.133,0.314,17.5,128.616
564.917,143.982,191.133,0.315,17.8193,128.681
565.119,212.627,191.133,0.311,17.8193,128.719
565.367,181.675,191.133,0.315,17.1866,128.798
565.617,135.951,191.133,0.326,17.1936,128.857
565.867,144.021,191.133,0.335,17.194,128.913
566.117,183.931,191.133,0.314,17.1709,128.97
566.367,144.061,191.133,0.291,17.1952,129.023
566.617,148.016,191.133,0.271,17.581,129.079
566.867,147.987,191.133,0.279,17.5003,129.14
567.117,131.703,191.133,0.295,17.1936,129.213
567.367,172.381,191.133,0.312,17.1951,129.272
567.617,148.029,191.133,0.323,16.8927,129.337
567.867,144.001,191.133,0.33,16.61,129.41
568.117,127.985,191.133,0.338,17.2401,129.481
568.367,140.012,191.133,0.344,17.1929,129.548
568.617,131.992,191.133,0.36,17.1928,129.622
568.867,167.966,191.133,0.372,17.193,129.696
569.117,192.026,191.133,0.39,16.5461,129.765
569.367,135.964,191.133,0.409,16.6109,129.841
569.617,144.045,191.633,0.427,16.8976,129.912
569.867,128.001,191.633,0.449,17.1933,129.988
570.117,139.985,191.633,0.501,17.1943,130.057
570.367,132.028,191.633,0.534,17.5069,130.132
570.617,135.969,191.633,0.578,17.5016,130.201
570.818,169.24,191.633,0.579,17.5091,130.252
571.067,140.542,191.633,0.579,17.5027,130.328
571.317,139.963,191.633,0.587,17.5054,130.395
571.567,139.708,191.633,0.592,17.5033,130.469
571.817,160.376,191.633,0.596,18.1263,130.54
572.067,135.961,191.633,0.597,17.8216,130.609
572.317,176.018,191.633,0.598,17.82,130.685
572.567,179.894,191.633,0.599,17.4747,130.76
572.817,132.098,191.633,0.599,17.5033,130.828
573.018,144.448,191.633,0.599,17.1947,130.889
573.267,160.463,191.633,0.597,17.1959,130.96
573.518,135.279,191.633,0.591,17.5053,131.034
573.767,136.729,191.633,0.59,17.8184,131.107
574.017,127.978,191.633,0.588,17.8199,131.177
574.267,124.009,191.633,0.578,17.8214,131.251
574.517,179.659,191.633,0.499,18.2373,131.314
574.767,128.271,191.633,0.456,18.1506,131.37
575.017,139.845,191.633,0.393,18.2035,131.418
575.267,124.131,191.633,0.37,17.8254,131.458
575.467,134.58,191.633,0.328,17.8204,131.49
575.717,200.364,191.633,0.319,17.4585,131.499
575.967,160.111,191.633,0.32,18.1494,131.5
576.217,136.017,191.633,0.32,18.1523,131.501
576.467,135.974,191.633,0.319,17.8182,131.502
576.717,151.998,191.633,0.319,17.1949,131.503
576.918,138.951,191.633,0.319,17.1956,131.505
577.167,136.84,191.633,0.318,16.898,131.505
577.417,135.997,191.633,0.318,16.6177,131.507
577.617,199.399,191.633,0.306,16.8977,131.508
577.867,180.437,191.633,0.305,16.6087,131.51
578.117,147.982,191.633,0.303,16.8966,131.512
578.367,192.035,191.633,0.302,16.6064,131.513
578.617,143.983,191.633,0.288,16.9387,131.515
578.867,176.003,191.633,0.286,16.6163,131.516
579.117,148.029,191.633,0.288,16.3332,131.517
