time,cpu,memory,obstacle_distance,cmd_vel_frequency,distance_travelled
0.249534,0,115.668,inf,50.5869,0.00154443
0.499521,84.0044,115.668,inf,50.3509,0.0417854
0.749548,95.9895,115.668,inf,50.2056,0.113032
0.999524,96.0095,115.668,inf,50.12,0.172286
1.25,107.795,115.668,inf,49.9684,0.229845
1.49952,96.186,115.668,inf,49.9465,0.290206
1.74952,103.997,115.668,inf,49.9079,0.354687
1.99949,96.0119,115.672,0.564,49.9513,0.415857
2.24955,99.9787,115.672,0.614,50.2401,0.482824
2.49954,92.0013,115.672,0.675,50.0536,0.553657
2.74954,104.002,115.672,0.731,49.9964,0.627852
2.99952,104.008,115.672,0.772,49.9634,0.695046
3.24952,99.9988,115.672,0.805,49.9865,0.751354
3.49951,96.0044,115.672,0.834,50.0108,0.811775
3.74998,103.804,115.672,0.858,50.0194,0.873843
3.99951,88.1663,115.672,0.869,50.0294,0.936377
4.24954,87.9907,115.672,0.886,50.0203,1.00187
4.49949,92.0178,115.672,0.892,50.0091,1.06703
4.74957,91.9706,115.672,0.896,50.0719,1.14101
4.9995,88.0238,115.672,0.893,49.9961,1.21417
5.24957,107.971,115.672,0.882,49.9809,1.28392
5.49949,84.0277,115.672,0.883,49.9857,1.35011
5.74957,91.9697,115.672,0.867,50.0514,1.41631
5.99948,88.0307,115.672,0.845,50.0444,1.47894
6.24953,95.9824,115.672,0.822,50.0509,1.54673
6.49952,84.0026,115.672,0.816,50.0249,1.62088
6.74955,87.9906,115.672,0.811,50.0437,1.6812
6.99951,88.0135,115.672,0.803,49.9908,1.74153
7.24953,103.989,115.672,0.782,50.0046,1.7987
7.49946,88.0252,115.672,0.764,50.0159,1.86
7.74954,91.9731,115.672,0.712,49.9944,1.91904
7.99949,88.0164,115.672,0.67,50.0168,1.9776
8.24954,91.9803,115.672,0.606,50.0255,2.04255
8.49951,80.0103,115.672,0.564,50.0057,2.10354
8.74953,99.9906,115.672,0.514,49.9738,2.17943
8.99949,100.018,115.672,0.496,49.9817,2.24724
9.24954,99.9812,115.672,0.45,49.9883,2.30991
9.4995,88.0143,115.672,0.432,50.0126,2.3749
9.74959,91.9637,115.672,0.404,50.0845,2.43983
9.99949,84.0363,115.672,0.382,50.0302,2.49901
10.2495,95.9779,115.672,0.357,50.0905,2.56355
10.4995,84.0197,115.672,0.342,50.0322,2.6285
10.7495,99.9852,115.672,0.319,50.066,2.69544
10.9995,87.9966,115.672,0.318,50.0079,2.75941
11.2495,92.0012,115.672,0.313,50.058,2.82321
11.4995,92.0134,115.672,0.321,49.9901,2.90141
11.7495,95.9835,115.672,0.351,49.9734,2.97667
11.9995,84.0128,115.672,0.372,50.0472,3.0361
12.2496,99.9558,115.672,0.423,49.9256,3.09394
12.4995,84.0305,115.672,0.464,49.9767,3.14695
12.7495,107.987,115.672,0.508,49.9275,3.20299
12.9995,108.021,115.672,0.518,49.9999,3.25519
13.2496,91.9779,115.672,0.497,49.9954,3.30785
13.4995,92.0223,115.672,0.473,50.0019,3.36715
13.7495,95.9883,115.672,0.446,50.0119,3.42561
13.9995,92.0119,115.672,0.432,49.984,3.48326
14.2495,95.9791,115.672,0.429,49.9612,3.54658
14.4995,88.0206,115.672,0.429,50.0127,3.61689
14.7495,95.9813,115.672,0.431,49.9369,3.68602
14.9995,96.0147,115.672,0.437,50.0173,3.75644
15.2495,99.9868,115.672,0.445,50.0344,3.82629
15.4995,80.0038,115.672,0.452,50.0235,3.89304
15.7495,95.9984,115.672,0.443,49.9765,3.96238
15.9995,84.0086,115.672,0.414,50.1084,4.02803
16.2495,87.9887,115.672,0.391,50.047,4.09387
16.4995,80.0165,115.672,0.383,50.0263,4.16597
16.7495,83.9801,115.672,0.374,50.001,4.24347
16.9995,84.0189,115.672,0.373,50.0014,4.31563
17.2495,87.9864,115.672,0.371,49.9878,4.37975
17.4995,88.007,115.672,0.37,50.0069,4.45256
17.7496,95.9694,115.672,0.364,49.9554,4.52758
17.9995,88.0401,115.672,0.355,50.0062,4.59776
18.2495,83.9778,115.672,0.351,50.0075,4.67033
18.4995,84.0075,115.672,0.344,50.0352,4.74273
18.7495,91.9966,115.672,0.335,50.0547,4.8214
18.9995,84.0098,115.672,0.322,49.9819,4.89228
19.2495,91.9846,115.672,0.318,49.9659,4.9633
19.4996,95.9903,115.672,0.323,50.0121,5.04232
19.7495,96.0067,115.672,0.357,49.9956,5.11676
19.9995,84.0199,115.672,0.382,50.0115,5.18231
20.2495,99.9814,115.672,0.423,49.9733,5.24427
20.4995,92.0152,115.723,0.457,50.056,5.30636
20.7495,99.989,115.723,0.486,50.002,5.35872
20.9995,96.012,115.723,0.516,49.9934,5.41188
21.2495,99.9775,115.723,0.548,50.0264,5.46552
21.4995,104.01,115.723,0.562,50.0244,5.52248
21.7495,108,115.723,0.572,49.9753,5.58071
21.9995,96.0138,115.949,0.551,50.007,5.63248
22.2495,103.977,115.949,0.493,50.0052,5.69104
22.4995,92.0177,115.949,0.499,50.0111,5.75063
22.7495,99.9836,115.949,0.513,50.0251,5.81595
22.9995,96.0151,115.949,0.522,50.0184,5.88624
23.2495,95.9832,115.949,0.558,50.0126,5.95464
23.4996,111.985,115.949,0.578,49.9957,6.03268
23.7495,96.0073,115.949,0.592,50.0312,6.10884
23.9995,100.022,115.949,0.605,49.9395,6.17379
24.2496,91.9616,115.949,0.633,49.9662,6.24632
24.4995,100.031,115.949,0.656,50.0386,6.3161
24.7496,95.9874,115.949,0.691,49.9674,6.38523
24.9996,100,115.949,0.705,49.9981,6.44548
25.2495,100.008,115.949,0.735,49.9778,6.50088
25.4995,96.0097,115.949,0.758,49.9908,6.55987
25.7495,111.988,115.949,0.806,50.0037,6.61709
25.9995,116.005,115.949,0.824,49.9533,6.68124
26.2495,103.995,115.949,0.771,49.9359,6.74253
26.4995,96.0209,115.949,0.728,50.0004,6.79938
26.7495,95.9799,115.949,0.631,49.9927,6.86278
26.9995,100.018,115.949,0.517,50.0285,6.9233
27.2495,99.9865,115.949,0.568,49.992,6.98597
27.4995,108.004,115.949,0.601,49.967,7.05211
27.7495,103.993,115.949,0.688,50.0199,7.12706
27.9995,108.004,115.949,0.729,49.9675,7.19865
28.2496,95.9697,115.949,0.728,49.9625,7.27273
28.4995,92.0357,115.949,0.726,50.0053,7.34267
28.7495,99.9883,115.949,0.722,49.985,7.41778
28.9995,92.0128,115.949,0.722,49.9756,7.49141
29.2495,99.982,115.949,0.738,50.0406,7.5601
29.4995,100.033,115.949,0.752,49.9577,7.63205
29.7495,95.9697,115.949,0.789,49.9882,7.70836
29.9996,111.993,115.949,0.777,49.9644,7.77733
30.2495,96.0034,115.949,0.713,49.9537,7.84272
30.4995,100.002,115.949,0.674,49.9872,7.90677
30.7495,96.0063,115.949,0.625,49.965,7.97624
30.9995,92.0099,115.949,0.606,49.9963,8.03794
31.2495,99.9893,115.949,0.588,49.9974,8.10048
31.4995,104.018,115.949,0.588,49.9548,8.16929
31.7495,111.977,115.949,0.604,49.9982,8.23567
31.9996,111.984,115.949,0.619,50.0098,8.29505
32.2495,100.019,115.949,0.662,50.0031,8.3589
32.4995,104.007,115.949,0.7,50.017,8.41898
32.7495,99.9855,115.949,0.747,49.9949,8.48081
32.9995,96.0135,115.949,0.789,50.0563,8.54192
33.2495,107.99,115.949,0.857,49.9995,8.60257
33.4997,103.942,115.949,0.908,50.0023,8.6775
33.7495,108.063,115.949,0.966,49.922,8.7508
33.9995,100.004,115.949,0.978,49.9913,8.8188
34.2495,103.988,115.949,1.009,50.0054,8.89007
34.4995,91.9983,115.949,1.015,50.0276,8.95788
34.7495,100.011,115.949,1.053,50,9.03351
34.9995,99.9989,115.949,1.081,49.9979,9.10678
35.2495,111.989,115.949,1.111,50.035,9.17526
35.4995,104.019,115.949,1.128,49.9951,9.25367
35.7496,103.977,115.949,1.151,49.9665,9.32794
35.9995,100.027,115.949,1.166,50.0226,9.39646
36.2495,99.9828,115.949,1.193,50.0189,9.4704
36.4995,92.005,115.949,1.201,49.9954,9.54338
36.7496,99.9739,115.949,1.222,50.0496,9.61842
36.9995,108.038,115.949,1.234,49.9759,9.6884
37.2495,111.987,115.949,1.259,50.0286,9.75578
37.4995,96.0129,115.949,1.278,50.019,9.83048
37.7496,99.9719,115.949,1.31,50.0063,9.90588
37.9995,100.028,115.949,1.333,49.9794,9.97755
38.2495,103.981,115.949,1.362,50.0235,10.0503
38.4995,112.011,115.949,1.38,50.0073,10.1185
38.7496,103.975,115.949,1.4,50.0273,10.1887
38.9996,100.003,115.949,1.398,50.0023,10.2522
39.2495,96.0143,115.949,1.39,49.9843,10.3117
39.4995,96.0011,115.949,1.391,50.2031,10.3634
39.7495,99.9967,115.949,1.393,50.0702,10.3741
39.9995,108.015,115.949,1.395,50.0694,10.3754
40.2496,103.955,115.949,1.401,50.0071,10.3778
40.4995,100.026,115.949,1.41,50.037,10.3796
40.7495,100.003,116.105,1.413,49.9989,10.3813
40.9997,103.928,116.105,1.414,50.0134,10.382
41.2495,108.074,116.105,1.414,50.0864,10.3831
41.4995,108.012,116.105,1.409,50.0566,10.3849
41.7495,111.985,116.105,1.409,49.9575,10.3856
41.9995,99.9961,116.105,1.406,50.0724,10.3884
42.2495,96.0047,116.105,1.412,50.0184,10.3909
42.4995,104.002,116.105,1.413,50.0105,10.3926
42.7495,103.999,116.105,1.397,49.989,10.4126
42.9995,104.015,116.105,1.38,49.9869,10.47
43.2495,111.989,116.105,1.371,49.941,10.5284
43.4995,100.006,116.105,1.37,49.9756,10.5883
43.7495,107.988,116.105,1.37,50.0239,10.6569
43.9995,92.0123,116.105,1.373,50.0231,10.7246
44.2495,99.9957,116.105,1.382,49.9837,10.795
44.4995,96.0001,116.105,1.381,50.1276,10.8625
44.7496,103.964,116.105,1.346,50.0247,10.9359
44.9996,119.99,116.105,1.31,50.0036,11.01
45.2496,100.021,116.105,1.309,49.9974,11.0773
45.4995,100.021,116.105,1.285,49.9867,11.1554
45.7495,95.9951,116.105,1.258,50.0317,11.2311
45.9995,96.0086,116.105,1.245,50.0317,11.3016
46.2495,103.99,116.105,1.231,50.054,11.3734
46.4995,99.9997,116.105,1.166,50.0132,11.4462
46.7495,99.9993,116.105,1.125,49.9389,11.5233
46.9995,104.031,116.105,1.084,50.007,11.5974
47.2495,111.968,116.105,1.055,50.0056,11.6675
47.4996,103.971,116.105,1.01,49.996,11.7394
47.7495,92.0254,116.105,0.995,50.016,11.8083
47.9995,100.025,116.105,0.971,50.0014,11.8859
48.2495,99.976,116.105,0.959,50.0094,11.9581
48.4995,104.015,116.105,0.953,49.9907,12.0207
48.7495,111.984,116.105,0.959,50.0252,12.0849
48.9995,104.009,116.105,0.931,49.8398,12.1477
49.2495,111.987,116.105,0.899,49.9625,12.2094
49.4995,104.03,116.105,0.853,49.966,12.2803
49.7495,103.967,116.105,0.82,49.9895,12.3549
49.9995,100.018,116.105,0.782,50.048,12.4276
50.2495,111.982,116.105,0.756,50.0286,12.5029
50.4996,115.966,116.105,0.719,50.0206,12.5738
50.7495,100.032,116.105,0.702,50.0172,12.6538
50.9995,96.0136,116.105,0.69,49.983,12.7291
51.2495,107.984,116.105,0.681,49.9926,12.8007
51.4995,100.024,116.105,0.687,49.9979,12.8706
51.7495,115.969,116.105,0.693,49.9802,12.9338
51.9995,108.034,116.105,0.719,50.0119,12.9994
52.2495,103.966,116.105,0.75,49.9825,13.0658
52.4995,92.0202,116.105,0.729,50.1537,13.1241
52.7495,95.9854,116.105,0.703,50.0143,13.1884
52.9995,92.0198,116.105,0.689,49.9953,13.2541
53.2495,99.9712,116.105,0.682,50.0259,13.3156
53.4995,108.011,116.105,0.691,50.0032,13.3867
53.7495,103.997,116.105,0.706,49.9462,13.4511
53.9995,96.023,116.105,0.734,50.019,13.5262
54.2495,103.971,116.105,0.745,50.0072,13.5983
54.4995,96.0026,116.105,0.774,49.9815,13.6685
54.7495,100.001,116.105,0.788,49.9804,13.739
54.9995,104.023,116.105,0.806,49.9966,13.7996
55.2495,99.9778,116.105,0.814,50.0075,13.8594
55.4996,111.973,116.105,0.82,50.0178,13.9224
55.7495,104.017,116.105,0.819,49.9224,13.9793
55.9995,100.021,116.105,0.812,50.0491,14.0434
56.2495,99.9808,116.105,0.803,49.9641,14.1054
56.4996,103.997,116.105,0.791,50.1005,14.1638
56.7496,111.996,116.105,0.772,49.9591,14.2229
56.9995,112.012,116.105,0.734,49.9784,14.2833
57.2495,104,116.105,0.706,49.9952,14.3421
57.4995,96.0017,116.105,0.685,49.9903,14.408
57.7495,103.993,116.105,0.657,50.027,14.4727
57.9997,95.947,116.105,0.641,50.1178,14.5477
58.2495,96.0584,116.105,0.624,49.9654,14.615
58.4995,96.0042,116.105,0.591,50.0278,14.6835
58.7495,99.9964,116.105,0.58,49.9775,14.7576
58.9995,112.008,116.105,0.551,49.9256,14.8257
59.2495,99.9927,116.105,0.535,49.9781,14.8852
59.4995,100.002,116.105,0.531,49.9722,14.9573
59.7495,107.994,116.105,0.538,49.9692,15.0259
59.9995,92.0109,116.105,0.537,50.0314,15.0947
60.2495,107.982,116.105,0.539,49.9871,15.1591
60.4995,108.011,116.105,0.539,49.997,15.2173
60.7497,111.92,116.105,0.545,49.981,15.2809
60.9995,112.083,116.105,0.53,50.0147,15.3401
61.2495,99.9927,116.105,0.517,49.9853,15.3957
61.4995,100.006,116.105,0.498,49.9483,15.4535
61.7495,95.9959,116.105,0.483,50.0606,15.5087
61.9995,96.0066,116.105,0.423,50.0127,15.5698
62.2495,107.993,116.105,0.385,50.0125,15.6319
62.4995,104.007,116.105,0.346,50.015,15.6948
62.7495,99.9948,116.105,0.318,49.9972,15.7653
62.9995,96.0023,116.105,0.302,49.9814,15.8389
63.2495,95.995,116.105,0.304,49.9741,15.9051
63.4995,92.0142,116.105,0.312,49.9674,15.9826
63.7495,91.9819,116.105,0.319,50.0122,16.0509
63.9995,92.0102,116.105,0.328,49.9659,16.1227
64.2495,95.9966,116.105,0.336,50.038,16.1955
64.4995,96.0026,116.105,0.348,50.1387,16.2674
64.7495,87.9939,116.105,0.354,49.987,16.343
64.9995,88.0168,116.105,0.363,50.0148,16.413
65.2495,83.986,116.105,0.365,50.0164,16.4863
65.4996,87.99,116.105,0.37,49.9798,16.5651
65.7495,88.0066,116.105,0.376,49.999,16.6365
65.9995,91.9977,116.105,0.398,49.9315,16.707
66.2495,96.0061,116.105,0.418,49.9209,16.7784
66.4995,92.002,116.105,0.446,49.9869,16.8509
66.7495,87.9932,116.105,0.446,50.0074,16.9296
66.9995,84.0137,116.105,0.446,50.0684,16.9982
67.2495,87.9883,116.105,0.446,50.0006,17.0679
67.4995,84.0106,116.105,0.446,49.9962,17.1424
67.7495,95.988,116.105,0.447,49.9331,17.2093
67.9995,92.0073,116.105,0.453,49.9906,17.2785
68.2495,95.9944,116.105,0.461,50.0071,17.3491
68.4995,100.008,116.105,0.476,50.0105,17.4152
68.7495,95.9912,116.105,0.482,50.0169,17.4893
68.9995,88.0073,116.105,0.491,50.0088,17.5628
69.2495,95.9946,116.105,0.493,49.9824,17.63
69.4995,88.0066,116.105,0.49,50.0226,17.6998
69.7495,91.9948,116.105,0.474,50.001,17.7682
69.9995,88.008,116.105,0.46,49.9603,17.8422
70.2495,99.9895,116.105,0.45,50.0196,17.9142
70.4995,84.0084,116.105,0.46,50.0135,17.9838
70.7495,95.991,116.105,0.466,49.9984,18.0584
70.9995,95.9987,116.105,0.46,50.0685,18.1306
71.2495,103.996,116.105,0.447,49.983,18.1967
71.4995,84.0071,116.105,0.447,49.9921,18.2576
71.7495,91.9927,116.105,0.447,49.974,18.3264
71.9995,84.0095,116.105,0.449,50.0795,18.4035
72.2497,87.9447,116.105,0.454,50.0435,18.4793
72.4996,80.0307,116.105,0.457,50.0141,18.5468
72.7495,88.0184,116.105,0.458,50.017,18.6249
72.9995,80.002,116.105,0.46,50.0016,18.7
73.2495,107.993,116.105,0.464,49.9635,18.7724
73.4995,80.0069,116.105,0.47,50.0094,18.849
73.7495,79.9913,116.105,0.472,50.0056,18.9188
73.9995,84.0082,116.105,0.473,49.9933,18.9964
74.2495,83.9912,116.105,0.472,49.9827,19.0718
74.4995,88.0044,116.105,0.47,49.9546,19.1429
74.7495,83.9947,116.105,0.471,50.0051,19.2163
74.9995,88.0057,116.105,0.467,49.9834,19.2848
75.2496,95.9677,116.105,0.465,49.9938,19.3608
75.4995,92.0278,116.105,0.462,50.0344,19.4375
75.7495,87.9986,116.105,0.462,49.9043,19.5087
75.9995,88.0199,116.105,0.465,50.0337,19.5817
76.2495,91.9849,116.105,0.468,49.9804,19.6538
76.4995,92.0164,116.105,0.471,50.1433,19.7219
76.7495,95.9796,116.105,0.472,49.9939,19.7894
76.9995,88.0153,116.105,0.477,49.9978,19.8561
77.2495,95.977,116.105,0.48,49.9838,19.9161
77.4995,108.01,116.105,0.483,49.9942,19.9805
77.7495,95.9931,116.105,0.489,49.9968,20.0377
77.9995,96.0095,116.105,0.507,50.0181,20.0982
78.2495,95.992,116.105,0.51,50.0401,20.1558
78.4995,96.0155,116.105,0.511,50.1112,20.2113
78.7495,91.9822,116.105,0.497,50.0056,20.2711
78.9995,96.0109,116.105,0.474,50.0102,20.3353
79.2495,95.9953,116.105,0.46,50.0453,20.4007
79.4995,92.0118,116.105,0.446,50.0221,20.4702
79.7496,87.9804,116.105,0.437,49.9865,20.54
79.9995,92.0141,116.105,0.427,50.084,20.608
80.2495,95.9955,116.105,0.427,50.0031,20.6788
80.4995,92.0069,116.105,0.45,50.0121,20.7508
80.7495,87.987,116.105,0.469,49.9872,20.8283
80.9995,84.0087,116.105,0.48,50.004,20.8968
81.2495,87.9957,116.105,0.48,50.0074,20.9641
81.4995,84.0064,116.105,0.484,50.0172,21.0387
81.7495,95.9888,116.105,0.483,50.0202,21.1115
81.9995,92.0155,116.105,0.455,49.985,21.185
82.2495,87.9857,116.105,0.447,50.0154,21.2536
82.4995,88.019,116.105,0.44,50.0152,21.3248
82.7495,83.981,116.105,0.449,50.0025,21.4037
82.9995,80.0213,116.105,0.455,50.0486,21.4722
83.2495,91.974,116.105,0.457,49.9578,21.5443
83.4995,88.0059,116.105,0.459,50.0183,21.6217
83.7495,87.9996,116.105,0.459,50.0067,21.6934
83.9995,87.9986,116.105,0.459,49.9918,21.7698
84.2495,96.0006,116.105,0.459,50.0242,21.8442
84.4995,88.0071,116.105,0.46,50.0185,21.9167
84.7496,83.9865,116.105,0.46,50.0149,21.9919
84.9995,84.013,116.105,0.46,50.1034,22.0632
85.2495,87.9958,116.105,0.449,49.9964,22.1302
85.4995,92.0026,116.105,0.439,50.0867,22.2025
85.7495,95.9957,116.105,0.45,49.9665,22.2758
85.9995,84.0127,116.105,0.478,50.0064,22.3545
86.2495,95.9866,116.105,0.478,49.984,22.4289
86.4995,88.0109,116.105,0.479,50.0683,22.5003
86.7495,95.9803,116.105,0.482,50.0312,22.58
86.9995,84.0232,116.105,0.461,49.9935,22.6514
87.2496,87.97,116.105,0.424,50.0002,22.7198
87.4995,88.0193,116.105,0.368,50.001,22.7958
87.7495,83.9959,116.105,0.335,50.0136,22.8673
87.9995,87.9972,116.105,0.314,50.0138,22.946
88.2495,91.9997,116.105,0.313,50.0041,23.0163
88.4995,100.007,116.105,0.323,50.0147,23.0831
88.7496,95.9806,116.105,0.333,49.9776,23.1533
88.9995,92.0177,116.105,0.347,50.0598,23.2167
89.2495,99.985,116.105,0.357,49.9434,23.2825
89.4995,92.0158,116.105,0.389,50.069,23.3561
89.7495,87.9899,116.105,0.415,50.0248,23.4278
89.9995,96.0195,116.105,0.436,50.0331,23.4984
90.2495,95.9803,116.105,0.451,50.0031,23.5683
90.4996,103.988,116.105,0.469,49.9982,23.6375
90.7495,92.0109,116.105,0.481,50.0018,23.7077
90.9995,88.0081,116.105,0.492,49.999,23.7733
91.2495,95.9954,116.105,0.498,49.993,23.8412
91.4995,88.0153,116.105,0.522,50.0795,23.9161
91.7495,87.9817,116.105,0.538,50.0089,23.986
91.9995,92.0123,116.105,0.528,50.0093,24.0643
92.2495,91.9826,116.105,0.527,49.9926,24.1374
92.4995,88.0123,116.105,0.535,50.0092,24.2056
92.7495,99.9942,116.105,0.537,50.0036,24.2785
92.9995,91.9932,116.105,0.547,50.0159,24.349
93.2495,92.0037,116.105,0.551,49.9141,24.4222
93.4995,92.0205,116.105,0.554,50.016,24.4991
93.7495,83.9821,116.105,0.556,49.9984,24.5684
93.9995,84.0081,116.105,0.557,50.0672,24.6456
94.2495,91.9917,116.105,0.556,49.9799,24.7243
94.4995,92.0143,116.105,0.556,50.0099,24.7962
94.7495,91.9855,116.105,0.556,50.0181,24.8728
94.9995,80.0069,116.105,0.555,50.0561,24.9407
95.2495,83.9887,116.105,0.555,50.0287,24.998
95.4995,84.0111,116.105,0.554,50.037,25.0194
95.7495,91.9896,116.105,0.556,49.9969,25.0207
95.9996,87.9804,116.105,0.563,49.9734,25.0226
96.2495,96.0218,116.105,0.564,50.0046,25.0243
96.4995,84.0076,116.105,0.563,50.0004,25.0255
96.7495,91.9938,116.105,0.562,49.9669,25.0268
96.9995,88.0215,116.105,0.559,50.0737,25.0283
97.2495,91.9757,116.105,0.56,49.9839,25.0294
97.4995,84.019,116.105,0.56,50.0342,25.0305
97.7495,91.98,116.105,0.562,50.0214,25.0317
97.9995,88.0172,116.105,0.563,49.9614,25.033
98.2495,99.9807,116.105,0.563,50.0039,25.0476
98.4996,95.979,116.105,0.539,49.9902,25.0988
98.7495,92.0226,116.105,0.515,50.0071,25.1572
98.9995,88.0145,116.105,0.513,50.0292,25.2156
99.2495,87.9842,116.105,0.513,50.0211,25.2823
99.4995,88.0184,116.105,0.513,50.1269,25.3572
99.7495,83.9783,116.105,0.515,49.9848,25.4277
99.9995,92.012,116.105,0.521,49.9992,25.5059
100.25,91.9797,116.105,0.525,49.9892,25.5784
100.499,96.0255,116.105,0.534,50.0195,25.65
100.75,87.9889,116.105,0.537,49.948,25.7293
101,87.9999,116.105,0.539,50.1052,25.8005
101.25,88.0009,116.105,0.539,50.0006,25.8736
101.5,92.0036,116.105,0.54,49.9589,25.9461
101.75,99.9857,116.105,0.54,49.9906,26.0087
102,92.0169,116.105,0.539,50.0227,26.0816
102.25,95.9911,116.105,0.537,49.9496,26.1507
102.5,91.9987,116.105,0.525,50.1081,26.2221
102.75,99.95,116.105,0.529,50.012,26.2999
103,92.0507,116.105,0.53,50.0325,26.3671
103.25,91.9964,116.105,0.535,49.9933,26.4301
103.499,92.0158,116.105,0.543,50.1146,26.4943
103.75,91.9863,116.105,0.518,50.0544,26.5541
104,92.0038,116.105,0.463,49.9796,26.6174
104.25,99.9941,116.105,0.434,49.9802,26.6856
104.5,104.008,116.105,0.375,49.9992,26.7508
104.749,100.034,116.105,0.342,50.0201,26.8283
105,87.9672,116.105,0.306,50.1164,26.8975
105.25,91.8952,116.105,0.291,50.0254,26.9651
105.499,88.1085,116.105,0.293,49.9901,27.0305
105.75,95.9659,116.105,0.298,50.0013,27.0937
106,96.0303,116.105,0.3,49.9749,27.1675
106.25,95.849,116.105,0.313,50.0031,27.2414
106.5,96.1299,116.105,0.338,50.0488,27.3065
106.75,87.9844,116.105,0.384,50.0214,27.3805
107,84.0343,116.105,0.42,50.0157,27.4524
107.25,92.0005,116.105,0.477,50.0052,27.5292
107.5,79.996,116.105,0.475,49.973,27.6056
107.749,96.0164,116.105,0.471,50.0225,27.6762
107.999,87.9912,116.105,0.469,50.009,27.7548
108.249,92.0149,116.105,0.446,50.0201,27.8301
108.5,95.9776,116.105,0.432,50.0637,27.8958
108.75,88.0047,116.105,0.426,49.898,27.9678
108.999,88.0106,116.105,0.429,50.003,28.0394
109.249,91.9916,116.105,0.439,50.0032,28.1145
109.5,83.9979,116.105,0.442,50.0381,28.1901
109.749,92.0143,116.105,0.444,50.0426,28.2565
109.999,83.9872,116.105,0.445,50.0081,28.3313
110.25,95.9866,116.105,0.446,49.9784,28.4065
110.5,96.0023,116.105,0.446,50.0547,28.4776
110.75,95.9792,116.105,0.446,50.0114,28.5524
111,80.0185,116.105,0.446,50.0355,28.6232
111.25,91.9961,116.105,0.446,50.0219,28.6988
111.499,92.0149,116.105,0.444,50.0319,28.777
111.75,91.9819,116.105,0.442,50.0384,28.8465
111.999,88.0251,116.105,0.452,50.1265,28.9199
112.25,83.9846,116.105,0.472,50.0481,28.9927
112.5,88.0003,116.105,0.478,50.0106,29.0691
112.75,87.992,116.105,0.481,50.0468,29.1398
112.999,100.021,116.105,0.481,49.9772,29.2082
113.25,87.9831,116.105,0.484,49.9168,29.2831
113.5,87.9978,116.105,0.461,49.9982,29.3626
113.75,87.9998,116.105,0.441,50.0156,29.4343
113.999,88.0221,116.105,0.438,49.9917,29.5095
114.25,91.9775,116.105,0.451,50.0239,29.5793
114.499,88.0155,116.105,0.455,50.0107,29.6477
114.75,91.9908,116.105,0.464,50.0076,29.7204
115,88.0064,116.105,0.474,49.9895,29.7884
115.25,103.981,116.105,0.487,49.9968,29.8602
115.5,100.014,116.105,0.494,49.9985,29.9219
115.75,87.9914,116.105,0.512,49.9918,29.9768
115.999,100.024,116.105,0.541,50.0071,30.0363
116.25,91.978,116.105,0.556,50.019,30.0889
116.499,100.018,116.105,0.52,49.999,30.1493
116.75,95.9824,116.105,0.46,50.0251,30.2099
116.999,96.0174,116.105,0.429,49.9692,30.2684
117.25,95.9932,116.105,0.385,49.9987,30.3316
117.5,103.998,116.105,0.37,50.058,30.3944
117.75,95.9933,116.105,0.37,49.9901,30.4567
117.999,92.0198,116.105,0.369,49.9874,30.522
118.25,87.9838,116.105,0.37,50.0249,30.5894
118.5,92.0066,116.105,0.375,50.0873,30.6501
118.75,87.9885,116.105,0.385,49.9869,30.7244
118.999,92.019,116.105,0.404,50.005,30.7966
119.25,87.9798,116.105,0.418,49.935,30.8676
119.499,104.022,116.105,0.424,50.0131,30.9411
119.75,91.9875,116.105,0.433,49.851,31.0094
119.999,88.0187,116.105,0.439,50.0165,31.0846
120.25,83.979,116.105,0.444,50.0117,31.1547
120.5,84.007,116.105,0.446,50.0166,31.2234
120.75,91.999,116.105,0.447,50.0235,31.297
121,84.0047,116.105,0.447,50.058,31.3686
121.25,83.9931,116.105,0.448,50.0148,31.4436
121.5,91.9457,116.105,0.451,50.0854,31.5213
121.75,92.0542,116.105,0.456,49.9876,31.5924
122,88.0069,116.105,0.459,49.9938,31.6691
122.25,79.9933,116.105,0.459,49.9975,31.7457
122.5,87.9965,116.105,0.46,50.1042,31.8173
122.75,84.0071,116.105,0.46,50.0185,31.8886
122.999,84.0092,116.105,0.461,49.9756,31.951
123.25,91.9804,116.105,0.46,49.948,32.024
123.5,80.0104,116.105,0.46,49.9815,32.1012
123.75,107.997,116.105,0.456,49.9939,32.1634
124,87.9906,116.105,0.436,50.0153,32.236
124.25,88.0072,116.105,0.433,50.0188,32.3021
124.499,88.0119,116.105,0.433,50.1583,32.3764
124.75,87.984,116.105,0.449,49.9795,32.4452
125,92.0031,116.105,0.467,50.0469,32.5084
125.25,99.9947,116.105,0.506,49.9952,32.5837
125.499,92.017,116.105,0.525,49.9734,32.6551
125.75,95.9825,116.105,0.487,49.9982,32.7251
126,96.0058,116.105,0.461,50.0164,32.7968
126.25,92,116.105,0.425,50.011,32.8666
126.5,88.0009,116.105,0.411,50.0168,32.9416
126.75,87.9977,116.105,0.41,50.0427,33.0189
127,88.002,116.105,0.412,50.0166,33.0819
127.25,95.9977,116.105,0.417,49.9601,33.1499
127.5,83.9535,116.105,0.42,50.0595,33.2235
127.75,91.7582,116.105,0.426,49.9887,33.2903
128,92.2962,116.105,0.409,50.0492,33.3649
128.25,91.9889,116.105,0.378,50.0172,33.4292
128.5,80.0131,116.105,0.362,49.9786,33.4981
128.75,87.9934,116.105,0.361,50.0007,33.5706
128.999,84.0109,116.105,0.36,50.0012,33.6443
129.25,83.9922,116.105,0.354,50.057,33.7176
129.5,88.0024,116.105,0.351,50.0454,33.796
129.75,95.9939,116.105,0.349,49.9801,33.8688
129.999,92.0155,116.105,0.348,50.0459,33.9474
130.25,87.9841,116.105,0.343,49.9023,34.016
130.5,88.0029,116.105,0.339,50.0262,34.0879
130.75,92.0001,116.105,0.336,49.988,34.1659
131,84.0077,116.105,0.328,49.9809,34.2357
131.25,91.988,116.105,0.326,49.975,34.3071
131.5,88.0093,116.105,0.328,49.9887,34.3837
131.75,95.9908,116.105,0.34,50.0017,34.4559
131.999,92.0139,116.105,0.36,49.9987,34.5269
132.25,99.9871,116.105,0.397,49.9799,34.5836
132.5,95.9907,116.105,0.428,50.0099,34.6472
132.75,103.954,116.105,0.484,49.9595,34.7081
132.999,96.0726,116.105,0.499,50.0312,34.7628
133.25,99.9777,116.105,0.534,49.941,34.8232
133.499,100.015,116.105,0.549,50.0851,34.885
133.75,99.9826,116.105,0.577,49.9653,34.9415
133.999,100.021,116.105,0.589,49.9821,35.0006
134.25,107.98,116.105,0.561,49.9709,35.0569
134.5,96.0017,116.105,0.545,50.0076,35.1157
134.75,107.995,116.105,0.527,49.9869,35.1788
134.999,96.019,116.105,0.527,50.0512,35.2417
135.25,91.9705,116.105,0.524,49.969,35.313
135.499,88.0259,116.105,0.525,50.0044,35.3771
135.75,95.9868,116.105,0.531,49.9983,35.4479
135.999,88.0171,116.105,0.536,50.0211,35.5239
136.25,95.9567,116.105,0.545,50.0053,35.5959
136.499,92.0411,116.105,0.548,49.9981,35.6667
136.75,91.9791,116.105,0.552,50.0059,35.7408
137,88.0055,116.105,0.562,50.0036,35.8107
137.25,95.9963,116.105,0.58,50.0231,35.8764
137.499,88.0117,116.105,0.58,50.008,35.9444
137.75,91.9856,116.105,0.584,49.9846,36.0004
137.999,92.0146,116.105,0.593,50.0236,36.0526
138.25,91.9879,116.105,0.604,49.9573,36.0627
138.5,88.0072,116.105,0.6,50.0434,36.0661
138.75,95.9906,116.105,0.592,49.9848,36.0686
138.999,96.0188,116.105,0.592,50.0482,36.071
139.25,95.9647,116.105,0.591,49.9745,36.0724
139.499,88.0343,116.105,0.591,50.0011,36.0733
139.75,103.956,116.105,0.591,49.9631,36.0752
139.999,88.0321,116.105,0.591,50.0117,36.0778
140.25,87.971,116.105,0.592,50.028,36.0805
140.499,88.0292,116.105,0.595,50.0885,36.0818
140.75,103.979,116.105,0.605,50.0555,36.1137
140.999,96.0251,116.105,0.613,49.998,36.1696
141.25,95.9814,116.105,0.582,50.0695,36.2323
141.499,84.0128,116.105,0.556,50.0156,36.305
141.75,95.9854,116.105,0.535,50.0445,36.3726
141.999,84.0157,116.105,0.528,50.0139,36.4422
142.25,87.9822,116.105,0.536,49.9886,36.5121
142.499,92.0203,116.105,0.54,50.0301,36.5832
142.75,91.98,116.105,0.548,49.9871,36.6569
143,92.008,116.105,0.554,50.0372,36.7246
143.25,95.9868,116.105,0.563,49.9843,36.7964
143.499,92.0313,116.105,0.562,49.9993,36.8663
143.75,95.973,116.105,0.538,50.0097,36.943
144,92.0096,116.105,0.526,50.047,37.0193
144.25,99.988,116.105,0.525,49.9703,37.0891
144.499,100.017,116.105,0.526,50.0243,37.1516
144.75,91.9809,116.105,0.532,49.9594,37.2134
144.999,96.0229,116.105,0.533,50.0597,37.2685
145.25,111.978,116.105,0.54,50.0706,37.3227
145.499,108.02,116.105,0.54,49.9272,37.3804
145.75,99.9771,116.105,0.491,49.9914,37.4297
145.999,92.0208,116.105,0.45,49.9895,37.4869
146.25,103.975,116.105,0.386,49.9724,37.5425
146.5,92.0087,116.105,0.349,49.9922,37.6018
146.75,95.9977,116.105,0.305,49.9961,37.6644
146.999,92.0249,116.105,0.282,49.9601,37.7311
147.25,95.9758,116.105,0.269,50.0441,37.8013
147.5,95.9973,116.105,0.276,50.0257,37.8778
147.75,99.9839,116.105,0.297,49.986,37.9489
147.999,96.0371,116.105,0.314,49.94,38.0248
148.25,87.9778,116.105,0.36,49.9794,38.0872
148.499,88.0164,116.105,0.369,49.9784,38.1579
148.75,95.9818,116.105,0.371,50.0459,38.2365
148.999,80.0141,116.105,0.377,49.9789,38.3068
149.25,91.9841,116.105,0.381,49.9746,38.3774
149.499,88.0208,116.105,0.384,49.9908,38.4526
149.75,95.9801,116.105,0.392,50.0065,38.5245
150,88.0061,116.105,0.399,49.9688,38.5995
150.25,87.9917,116.105,0.415,50.0281,38.6701
150.499,84.016,116.105,0.424,49.9933,38.7434
150.75,91.9832,116.105,0.431,50.0335,38.8206
150.999,84.013,116.105,0.432,50.0754,38.8894
151.25,91.9861,116.105,0.432,49.9763,38.9616
151.499,88.013,116.105,0.432,50.0858,39.0345
151.75,91.9833,116.105,0.432,50.0105,39.1043
151.999,88.0179,116.105,0.435,49.9989,39.1788
152.25,91.9804,116.105,0.442,50.0052,39.2437
152.499,96.022,116.105,0.448,49.9725,39.318
152.75,95.9766,116.105,0.463,50.036,39.3876
152.999,96.0209,116.105,0.473,49.9819,39.4567
153.25,91.9835,116.105,0.483,50.0123,39.5298
153.499,88.0167,116.105,0.487,49.9962,39.5933
153.75,95.98,116.105,0.493,50.0935,39.6638
154,88.015,116.105,0.489,49.9605,39.7363
154.25,99.981,116.105,0.464,49.9893,39.806
154.499,88.0266,116.105,0.46,49.9732,39.8807
154.75,91.9815,116.105,0.451,50.0222,39.9548
154.999,100.011,116.105,0.461,50.0161,40.0229
155.25,91.9754,116.105,0.459,50.0878,40.0935
155.5,88.0161,116.105,0.447,50.0102,40.1664
155.75,95.9839,116.105,0.447,50.0048,40.2294
156,84.0073,116.105,0.447,50.079,40.2992
156.25,88.0052,116.105,0.447,50.071,40.3715
156.5,87.9853,116.105,0.447,49.9966,40.4488
156.75,95.962,116.105,0.454,50.0376,40.525
156.999,92.0628,116.105,0.457,50.0559,40.593
157.25,83.9202,116.105,0.458,49.9524,40.6695
157.5,88.0803,116.105,0.461,50.0304,40.7476
157.75,83.9912,116.105,0.469,50.0539,40.8186
158,88.0085,116.105,0.471,50.0282,40.8969
158.25,83.9909,116.105,0.472,49.9948,40.9697
158.499,84.0126,116.105,0.473,50.1009,41.0459
158.75,91.9883,116.105,0.474,50.003,41.1241
159,87.9327,116.105,0.474,50.0292,41.1928
159.25,92.0707,116.105,0.471,50.0318,41.2687
159.5,88.0067,116.105,0.47,50.0376,41.3465
159.75,87.991,116.105,0.469,49.9968,41.4176
159.999,80.0155,116.105,0.468,50.0844,41.4927
160.25,95.9789,116.105,0.469,50.0333,41.5605
160.499,84.0189,116.105,0.47,50.0032,41.6331
160.75,95.9298,116.105,0.472,50.0858,41.7069
160.999,92.0666,116.105,0.472,50.0269,41.7758
161.25,99.8579,116.105,0.482,50.0925,41.848
161.499,92.13,116.105,0.488,49.9256,41.9053
161.75,99.9541,116.105,0.494,49.9898,41.9466
161.999,88.0416,116.105,0.498,49.9499,41.9489
162.25,95.9741,116.105,0.496,50.0345,41.9503
162.499,88.0256,116.105,0.493,50.0003,41.9521
162.75,95.9784,116.105,0.487,50.0221,41.9538
162.999,88.0119,116.105,0.489,50.0587,41.9549
163.25,95.9888,116.105,0.485,50.0283,41.9562
163.499,100.029,116.105,0.49,50.0211,41.9586
163.75,95.937,116.105,0.491,50.0087,41.9592
163.999,96.0492,116.105,0.486,49.9649,41.962
164.25,95.9825,116.105,0.485,49.9838,41.9676
164.499,92.027,116.105,0.485,50.0578,41.9725
164.75,95.9699,116.105,0.492,50.0952,41.9763
164.999,92.0314,116.105,0.497,50.0759,41.9908
165.25,95.9706,116.105,0.498,50.0349,42.042
165.5,99.9808,116.105,0.47,50.0428,42.0962
165.75,99.9677,116.105,0.455,50.0102,42.1594
165.999,92.0724,116.105,0.454,49.9828,42.226
166.25,95.974,116.105,0.453,50.0193,42.2907
166.499,92.027,116.105,0.452,50.0333,42.363
166.75,91.9482,116.105,0.454,50.0783,42.4378
166.999,88.0482,116.105,0.457,49.9714,42.5086
167.25,91.969,116.105,0.457,50.001,42.584
167.499,92.0301,116.105,0.458,49.9703,42.6625
167.75,91.9741,116.105,0.458,50.0611,42.7317
167.999,84.0272,116.105,0.458,50.0179,42.8082
168.25,87.9776,116.105,0.459,50.0142,42.8795
168.499,84.0154,116.105,0.456,50.0852,42.9505
168.75,87.9588,116.105,0.453,50.0199,43.0206
168.999,84.0443,116.105,0.442,50.0201,43.0861
169.25,91.9755,116.105,0.433,50.0201,43.1589
169.5,87.941,116.105,0.427,50.0931,43.2289
169.75,92.0561,116.105,0.423,50.006,43.3007
169.999,84.0272,116.105,0.413,50.0219,43.3706
170.25,91.9757,116.105,0.407,50.0113,43.4386
170.499,84.019,116.105,0.4,50.0123,43.5063
170.75,87.9742,116.105,0.401,50.0506,43.5808
170.999,80.026,116.105,0.405,50.015,43.6519
171.25,87.9777,116.105,0.407,50.0214,43.7263
171.5,83.9843,116.105,0.409,50.0126,43.7983
171.75,92.0173,116.105,0.409,50.0113,43.8766
171.999,92.0201,116.105,0.408,49.9586,43.9492
172.25,99.9792,116.105,0.405,49.9568,44.0163
172.499,88.0213,116.105,0.408,50.0171,44.0874
172.75,87.9747,116.105,0.414,50.025,44.1514
173,91.9771,116.105,0.421,50.0223,44.2065
173.25,92.0291,116.105,0.426,50.0216,44.2644
173.5,91.9952,116.105,0.436,49.9696,44.3158
173.75,96.0005,116.105,0.438,49.9837,44.3694
173.999,92.019,116.105,0.433,49.9414,44.4238
174.25,99.9816,116.105,0.428,50.0158,44.4766
174.5,104.005,116.105,0.379,50.0078,44.5349
174.75,99.978,116.105,0.347,49.9966,44.5947
175,92.0213,116.105,0.304,50.0231,44.6562
175.25,95.9887,116.105,0.29,50.0244,44.7255
175.5,96.0092,116.105,0.294,50.0413,44.798
175.75,87.9954,116.105,0.3,50.0236,44.8764
176,88.0079,116.105,0.309,50.0079,44.9529
176.25,87.988,116.105,0.319,50.0489,45.0219
176.499,100.017,116.105,0.335,49.9803,45.0914
176.75,95.9892,116.105,0.355,50.0164,45.1582
177,92.006,116.105,0.384,49.911,45.2183
177.25,95.9922,116.105,0.414,49.9893,45.2844
177.499,84.0108,116.105,0.464,50.0506,45.3477
177.75,95.9906,116.105,0.485,50.0634,45.4201
178,88.0017,116.105,0.552,50.0213,45.4883
178.25,91.9966,116.105,0.593,50.0124,45.5555
178.5,92.009,116.105,0.648,49.9643,45.6204
178.75,91.9844,116.105,0.691,49.9621,45.6854
179,92.0127,116.105,0.748,49.9968,45.7419
179.25,95.9935,116.105,0.788,49.9997,45.8007
179.5,92.0061,116.105,0.825,50.0433,45.856
179.75,95.9745,116.105,0.851,50.0165,45.912
180,92.0238,116.105,0.863,49.914,45.972
180.25,91.9909,116.105,0.88,49.98,46.0345
180.5,88.0111,116.105,0.901,50.0779,46.1041
180.75,91.9902,116.105,0.924,50.0351,46.1818
180.999,84.0109,116.105,0.91,49.9757,46.2484
181.25,99.9892,116.105,0.909,50.0119,46.3148
181.5,84.0009,116.105,0.883,50.1049,46.3828
181.75,87.9987,116.105,0.87,50.0263,46.4552
182,104.007,116.105,0.87,49.9722,46.5274
182.25,91.9008,116.105,0.87,50.0032,46.598
182.499,88.1027,116.105,0.87,49.9863,46.6677
182.75,91.9783,116.105,0.869,49.9432,46.7321
182.999,84.0201,116.105,0.86,49.9867,46.7898
183.25,95.9817,116.105,0.838,50.084,46.8517
183.5,112.013,116.105,0.769,47.7729,46.9123
183.75,83.9638,116.105,0.733,47.7495,46.9757
184,104.045,116.105,0.655,47.7614,47.0464
184.25,91.9805,116.105,0.616,47.7712,47.1154
184.5,91.9028,116.105,0.553,49.9631,47.1889
184.75,92.0973,116.105,0.504,50.0131,47.2649
184.999,88.0224,116.105,0.446,50.162,47.3319
185.25,91.9791,116.105,0.41,50.0132,47.3905
185.5,92.0132,116.105,0.381,50.0134,47.4195
185.75,91.9891,116.105,0.381,49.9961,47.4217
186,87.9945,116.105,0.381,50.0241,47.4226
186.25,87.9861,116.105,0.369,49.9995,47.4238
186.499,104.046,116.105,0.369,50.0212,47.4253
186.75,91.9685,116.105,0.368,50.003,47.4263
186.999,84.0271,116.105,0.359,50.0658,47.4281
187.25,83.975,116.105,0.358,49.9937,47.4295
187.5,88.0148,116.105,0.346,50.0456,47.4304
187.75,87.9846,116.105,0.342,49.996,47.4314
188,96.0279,116.105,0.344,49.9795,47.4329
188.25,87.9677,116.105,0.343,50.0146,47.4344
188.499,84.0347,116.105,0.342,50.0714,47.4349
188.75,91.9713,116.105,0.353,50.0267,47.4708
189,91.9837,116.105,0.427,50.0828,47.5328
189.25,92.023,116.105,0.484,49.9899,47.5964
189.499,88.0177,116.105,0.529,50.0316,47.6601
189.75,87.9811,116.105,0.549,50.0008,47.7238
190,91.9858,116.105,0.606,50.1172,47.79
190.25,92.0237,116.105,0.641,50.0344,47.8569
190.499,96.0152,116.105,0.706,50.1072,47.93
190.75,87.9719,116.105,0.742,49.9912,47.9974
191,92.0244,116.105,0.794,50.0549,48.0632
191.25,87.9703,116.105,0.819,50.0069,48.1249
191.499,108.039,116.105,0.85,50.0546,48.1831
191.75,87.9714,116.105,0.859,49.9967,48.2476
191.999,92.0325,116.105,0.881,50.0175,48.3119
192.25,87.9558,116.105,0.887,49.9916,48.3774
192.499,92.0444,116.105,0.894,50.0562,48.4488
192.75,83.9319,116.105,0.894,50.015,48.5265
192.999,96.1098,116.105,0.889,49.9589,48.5981
193.25,91.9428,116.105,0.886,50.0087,48.6682
193.499,88.0307,116.105,0.866,50.0655,48.7336
193.75,91.9657,116.105,0.843,49.9862,48.8081
193.999,88.0319,116.105,0.803,50.0493,48.8824
194.25,87.9726,116.105,0.781,50.0175,48.9526
194.499,88.0218,116.105,0.76,50.1065,49.0243
194.75,87.984,116.105,0.754,50.0196,49.0859
194.999,92.0203,116.105,0.732,50.0469,49.1536
195.25,91.9744,116.105,0.72,50.0027,49.2124
195.499,100.023,116.105,0.691,50.1272,49.2718
195.75,91.9202,116.105,0.644,49.998,49.3382
195.999,96.1282,116.105,0.578,50.0099,49.4088
196.25,91.9346,116.105,0.54,49.9885,49.4771
196.499,92.0264,116.105,0.495,50.13,49.5476
196.75,87.9659,116.105,0.451,50.0295,49.6228
196.999,96.0374,116.105,0.419,50.0551,49.6859
197.25,95.9696,116.105,0.4,50.0643,49.7517
197.499,100.03,116.105,0.373,50.0798,49.8154
197.75,95.966,116.105,0.361,50.0151,49.8815
197.999,96.0383,116.105,0.333,50.0646,49.9496
198.25,87.9698,116.105,0.319,50.0175,50.0097
198.499,88.024,116.105,0.318,50.1704,50.0717
198.75,95.9832,116.105,0.319,49.9856,50.1416
198.999,96.0176,116.105,0.349,50.0097,50.2126
199.25,91.9882,116.105,0.37,49.976,50.2824
199.499,92.0209,116.105,0.394,50.0547,50.342
199.75,103.965,116.105,0.413,50.0268,50.4055
200,100.011,116.105,0.438,49.9855,50.4673
200.25,95.9783,116.105,0.465,49.9756,50.5209
200.499,100.04,116.105,0.488,50.0985,50.5728
200.75,87.9748,116.105,0.497,50.0429,50.6316
201,100.021,116.105,0.463,50.0538,50.6859
201.25,87.9893,116.105,0.447,50.0088,50.7434
201.5,100.006,116.105,0.433,50.0503,50.8021
201.75,91.9775,116.105,0.432,50.0023,50.8707
202,100.004,116.105,0.432,50.0177,50.9378
202.25,96.0042,116.105,0.432,49.989,51.009
202.5,95.9945,116.105,0.44,50.0058,51.0785
202.75,87.9996,116.105,0.445,50.0081,51.1497
203,91.9563,116.105,0.45,50.1673,51.2167
203.25,84.0393,116.105,0.421,50.0084,51.2825
203.499,88.0303,116.105,0.399,50.0851,51.3546
203.75,91.9606,116.105,0.384,50.0378,51.4337
203.999,80.0386,116.105,0.384,50.0444,51.507
204.25,87.9689,116.105,0.38,50.0261,51.5708
204.5,99.8573,116.105,0.375,50.0883,51.6425
204.75,92.1391,116.105,0.372,50.019,51.7181
204.999,84.0187,116.105,0.368,50.0304,51.7907
205.25,79.9761,116.105,0.362,50.0057,51.8641
205.499,88.0331,116.105,0.353,50.2139,51.9327
205.75,87.9635,116.105,0.347,50.018,52.0104
205.999,96.0324,116.105,0.338,50.0699,52.0887
206.25,95.9746,116.105,0.322,50.008,52.1591
206.499,92.0254,116.105,0.319,50.0798,52.2297
206.75,91.9667,116.105,0.323,49.9844,52.3078
206.999,96.0342,116.105,0.357,50.0715,52.3785
207.25,91.9746,116.105,0.379,50.0052,52.4474
207.5,99.9993,116.105,0.419,50.0425,52.5074
207.75,103.995,116.105,0.448,49.9893,52.5696
208,112.018,116.105,0.485,50.0072,52.6276
208.25,95.9832,116.105,0.505,49.9928,52.6821
208.499,100.033,116.105,0.549,50.0515,52.739
208.75,95.9873,116.105,0.557,49.9728,52.8002
208.999,100.023,116.105,0.568,50.0689,52.852
209.25,99.9511,116.105,0.551,50.0219,52.9071
209.5,115.813,116.105,0.511,49.9995,52.9626
209.75,116.117,116.105,0.5,49.9048,53.0247
210,108.08,116.105,0.508,47.9585,53.0885
210.249,92.021,116.105,0.519,48.0016,53.1517
210.5,103.992,116.105,0.551,47.9751,53.2241
210.75,95.9811,116.105,0.581,48.0877,53.2944
211,100.003,116.105,0.592,50.0167,53.3719
211.249,104.035,116.105,0.6,50.013,53.4456
211.5,107.886,116.105,0.628,50.0688,53.5125
211.75,96.0716,116.105,0.652,49.976,53.5864
212,100.004,116.105,0.685,49.9801,53.6563
212.25,100.006,116.105,0.71,49.9728,53.7153
212.5,104.004,116.105,0.74,50.1159,53.7723
212.749,92.0077,116.105,0.759,50.0122,53.8273
213,107.987,116.105,0.808,50.0012,53.8888
213.25,108.003,116.105,0.822,50.0356,53.9495
213.5,111.989,116.105,0.839,49.9753,54.0067
213.75,100.01,116.105,0.851,50.0173,54.0704
214,99.9785,116.105,0.816,50.073,54.1292
214.249,96.0307,116.105,0.794,49.9923,54.1878
214.5,103.98,116.105,0.762,50.0493,54.2534
214.749,100.023,116.105,0.75,50.0152,54.3187
215,99.9777,116.105,0.742,49.9814,54.3863
215.25,96.0141,116.105,0.73,49.9985,54.4557
215.5,99.9823,116.105,0.727,49.999,54.5277
215.749,104.02,116.105,0.724,50.0094,54.6048
216,107.984,116.105,0.725,50.0124,54.681
216.249,96.0175,116.105,0.722,50.0072,54.7437
216.5,99.9804,116.105,0.733,50.0163,54.8174
216.749,96.0205,116.105,0.747,50.0045,54.8827
217,99.9855,116.105,0.777,49.9731,54.9576
217.249,96.0109,116.105,0.783,49.9582,55.0298
217.5,103.984,116.105,0.718,50.0246,55.0987
217.75,111.989,116.105,0.677,49.9754,55.1682
218,108.003,116.105,0.632,50.0209,55.2358
218.249,100.023,116.105,0.61,49.9899,55.2945
218.5,103.994,116.105,0.598,50.0119,55.3583
218.749,100.006,116.105,0.599,50.0712,55.4222
219,107.898,116.105,0.609,49.8828,55.4915
219.25,104.082,116.105,0.625,49.9962,55.5586
219.5,107.944,116.105,0.664,50.0131,55.6203
219.75,100.062,116.105,0.702,49.9988,55.6847
220,115.973,116.105,0.749,50.0197,55.747
220.25,91.9977,116.105,0.784,50.0071,55.805
220.5,99.9824,116.105,0.853,50.0012,55.8679
220.75,103.963,116.105,0.902,49.1339,55.9349
221,112.039,116.105,0.96,47.7396,56.0084
221.249,112.052,116.105,0.973,47.7345,56.0778
221.5,111.902,116.105,1.004,47.7466,56.1443
221.75,104.072,116.105,1.02,48.525,56.2155
222,99.9387,116.105,1.052,50.0205,56.2923
222.25,100.072,116.105,1.077,50.0467,56.3632
222.5,103.991,116.105,1.111,50.0287,56.4347
222.749,108.02,116.105,1.129,50.0022,56.5051
223,115.963,116.105,1.151,50.0059,56.5813
223.249,104.035,116.105,1.165,50.021,56.6532
223.5,95.9793,116.105,1.189,50.0589,56.7241
223.749,108.025,116.105,1.2,50.0397,56.8003
224,95.9819,116.105,1.218,50.0339,56.8766
224.249,100.014,116.105,1.234,50.0272,56.9441
224.5,107.924,116.105,1.261,50.0235,57.0158
224.75,100.066,116.105,1.284,50.0283,57.0871
225,111.811,116.105,1.313,50.0381,57.1612
225.25,108.168,116.105,1.336,50.0086,57.2361
225.5,103.966,116.105,1.362,50.0042,57.3055
225.749,104.051,116.105,1.388,50.0412,57.3786
226,91.9242,116.105,1.405,50.0735,57.4528
226.249,112.092,116.105,1.395,50.0076,57.5136
226.5,103.963,116.105,1.389,50.0325,57.5775
226.75,100.03,116.105,1.384,50.0096,57.6261
227,107.906,116.105,1.39,49.9861,57.646
227.25,96.0846,116.105,1.39,49.9961,57.6474
227.5,95.9891,116.105,1.395,49.9895,57.6493
227.75,96.0088,116.105,1.401,50.0194,57.6525
228.049,106.68,116.105,1.409,49.9853,57.6551
228.3,115.972,116.105,1.409,50.0187,57.6553
228.549,104.019,116.105,1.41,50.0061,57.6572
228.8,99.921,116.105,1.411,50.0242,57.6607
229.049,100.091,116.105,1.416,50.0186,57.6657
229.3,95.98,116.105,1.415,50.0255,57.6718
229.549,104.024,116.105,1.415,50.0074,57.6777
229.8,99.9235,116.105,1.414,50.0126,57.6839
230.05,116.062,116.105,1.411,49.9665,57.689
230.3,111.571,116.105,1.385,49.9612,57.7245
230.549,128.516,116.105,1.366,47.8841,57.7852
230.8,95.9827,116.105,1.364,47.923,57.8459
231.049,104.01,116.105,1.362,47.9275,57.9017
231.3,91.9886,116.105,1.363,47.9954,57.9665
231.55,99.9955,116.105,1.369,50.0271,58.034
231.8,103.992,116.105,1.376,50.012,58.1012
232.05,103.994,116.105,1.362,49.9296,58.1643
232.3,100.022,116.105,1.34,49.9877,58.2294
232.55,111.812,116.105,1.326,50.0236,58.3023
232.8,104.162,116.105,1.317,49.9774,58.3719
233.05,100.017,116.105,1.296,50.0374,58.4424
233.3,99.9929,116.105,1.268,50.0064,58.5122
233.55,108,116.105,1.234,49.9519,58.5775
233.8,108.003,116.105,1.216,49.9847,58.6426
234.05,99.9577,116.105,1.199,49.9252,58.7144
234.3,100.034,116.105,1.179,50.0195,58.7846
234.55,111.968,116.105,1.125,50.0258,58.8576
234.8,104.034,116.105,1.103,50.013,58.9281
235.05,111.972,116.105,1.061,50.0111,58.998
235.3,100.016,116.105,1.037,50.0248,59.0677
235.549,108.056,116.105,1.023,50.006,59.1377
235.8,95.9602,116.105,1.01,50.0272,59.2094
236.05,112.001,116.105,1.01,50.0419,59.2812
236.3,100.003,116.105,1.011,49.9776,59.3421
236.55,115.597,116.105,0.995,49.9959,59.4082
236.8,112.383,116.105,0.959,50.0142,59.4704
237.05,107.996,116.105,0.917,50.0533,59.5346
237.3,108.009,116.105,0.895,50.0081,59.6004
237.55,103.979,116.105,0.855,49.984,59.6707
237.8,92.0227,116.105,0.841,50.0479,59.7472
238.05,103.978,116.105,0.819,50.0118,59.8213
238.3,104.01,116.105,0.797,50.0024,59.8894
238.55,103.969,116.105,0.769,50.044,59.9648
238.8,108.035,116.105,0.766,50.0025,60.0436
239.049,116.072,116.105,0.753,50.0466,60.117
239.3,111.933,116.105,0.758,49.9561,60.1891
239.55,103.969,116.105,0.768,50.0584,60.2547
239.8,104.028,116.105,0.774,49.9895,60.3205
240.05,103.993,116.105,0.768,50.0055,60.3828
240.3,100.008,116.105,0.746,49.9679,60.4413
240.55,111.91,116.105,0.722,49.9999,60.4993
240.8,108.09,116.105,0.718,49.9903,60.5645
241.05,111.975,116.105,0.724,50.0396,60.6326
241.25,99.5732,116.105,0.734,50.0651,60.6911
241.5,104.377,116.105,0.742,50.0158,60.7599
241.75,103.985,116.105,0.758,50.0556,60.8365
242,100.002,116.105,0.771,50.0131,60.9101
242.25,99.9598,116.105,0.788,49.9925,60.9785
242.5,100.057,116.105,0.803,49.9722,61.0452
242.75,100.002,116.105,0.815,50.0159,61.1099
243,115.991,116.105,0.833,50.0074,61.1702
243.25,103.996,116.105,0.833,49.9805,61.2293
243.5,100.011,116.105,0.833,50.0023,61.2839
243.749,100.021,116.105,0.826,50.0018,61.3411
244,95.983,116.105,0.788,50.0354,61.3974
244.25,103.978,116.105,0.738,50.0135,61.4594
244.5,108.023,116.105,0.707,49.9821,61.5236
244.75,107.901,116.105,0.67,49.9865,61.5853
245,100.079,116.105,0.644,50.0169,61.6509
245.25,103.789,116.105,0.626,50.0302,61.7167
245.5,104.223,116.105,0.607,49.9731,61.7786
245.751,99.503,116.105,0.597,50.0583,61.8537
246,100.501,116.105,0.589,49.9847,61.9173
246.249,108.017,116.105,0.549,50.0144,61.989
246.5,103.979,116.105,0.525,49.9888,62.0583
246.75,103.725,116.105,0.492,50.0189,62.1226
247,100.267,116.105,0.49,50.0063,62.1921
247.25,103.988,116.105,0.499,50.0126,62.2651
247.5,111.876,116.105,0.521,49.5453,62.3331
247.75,104.136,116.105,0.552,47.823,62.401
247.999,104.005,116.105,0.575,47.87,62.4627
248.25,107.981,116.105,0.579,47.8407,62.5204
248.499,100.023,116.105,0.577,48.2604,62.5793
248.75,111.974,116.105,0.554,50.0284,62.6342
249,108.004,116.105,0.538,49.9801,62.6915
249.25,107.989,116.105,0.5,50.022,62.751
249.499,92.0265,116.105,0.46,49.9958,62.8096
249.75,99.9775,116.105,0.408,49.9977,62.875
250,92.0121,116.105,0.37,50.0338,62.9409
250.25,99.9815,116.105,0.336,50.0132,63.0155
250.499,92.0211,116.105,0.314,50.0156,63.0885
250.75,103.985,116.105,0.304,49.9908,63.1574
251,100.001,116.105,0.311,49.9199,63.2317
251.25,99.9924,116.105,0.318,49.8935,63.3046
251.499,88.0224,116.105,0.324,49.9825,63.3715
251.75,87.9655,116.105,0.334,49.9929,63.4473
251.999,84.0312,116.105,0.34,50.0034,63.518
252.25,91.9852,116.105,0.352,50.0407,63.5901
252.499,96.0181,116.105,0.359,49.9763,63.6612
252.75,95.9848,116.105,0.366,50.0398,63.7302
252.999,84.009,116.105,0.368,49.9651,63.8091
253.25,87.9859,116.105,0.376,49.9682,63.884
253.499,88.0191,116.105,0.388,50.0659,63.9549
253.75,83.9814,116.105,0.412,49.9613,64.0275
253.999,92.0161,116.105,0.44,49.9718,64.0971
254.25,95.9794,116.105,0.447,49.9841,64.1758
254.5,96.0076,116.105,0.447,49.8252,64.2511
254.75,91.9927,116.105,0.446,49.9408,64.3208
254.999,88.0212,116.105,0.447,50.0128,64.3891
255.25,91.9778,116.105,0.447,49.9358,64.463
255.499,96.0229,116.105,0.451,50.0139,64.5274
255.75,91.9345,116.105,0.461,49.9524,64.6
255.999,92.0627,116.105,0.467,49.9723,64.6681
256.25,95.9809,116.105,0.486,49.9719,64.7389
256.499,112.022,116.105,0.491,49.9913,64.81
256.75,91.9849,116.105,0.495,49.9939,64.8758
256.999,92.0191,116.105,0.496,49.9945,64.9464
257.25,91.9812,116.105,0.481,49.968,65.0145
257.499,92.0227,116.105,0.466,49.9842,65.0837
257.75,91.9745,116.105,0.45,49.9648,65.1575
258,96.0147,116.105,0.451,49.9773,65.227
258.25,95.9904,116.105,0.461,49.8989,65.2964
258.499,88.0143,116.105,0.46,49.9798,65.3688
258.75,95.9793,116.105,0.453,49.9606,65.4392
258.999,96.0274,116.105,0.451,50.0149,65.5089
259.25,103.971,116.105,0.449,49.8884,65.5825
259.499,92.0193,116.105,0.448,49.9831,65.6459
259.75,87.9822,116.105,0.448,50.0309,65.7242
260,92.0104,116.105,0.451,49.9899,65.7902
260.25,87.9895,116.105,0.457,49.9494,65.8636
260.499,84.0209,116.105,0.458,49.9419,65.9363
260.75,95.9791,116.105,0.46,49.9759,66.007
261,88.0045,116.105,0.464,50.0151,66.0849
261.25,103.998,116.105,0.47,49.9769,66.1595
261.499,84.0082,116.105,0.472,50.0204,66.2296
261.75,79.9901,116.105,0.473,49.9936,66.3075
261.999,92.0176,116.105,0.474,49.9521,66.3782
262.25,87.9783,116.105,0.474,49.9295,66.456
262.499,96.0212,116.105,0.474,49.9678,66.53
262.75,87.9872,116.105,0.475,49.9738,66.6047
262.999,88.0105,116.105,0.475,50.0038,66.6803
263.25,95.9874,116.105,0.475,49.9887,66.7564
263.499,92.0126,116.105,0.472,49.9913,66.8237
263.7,94.7049,116.105,0.472,49.9204,66.8821
263.95,96.2186,116.105,0.473,49.9133,66.9518
264.2,103.904,116.105,0.473,49.7954,67.0237
264.45,108.101,116.105,0.473,48.0003,67.085
264.699,96.0201,116.105,0.476,48.0104,67.1459
264.95,91.9886,116.105,0.485,47.997,67.2125
265.199,96.0156,116.105,0.488,48.1827,67.2698
265.45,103.98,116.105,0.504,49.9956,67.331
265.7,100.01,116.105,0.505,49.9531,67.3881
265.95,91.9873,116.105,0.516,49.9806,67.4455
266.2,100.015,116.105,0.512,50.038,67.5074
266.45,111.986,116.105,0.475,49.7993,67.5743
266.7,96.0121,116.105,0.461,50.0241,67.6337
266.95,95.9792,116.105,0.447,49.9855,67.7012
267.199,88.0343,116.105,0.438,50.0112,67.764
267.45,99.9708,116.105,0.433,49.9991,67.834
267.699,92.0204,116.105,0.431,49.9909,67.903
267.95,87.9808,116.105,0.434,50.0079,67.9738
268.2,96.0114,116.105,0.449,50.0082,68.0519
268.45,95.9389,116.105,0.479,49.9969,68.1206
268.7,96.0611,116.105,0.485,49.9495,68.192
268.95,91.9866,116.105,0.489,49.9334,68.263
269.2,88.0137,116.105,0.491,50.0111,68.3354
269.45,91.9883,116.105,0.482,49.9353,68.4133
269.7,84.0016,116.105,0.464,50.0029,68.485
269.95,87.997,116.105,0.448,50.0275,68.5548
270.199,84.0143,116.105,0.449,49.9497,68.6339
270.45,91.9838,116.105,0.455,49.9874,68.7069
270.699,96.0155,116.105,0.457,49.9941,68.7772
270.95,95.9875,116.105,0.459,49.9986,68.8503
271.2,88.0002,116.105,0.459,50.0328,68.9225
271.45,87.9981,116.105,0.46,50.02,69.0006
271.699,88.0171,116.105,0.46,49.9781,69.0739
271.95,83.9811,116.105,0.46,49.9758,69.1446
272.2,92.0134,116.105,0.46,49.9502,69.2235
272.45,95.9894,116.105,0.461,49.9304,69.2996
272.7,91.9948,116.105,0.461,50.0033,69.3683
272.95,96.006,116.105,0.456,49.9864,69.4384
273.199,88.0226,116.105,0.455,50.02,69.5081
273.45,87.9707,116.105,0.472,50.0077,69.5879
273.699,88.026,116.105,0.49,49.9535,69.6633
273.95,87.9178,116.105,0.49,50.0105,69.7343
274.199,84.0787,116.105,0.491,49.971,69.8107
274.45,91.979,116.105,0.492,49.9802,69.8837
274.699,92.0139,116.105,0.448,49.9868,69.958
274.95,87.9863,116.105,0.387,49.9898,70.0296
275.2,92.0058,116.105,0.362,50.0438,70.0975
275.45,95.9081,116.105,0.322,49.9824,70.1754
275.699,96.1059,116.105,0.31,49.9184,70.2505
275.95,95.9822,116.105,0.317,49.9261,70.3175
276.199,88.0187,116.105,0.325,49.9711,70.3866
276.45,91.9755,116.105,0.34,49.9917,70.4527
276.699,96.0246,116.105,0.351,49.9485,70.5169
276.95,99.9745,116.105,0.372,49.9732,70.5885
277.199,92.0246,116.105,0.392,50.0003,70.6613
277.45,91.9808,116.105,0.423,50.0082,70.7373
277.699,88.0186,116.105,0.439,50.014,70.8061
277.95,103.975,116.105,0.461,50.0104,70.8716
278.199,100.019,116.105,0.471,49.9761,70.9423
278.45,91.9856,116.105,0.483,49.956,71.0137
278.699,92.0135,116.105,0.492,49.966,71.0809
278.95,95.9827,116.105,0.506,49.9847,71.1517
279.2,92.0127,116.105,0.524,49.9941,71.2185
279.45,95.9924,116.105,0.53,49.9778,71.2976
279.7,92.0032,116.105,0.533,49.9662,71.3697
279.95,107.987,116.105,0.538,49.9927,71.4397
280.2,91.9257,116.105,0.541,49.9076,71.5158
280.45,96.0787,116.105,0.547,49.9577,71.5867
280.699,88.0212,116.105,0.55,50.0659,71.6601
280.95,91.9811,116.105,0.555,49.9845,71.7352
281.199,88.0147,116.105,0.558,50.0594,71.8052
281.45,91.9827,116.105,0.561,49.9852,71.8839
281.699,88.0167,116.105,0.56,50.0015,71.962
281.95,87.9822,116.105,0.558,49.9766,72.0343
282.199,96.0187,116.105,0.559,50.0167,72.1094
282.45,95.8834,116.105,0.558,49.9995,72.1863
282.699,92.115,116.105,0.557,50.0232,72.2471
282.95,87.9771,116.105,0.556,49.965,72.2876
283.199,88.0262,116.105,0.556,50.003,72.2907
283.45,87.9792,116.105,0.564,50.0474,72.2921
283.699,92.0196,116.105,0.565,49.9692,72.2938
283.95,91.9807,116.105,0.563,49.9916,72.2955
284.199,92.0212,116.105,0.558,49.9841,72.297
284.45,83.9853,116.105,0.558,50.0083,72.2983
284.7,96.004,116.105,0.558,49.9666,72.2987
284.95,99.9827,116.105,0.558,49.9811,72.2998
285.2,96.0173,116.105,0.558,49.9555,72.3027
285.45,87.9939,116.105,0.558,49.9604,72.304
285.699,92.0264,116.105,0.557,50.0268,72.304
285.95,87.9689,116.105,0.557,50.0369,72.304
286.199,84.0182,116.105,0.557,50.0022,72.304
286.45,91.987,116.105,0.557,50.0075,72.3041
286.7,88.0027,116.105,0.557,50.0052,72.3041
286.95,95.9616,116.105,0.556,50.0297,72.3041
287.2,96.0115,116.105,0.556,49.8639,72.3042
287.45,92.0167,116.105,0.556,49.8764,72.3042
287.699,92.0324,116.105,0.556,49.9869,72.3042
287.95,91.9672,116.105,0.556,50.0098,72.3042
288.199,84.0287,116.105,0.556,50.0027,72.3042
288.45,87.9634,116.105,0.556,50.0402,72.3042
288.699,84.033,116.105,0.556,49.9965,72.3042
288.95,95.9717,116.105,0.556,49.9881,72.3042
289.199,92.026,116.105,0.556,49.9772,72.3042
289.45,99.9774,116.105,0.556,49.983,72.3042
289.699,88.0229,116.105,0.556,50.0629,72.3042
289.95,95.9628,116.105,0.557,49.9735,72.3055
290.2,92.0199,116.105,0.561,49.9849,72.3105
290.45,91.9883,116.105,0.559,49.9094,72.3274
290.699,92.0234,116.105,0.52,49.9782,72.3824
290.95,83.9744,116.105,0.512,50.0147,72.4378
291.199,96.0313,116.105,0.501,50.0412,72.494
291.45,91.9603,116.105,0.501,50.008,72.5576
291.699,92.0345,116.105,0.502,49.9517,72.6256
291.95,87.9797,116.105,0.504,50.0026,72.7012
292.199,92.0235,116.105,0.511,49.987,72.7778
292.45,83.9821,116.105,0.514,50.1204,72.845
292.699,88.0215,116.105,0.524,50.0035,72.9187
292.95,91.9704,116.105,0.527,49.9859,72.9958
293.199,96.0284,116.105,0.53,50.0045,73.0678
293.45,95.9626,116.105,0.535,49.9541,73.1425
293.7,96.0258,116.105,0.538,49.8929,73.2108
293.95,87.9798,116.105,0.538,49.9858,73.2765
294.199,92.0227,116.105,0.539,49.975,73.3491
294.45,87.9848,116.105,0.539,50.0267,73.4128
294.699,88.0261,116.105,0.525,49.9772,73.4838
294.95,91.9733,116.105,0.527,50.0077,73.5603
295.199,92.0257,116.105,0.529,49.9974,73.6264
295.45,99.9762,116.105,0.535,50.008,73.696
295.699,92.0205,116.105,0.544,49.9992,73.7546
295.95,127.963,116.105,0.529,50.0103,73.8153
296.2,95.9804,116.105,0.469,49.9749,73.8816
296.45,96.0229,116.105,0.435,49.9675,73.9447
296.7,96.0071,116.105,0.382,49.9688,74.0105
296.95,91.9897,116.105,0.351,49.9995,74.087
297.2,96.0113,116.105,0.316,50.0295,74.1562
297.45,99.9937,116.105,0.303,50.0041,74.2253
297.699,88.0243,116.105,0.293,49.9849,74.297
297.95,103.965,116.105,0.297,49.9998,74.3582
298.2,96.0014,116.105,0.303,49.9532,74.426
298.45,91.9978,116.105,0.311,49.9901,74.4924
298.7,88.0154,116.105,0.349,49.9661,74.5642
298.95,87.9873,116.105,0.37,49.9669,74.6359
299.199,88.0182,116.105,0.421,49.997,74.7049
299.45,87.9782,116.105,0.459,49.9162,74.7838
299.7,100.009,116.105,0.483,49.9843,74.8552
299.95,91.9964,116.105,0.482,50.001,74.9218
300.2,88.0117,116.105,0.481,49.9767,74.9976
300.45,87.9914,116.105,0.475,50.0137,75.0685
300.7,84.0075,116.105,0.447,50.0239,75.1443
300.95,87.9913,116.105,0.429,50.0024,75.2086
301.2,92.0058,116.105,0.435,49.9702,75.2787
301.45,95.9802,116.105,0.44,50.0042,75.3558
301.7,92.0219,116.105,0.444,49.9763,75.4268
301.95,83.9915,116.105,0.446,50.0144,75.497
302.2,84.0067,116.105,0.447,49.9584,75.5654
302.45,91.9889,116.105,0.447,50.0243,75.6356
302.7,88.0145,116.105,0.447,49.9412,75.7111
302.95,87.9861,116.105,0.447,49.9563,75.7837
303.2,88.0135,116.105,0.447,50.0286,75.8515
303.45,87.9903,116.105,0.447,50.0081,75.9298
303.7,96.0077,116.105,0.448,49.9855,76.0029
303.95,87.988,116.105,0.444,50.0262,76.0749
304.2,88.012,116.105,0.452,49.9776,76.1482
304.45,87.9847,116.105,0.463,50.0015,76.2184
304.7,92.0194,116.105,0.479,49.9783,76.2935
304.95,87.9811,116.105,0.482,49.9358,76.3701
305.2,88.0112,116.105,0.485,49.9443,76.4396
305.45,87.9964,116.105,0.486,49.9531,76.5151
305.7,88.0078,116.105,0.474,49.97,76.5891
305.95,79.993,116.105,0.455,50.0454,76.6606
306.2,92.007,116.105,0.44,49.9667,76.735
306.45,99.886,116.105,0.448,49.9516,76.8051
306.7,96.0957,116.105,0.454,49.8652,76.8805
306.95,88.0046,116.105,0.457,49.9377,76.9578
307.199,92.0215,116.105,0.459,49.9599,77.0215
307.45,87.9768,116.105,0.46,50.0433,77.0818
307.7,88.0118,116.105,0.474,49.9827,77.1389
307.95,91.9864,116.105,0.483,50.0029,77.1979
308.2,100.015,116.105,0.512,49.9833,77.2582
308.45,99.9904,116.105,0.539,49.9708,77.3153
308.7,99.9952,116.105,0.542,49.9838,77.3732
308.95,103.998,116.105,0.498,49.9741,77.4349
309.2,92.0127,116.105,0.461,49.9542,77.4888
309.45,95.9851,116.105,0.427,49.9934,77.5463
309.7,100.001,116.105,0.4,50.0784,77.6045
309.95,91.9986,116.105,0.4,49.9931,77.6658
310.199,96.0227,116.105,0.407,50.0094,77.7351
310.45,103.987,116.105,0.414,50.0223,77.8048
310.7,100.001,116.105,0.42,50.007,77.8774
310.95,83.9985,116.105,0.424,50.0443,77.9533
311.2,88.0083,116.105,0.429,50.0229,78.0251
311.45,91.991,116.105,0.431,49.9593,78.1025
311.7,87.9969,116.105,0.438,50.0868,78.1742
311.95,88.0035,116.105,0.442,49.9919,78.2417
312.2,96.0082,116.105,0.445,49.9407,78.3168
312.45,83.9952,116.105,0.446,50.0085,78.3892
312.7,92.0078,116.105,0.446,49.9549,78.4645
312.95,87.9883,116.105,0.447,50.0069,78.5414
313.199,92.0138,116.105,0.447,49.9869,78.6113
313.45,83.9923,116.105,0.447,49.9813,78.6866
313.7,87.9986,116.105,0.447,49.991,78.7592
313.95,83.9973,116.105,0.447,50.0226,78.8323
314.199,92.0217,116.105,0.449,49.9545,78.9099
314.45,95.9728,116.105,0.453,50.0025,78.9827
314.7,88.013,116.105,0.458,49.9895,79.0552
314.95,87.9909,116.105,0.459,49.8934,79.1277
315.2,88.0051,116.105,0.46,50.021,79.1975
315.45,87.9939,116.105,0.46,50.06,79.2758
315.7,92.0131,116.105,0.461,49.9932,79.3474
315.95,99.9743,116.105,0.461,50.0262,79.4148
316.2,92.0075,116.105,0.453,49.9637,79.4833
316.45,92.0035,116.105,0.446,49.9092,79.5489
316.7,88.0074,116.105,0.447,49.9471,79.6238
316.95,91.9963,116.105,0.451,50.0186,79.6938
317.2,92.0032,116.105,0.47,49.9784,79.756
317.45,95.9934,116.105,0.496,49.9806,79.8286
317.7,92.0094,116.105,0.523,50.0018,79.8959
317.95,91.9906,116.105,0.499,50.0033,79.9664
318.2,99.997,116.105,0.461,49.9667,80.0421
318.45,107.999,116.105,0.441,49.9059,80.1111
318.699,88.0173,116.105,0.425,49.998,80.1858
318.95,87.9855,116.105,0.417,50.0139,80.2634
319.199,96.0162,116.105,0.421,50.0341,80.3311
319.45,87.9857,116.105,0.422,50.0197,80.4043
319.7,88.0091,116.105,0.424,49.9921,80.4723
319.95,87.9916,116.105,0.427,50.0167,80.5406
320.199,88.016,116.105,0.408,49.9813,80.6144
320.45,87.9886,116.105,0.383,49.9748,80.6772
320.7,95.9808,116.105,0.359,49.969,80.7458
320.95,100.015,116.105,0.362,49.9607,80.822
321.2,87.9876,116.105,0.362,49.9986,80.892
321.45,84.0079,116.105,0.362,50.0062,80.9687
321.699,96.024,116.105,0.359,49.9845,81.0347
321.95,87.9834,116.105,0.355,49.9887,81.1099
322.2,83.9945,116.105,0.35,49.9959,81.1889
322.45,88.0023,116.105,0.348,49.9835,81.2603
322.699,88.0157,116.105,0.341,50.0035,81.3333
322.95,103.984,116.105,0.338,49.9725,81.4122
323.199,92.0122,116.105,0.329,49.9674,81.4822
323.45,91.9844,116.105,0.327,49.9661,81.5552
323.699,96.021,116.105,0.32,49.9855,81.6244
323.95,91.9846,116.105,0.337,50.0137,81.7029
324.199,100.015,116.105,0.36,49.9912,81.7734
324.45,99.9829,116.105,0.385,50.0052,81.8291
324.7,103.995,116.105,0.433,49.9788,81.8883
324.95,107.75,116.105,0.471,49.9772,81.9516
325.199,100.252,116.105,0.503,50.0125,82.0089
325.45,95.9851,116.105,0.528,50.0176,82.0722
325.7,96.0094,116.105,0.556,50.1432,82.1288
325.95,103.981,116.105,0.573,49.9854,82.1869
326.199,104.024,116.105,0.593,49.969,82.246
326.45,107.979,116.105,0.566,49.9908,82.3027
326.7,100.002,116.105,0.54,49.9764,82.3628
326.95,103.988,116.105,0.529,50.0051,82.4232
327.199,96.0348,116.105,0.526,50.0059,82.4826
327.45,95.9726,116.105,0.521,49.9825,82.5543
327.699,100.027,116.105,0.527,50.1969,82.6244
327.95,91.9843,116.105,0.531,50.0539,82.6976
328.199,92.0116,116.105,0.543,49.9648,82.7695
328.45,95.977,116.105,0.549,49.9801,82.8349
328.7,96.0173,116.105,0.553,49.9895,82.9063
328.95,95.8404,116.105,0.557,50.0065,82.9799
329.199,96.167,116.105,0.568,49.9914,83.0503
329.45,87.9842,116.105,0.579,50.0476,83.12
329.699,92.0145,116.105,0.58,49.9991,83.1797
329.95,87.9866,116.105,0.583,50.033,83.2391
330.199,92.0183,116.105,0.599,50.0094,83.2924
330.45,87.9851,116.105,0.604,49.996,83.3072
330.699,96.0182,116.105,0.605,50.0099,83.3098
330.95,91.9764,116.105,0.605,49.903,83.3116
331.199,96.02,116.105,0.603,50.0131,83.3139
331.45,87.9876,116.105,0.602,49.9804,83.3151
331.7,104.01,116.105,0.602,49.9729,83.3159
331.95,91.9904,116.105,0.602,49.9296,83.3168
332.199,92.0118,116.105,0.604,49.9872,83.3193
332.45,87.9792,116.105,0.604,49.9475,83.3217
332.699,96.0255,116.105,0.605,49.9933,83.3236
332.95,87.9829,116.105,0.609,49.9308,83.354
333.199,88.0257,116.105,0.616,50.0177,83.4079
333.45,95.7067,116.105,0.591,50.0175,83.4651
333.699,100.304,116.105,0.556,50.0162,83.5313
333.95,83.9769,116.105,0.543,50.0134,83.6025
334.199,88.0161,116.105,0.539,49.959,83.6773
334.45,95.9845,116.105,0.543,50.0738,83.7472
334.7,88.0049,116.105,0.557,49.9948,83.817
334.95,91.9997,116.105,0.565,49.9961,83.8904
335.2,95.9967,116.105,0.555,50.0046,83.9584
335.45,96.0005,116.105,0.554,49.9491,84.0314
335.699,96.0237,116.105,0.54,50.0058,84.0988
335.95,99.9417,116.105,0.525,50.0002,84.1729
336.2,104.043,116.105,0.512,50.0167,84.2451
336.45,95.9881,116.105,0.511,49.9932,84.3061
336.699,96.0226,116.105,0.51,50.001,84.368
336.95,91.9791,116.105,0.508,49.9951,84.4239
337.199,96.0223,116.105,0.503,50.0222,84.4835
337.45,95.9802,116.105,0.5,50.0349,84.5396
337.699,100.019,116.105,0.498,50.0214,84.5842
337.95,111.978,116.105,0.488,49.9875,84.6352
338.199,96.0143,116.105,0.452,49.9992,84.6945
338.45,107.886,116.105,0.415,49.9268,84.749
338.699,96.1413,116.105,0.364,50.0393,84.8097
338.95,91.9461,116.105,0.335,49.9869,84.871
339.199,92.0264,116.105,0.31,50.095,84.9414
339.45,99.9712,116.105,0.313,50.0009,85.0172
339.7,107.997,116.105,0.321,49.9855,85.0887
339.95,92.0032,116.105,0.32,49.9438,85.1636
340.2,87.9893,116.105,0.32,50.0333,85.2354
340.45,88.0118,116.105,0.32,50.0065,85.3006
340.699,84.0228,116.105,0.323,49.9968,85.3769
340.95,91.9764,116.105,0.329,49.9815,85.4472
341.2,88.0063,116.105,0.332,50.0182,85.5227
341.45,87.9918,116.105,0.333,49.9408,85.5993
341.699,100.019,116.105,0.339,49.9935,85.6716
341.95,83.9853,116.105,0.343,50.0103,85.7468
342.199,88.0158,116.105,0.353,49.9751,85.8219
342.45,87.9851,116.105,0.364,50.024,85.8888
342.699,80.0109,116.105,0.398,50.0235,85.9636
342.95,87.9879,116.105,0.433,49.9602,86.0362
343.199,84.0221,116.105,0.451,50.067,86.113
343.45,87.9757,116.105,0.451,49.994,86.1852
343.7,88.0099,116.105,0.449,49.9868,86.2539
343.95,103.99,116.105,0.447,49.9562,86.3308
344.199,88.0147,116.105,0.445,49.9828,86.409
344.45,91.9858,116.105,0.457,49.9825,86.4793
344.699,88.0164,116.105,0.482,49.995,86.5511
344.95,87.981,116.105,0.489,49.9936,86.6273
345.2,96.0061,116.105,0.489,50.023,86.6998
345.45,87.9896,116.105,0.489,49.9821,86.7766
345.7,100.015,116.105,0.489,49.9658,86.8438
345.95,91.9309,116.105,0.483,49.9739,86.9127
346.2,100.064,116.105,0.471,49.981,86.985
346.45,87.9705,116.105,0.457,49.9887,87.0501
346.699,88.0462,116.105,0.459,50.0235,87.1219
346.95,87.9597,116.105,0.467,50.0227,87.1864
347.199,92.0437,116.105,0.464,50.0199,87.2627
347.449,83.9997,116.105,0.455,49.9841,87.3392
347.699,92.0053,116.105,0.451,50.0001,87.4043
347.95,95.985,116.105,0.449,49.9582,87.4661
348.199,88.009,116.105,0.448,49.9945,87.5443
348.45,83.9833,116.105,0.45,49.9996,87.6171
348.699,88.0217,116.105,0.455,50.0138,87.6876
348.95,91.9892,116.105,0.458,50.0048,87.7549
349.199,84.0114,116.105,0.459,49.9887,87.8343
349.45,91.9619,116.105,0.464,50.0239,87.9123
349.7,84.0232,116.105,0.469,49.9901,87.9821
349.951,95.4506,116.105,0.472,50.0093,88.0551
350.2,92.5324,116.105,0.473,50.019,88.1305
350.45,79.9903,116.105,0.474,50.0103,88.2017
350.699,88.0187,116.105,0.474,50.0454,88.2789
350.95,91.9682,116.105,0.474,49.9922,88.3476
351.2,84.0186,116.105,0.471,49.9811,88.4189
351.45,83.986,116.105,0.472,49.9749,88.4954
351.699,92.0275,116.105,0.473,49.9815,88.5696
351.95,103.965,116.105,0.469,49.9453,88.6379
352.2,84.0165,116.105,0.467,50.0072,88.7125
352.45,87.9782,116.105,0.468,50.0319,88.7816
352.699,92.0383,116.105,0.471,50.0341,88.8525
352.95,95.9676,116.105,0.473,50.0226,88.9209
353.199,92.0261,116.105,0.477,49.9603,88.9911
353.45,95.9907,116.105,0.492,49.9855,89.0568
353.699,92.0112,116.105,0.494,49.9954,89.1001
353.95,91.9667,116.105,0.501,49.9971,89.1047
354.199,96.0392,116.105,0.492,49.9923,89.1065
354.45,99.9732,116.105,0.485,49.9975,89.109
354.7,99.9665,116.105,0.485,49.9796,89.1108
354.95,95.9868,116.105,0.485,50.0171,89.112
355.3,85.7523,116.105,0.485,50.0195,89.1141
355.55,95.9834,116.105,0.488,50.0146,89.1152
355.8,96.0164,116.105,0.486,49.9539,89.1162
356.05,99.9739,116.105,0.484,49.9679,89.1178
356.3,100.007,116.105,0.487,49.9848,89.1197
356.55,103.972,116.105,0.489,49.9668,89.1217
356.799,88.0466,116.105,0.489,50.0418,89.135
357.05,95.9824,116.105,0.499,49.9905,89.1888
357.299,92.0162,116.105,0.466,50.0484,89.2432
357.55,107.97,116.105,0.448,49.9793,89.3005
357.8,95.987,116.105,0.446,50.0056,89.3622
358.05,96.0252,116.105,0.444,49.9718,89.4267
358.3,87.9375,116.105,0.447,50.016,89.5021
358.55,84.0374,116.105,0.447,50.0017,89.5734
358.8,96.0328,116.105,0.447,50.0132,89.6514
359.05,95.989,116.105,0.447,49.9884,89.7257
359.3,91.9956,116.105,0.447,49.9347,89.7979
359.55,87.8778,116.105,0.448,50.0114,89.8729
359.799,88.1439,116.105,0.448,49.9912,89.9496
360.05,83.9867,116.105,0.448,49.9685,90.0217
360.3,87.9945,116.105,0.448,49.9657,90.0967
360.55,88.0064,116.105,0.448,49.9671,90.1641
360.8,83.9977,116.105,0.448,50.0368,90.2377
361.05,95.9936,116.105,0.45,49.9935,90.3147
361.299,88.0198,116.105,0.45,50.0093,90.3839
361.55,87.9804,116.105,0.451,49.9993,90.4569
361.799,84.0158,116.105,0.453,50.1033,90.5322
362.05,83.9904,116.105,0.458,49.9634,90.6047
362.299,88.012,116.105,0.46,49.9807,90.6826
362.55,91.9052,116.105,0.461,49.9916,90.7459
362.8,88.0833,116.105,0.461,50.0217,90.8197
363.05,95.9876,116.105,0.461,49.9326,90.8954
363.3,84.0138,116.105,0.461,50.0387,90.9676
363.55,91.9918,116.105,0.461,49.9394,91.0409
363.8,83.9945,116.105,0.459,49.9853,91.106
364.05,84.0039,116.105,0.453,49.9615,91.1757
364.299,96.0189,116.105,0.452,49.991,91.241
364.55,95.9751,116.105,0.449,49.9728,91.2987
364.799,92.0172,116.105,0.448,50.0045,91.3616
365.05,107.979,116.105,0.445,49.9775,91.4239
365.299,92.0214,116.105,0.443,49.9696,91.4789
365.55,95.9782,116.105,0.436,49.9979,91.5337
365.799,92.0218,116.105,0.431,49.9788,91.5905
366.05,95.9822,116.105,0.419,49.9501,91.6436
366.299,96.0183,116.105,0.385,49.9741,91.7051
366.55,95.9567,116.105,0.344,49.9878,91.7637
366.799,88.0412,116.105,0.314,49.9991,91.8292
367.05,91.9785,116.105,0.294,50.0026,91.9009
367.3,96.0135,116.105,0.299,49.9852,91.9721
367.55,99.9864,116.105,0.309,49.9866,92.0463
367.799,96.0172,116.105,0.315,49.9973,92.1175
368.05,91.9816,116.105,0.327,49.9647,92.1893
368.299,92.0192,116.105,0.338,49.9758,92.2575
368.55,95.9788,116.105,0.363,50.0078,92.3203
368.799,92.0216,116.105,0.387,50.0097,92.3863
369.05,87.9828,116.105,0.42,49.9681,92.4494
369.3,96.0054,116.105,0.452,50.0577,92.5121
369.55,99.9742,116.105,0.5,49.9205,92.5795
369.8,96.0229,116.105,0.544,49.9668,92.6567
370.05,99.8445,116.105,0.609,49.9692,92.728
370.299,96.1626,116.105,0.648,50.0202,92.8008
370.55,95.9794,116.105,0.726,49.9734,92.858
370.799,88.0204,116.105,0.756,50.0012,92.9179
371.05,91.9861,116.105,0.804,49.9505,92.9764
371.299,88.0106,116.105,0.828,50.0146,93.0327
371.55,91.8466,116.105,0.858,49.9649,93.0899
371.8,92.1378,116.105,0.874,49.9925,93.1435
372.05,91.9986,116.105,0.897,49.9273,93.2101
372.3,92.0133,116.105,0.907,50.0092,93.2791
372.55,103.99,116.105,0.928,49.8206,93.3486
372.8,88.0035,116.105,0.911,49.9978,93.4195
373.05,95.9881,116.105,0.897,49.946,93.488
373.299,92.0214,116.105,0.884,50.0086,93.5517
373.55,87.9887,116.105,0.87,49.9965,93.6248
373.799,92.0186,116.105,0.87,50.0215,93.6898
374.05,91.9748,116.105,0.87,49.8922,93.7666
374.299,92.0174,116.105,0.867,49.977,93.8363
374.55,99.9865,116.105,0.858,49.9228,93.8976
374.799,88.0198,116.105,0.853,49.9398,93.9568
375.05,95.9772,116.105,0.824,49.83,94.0194
375.299,88.0186,116.105,0.777,50.0042,94.0806
375.55,91.9759,116.105,0.706,49.8742,94.1454
375.799,88.0237,116.105,0.669,50.022,94.2053
376.05,87.9803,116.105,0.607,49.989,94.2745
376.299,92.0176,116.105,0.563,49.9811,94.3485
376.55,95.9786,116.105,0.512,50.0173,94.4145
376.8,92.0121,116.105,0.47,50.037,94.4825
377.05,99.9927,116.105,0.41,49.9346,94.5428
377.3,88.0066,116.105,0.383,50.0398,94.5812
377.55,87.9449,116.105,0.382,50.002,94.585
377.8,88.0506,116.105,0.381,49.9972,94.5857
378.05,91.982,116.105,0.37,49.9703,94.5863
378.299,88.0375,116.105,0.37,49.9815,94.588
378.55,87.9716,116.105,0.369,49.9389,94.5898
378.799,84.0263,116.105,0.364,50.0122,94.5908
379.05,87.9774,116.105,0.359,49.9867,94.5923
379.3,88.0104,116.105,0.344,50.0005,94.5933
379.55,95.9823,116.105,0.343,50.0014,94.595
379.8,100.001,116.105,0.345,49.8991,94.5958
380.05,80.0053,116.105,0.341,49.9885,94.5974
380.299,88.0158,116.105,0.34,50.0172,94.6005
380.55,87.9744,116.105,0.371,50.0153,94.6401
380.8,88.0071,116.105,0.426,50.0114,94.7053
381.05,92.0004,116.105,0.49,49.926,94.7675
381.3,84.0076,116.105,0.518,50.0008,94.8269
381.55,87.9979,116.105,0.563,49.9443,94.8971
381.8,103.984,116.105,0.594,49.9815,94.9621
382.05,88.0068,116.105,0.645,49.9551,95.0391
382.299,88.0214,116.105,0.679,49.9955,95.1076
382.549,96.013,116.105,0.725,50.0181,95.1754
382.799,103.984,116.105,0.757,50.005,95.2463
383.05,95.9809,116.105,0.775,49.9804,95.3103
383.299,88.0197,116.105,0.779,49.9829,95.3703
383.55,95.9711,116.105,0.796,50.9113,95.4368
383.8,88.0176,116.105,0.808,50.0023,95.5062
384.05,95.9863,116.105,0.827,49.9673,95.5841
384.299,88.0205,116.105,0.839,50.005,95.6594
384.55,91.9808,116.105,0.763,49.9989,95.7327
384.799,84.0154,116.105,0.695,49.9903,95.806
385.05,87.9841,116.105,0.721,49.9751,95.8781
385.3,91.9972,116.105,0.767,50.0149,95.9576
385.55,100.004,116.105,0.81,49.9239,96.0298
385.799,88.0186,116.105,0.789,49.9814,96.0976
386.05,83.9839,116.105,0.767,49.9899,96.1712
386.3,91.9978,116.105,0.755,49.9799,96.2334
386.55,83.9963,116.105,0.743,50.0051,96.293
386.799,88.0214,116.105,0.721,49.9877,96.3552
387.05,91.9854,116.105,0.683,49.9536,96.4236
387.299,92.0088,116.105,0.631,50.0182,96.4847
387.55,87.9836,116.105,0.568,49.9702,96.5492
387.8,99.9963,116.105,0.539,49.9906,96.6158
388.05,96.0086,116.105,0.488,49.9011,96.6921
388.299,88.0155,116.105,0.452,50.0055,96.7633
388.55,91.9529,116.105,0.425,49.9873,96.8231
388.799,88.0454,116.105,0.405,50.0137,96.8908
389.05,91.9734,116.105,0.371,49.964,96.9532
389.299,88.0254,116.105,0.364,50.0142,97.0221
389.55,87.9797,116.105,0.333,50.0587,97.0871
389.8,96.0161,116.105,0.319,50.0448,97.151
390.05,103.987,116.105,0.304,49.9832,97.22
390.3,91.9955,116.105,0.309,49.9392,97.2854
390.55,88.0034,116.105,0.333,49.9945,97.354
390.799,88.0205,116.105,0.357,50.0136,97.4264
391.05,95.9773,116.105,0.385,49.9891,97.4934
391.3,91.9967,116.105,0.413,50.0203,97.5512
391.55,88.0008,116.105,0.442,49.979,97.6092
391.8,92.0157,116.105,0.457,49.9872,97.6614
392.05,107.976,116.105,0.484,49.9867,97.718
392.299,96.0322,116.105,0.498,49.9835,97.7741
392.55,91.9716,116.105,0.466,50.0157,97.828
392.799,92.025,116.105,0.447,50.0157,97.8869
393.05,91.9825,116.105,0.434,50.0065,97.9505
393.299,88.0193,116.105,0.434,50.0178,98.0142
393.55,99.9698,116.105,0.434,49.9742,98.089
393.8,100.019,116.105,0.435,49.9087,98.1537
394.05,87.9822,116.105,0.441,50.0084,98.2272
394.299,88.0231,116.105,0.444,50.0008,98.3
394.55,83.9849,116.105,0.446,50.0285,98.3716
394.799,88.0161,116.105,0.424,50.0094,98.4453
395.05,87.9661,116.105,0.407,49.995,98.52
395.3,88.0222,116.105,0.395,50.0835,98.5926
395.55,87.9927,116.105,0.386,49.9384,98.666
395.8,88.0114,116.105,0.384,50.0789,98.7354
396.05,83.9926,116.105,0.377,50.0043,98.8067
396.299,88.0109,116.105,0.374,50.0511,98.8792
396.55,99.9857,116.105,0.369,50.0174,98.9511
396.8,92.0015,116.105,0.364,49.9992,99.0254
397.05,88,116.105,0.356,50.0117,99.0977
397.3,87.9364,116.105,0.352,50.0497,99.1693
397.55,92.0665,116.105,0.334,49.9936,99.2443
397.799,92.0193,116.105,0.319,50.0473,99.314
398.05,95.9801,116.105,0.322,50.0034,99.386
398.299,88.0173,116.105,0.326,50.0006,99.4615
398.55,103.978,116.105,0.356,49.9892,99.5334
398.8,95.9998,116.105,0.383,50.0043,99.6049
399.05,103.977,116.105,0.421,49.997,99.6683
399.299,100.044,116.105,0.454,50.0683,99.7244
399.55,95.9719,116.105,0.487,49.987,99.7803
399.799,100.029,116.105,0.513,50.0825,99.834
400.05,99.9688,116.105,0.549,50.0012,99.894
400.299,100.026,116.105,0.559,50.0067,99.9515
400.55,107.981,116.105,0.57,49.9945,100.005
400.8,108.012,116.105,0.553,49.9885,100.064
401.05,115.96,116.105,0.521,50.0133,100.127
401.299,104.04,116.105,0.506,50.0359,100.185
401.55,107.982,116.105,0.507,50.0026,100.248
401.8,104.002,116.105,0.523,50.0502,100.308
402.05,91.9979,116.105,0.561,50.0962,100.383
402.3,100.003,116.105,0.573,50.0203,100.459
402.55,99.9949,116.105,0.579,49.9917,100.531
402.799,96.0238,116.105,0.599,49.9924,100.605
403.05,107.978,116.105,0.629,50.0278,100.677
403.3,103.944,116.105,0.658,50.0309,100.745
403.55,108.058,116.105,0.689,50.012,100.811
403.8,92.0018,116.105,0.716,50.0577,100.87
404.05,104,116.105,0.744,50.0037,100.928
404.299,92.0261,116.105,0.774,50.0113,100.987
404.55,103.961,116.105,0.808,49.9324,101.044
404.799,100.037,116.105,0.834,49.9984,101.104
405.05,111.965,116.105,0.849,49.987,101.162
405.299,108.029,116.105,0.832,49.9599,101.224
405.55,111.956,116.105,0.815,49.9668,101.283
405.799,92.0387,116.105,0.777,50.095,101.344
406.05,99.9669,116.105,0.763,49.9978,101.409
406.299,132.046,116.105,0.745,47.9426,101.475
406.55,103.962,116.105,0.739,47.9098,101.538
406.8,96.0157,116.105,0.73,47.8839,101.612
407.05,107.981,116.105,0.73,47.9408,101.689
407.299,112.046,116.105,0.722,49.9864,101.758
407.55,103.946,116.105,0.726,49.9164,101.831
407.8,104.017,116.105,0.729,50.0321,101.904
408,104.543,116.105,0.738,49.9998,101.962
408.25,104.37,116.105,0.759,50.0238,102.029
408.5,96.0045,116.105,0.786,50.0752,102.105
408.75,95.9866,116.105,0.777,49.9969,102.179
409,104.017,116.105,0.71,50.0555,102.241
409.25,103.972,116.105,0.675,50.0461,102.308
409.499,112.04,116.105,0.625,50.0342,102.381
409.75,135.862,116.105,0.605,47.9731,102.439
410,112.087,116.105,0.588,47.8926,102.504
410.25,95.9253,116.105,0.588,47.9468,102.57
410.5,112.098,116.105,0.605,47.9115,102.633
410.75,103.966,116.105,0.62,50.0143,102.697
411,100.018,116.105,0.665,50.0152,102.762
411.25,111.941,116.105,0.703,50.0474,102.826
411.5,116.054,116.105,0.754,50.0623,102.888
411.7,104.532,116.105,0.794,50.0409,102.935
411.949,120.477,116.105,0.834,47.8927,103
412.2,99.9719,116.105,0.909,47.8859,103.063
412.45,108.02,116.105,0.948,47.8655,103.141
412.7,103.959,116.105,0.974,47.8502,103.213
412.95,100.014,116.105,0.988,49.9743,103.279
413.2,103.991,116.105,1.018,50.0021,103.349
413.449,116.05,116.105,1.04,49.9813,103.419
413.7,115.962,116.105,1.064,50.0194,103.494
413.95,92.0141,116.105,1.097,50.0486,103.566
414.2,104,116.105,1.138,49.9925,103.638
414.449,100.021,116.105,1.152,50.0246,103.714
414.7,103.974,116.105,1.175,50.0475,103.784
414.949,96.0164,116.105,1.186,50.0616,103.855
415.2,115.981,116.105,1.204,49.9435,103.933
415.45,112.011,116.105,1.213,50.0031,104.002
415.7,99.9878,116.105,1.236,50.0041,104.077
415.95,100.014,116.105,1.25,50.001,104.143
416.2,99.9889,116.105,1.285,50.0382,104.211
416.449,96.0173,116.105,1.306,49.9549,104.29
416.7,107.985,116.105,1.336,50.0044,104.364
416.949,100.02,116.105,1.362,49.9988,104.434
417.2,103.957,116.105,1.392,50.0122,104.508
417.449,108.032,116.105,1.399,50.0126,104.574
417.7,103.989,116.105,1.398,49.9888,104.641
417.95,112.003,116.105,1.392,49.9399,104.705
418.2,91.9895,116.105,1.385,49.9944,104.757
418.45,96.0143,116.105,1.386,49.9794,104.801
418.7,99.994,116.105,1.392,50.0122,104.805
418.949,96.0225,116.105,1.394,50.0051,104.807
419.2,103.971,116.105,1.401,49.9959,104.809
419.45,108.014,116.105,1.405,49.9842,104.811
419.7,111.986,116.105,1.411,49.9916,104.813
419.949,104.016,116.105,1.411,49.9735,104.814
420.2,103.986,116.105,1.415,50.0163,104.816
420.449,104.02,116.105,1.414,49.9819,104.82
420.7,95.9819,116.105,1.415,49.9951,104.825
420.95,99.9985,116.105,1.414,50.001,104.832
421.2,99.9961,116.105,1.409,50.0241,104.838
421.45,104.015,116.105,1.408,49.9998,104.843
421.7,115.987,116.109,1.391,49.97,104.861
421.95,99.9943,116.109,1.375,49.9177,104.914
422.2,96.0063,116.109,1.362,49.946,104.971
422.45,108.003,116.109,1.363,49.9539,105.037
422.7,120.005,116.109,1.362,47.6563,105.102
422.95,103.985,116.109,1.363,47.6255,105.169
423.2,104.019,116.109,1.369,47.615,105.241
423.45,99.9837,116.109,1.374,47.6467,105.306
423.7,108.016,116.109,1.388,49.9282,105.376
423.95,111.982,116.109,1.402,49.9978,105.446
424.2,104.017,116.109,1.373,49.987,105.514
424.45,111.998,116.109,1.349,50.0171,105.59
424.7,99.9968,116.109,1.325,49.9901,105.665
424.95,107.997,116.109,1.282,49.9684,105.737
425.2,100.003,116.109,1.234,49.9705,105.807
425.45,111.991,116.109,1.191,50.0297,105.877
425.7,108.011,116.109,1.128,50.1285,105.955
425.95,111.98,116.109,1.102,49.953,106.029
426.2,100.017,116.109,1.053,50.0201,106.102
426.45,99.9803,116.109,1.024,50.019,106.18
426.7,96.0188,116.109,0.989,49.9938,106.254
426.95,99.9874,116.109,0.971,49.9605,106.325
427.2,104.017,116.109,0.946,49.9681,106.401
427.45,111.986,116.109,0.932,50.028,106.472
427.7,112.011,116.109,0.923,49.9496,106.542
427.95,103.988,116.109,0.923,49.9606,106.608
428.2,104.012,116.109,0.861,50.0108,106.668
428.45,103.992,116.109,0.828,50.0053,106.736
428.7,96.0013,116.109,0.767,50.0133,106.807
428.95,99.9986,116.109,0.729,50.0236,106.877
429.199,120.019,116.109,0.675,49.9925,106.955
429.45,103.787,116.109,0.637,49.9967,107.027
429.7,112.217,116.109,0.601,49.9433,107.101
429.95,103.996,116.109,0.577,50.0026,107.173
430.2,96.0065,116.109,0.562,50.0354,107.242
430.45,99.9746,116.109,0.552,50.0291,107.312
430.7,104.028,116.109,0.565,50.0036,107.375
430.95,107.983,116.109,0.583,50.0312,107.441
431.2,112.011,116.109,0.613,49.9713,107.504
431.45,111.989,116.109,0.649,49.9983,107.563
431.7,104.013,116.109,0.678,50.0084,107.627
431.95,95.9692,116.109,0.653,49.996,107.69
432.2,96.0335,116.109,0.633,49.9676,107.752
432.45,99.9857,116.109,0.627,50.0447,107.819
432.7,100.011,116.109,0.64,49.988,107.887
432.95,99.9949,116.109,0.655,49.9857,107.952
433.2,136.006,116.109,0.681,47.9325,108.027
433.45,103.997,116.109,0.707,47.8523,108.098
433.7,100.008,116.109,0.732,47.9052,108.176
433.95,95.983,116.109,0.758,47.8687,108.245
434.199,96.0259,116.109,0.79,50.0446,108.303
434.45,99.9821,116.109,0.802,50.0015,108.365
434.699,100.023,116.109,0.819,50.014,108.427
434.95,95.9717,116.109,0.824,49.9856,108.486
435.199,112.027,116.109,0.825,50.0179,108.546
435.45,103.97,116.109,0.821,49.9791,108.603
435.699,100.028,116.109,0.812,50.0034,108.66
435.95,107.982,116.109,0.802,49.9967,108.717
436.199,104.019,116.109,0.772,50.0499,108.77
436.45,99.9698,116.109,0.754,49.9765,108.831
436.699,100.029,116.109,0.719,50.0145,108.892
436.95,107.972,116.109,0.688,50.0081,108.953
437.199,104.025,116.109,0.639,50.0149,109.023
437.45,99.9727,116.109,0.608,49.9683,109.09
437.699,100.034,116.109,0.562,50.0331,109.166
437.95,99.9719,116.109,0.539,49.9944,109.24
438.2,103.953,116.109,0.517,49.965,109.31
438.45,135.982,116.109,0.512,47.9376,109.388
438.699,104.085,116.109,0.504,47.9457,109.458
438.95,107.943,116.109,0.508,48.026,109.52
439.2,112.039,116.109,0.503,47.9492,109.584
439.45,115.881,116.109,0.501,48.0641,109.642
439.7,104.115,116.109,0.5,48.0015,109.705
439.95,99.9721,116.109,0.5,48.0833,109.767
440.199,116.059,116.109,0.496,47.9693,109.826
440.45,107.827,116.109,0.479,50.0001,109.888
440.7,116.166,116.109,0.459,49.9866,109.951
440.95,99.9864,116.109,0.445,50.0196,110.009
441.199,100.02,116.109,0.426,50.1685,110.07
441.45,91.8773,116.109,0.407,50.0864,110.128
441.7,96.1133,116.109,0.355,50.1084,110.195
441.95,99.971,116.109,0.328,50.03,110.262
442.2,108.04,116.109,0.303,50.0487,110.333
442.45,103.927,116.109,0.305,49.9397,110.41
442.699,100.075,116.109,0.311,50.0742,110.485
442.95,91.8866,116.109,0.316,50.0082,110.554
443.199,88.1153,116.109,0.327,50.0709,110.627
443.45,91.8826,116.109,0.336,50.0769,110.697
443.699,100.121,116.109,0.349,50.0638,110.775
443.95,83.8826,116.109,0.355,50.0067,110.844
444.199,92.1279,116.109,0.365,50.0632,110.915
444.45,91.8883,116.109,0.367,50.0008,110.991
444.699,88.1089,116.109,0.374,50.0683,111.066
444.95,87.9778,116.109,0.379,50.039,111.137
445.199,96.0236,116.109,0.403,50.0866,111.211
445.45,83.9338,116.109,0.42,50.0158,111.283
445.7,92.0681,116.109,0.448,50.0769,111.362
445.95,87.9665,116.109,0.448,49.9722,111.435
446.2,96.0276,116.109,0.448,50.0627,111.505
446.45,87.9088,116.109,0.448,49.9846,111.576
446.699,92.1112,116.109,0.448,50.0632,111.647
446.95,87.9771,116.109,0.448,50.0372,111.718
447.199,92.0237,116.109,0.455,50.0661,111.788
447.45,91.8834,116.109,0.462,49.9769,111.852
447.699,104.128,116.109,0.473,50.0564,111.924
447.95,103.946,116.109,0.48,49.974,111.997
448.199,96.0517,116.109,0.487,50.0418,112.065
448.45,91.9562,116.109,0.492,50.0081,112.135
448.699,96.0561,116.109,0.49,50.0984,112.2
448.95,91.9007,116.109,0.474,50.0151,112.269
449.199,96.0927,116.109,0.459,50.0229,112.344
449.45,95.9108,116.109,0.449,50.009,112.414
449.699,100.097,116.109,0.457,50.111,112.489
449.95,95.9529,116.109,0.462,49.9921,112.562
450.199,96.0463,116.109,0.449,50.0334,112.632
450.45,87.9573,116.109,0.448,49.9939,112.698
450.699,92.0438,116.109,0.448,50.0759,112.763
450.95,79.9201,116.109,0.448,50.027,112.835
451.199,92.0947,116.109,0.448,50.0564,112.913
451.45,91.9083,116.109,0.448,50.0334,112.985
451.699,84.0833,116.109,0.453,50.0584,113.059
451.95,95.7404,116.109,0.456,50.0083,113.134
452.2,92.2278,116.109,0.459,50.0558,113.206
452.45,91.8811,116.109,0.463,49.9711,113.283
452.699,92.1381,116.109,0.471,50.0799,113.354
452.95,83.9778,116.109,0.473,50.0079,113.427
453.199,92.0318,116.109,0.474,50.0577,113.505
453.45,87.9641,116.109,0.475,50.0497,113.576
453.699,88.0328,116.109,0.475,50.0769,113.654
453.95,83.8809,116.109,0.475,50.0445,113.726
454.199,96.1407,116.109,0.475,50.035,113.796
454.45,87.9649,116.109,0.473,50.0097,113.874
454.699,96.0303,116.109,0.474,50.0296,113.946
454.95,87.9043,116.109,0.475,50.007,114.02
455.199,96.1047,116.109,0.475,50.1213,114.093
455.45,87.9584,116.109,0.474,50.0164,114.162
455.699,96.0459,116.109,0.472,50.0608,114.234
455.95,95.8759,116.109,0.473,50.0228,114.3
456.199,108.139,116.109,0.475,50.0558,114.362
456.45,95.901,116.109,0.48,50.0489,114.428
456.699,104.11,116.109,0.487,50.1263,114.486
456.95,91.9838,116.109,0.494,50.0276,114.546
457.199,88.0173,116.109,0.51,50.141,114.607
457.451,103.554,116.109,0.522,50.1057,114.663
457.699,84.3617,116.109,0.512,50.0412,114.726
457.95,103.922,116.109,0.476,50.0238,114.791
458.2,104.069,116.109,0.462,50.0921,114.852
458.45,99.9364,116.109,0.435,50.0335,114.918
458.699,92.0671,116.109,0.434,50.0498,114.981
458.95,91.9334,116.109,0.429,49.9959,115.05
459.199,96.0748,116.109,0.423,50.1177,115.124
459.45,87.9192,116.109,0.421,50.0771,115.194
459.699,92.0812,116.109,0.431,50.0226,115.269
459.95,95.9118,116.109,0.448,50.042,115.343
460.2,96.0681,116.109,0.455,50.0651,115.415
460.45,91.938,116.109,0.447,50.0113,115.489
460.699,88.0764,116.109,0.438,50.0536,115.553
460.95,87.8417,116.109,0.428,50.0147,115.623
461.199,88.1564,116.109,0.409,50.0946,115.699
461.45,87.9122,116.109,0.385,50.0334,115.771
461.699,92.0958,116.109,0.387,50.1775,115.844
461.95,83.9233,116.109,0.394,50.0222,115.915
462.199,88.0828,116.109,0.402,50.1077,115.984
462.45,87.9137,116.109,0.414,49.9964,116.058
462.699,104.094,116.109,0.42,50.1065,116.128
462.95,87.9586,116.109,0.429,50.0027,116.2
463.2,92.0345,116.109,0.437,50.0779,116.276
463.45,87.9792,116.109,0.448,49.9986,116.342
463.699,92.0319,116.109,0.454,50.0796,116.415
463.95,87.8997,116.109,0.459,49.9958,116.489
464.199,88.1037,116.109,0.464,50.0799,116.56
464.45,91.8971,116.109,0.466,49.9968,116.635
464.699,88.0975,116.109,0.45,50.0534,116.704
464.95,87.9639,116.109,0.466,49.9756,116.781
465.199,84.0339,116.109,0.481,50.028,116.856
465.45,91.9058,116.109,0.494,50.0017,116.926
465.7,96.0858,116.109,0.495,50.0876,117
465.95,83.9462,116.109,0.495,50.0123,117.075
466.199,88.0704,116.109,0.494,50.0282,117.148
466.45,87.895,116.109,0.43,49.998,117.225
466.699,88.1071,116.109,0.387,50.0556,117.292
466.95,87.9116,116.109,0.348,49.9938,117.364
467.199,92.0914,116.109,0.322,50.0397,117.443
467.45,91.9317,116.109,0.312,50.022,117.513
467.699,100.079,116.109,0.32,50.1148,117.588
467.95,87.7757,116.109,0.33,50.0176,117.657
468.199,96.2459,116.109,0.335,50.0262,117.722
468.45,87.9744,116.109,0.346,49.9964,117.79
468.699,96.0186,116.109,0.357,50.157,117.855
468.95,91.9854,116.109,0.387,50.0124,117.929
469.199,96.0209,116.109,0.4,50.0064,118.001
469.45,95.8542,116.109,0.424,50.0227,118.065
469.699,104.151,116.109,0.434,50.0336,118.14
469.95,91.9669,116.109,0.445,50.0134,118.207
470.199,100.042,116.109,0.453,50.0758,118.275
470.45,95.9478,116.109,0.471,50.0191,118.346
470.699,92.05,116.109,0.481,50.0707,118.413
470.95,91.9164,116.109,0.501,50.0353,118.483
471.199,100.096,116.109,0.528,50.001,118.561
471.45,103.897,116.109,0.529,49.9733,118.631
471.7,92.0677,116.109,0.536,50.078,118.706
471.95,87.9087,116.109,0.541,49.9949,118.775
472.199,92.11,116.109,0.547,50.1239,118.846
472.45,87.9845,116.109,0.554,50.0096,118.923
472.7,96.0003,116.109,0.556,50.0756,118.993
472.95,91.9484,116.109,0.56,49.9942,119.063
473.199,88.0719,116.109,0.559,50.048,119.142
473.45,87.9499,116.109,0.558,50.0356,119.215
473.699,88.0473,116.109,0.557,50.0922,119.291
473.95,91.9481,116.109,0.556,50.0186,119.363
474.199,96.0503,116.109,0.556,50.0746,119.436
474.45,87.8853,116.109,0.556,49.9677,119.503
474.699,88.1251,116.109,0.555,50.0706,119.546
474.95,91.8641,116.109,0.555,49.9912,119.553
475.199,96.1301,116.109,0.56,50.0243,119.554
475.45,91.9207,116.109,0.565,49.9775,119.556
475.699,96.0823,116.109,0.565,50.0375,119.558
475.95,95.9746,116.109,0.563,50.0058,119.559
476.199,84.0238,116.109,0.562,50.113,119.56
476.45,91.9663,116.109,0.56,49.9953,119.561
476.699,92.0394,116.109,0.562,50.0623,119.562
476.95,95.9189,116.109,0.561,49.9685,119.563
477.199,104.09,116.109,0.564,50.0071,119.564
477.45,91.9466,116.109,0.565,49.9981,119.568
477.699,92.0479,116.109,0.543,50.0455,119.61
477.95,87.9147,116.109,0.516,49.9936,119.665
478.199,96.0953,116.109,0.514,50.0741,119.722
478.45,91.9123,116.109,0.515,49.9926,119.791
478.699,88.088,116.109,0.514,50.0586,119.858
478.95,83.9608,116.109,0.515,49.9703,119.933
479.199,92.0391,116.109,0.517,50.0285,120.01
479.45,99.9578,116.109,0.523,50.0075,120.078
479.699,96.0379,116.109,0.531,50.0913,120.151
479.95,91.9087,116.109,0.543,50.0109,120.225
480.2,88.0802,116.109,0.551,50.0489,120.295
480.45,91.9311,116.109,0.562,49.9823,120.362
480.699,92.074,116.109,0.559,50.0585,120.426
480.95,87.9022,116.109,0.552,50.0031,120.496
481.199,92.1064,116.109,0.528,50.0273,120.564
481.45,99.9564,116.109,0.481,49.993,120.631
481.699,104.043,116.109,0.463,50.0398,120.705
481.95,95.9555,116.109,0.447,50.0024,120.777
482.199,92.0474,116.109,0.451,50.109,120.85
482.45,91.93,116.109,0.452,50.025,120.922
482.699,100.07,116.109,0.457,50.1038,120.989
482.95,95.8851,116.109,0.466,50.0177,121.056
483.199,100.13,116.109,0.471,49.9978,121.123
483.45,107.921,116.109,0.455,49.9838,121.184
483.699,96.0601,116.109,0.419,50.0773,121.252
483.95,87.9202,116.109,0.365,50.0062,121.311
484.199,96.0919,116.109,0.344,50.1184,121.377
484.45,99.9053,116.109,0.327,50.0098,121.454
484.699,104.099,116.109,0.324,50.0504,121.518
484.95,99.7876,116.109,0.324,50.0097,121.585
485.199,92.1968,116.109,0.322,50.0603,121.655
485.45,87.953,116.109,0.317,49.9934,121.718
485.699,96.0535,116.109,0.332,50.0789,121.789
485.95,87.9112,116.109,0.362,50.042,121.855
486.199,92.0926,116.109,0.393,50.1678,121.924
486.45,91.908,116.109,0.447,50.0183,122
486.7,100.069,116.109,0.485,50.044,122.071
486.95,91.9855,116.109,0.488,49.9901,122.145
487.199,88.0359,116.109,0.488,50.0276,122.222
487.45,87.9649,116.109,0.489,49.9895,122.295
487.699,92.038,116.109,0.489,50.0401,122.374
487.95,87.9703,116.109,0.48,50.0168,122.442
488.199,88.0271,116.109,0.479,50.1384,122.511
488.45,91.9597,116.109,0.487,50.0298,122.589
488.7,92.0192,116.109,0.486,50.0868,122.661
488.95,95.9887,116.109,0.486,50.0037,122.728
489.199,80.0323,116.109,0.485,50.067,122.803
489.45,91.9483,116.109,0.482,50.0003,122.874
489.699,88.0496,116.109,0.48,50.129,122.948
489.95,91.9474,116.109,0.477,50.0314,123.015
490.199,84.0459,116.109,0.476,50.0657,123.083
490.45,91.9832,116.109,0.462,49.9871,123.158
490.699,92.0182,116.109,0.448,50.1411,123.226
490.95,91.9564,116.109,0.434,49.9947,123.301
491.2,99.9929,116.109,0.431,50.0156,123.374
491.45,95.9697,116.109,0.427,50.0449,123.44
491.699,88.0726,116.109,0.424,50.0441,123.517
491.95,83.9142,116.109,0.417,50.0531,123.588
492.199,88.0937,116.109,0.414,50.0576,123.66
492.45,91.9501,116.109,0.412,49.9889,123.735
492.699,88.0436,116.109,0.411,50.0575,123.806
492.95,95.9129,116.109,0.411,50.0167,123.879
493.2,88.0707,116.109,0.411,50.1008,123.952
493.45,87.9904,116.109,0.406,50.044,124.017
493.699,92.0188,116.109,0.401,50.0185,124.086
493.95,107.734,116.109,0.38,49.0947,124.153
494.2,96.2338,116.109,0.384,47.9275,124.224
494.45,87.9929,116.109,0.382,47.9438,124.296
494.7,91.9017,116.109,0.389,47.9109,124.358
494.95,96.1073,116.109,0.402,48.7795,124.415
495.2,103.98,116.109,0.408,49.9817,124.475
495.45,99.9418,116.109,0.43,49.9599,124.531
495.7,104.068,116.109,0.44,49.938,124.592
495.95,100.014,116.109,0.463,50.0131,124.648
496.2,99.9858,116.109,0.473,50.337,124.707
496.449,88.0172,116.109,0.448,50.099,124.766
496.7,95.8999,116.109,0.434,50.0065,124.823
496.95,104.076,116.109,0.429,50.0173,124.887
497.199,96.0748,116.109,0.427,49.994,124.954
497.45,95.9509,116.109,0.425,50.0064,125.019
497.7,99.9291,116.109,0.425,50.0034,125.093
497.95,84.0405,116.109,0.425,49.9869,125.165
498.199,92.0242,116.109,0.427,50.0507,125.241
498.45,87.9904,116.109,0.431,50.0148,125.315
498.699,84.0194,116.109,0.432,50.0366,125.386
498.949,87.9912,116.109,0.438,50.0658,125.457
499.199,84.0184,116.109,0.442,49.9647,125.533
499.45,83.96,116.109,0.445,49.993,125.598
499.699,88.0308,116.109,0.446,50.0791,125.667
499.95,91.9728,116.109,0.447,49.9837,125.739
500.2,91.9249,116.109,0.451,50.0026,125.815
500.45,92.0701,116.109,0.457,49.9394,125.893
500.699,84.021,116.109,0.459,49.9216,125.964
500.95,87.9843,116.109,0.46,50.004,126.038
501.199,88.0245,116.109,0.461,50.0853,126.117
501.45,83.9872,116.109,0.461,50.0297,126.184
501.699,88.0145,116.109,0.461,50.0605,126.258
501.95,79.9853,116.109,0.462,50.0077,126.329
502.199,92.0197,116.109,0.462,50.0255,126.405
502.45,87.9766,116.109,0.462,50.0107,126.48
502.699,100.024,116.109,0.452,50.1198,126.545
502.949,91.9899,116.109,0.437,49.9774,126.609
503.2,95.978,116.109,0.437,49.9495,126.68
503.45,84.0124,116.109,0.44,49.9851,126.753
503.699,100.051,116.109,0.455,49.9837,126.824
503.95,87.9267,116.109,0.487,50.0063,126.892
504.2,95.9547,116.109,0.512,49.9834,126.967
504.449,96.0822,116.109,0.507,50.0087,127.039
504.7,95.8759,116.109,0.479,49.994,127.103
504.95,96.1177,116.109,0.44,49.987,127.179
505.2,99.9783,116.109,0.425,50.0777,127.255
505.45,100.021,116.109,0.413,50.0213,127.323
505.7,83.979,116.109,0.402,50.0091,127.398
505.95,92.0294,116.109,0.413,50.0387,127.463
506.2,91.9713,116.109,0.419,49.954,127.532
506.45,96.0304,116.109,0.422,49.9972,127.608
506.7,87.9216,116.109,0.426,49.9973,127.677
506.95,88.0739,116.109,0.397,49.9821,127.746
507.2,91.8942,116.109,0.373,49.9981,127.817
507.45,88.0998,116.109,0.366,49.9995,127.887
507.7,100,116.109,0.363,50.0524,127.963
507.95,79.9984,116.109,0.363,50.0107,128.032
508.2,87.9351,116.109,0.363,50.0803,128.106
508.449,88.0734,116.109,0.362,50.0169,128.183
508.7,87.9948,116.109,0.356,49.9551,128.254
508.95,79.9925,116.109,0.353,49.9846,128.331
509.2,96.0081,116.109,0.346,49.979,128.401
509.45,91.9955,116.109,0.341,50.0064,128.477
509.7,95.8471,116.109,0.338,50.0198,128.556
509.95,96.1546,116.109,0.331,50.0126,128.623
510.199,92.0148,116.109,0.32,49.9687,128.692
510.45,95.9903,116.109,0.324,49.9759,128.771
510.699,92.0122,116.109,0.352,50.1023,128.841
510.95,91.9857,116.109,0.372,49.9972,128.903
511.2,107.994,116.109,0.418,50.0126,128.967
511.45,96.0113,116.109,0.457,49.9589,129.027
511.7,103.877,116.109,0.495,49.9597,129.089
511.95,92.0979,116.109,0.52,49.9853,129.146
512.2,95.9985,116.109,0.548,50.0315,129.207
512.45,100.01,116.109,0.567,49.9953,129.264
512.7,96.0008,116.109,0.59,49.9623,129.32
512.95,103.974,116.109,0.576,49.9868,129.378
513.2,107.931,116.109,0.551,49.9449,129.434
513.45,104.064,116.109,0.537,49.9893,129.491
513.7,96.0261,116.109,0.527,49.9915,129.555
513.95,99.9885,116.109,0.529,49.9581,129.623
514.2,95.9988,116.109,0.526,49.9895,129.693
514.45,92.0023,116.109,0.53,50.0681,129.768
514.7,96.0113,116.109,0.539,49.9926,129.838
514.95,87.9977,116.109,0.543,50.0294,129.912
515.2,95.9896,116.109,0.55,49.9843,129.98
515.45,100.006,116.109,0.553,50.0027,130.056
515.7,95.7742,116.109,0.563,50.0277,130.127
515.949,116.295,116.109,0.574,47.8676,130.195
516.2,83.9869,116.109,0.58,47.9603,130.263
516.45,91.9976,116.109,0.581,47.93,130.325
516.7,87.9981,116.109,0.591,47.9321,130.38
516.949,88.0149,116.109,0.598,50.033,130.417
517.2,103.971,116.109,0.604,49.9716,130.421
517.45,96.0005,116.109,0.598,49.8738,130.424
517.8,82.8645,116.109,0.594,49.9812,130.427
518.049,92.0109,116.109,0.594,49.988,130.428
518.3,99.9586,116.109,0.593,50.0708,130.43
518.549,96.0455,116.109,0.59,49.9245,130.435
518.8,87.9806,116.109,0.593,50.0109,130.443
519.05,96.0069,116.109,0.592,49.9588,130.449
519.3,83.9978,116.109,0.594,50.0002,130.457
519.55,95.9988,116.109,0.603,50.0484,130.463
519.8,83.9976,116.109,0.612,50.0004,130.506
520.049,92.022,116.109,0.608,49.9862,130.565
520.3,99.9771,116.109,0.569,49.9769,130.626
520.55,91.9765,116.109,0.547,50.0239,130.699
520.8,96.0194,116.109,0.538,49.9865,130.774
521.049,88.0216,116.109,0.539,49.9813,130.841
521.3,91.984,116.109,0.541,50.019,130.918
521.549,92.0162,116.109,0.549,50.0315,130.986
521.8,87.9831,116.109,0.556,50.0097,131.057
522.049,92.0197,116.109,0.559,49.9797,131.13
522.3,91.9828,116.109,0.561,49.9281,131.202
522.55,99.9915,116.109,0.564,50.0319,131.271
522.8,95.9975,116.109,0.571,49.9739,131.341
523.05,100.008,116.109,0.572,49.9764,131.411
523.3,96.0005,116.109,0.575,50.0182,131.483
523.549,92.0148,116.109,0.583,49.9979,131.535
523.8,95.981,116.109,0.598,49.9995,131.591
524.05,95.9854,116.109,0.604,50.0724,131.647
524.3,100.016,116.109,0.603,49.983,131.701
524.55,100.009,116.109,0.583,49.9973,131.753
524.8,115.992,116.109,0.514,49.9716,131.807
525.05,107.997,116.109,0.475,49.8919,131.866
525.3,96.0031,116.109,0.41,50.0134,131.922
525.55,96.0057,116.109,0.371,50.0515,131.98
525.8,99.9902,116.109,0.32,49.9851,132.046
526.05,96.0003,116.109,0.295,49.9935,132.122
526.3,104.006,116.109,0.272,49.9902,132.19
526.549,100.009,116.109,0.274,49.9874,132.262
526.8,103.916,116.109,0.288,50.0046,132.333
527.05,88.0585,116.109,0.304,50.0074,132.409
527.3,91.999,116.109,0.349,49.9809,132.48
527.549,84.0135,116.109,0.37,50.0561,132.545
527.8,95.9893,116.109,0.371,50.0617,132.62
528.05,87.9323,116.109,0.372,49.9837,132.697
528.3,84.0617,116.109,0.38,49.9921,132.767
528.55,87.9966,116.109,0.383,49.9765,132.837
528.8,91.9997,116.109,0.392,49.9834,132.904
529.05,92.0088,116.109,0.396,50.0564,132.982
529.3,87.9964,116.109,0.406,49.9775,133.06
529.549,88.0137,116.109,0.42,49.991,133.131
529.8,83.9881,116.109,0.432,50.0015,133.203
530.05,84.0067,116.109,0.433,50.0023,133.28
530.3,95.9941,116.109,0.433,49.9514,133.353
530.55,91.998,116.109,0.434,49.9892,133.426
530.8,91.9994,116.109,0.434,50.0105,133.495
531.05,96.0009,116.109,0.434,50.0041,133.561
531.3,92.0022,116.109,0.442,49.9606,133.639
531.55,87.9925,116.109,0.451,50.0445,133.703
531.8,88.0046,116.109,0.464,49.9902,133.767
532.05,87.9916,116.109,0.469,50.0481,133.84
532.3,96.0089,116.109,0.481,49.9576,133.91
532.55,91.9915,116.109,0.484,50.0016,133.979
532.8,120.004,116.109,0.487,47.9812,134.047
533.049,92.0183,116.109,0.488,48.0615,134.119
533.3,95.9866,116.109,0.475,48.0185,134.195
533.55,91.9935,116.109,0.46,48.0412,134.262
533.8,104.009,116.109,0.463,49.9907,134.329
534.05,95.9636,116.109,0.462,49.9479,134.401
534.3,92.032,116.109,0.448,49.8992,134.467
534.55,92.0052,116.109,0.448,50.02,134.535
534.8,87.9976,116.109,0.442,50.0136,134.604
535.049,88.0147,116.109,0.439,49.9992,134.673
535.3,87.9781,116.109,0.439,49.9462,134.75
535.55,88.0074,116.109,0.442,49.9736,134.816
535.8,87.9954,116.109,0.446,49.9515,134.89
536.05,92.0111,116.109,0.45,49.985,134.962
536.3,87.9886,116.109,0.456,50.0112,135.028
536.55,88.0046,116.109,0.459,50.0228,135.102
536.8,104.001,116.109,0.46,49.9219,135.173
537.05,87.9904,116.109,0.465,49.95,135.248
537.3,84.0091,116.109,0.471,49.9901,135.325
537.55,87.9908,116.109,0.473,50.0655,135.397
537.8,88.009,116.109,0.474,49.9904,135.47
538.05,84.0083,116.109,0.475,50.0101,135.548
538.3,95.9868,116.109,0.475,49.9935,135.618
538.55,92.004,116.109,0.475,49.9777,135.698
538.8,87.9997,116.109,0.474,50.0074,135.767
539.05,83.9863,116.109,0.474,50.0345,135.843
539.3,88.0151,116.109,0.47,49.9978,135.916
539.549,88.0171,116.109,0.468,50.0225,135.983
539.8,95.9807,116.109,0.47,49.9588,136.055
540.05,92.0035,116.109,0.472,49.9892,136.128
540.3,95.9964,116.109,0.475,49.9922,136.2
540.55,91.9952,116.109,0.486,49.979,136.265
540.8,100.005,116.109,0.493,49.9885,136.318
541.05,100.01,116.109,0.497,49.9653,136.339
541.3,99.9901,116.109,0.497,50.0116,136.341
541.549,84.0163,116.109,0.493,50.015,136.343
541.8,91.9812,116.109,0.488,49.9881,136.345
542.049,100.013,116.109,0.485,50.0904,136.346
542.3,87.9839,116.109,0.487,49.9606,136.347
542.6,96.6716,116.109,0.484,49.9628,136.35
542.85,103.909,116.109,0.486,50.0173,136.351
543.1,104.06,116.109,0.486,49.9604,136.352
543.349,92.0388,116.109,0.486,49.9885,136.353
543.6,95.9903,116.109,0.489,50.0135,136.355
543.849,84.0142,116.109,0.49,50.0409,136.357
544.1,91.9788,116.109,0.497,50.0856,136.369
544.35,95.9909,116.109,0.508,49.9842,136.416
544.6,84.0126,116.109,0.478,50.0011,136.48
544.85,103.984,116.109,0.463,49.9758,136.549
545.1,104.02,116.109,0.461,49.9855,136.616
545.35,88.0039,116.109,0.455,50.0863,136.688
545.6,99.988,116.109,0.449,49.9791,136.761
545.85,83.9961,116.109,0.44,49.999,136.834
546.1,96.0053,116.109,0.434,50.035,136.912
546.35,87.9938,116.109,0.43,49.9658,136.981
546.6,95.9957,116.109,0.412,50.0165,137.052
546.85,84.0195,116.109,0.398,50.0456,137.121
547.1,87.9851,116.109,0.397,50.0401,137.193
547.35,84.0118,116.109,0.397,50.0308,137.265
547.6,87.9921,116.109,0.397,49.9555,137.33
547.85,83.9955,116.109,0.397,49.9771,137.402
548.1,88.0066,116.109,0.397,49.9999,137.478
548.35,84.0021,116.109,0.398,49.9948,137.55
548.6,103.996,116.109,0.4,49.9803,137.621
548.85,80.0081,116.109,0.4,50.0627,137.693
549.1,87.988,116.109,0.399,49.9911,137.759
549.35,83.9986,116.109,0.396,50.0099,137.832
549.6,92.0035,116.109,0.384,49.9781,137.907
549.85,84.0105,116.109,0.37,50.0202,137.975
550.1,83.9913,116.109,0.369,50.0317,138.052
550.35,80.001,116.109,0.365,50.0381,138.114
550.6,99.9995,116.109,0.362,50.0125,138.18
550.85,87.9932,116.109,0.362,49.9527,138.244
551.1,100.005,116.109,0.366,49.9297,138.319
551.35,88.0063,116.109,0.368,49.9943,138.395
551.6,95.9942,116.109,0.377,50.0005,138.46
551.85,84.0088,116.109,0.4,50.061,138.522
552.1,95.991,116.109,0.411,50.0659,138.578
552.35,87.9876,116.109,0.42,50.0269,138.627
552.6,100.009,116.109,0.431,50.0012,138.682
552.849,92.0192,116.109,0.435,50.0398,138.738
553.1,99.9837,116.109,0.432,49.9583,138.789
553.349,108.013,116.109,0.425,50.0038,138.842
553.6,103.994,116.109,0.41,50.0095,138.895
553.85,91.9997,116.109,0.369,50.0085,138.957
554.1,91.993,116.109,0.329,50.0441,139.021
554.35,96.0083,116.109,0.303,50.1981,139.085
554.6,95.9896,116.109,0.294,50.0282,139.15
554.85,92.0111,116.109,0.3,49.9992,139.226
555.1,95.9912,116.109,0.31,50.0333,139.297
555.35,87.9911,116.109,0.325,50.0165,139.369
555.6,96.0124,116.109,0.351,50.0492,139.438
555.85,99.9833,116.109,0.36,50.0125,139.508
556.1,88.0131,116.109,0.402,50.0003,139.586
556.35,91.9964,116.109,0.42,50.0191,139.657
556.6,99.999,116.109,0.456,49.9535,139.731
556.85,87.9736,116.109,0.48,50.0389,139.798
557.1,100.031,116.109,0.516,50.006,139.865
557.35,96.0001,116.109,0.554,50.03,139.938
557.6,100.005,116.109,0.608,49.9956,140.017
557.85,92.0026,116.109,0.643,49.9593,140.085
558.1,95.9835,116.109,0.711,50.0515,140.153
558.35,92.0229,116.109,0.742,50.0138,140.211
558.6,91.9868,116.109,0.796,50.07,140.27
558.85,87.9743,116.109,0.817,50.0077,140.327
559.1,92.0307,116.109,0.854,50.0255,140.393
559.349,104.014,116.109,0.823,50.0002,140.465
559.6,91.9857,116.109,0.795,49.952,140.535
559.85,84.0101,116.109,0.763,50.0005,140.612
560.1,91.9907,116.109,0.759,49.9959,140.69
560.349,92.023,116.109,0.752,50.0126,140.759
560.6,91.9759,116.109,0.759,50.0233,140.829
560.849,88.0183,116.109,0.752,50.0376,140.899
561.1,95.9775,116.109,0.756,50.0279,140.973
561.349,84.0143,116.109,0.775,50.0199,141.036
561.6,99.9751,116.109,0.795,50.0051,141.094
561.85,92.0021,116.109,0.836,50.0236,141.156
562.1,100.003,116.109,0.798,49.9414,141.221
562.349,88.0198,116.109,0.734,49.992,141.279
562.6,91.9817,116.109,0.693,50.0061,141.341
562.849,92.0138,116.109,0.628,50.0288,141.412
563.1,91.9884,116.109,0.577,50.0378,141.488
563.349,96.0135,116.109,0.513,50.0138,141.557
563.6,99.9835,116.109,0.475,49.9999,141.622
563.85,99.9978,116.109,0.411,49.9771,141.688
564.1,92.0074,116.109,0.384,50.0327,141.734
564.35,92.0001,116.109,0.383,49.9832,141.738
564.6,84.001,116.109,0.381,50.0273,141.739
564.85,88.005,116.109,0.37,50.061,141.739
565.1,95.979,116.109,0.37,49.9801,141.741
565.349,84.0266,116.109,0.369,50.0456,141.743
565.6,91.9749,116.109,0.365,49.9683,141.744
565.85,88.0042,116.109,0.36,49.9955,141.746
566.1,96.0054,116.109,0.346,50.0426,141.747
566.35,96.0009,116.109,0.344,49.9703,141.748
566.6,95.993,116.109,0.346,50.0359,141.749
