time,cpu,memory,obstacle_distance,cmd_vel_frequency,distance_travelled
0.234312,0,115.777,0.255,52.5269,2.95293e-05
0.484487,131.908,115.777,0.255,51.2538,8.4804e-05
0.734273,96.0821,115.777,0.255,50.8369,0.000147742
0.984605,135.82,115.777,0.256,49.044,0.000224342
1.23434,92.0991,115.715,0.256,47.4331,0.000354576
1.4843,92.0138,115.719,0.256,47.5098,0.000475672
1.73432,91.992,115.719,0.255,47.4841,0.000551805
1.98453,87.926,115.719,0.256,48.9221,0.000554941
2.23431,92.0817,115.855,0.255,50.018,0.00141346
2.48448,91.9356,115.855,0.286,49.952,0.040989
2.73431,88.0602,115.855,0.338,49.9888,0.103389
2.98517,107.63,115.855,0.403,50.0087,0.170116
3.23432,88.3,115.855,0.458,49.9647,0.229465
3.43619,94.1231,115.855,0.485,49.9865,0.265812
3.68433,128.956,115.855,0.518,48.284,0.341585
3.93428,92.0204,115.855,0.551,47.8532,0.404323
4.18435,87.9747,115.855,0.602,47.8591,0.47047
4.4343,88.0179,115.855,0.642,47.8679,0.542697
4.68433,91.99,115.855,0.712,49.55,0.611513
4.9343,92.0106,115.855,0.753,50.0069,0.678413
5.18456,99.8958,115.855,0.798,49.9998,0.740634
5.43434,92.0812,115.855,0.824,50.0593,0.784553
5.68434,103.998,115.855,0.852,50.0179,0.855491
5.93428,84.0211,115.855,0.836,50.0093,0.914194
6.18446,99.9258,115.855,0.814,50.0096,0.982883
6.43431,108.066,115.855,0.813,48.7124,1.04975
6.68488,95.7835,115.855,0.821,48.0364,1.10624
6.93433,92.2033,115.855,0.825,47.9436,1.19335
7.18442,103.96,115.855,0.858,47.9358,1.26246
7.43428,76.0435,115.855,0.872,49.7231,1.32163
7.68442,95.946,115.855,0.863,50.0449,1.403
7.93428,84.0469,115.855,0.867,50.041,1.46941
8.18436,95.9705,115.902,0.857,49.9884,1.54589
8.43432,100.015,115.902,0.844,50.0429,1.62028
8.68431,96.0043,115.902,0.831,49.9668,1.68659
8.93431,88.0007,115.902,0.818,50.0274,1.75351
9.18471,95.8455,115.902,0.793,50.0363,1.8177
9.43434,84.1244,115.902,0.756,50.0281,1.86802
9.68435,87.9962,115.902,0.679,50.1372,1.94153
9.93428,92.0266,115.902,0.642,50.0429,1.9998
10.1844,87.9742,115.902,0.576,50.0834,2.06836
10.4343,96.0195,115.902,0.534,49.9479,2.13984
10.6848,99.8031,115.902,0.495,49.9927,2.19866
10.9343,96.1906,115.902,0.45,49.9996,2.28609
11.1846,99.8811,115.902,0.416,50.0015,2.3369
11.4344,100.075,115.902,0.4,49.9867,2.39989
11.6844,111.991,115.902,0.373,50.0783,2.47311
11.9343,96.0501,115.902,0.353,50.0677,2.53386
12.1843,91.981,115.902,0.329,50.146,2.59959
12.4343,84.0161,115.902,0.32,50.3907,2.66436
12.6846,95.9024,115.902,0.317,50.0079,2.7282
12.9343,88.0879,115.902,0.317,50.0154,2.8026
13.1844,95.978,115.902,0.328,50.0233,2.87996
13.4346,99.8914,115.902,0.349,50.0952,2.9325
13.6857,99.581,115.902,0.388,50.0398,3.00708
13.9343,92.5249,115.902,0.428,50.027,3.06477
14.1844,91.9678,115.902,0.478,50.0329,3.11968
14.4343,88.0099,115.902,0.496,50.0577,3.17496
14.6845,99.9256,115.902,0.513,50.0405,3.21663
14.9343,100.09,115.902,0.496,49.9772,3.28104
15.1844,99.9722,115.902,0.458,49.9942,3.33246
15.4344,107.999,115.902,0.445,50.0292,3.38138
15.6847,95.8743,115.902,0.432,50.0667,3.45297
15.9343,104.16,115.902,0.432,49.9964,3.51685
16.1844,87.9774,115.902,0.432,50.0379,3.59108
16.4343,96.0191,115.902,0.438,50.1833,3.6632
16.6847,91.869,115.902,0.446,49.9934,3.71734
16.9343,100.144,115.902,0.451,49.9976,3.79738
17.1845,91.9463,115.902,0.456,50.0581,3.87001
17.4343,88.0504,115.902,0.443,50.0752,3.93607
17.6844,95.9857,115.902,0.405,50.1158,4.00919
17.9343,100.028,115.902,0.392,50.0484,4.08176
18.1844,87.9696,115.902,0.382,50.0157,4.15708
18.4343,92.0265,115.902,0.382,50.0051,4.22536
18.6844,87.9676,115.902,0.379,50.0406,4.29355
18.9343,92.0274,115.902,0.374,50.0136,4.36563
19.1849,91.7687,115.902,0.367,50.0176,4.43639
19.4346,92.1359,115.902,0.361,50.0699,4.51214
19.6844,96.0866,115.902,0.341,50.037,4.58103
19.9343,92.0225,115.902,0.34,50.0365,4.64711
20.1844,95.9551,115.902,0.334,49.9452,4.72521
20.4343,108.027,115.902,0.332,47.8362,4.79452
20.6843,88.018,115.902,0.32,47.9988,4.85956
20.9343,127.999,115.902,0.314,46.2988,4.93758
21.1843,108.004,115.902,0.336,46.0177,5.00806
21.4344,103.964,115.902,0.359,47.93,5.08553
21.6843,104.033,115.902,0.393,47.8833,5.15224
21.9344,95.9792,115.902,0.43,49.9779,5.21087
22.1843,100.021,115.902,0.468,49.9881,5.26892
22.4344,99.9596,115.902,0.491,50.0087,5.32297
22.6843,108.046,115.902,0.53,49.9778,5.37747
22.9344,103.954,115.902,0.555,50.0152,5.43309
23.1844,108.007,115.902,0.57,49.9799,5.48316
23.4347,107.869,116.094,0.56,50.043,5.54015
23.6843,136.21,116.098,0.524,47.9685,5.5975
23.9346,115.852,116.148,0.509,47.9303,5.65909
24.1843,104.142,116.148,0.494,47.9529,5.72181
24.4344,111.964,116.148,0.494,47.8566,5.78702
24.6846,99.9024,116.148,0.528,49.9866,5.84463
24.9344,124.104,116.148,0.558,47.9664,5.92964
25.1844,104.008,116.148,0.581,48.0082,5.99776
25.4344,100.011,116.148,0.59,47.9597,6.07318
25.6843,100.023,116.148,0.6,47.9365,6.14692
25.9344,103.958,116.148,0.625,50.0532,6.21466
26.1843,112.04,116.148,0.673,49.9561,6.28773
26.4346,95.9043,116.148,0.691,50.0468,6.35042
26.6843,100.107,116.148,0.712,50.0109,6.40632
26.9344,103.945,116.148,0.743,49.9912,6.46627
27.1843,96.0572,116.148,0.77,50.0135,6.52236
27.4356,107.43,116.148,0.805,50.0667,6.57115
27.6843,112.579,116.148,0.835,49.9532,6.64073
27.935,103.711,116.148,0.846,50.0273,6.687
28.1843,108.303,116.148,0.841,49.884,6.76371
28.4344,99.98,116.148,0.794,50.0747,6.82494
28.6843,100.013,116.148,0.772,50.0515,6.87165
28.9344,103.96,116.148,0.748,50.095,6.94827
29.1843,104.062,116.148,0.744,50.0197,7.01972
29.4347,103.84,116.148,0.724,50.055,7.08509
29.6843,104.13,116.148,0.721,49.973,7.14856
29.9348,111.776,116.148,0.718,50.0096,7.20205
30.1843,108.234,116.148,0.718,49.9834,7.28849
30.4344,103.959,116.148,0.72,50.0741,7.36242
30.6843,104.05,116.148,0.733,49.9775,7.43043
30.9344,99.96,116.148,0.74,50.1632,7.50754
31.1843,104.036,116.148,0.704,50.0132,7.57454
31.4357,103.43,116.148,0.658,50.016,7.63602
31.6844,116.591,116.148,0.632,49.9905,7.72384
31.9344,100.014,116.148,0.604,49.9942,7.78917
32.1843,100.028,116.148,0.593,49.9511,7.85813
32.4349,131.711,116.148,0.594,49.0558,7.92232
32.6843,120.25,116.148,0.609,46.4513,7.97111
32.9344,99.9726,116.148,0.636,45.5608,8.04751
33.1843,120.062,116.148,0.667,45.5871,8.11062
33.4343,119.991,116.148,0.723,45.7188,8.18143
33.6843,112,116.148,0.766,49.04,8.247
33.9343,99.9859,116.148,0.83,50.0038,8.30774
34.1843,96.0146,116.148,0.879,50.0098,8.37011
34.4343,99.9781,116.148,0.941,50.0869,8.43013
34.6851,103.684,116.148,0.946,49.9844,8.47872
34.9343,116.355,116.148,0.939,49.9603,8.55692
35.1843,108.025,116.148,0.945,50.0031,8.62392
35.4345,103.93,116.148,0.968,50.0723,8.7002
35.6845,115.981,116.148,0.972,50.0951,8.76644
35.9343,112.102,116.148,1.004,49.9512,8.8306
36.1843,107.995,116.148,1.013,50.0276,8.90167
36.4343,103.98,116.148,1.054,50.0558,8.97178
36.6843,95.9993,116.148,1.078,50.0156,9.03269
36.9344,99.9668,116.148,1.112,50.0791,9.11906
37.1843,104.054,116.148,1.136,49.9916,9.19213
37.4345,107.895,116.148,1.15,50.0786,9.26556
37.6843,112.107,116.148,1.165,50.0483,9.33739
37.9343,107.997,116.148,1.185,49.9898,9.40865
38.1843,99.9874,116.148,1.199,50.029,9.48531
38.4344,107.981,116.148,1.217,50.0201,9.5555
38.6844,99.9931,116.148,1.232,50.0381,9.61306
38.9345,103.944,116.148,1.258,50.008,9.70026
39.1843,136.129,116.148,1.282,47.9966,9.77304
39.4343,111.972,116.148,1.286,48.023,9.84886
39.6843,116.021,116.148,1.257,47.9363,9.9238
39.9343,103.989,116.148,1.229,48.004,9.99409
40.1845,107.931,116.148,1.206,49.9967,10.0674
40.4344,116.052,116.148,1.178,47.8503,10.1322
40.6844,100.005,116.148,1.164,47.8853,10.1851
40.9345,127.923,116.148,1.131,45.9173,10.2608
41.1846,147.958,116.148,1.115,44.0504,10.3092
41.4344,140.119,116.148,1.105,44.0605,10.3219
41.6845,115.923,116.148,0.827,44.0929,10.3231
41.9347,111.933,116.148,1.095,44.3767,10.3247
42.1843,112.176,116.148,1.092,45.1053,10.3276
42.4343,111.999,116.148,0.843,47.8394,10.3296
42.6846,115.878,116.305,0.844,46.9135,10.3308
42.9344,112.083,116.305,0.841,45.7891,10.3325
43.1843,112.014,116.305,0.846,47.7327,10.3342
43.4344,95.988,116.305,0.842,47.7928,10.3358
43.6843,112.032,116.305,0.835,48.7238,10.3375
43.9351,119.601,116.305,0.809,49.9992,10.3402
44.1843,108.359,116.305,0.814,49.9727,10.3425
44.4346,103.891,116.305,1.093,49.9986,10.3697
44.6843,104.111,116.305,0.889,49.9743,10.4162
44.9344,95.9676,116.305,0.943,50.1711,10.4853
45.1843,104.033,116.305,0.998,50.0308,10.5462
45.435,103.735,116.305,1.212,50.0405,10.6143
45.6843,104.265,116.305,1.244,49.9406,10.6846
45.9349,111.728,116.305,1.231,50.0093,10.7369
46.1843,112.287,116.305,1.306,50.0648,10.8205
46.4345,107.908,116.305,1.335,50.0395,10.8854
46.6845,111.997,116.305,1.361,49.435,10.9424
46.9343,112.097,116.305,1.345,47.8011,11.0268
47.1843,111.975,116.305,1.324,47.8766,11.0956
47.4343,96.0012,116.305,1.298,47.8311,11.1732
47.6369,133.28,116.305,1.285,47.1462,11.2143
47.8845,105.013,116.305,1.244,47.8016,11.2921
48.1343,116.077,116.305,1.189,47.8373,11.3823
48.3843,108.001,116.305,1.151,47.8159,11.4539
48.6343,104.004,116.305,1.1,48.8618,11.5305
48.8845,111.904,116.305,1.059,50.026,11.6061
49.1347,119.95,116.305,1.021,49.4131,11.6625
49.3843,104.156,116.305,0.995,47.7882,11.7555
49.6345,127.901,116.305,0.969,46.3903,11.8301
49.8843,100.065,116.305,0.948,45.8223,11.8892
50.1344,111.975,116.305,0.926,45.8085,11.9809
50.3843,116.02,116.305,0.917,47.872,12.05
50.6354,103.553,116.305,0.916,49.932,12.1175
50.8843,112.489,116.305,0.919,49.9681,12.1807
51.1351,103.653,116.305,0.943,49.8364,12.2292
51.3846,120.276,116.305,0.953,47.8709,12.306
51.6343,104.096,116.305,0.883,47.8351,12.3709
51.8847,111.863,116.305,0.838,47.8832,12.4246
52.1345,112.079,116.305,0.773,47.8641,12.5076
52.3843,120.068,116.305,0.728,50.021,12.5782
52.6345,111.934,116.305,0.664,49.9529,12.6557
52.8843,112.077,116.305,0.628,50.0316,12.7301
53.1343,99.9967,116.305,0.581,49.9945,12.8027
53.3843,107.992,116.305,0.558,50.0894,12.8754
53.6344,107.976,116.305,0.533,50.0282,12.9459
53.885,135.663,116.305,0.529,47.8057,12.9989
54.1343,120.332,116.305,0.531,47.75,13.0687
54.3843,107.996,116.305,0.547,47.7774,13.1325
54.6343,100.005,116.305,0.582,47.7852,13.2001
54.8843,103.99,116.305,0.61,50.0385,13.2638
55.1344,103.977,116.305,0.638,50.0104,13.3256
55.3843,104.021,116.305,0.639,49.9613,13.3947
55.6343,108.021,116.305,0.649,49.96,13.4642
55.8844,107.959,116.305,0.67,49.9456,13.5334
56.1343,120.039,116.305,0.689,50.0021,13.6094
56.3845,95.9198,116.305,0.71,50.0048,13.6805
56.6343,104.087,116.305,0.726,50.0361,13.7546
56.8843,95.9891,116.305,0.747,50.0863,13.8194
57.1343,96.0125,116.305,0.76,49.982,13.8826
57.3844,107.97,116.305,0.768,50.0361,13.9475
57.6343,112.044,116.305,0.79,50.0032,14.0063
57.8847,107.823,116.305,0.79,49.9681,14.0525
58.1343,104.149,116.305,0.788,50.0739,14.1199
58.3843,99.9941,116.305,0.78,49.9955,14.1724
58.6343,104.005,116.305,0.766,49.9884,14.2277
58.8843,103.997,116.305,0.749,49.9772,14.2862
59.1343,104.027,116.305,0.716,50.0401,14.3434
59.3843,111.968,116.305,0.694,50.0261,14.4044
59.6343,104.021,116.305,0.649,50.0201,14.4661
59.8846,103.887,116.305,0.615,49.9412,14.523
60.1344,96.0828,116.305,0.564,50.0291,14.6088
60.3844,104.003,116.305,0.539,49.9661,14.6755
60.6343,104.017,116.305,0.515,49.9963,14.749
60.8847,107.821,116.305,0.51,50.0188,14.8223
61.1343,100.18,116.305,0.511,49.9858,14.8881
61.3844,115.961,116.305,0.512,50.0623,14.9539
61.585,129.569,116.305,0.511,48.802,14.9884
61.8343,124.335,116.305,0.51,46.3914,15.0606
62.0843,128.018,116.305,0.506,44.0577,15.1221
62.3357,115.354,116.305,0.503,44.1315,15.1688
62.5844,108.569,116.305,0.504,44.0385,15.2461
62.8348,107.828,116.305,0.492,46.9555,15.2933
63.086,119.443,116.305,0.473,49.5846,15.3663
63.3343,112.755,116.305,0.458,47.882,15.4273
63.5843,99.9859,116.305,0.453,47.8651,15.483
63.8344,103.979,116.305,0.404,47.8443,15.5432
64.0843,96.0164,116.305,0.365,48.2417,15.6041
64.3342,96.0402,116.305,0.319,49.9975,15.6526
64.5844,103.937,116.305,0.3,49.9901,15.735
64.8343,108.039,116.305,0.278,50.001,15.8055
65.0845,103.91,116.305,0.288,50.0311,15.8797
65.3343,100.066,116.305,0.306,49.9368,15.9564
65.5843,96.026,116.305,0.314,50.0507,16.0211
65.8343,91.9777,116.305,0.326,49.9718,16.0922
66.0843,91.9977,116.305,0.333,50.1034,16.1639
66.335,103.735,116.305,0.343,50.0239,16.2188
66.5844,132.331,116.305,0.355,47.8095,16.3038
66.8343,80.0072,116.305,0.363,47.8593,16.3688
67.0846,87.8903,116.305,0.366,47.8272,16.4449
67.3343,88.119,116.305,0.373,47.8857,16.5183
67.5845,83.9413,116.305,0.378,50.0253,16.5901
67.8343,88.0474,116.305,0.398,50.0292,16.6663
68.0844,95.9724,116.305,0.42,49.9997,16.7406
68.3345,111.984,116.305,0.446,47.8312,16.7978
68.5843,124.068,116.305,0.446,45.8203,16.889
68.8345,123.894,116.305,0.445,44.1614,16.959
69.0843,92.0808,116.305,0.445,44.163,17.0294
69.3346,95.9075,116.305,0.447,44.4721,17.1032
69.5843,108.117,116.305,0.452,45.0954,17.1664
69.7848,94.755,116.305,0.455,46.3091,17.2265
70.0343,124.259,116.305,0.462,46.8595,17.2939
70.2845,95.9343,116.305,0.471,45.9196,17.3611
70.5343,92.0586,116.305,0.481,48.0185,17.4352
70.7843,96.0039,116.305,0.487,48.0293,17.5015
71.0343,99.9891,116.305,0.492,49.0028,17.5735
71.2843,99.991,116.305,0.494,50.0887,17.6416
71.5343,96.0079,116.305,0.463,49.9978,17.7094
71.7844,95.9805,116.305,0.457,49.9842,17.7849
72.0343,92.0308,116.305,0.447,50.0001,17.8544
72.2844,99.9704,116.305,0.453,50.055,17.925
72.5343,96.0009,116.305,0.466,49.9908,17.999
72.7843,92.0273,116.305,0.462,50.0361,18.067
73.0343,87.9971,116.305,0.449,50.0104,18.1359
73.2846,123.82,116.305,0.446,48.0511,18.2056
73.5343,96.1214,116.305,0.447,48.0455,18.2603
73.7844,91.9917,116.305,0.446,48.0502,18.3538
74.0343,88.0247,116.305,0.448,47.9822,18.423
74.2843,87.977,116.305,0.453,50.1313,18.4961
74.5343,88.0166,116.305,0.456,49.9964,18.5705
74.7843,83.9994,116.305,0.46,50.051,18.6429
75.0343,88.0125,116.305,0.465,50.0238,18.7187
75.2844,91.965,116.305,0.466,50.0646,18.7915
75.5343,88.0099,116.305,0.467,50.0087,18.8474
75.7845,99.9165,116.305,0.468,50.0194,18.9401
75.9882,98.202,116.305,0.466,49.8386,18.9829
76.2343,117.839,116.305,0.465,47.7588,19.0737
76.4846,83.8962,116.305,0.466,47.7864,19.1485
76.7343,120.161,116.305,0.467,47.7552,19.2214
76.9844,87.967,116.305,0.467,47.7901,19.2993
77.1914,140.067,116.305,0.468,49.151,19.3415
77.4344,86.4377,116.305,0.468,47.9165,19.4301
77.6843,92.0068,116.305,0.468,47.9337,19.4988
77.9344,127.995,116.305,0.464,45.9194,19.5513
78.1843,124.025,116.305,0.467,44.0968,19.6387
78.4346,99.8933,116.305,0.466,45.9522,19.706
78.6844,132.108,116.305,0.467,44.2457,19.7689
78.9343,88.0102,116.305,0.471,45.7806,19.8341
79.1843,92.0148,116.305,0.475,47.8781,19.8813
79.4344,91.9656,116.305,0.482,48.0377,19.9552
79.6843,104.044,116.305,0.492,49.955,20.0135
79.9347,91.8363,116.305,0.502,50.0176,20.0555
80.1843,100.156,116.305,0.51,49.9682,20.129
80.4345,107.946,116.305,0.496,50.1024,20.1904
80.6843,92.0574,116.305,0.482,50.0055,20.2522
80.9346,103.884,116.305,0.465,49.5557,20.3198
81.1843,108.12,116.305,0.461,47.8503,20.3908
81.4343,92.0005,116.305,0.445,47.8726,20.4636
81.6843,99.9919,116.305,0.432,47.8877,20.5329
81.9343,96.0234,116.305,0.419,48.2782,20.6018
82.1843,91.9801,116.305,0.418,49.9832,20.6739
82.4343,83.9999,116.305,0.435,50.0336,20.7393
82.6844,95.9868,116.305,0.44,49.9929,20.7978
82.9343,92.0165,116.305,0.429,50.036,20.8841
83.1843,88.0108,116.305,0.428,50.0042,20.9528
83.4343,91.9816,116.305,0.425,50.0344,21.0294
83.6844,95.9719,116.305,0.412,50.0311,21.1025
83.9343,96.0275,116.305,0.404,49.9968,21.1553
84.1843,87.9994,116.305,0.397,50.0124,21.243
84.4343,96.0173,116.305,0.413,49.9862,21.3162
84.6843,87.9838,116.305,0.422,50.0116,21.3846
84.9343,92.0092,116.305,0.438,50.0615,21.4552
85.1843,87.9963,116.305,0.447,50.0594,21.5247
85.4344,115.968,116.305,0.454,48.8186,21.5983
85.6844,96.0111,116.305,0.46,47.9412,21.6705
85.9343,96.024,116.305,0.464,47.919,21.7404
86.1846,95.8997,116.305,0.466,47.9226,21.8167
86.4344,88.0534,116.305,0.467,49.6582,21.8911
86.6843,96.0413,116.305,0.468,50.0089,21.9505
86.9343,83.9992,116.305,0.466,50.0713,22.038
87.1843,88.0108,116.305,0.461,50.0987,22.1075
87.4345,123.904,116.305,0.462,47.793,22.1857
87.6843,80.0419,116.305,0.477,47.759,22.2621
87.9348,95.841,116.305,0.487,47.8483,22.3181
88.1843,96.1633,116.305,0.487,47.7624,22.4059
88.4343,96.0032,116.305,0.487,50.1489,22.4778
88.6843,87.9973,116.305,0.483,50.0137,22.5528
88.9344,91.9841,116.305,0.446,50.0231,22.6298
89.1843,88.0125,116.305,0.383,50.0717,22.7018
89.4354,91.6028,116.305,0.356,50.0704,22.7758
89.6843,88.3857,116.305,0.319,50.0488,22.8541
89.9343,100.012,116.305,0.317,50.0247,22.9245
90.1843,103.99,116.305,0.321,47.7285,22.9967
90.4356,99.5003,116.305,0.326,47.7098,23.0483
90.6843,96.4884,116.305,0.334,47.7471,23.1304
90.9347,103.837,116.305,0.342,47.7424,23.1965
91.1843,104.177,116.305,0.37,49.9455,23.2633
91.4345,91.9026,116.305,0.387,50.1035,23.3401
91.6843,96.0781,116.305,0.423,50.0723,23.407
91.9347,99.857,116.305,0.438,50.0998,23.4628
92.1843,92.1417,116.305,0.455,49.9997,23.5469
92.4345,91.9378,116.305,0.464,50.04,23.6141
92.6843,96.0631,116.305,0.476,50.0028,23.6817
92.9344,99.985,116.305,0.492,50.0302,23.753
93.1842,104.06,116.305,0.502,50.062,23.8088
93.4345,91.9034,116.305,0.518,50.0729,23.8932
93.6844,96.0309,116.305,0.532,49.9879,23.9696
93.9349,99.8035,116.305,0.533,49.8088,24.0244
94.1843,128.292,116.305,0.535,50.0383,24.1091
94.4345,91.9174,116.305,0.541,50.0166,24.1771
94.6843,96.0827,116.305,0.547,49.9059,24.2516
94.9344,111.974,116.305,0.553,47.9562,24.3291
95.1843,108.029,116.305,0.558,47.9487,24.3854
95.4344,87.9663,116.305,0.559,47.9886,24.4761
95.6843,92.0374,116.305,0.561,47.9976,24.5509
95.9347,91.8443,116.305,0.561,50.0155,24.6085
96.1845,92.0882,116.305,0.561,50.0657,24.7022
96.4347,139.901,116.305,0.561,48.0108,24.7691
96.6844,92.1159,116.305,0.559,47.9567,24.8451
96.9345,87.9468,116.305,0.561,47.9897,24.9103
97.1354,99.5787,116.305,0.561,47.8913,24.9387
97.3843,84.3524,116.305,0.562,49.9573,24.9542
97.6345,99.9216,116.305,0.563,49.9917,24.9557
97.8842,92.0983,116.305,0.557,50.0099,24.9574
98.1344,87.9545,116.305,0.551,50.0582,24.9591
98.3844,91.9856,116.305,0.55,50.0601,24.9599
98.6846,96.6174,116.305,0.544,49.9635,24.9617
98.9346,87.9858,116.305,0.542,50.0122,24.9625
99.1844,96.0748,116.305,0.549,50.07,24.9632
99.4345,91.9632,116.305,0.548,50.0171,24.9643
99.6843,96.0754,116.305,0.551,50.018,24.9658
99.9346,91.91,116.305,0.553,49.9843,24.9772
100.184,108.112,116.305,0.535,49.9714,25.0299
100.434,115.995,116.305,0.526,47.9816,25.0835
100.684,95.9883,116.305,0.511,47.9837,25.1432
100.934,88.0012,116.305,0.511,47.9852,25.2031
101.184,92.0102,116.305,0.511,48.0155,25.2717
101.434,87.9805,116.305,0.512,50.0134,25.3485
101.684,108.033,116.305,0.52,50.0165,25.4243
101.934,91.9653,116.305,0.523,49.9705,25.4785
102.184,92.0292,116.305,0.53,49.9811,25.5653
102.434,88.004,116.305,0.532,50.0525,25.6349
102.684,95.972,116.305,0.534,49.9958,25.7116
102.934,88.0167,116.305,0.534,50.0467,25.7889
103.135,94.672,116.305,0.534,50.0297,25.8299
103.384,136.382,116.305,0.534,49.9827,25.9174
103.634,92.0026,116.305,0.534,50.0079,25.9887
103.885,99.9114,116.305,0.531,49.9822,26.055
104.134,132.088,116.305,0.512,48.0003,26.1303
104.384,100.029,116.305,0.503,47.8859,26.184
104.634,95.999,116.305,0.499,48.0142,26.269
104.884,95.9887,116.305,0.499,48.0008,26.3356
105.134,87.9884,116.305,0.499,50.0649,26.3921
105.384,96.0075,116.305,0.499,49.9829,26.4769
105.634,112.019,116.305,0.498,48.5172,26.5431
105.884,95.9695,116.305,0.433,47.8214,26.6104
106.134,132.033,116.305,0.394,45.9518,26.6816
106.385,103.865,116.305,0.343,45.9332,26.7287
106.634,96.1282,116.305,0.317,47.0169,26.8124
106.884,99.9684,116.305,0.303,47.8907,26.8861
107.134,100.029,116.305,0.305,49.9821,26.9543
107.384,91.9845,116.305,0.312,50.1131,27.0265
107.634,92.0169,116.305,0.317,50.0055,27.09
107.884,95.9595,116.305,0.325,49.991,27.1578
108.134,92.0367,116.305,0.349,49.9967,27.228
108.385,131.891,116.305,0.377,49.9857,27.284
108.634,100.088,116.305,0.409,49.9923,27.3717
108.884,91.9792,116.305,0.462,49.9739,27.443
109.134,92.0037,116.305,0.469,49.9711,27.5122
109.384,79.9964,116.305,0.469,50.0139,27.5888
109.634,88.0272,116.305,0.469,50.0153,27.6609
109.884,87.9617,116.305,0.47,49.9683,27.7366
110.134,91.9994,116.305,0.473,50,27.8031
110.387,91.0989,116.305,0.473,49.968,27.8597
110.634,101.031,116.305,0.477,49.9931,27.9486
110.884,95.9824,116.305,0.479,49.9605,28.0183
111.135,111.916,116.305,0.479,48.6385,28.0743
111.384,88.0719,116.305,0.478,47.7984,28.1642
111.634,96.0234,116.305,0.477,47.8266,28.2362
111.884,88.0019,116.305,0.475,47.9578,28.3113
112.134,87.9725,116.305,0.473,49.1126,28.3869
112.384,139.974,116.305,0.47,50.0681,28.4415
112.634,100.014,116.305,0.469,50.0028,28.5271
112.884,92.0276,116.305,0.469,49.9776,28.6019
113.134,95.9184,116.305,0.469,50.0547,28.6741
113.384,80.0644,116.305,0.468,50.0795,28.749
113.634,103.994,116.305,0.468,50.0792,28.8205
113.884,84.0028,116.305,0.468,50.0138,28.8956
114.134,91.9828,116.305,0.468,50.0646,28.9692
114.384,99.9927,116.305,0.464,50.0782,29.0205
114.634,96.0094,116.305,0.461,50.0592,29.101
114.884,92.0254,116.305,0.46,49.9575,29.1708
115.134,91.9229,116.305,0.459,50.0255,29.2475
115.384,88.0662,116.305,0.459,50.0009,29.3236
115.634,88.0043,116.305,0.459,50.0102,29.3895
115.884,95.9966,116.305,0.459,49.9782,29.4583
116.134,103.969,116.305,0.456,49.9782,29.5321
116.384,87.9655,116.305,0.449,50.0021,29.5839
116.634,100.05,116.305,0.446,49.9924,29.6648
116.884,104.022,116.305,0.449,50.0585,29.7252
117.135,99.8827,116.305,0.454,50.0781,29.7836
117.384,104.123,116.305,0.458,50.0106,29.845
117.634,99.9833,116.305,0.462,50.0323,29.8996
117.885,119.784,116.305,0.479,49.3609,29.9557
118.135,100.104,116.305,0.489,47.927,30.0133
118.384,128.091,116.305,0.487,47.9918,30.0564
118.634,99.9975,116.305,0.462,48.0159,30.125
118.884,92.0118,116.305,0.447,48.9843,30.179
119.134,111.928,116.305,0.447,50.4429,30.2409
119.384,100.07,116.305,0.453,50.0133,30.3155
119.634,124.007,116.305,0.455,47.6731,30.3856
119.884,91.9664,116.305,0.46,47.6836,30.4583
120.134,92.0206,116.305,0.464,47.6783,30.5297
120.384,115.923,116.305,0.467,46.5394,30.5801
120.634,92.0633,116.305,0.445,47.5347,30.6648
120.885,95.9008,116.305,0.464,47.8389,30.736
121.134,92.0968,116.305,0.46,47.8378,30.805
121.384,87.9638,116.305,0.451,49.0592,30.879
121.634,88.0345,116.305,0.448,49.9775,30.9486
121.884,87.9839,116.305,0.44,50.1165,31.0158
122.134,111.973,116.305,0.437,48.5585,31.0871
122.384,124.006,116.305,0.434,48.0013,31.157
122.634,96.032,116.305,0.434,48.0088,31.2353
122.884,92.001,116.305,0.44,47.9113,31.3049
123.134,88.0144,116.305,0.442,50.4424,31.3644
123.384,87.9747,116.305,0.444,49.9873,31.4566
123.634,92.0296,116.305,0.447,50.0008,31.5281
123.884,91.9652,116.305,0.454,50.0027,31.5979
124.134,88.0217,116.305,0.456,49.98,31.6705
124.384,95.9261,116.305,0.457,50.0099,31.7254
124.634,84.0639,116.305,0.458,50.0018,31.8187
124.884,95.9843,116.305,0.458,49.9985,31.8872
125.134,99.9773,116.305,0.456,50.07,31.9544
125.384,120.007,116.305,0.434,47.9432,32.0216
125.634,96.0356,116.305,0.432,47.8871,32.093
125.884,99.977,116.305,0.437,47.9282,32.1645
126.134,96.0234,116.305,0.447,47.9869,32.2288
126.385,91.8798,116.305,0.474,50.068,32.2838
126.634,92.0518,116.305,0.505,50,32.3696
126.885,111.634,116.305,0.51,49.4981,32.4372
127.135,128.186,116.305,0.475,48.0317,32.5074
127.384,88.2231,116.305,0.437,47.9782,32.5822
127.634,96.0021,116.305,0.415,47.8961,32.6485
127.885,95.9068,116.305,0.402,47.985,32.7237
128.134,116.098,116.305,0.404,47.8047,32.8001
128.384,95.9997,116.305,0.407,47.8367,32.8542
128.634,91.9921,116.305,0.411,47.8367,32.9402
128.884,112.027,116.305,0.416,47.7714,33.0069
129.134,91.9849,116.305,0.423,49.9485,33.0794
129.384,115.93,116.305,0.394,49.2958,33.1501
129.635,91.9937,116.305,0.378,48.047,33.2138
129.884,104.013,116.305,0.366,47.5478,33.286
130.134,92.0505,116.305,0.367,45.9439,33.3565
130.384,91.9903,116.305,0.362,45.961,33.4298
130.634,92.0021,116.305,0.359,47.7465,33.5046
130.884,104.006,116.305,0.357,48.3148,33.5768
131.134,83.9794,116.305,0.353,49.9772,33.6376
131.335,134.589,116.305,0.348,49.1921,33.6972
131.584,92.2188,116.305,0.345,47.9007,33.7707
131.834,88.0395,116.305,0.338,47.8934,33.8596
132.084,95.9731,116.305,0.333,47.8639,33.9329
132.334,88.0251,116.305,0.327,48.875,34.0047
132.584,91.9875,116.305,0.322,50,34.0805
132.834,96.0163,116.305,0.325,50.0317,34.1361
133.084,103.982,116.305,0.344,50.0583,34.2236
133.334,95.945,116.305,0.367,50.007,34.2903
133.584,104.039,116.305,0.404,49.9996,34.3572
133.834,108.028,116.305,0.438,49.9621,34.4211
134.084,99.998,116.305,0.485,50.0288,34.4794
134.334,96.0084,116.305,0.509,50.0464,34.5344
134.584,103.949,116.305,0.536,50.177,34.5961
134.834,100.063,116.305,0.554,50.0085,34.6511
135.084,111.967,116.305,0.573,50.0143,34.71
135.334,124.015,116.305,0.587,47.8922,34.7708
135.585,115.915,116.305,0.551,47.8986,34.823
135.834,96.0734,116.305,0.532,47.9371,34.8829
136.084,103.992,116.305,0.52,47.9243,34.9365
136.334,96.0088,116.305,0.519,50.083,35.0036
136.584,99.9926,116.305,0.518,50.0725,35.0764
136.835,107.921,116.305,0.52,49.5483,35.128
137.084,132.116,116.305,0.526,47.7561,35.2131
137.334,95.9811,116.305,0.532,47.7662,35.2819
137.585,115.867,116.305,0.538,47.2092,35.3422
137.834,92.0832,116.305,0.542,45.8166,35.4318
138.084,92.0341,116.305,0.55,47.8383,35.5013
138.334,99.9925,116.305,0.562,47.9464,35.5705
138.584,124.008,116.305,0.58,46.2463,35.6414
138.785,84.6686,116.305,0.58,47.8746,35.6878
139.034,96.333,116.305,0.583,47.7941,35.7535
139.239,131.603,116.305,0.589,46.9539,35.7856
139.485,106.055,116.305,0.597,45.7179,35.8092
139.734,92.0876,116.305,0.599,47.7959,35.8121
139.985,103.888,116.305,0.596,47.7791,35.8144
140.334,102.937,116.305,0.593,50.0155,35.818
140.585,91.8422,116.305,0.592,49.9912,35.8187
140.834,92.171,116.305,0.591,50.0089,35.8196
141.084,123.891,116.305,0.593,49.0761,35.8209
141.334,96.0728,116.305,0.591,47.9683,35.8227
141.584,91.9824,116.305,0.593,48.033,35.8241
141.834,88.0167,116.305,0.594,48.0607,35.8262
142.084,115.968,116.305,0.598,46.5803,35.8515
142.334,100.031,116.305,0.607,47.9859,35.9067
142.584,103.927,116.305,0.593,47.5358,35.9691
142.834,128.085,116.305,0.569,46.0542,36.0337
143.084,92.0001,116.305,0.543,47.9653,36.1071
143.334,95.9842,116.305,0.535,47.9512,36.1735
143.584,92.001,116.305,0.537,48.3939,36.2346
143.834,95.9968,116.305,0.533,49.9953,36.3232
144.084,100.014,116.305,0.549,50.0121,36.3933
144.334,111.982,116.305,0.554,47.937,36.465
144.584,88.0214,116.305,0.558,48.074,36.5426
144.834,107.992,116.305,0.559,47.9831,36.6134
145.084,96.0142,116.305,0.562,48.0366,36.6883
145.334,123.93,116.305,0.567,47.3088,36.7588
145.584,96.0066,116.305,0.571,47.9766,36.8172
145.834,104.009,116.305,0.573,47.9099,36.8868
146.084,96.0391,116.305,0.581,47.8964,36.9401
146.334,103.971,116.305,0.588,49.9923,36.9987
146.584,104.012,116.305,0.587,50.005,37.0529
146.835,95.8538,116.305,0.586,50.0807,37.1017
147.084,112.176,116.305,0.558,49.9933,37.1581
147.334,112.042,116.305,0.51,50.0365,37.21
147.585,111.867,116.305,0.449,49.9709,37.2665
147.835,111.805,116.305,0.407,47.9177,37.3272
148.084,104.278,116.305,0.35,47.9529,37.3896
148.334,99.9419,116.305,0.318,47.9543,37.4585
148.584,123.999,116.305,0.279,46.954,37.5304
148.835,91.9603,116.305,0.274,47.911,37.584
149.084,124.033,116.305,0.277,47.2836,37.6694
149.334,108.041,116.305,0.295,46.2309,37.7406
149.584,104.034,116.305,0.314,46.7738,37.8115
149.834,135.989,116.305,0.366,46.6872,37.8848
150.084,83.9966,116.305,0.37,45.9403,37.9555
150.334,88.008,116.305,0.377,47.7631,38.0327
150.584,99.9776,116.305,0.38,47.7637,38.106
150.835,99.9425,116.305,0.386,49.2192,38.1581
151.084,88.0529,116.305,0.39,49.924,38.2454
151.334,92.0219,116.305,0.393,49.9967,38.323
151.584,87.9719,116.305,0.394,50.0902,38.3941
151.834,88.0066,116.305,0.406,50.0324,38.4662
152.084,88.0121,116.305,0.419,50.0354,38.5362
152.334,104.017,116.305,0.431,50.0016,38.6088
152.584,91.9666,116.305,0.431,50.0121,38.6874
152.834,92.0086,116.305,0.431,50.0419,38.7388
153.084,87.9926,116.305,0.431,50.0647,38.8256
153.334,96.0286,116.305,0.433,49.9835,38.891
153.584,91.9813,116.305,0.438,49.9984,38.9631
153.834,96.0017,116.305,0.443,49.9762,39.0356
154.084,104.025,116.305,0.45,50.0337,39.1059
154.334,103.991,116.305,0.46,50.0152,39.1755
154.585,135.873,116.305,0.469,47.9961,39.248
154.834,92.0694,116.305,0.481,48.0625,39.3037
155.084,99.9966,116.305,0.488,48.0407,39.3889
155.335,107.828,116.305,0.493,47.2292,39.4426
155.584,96.1603,116.305,0.484,47.3893,39.5248
155.834,92.0017,116.305,0.458,47.9821,39.5986
156.085,91.9203,116.305,0.452,47.9598,39.6533
156.334,104.091,116.305,0.454,48.7807,39.7403
156.585,99.9147,116.305,0.46,49.9897,39.8107
156.834,100.082,116.305,0.45,49.9561,39.8652
157.084,87.9996,116.305,0.448,50.0204,39.952
157.334,120.03,116.305,0.447,49.9751,40.0155
157.584,87.9715,116.305,0.443,50.0657,40.0806
157.834,92.008,116.305,0.444,49.9771,40.152
158.084,111.994,116.305,0.445,47.8805,40.2083
158.334,100.024,116.305,0.448,47.7668,40.2962
158.536,124.217,116.305,0.451,46.8719,40.3401
158.784,140.697,116.305,0.455,45.7314,40.4259
159.035,87.9211,116.305,0.462,46.293,40.5023
159.284,92.0954,116.305,0.465,47.8663,40.5735
159.534,87.9794,116.305,0.467,48.807,40.6458
159.784,88.0195,116.305,0.469,49.9981,40.7224
160.035,87.9119,116.305,0.466,50.053,40.7782
160.284,88.0759,116.305,0.467,49.9852,40.8685
160.537,87.1871,116.305,0.468,50.0175,40.927
160.784,96.9165,116.305,0.468,49.9862,41.0152
161.034,99.974,116.305,0.468,50.0389,41.0929
161.288,118.044,116.305,0.468,49.3962,41.1498
161.534,89.4339,116.305,0.468,48.0433,41.2388
161.784,88.0599,116.305,0.468,48.0608,41.3151
162.035,91.8163,116.305,0.468,48.1282,41.3677
162.284,92.1861,116.305,0.468,48.925,41.452
162.534,99.9635,116.305,0.466,50.0343,41.5204
162.784,96.0414,116.305,0.469,50.0047,41.5944
163.036,107.448,116.305,0.485,50.0557,41.6583
163.284,92.4397,116.305,0.489,49.9864,41.698
163.534,96.0196,116.305,0.494,49.9984,41.7119
163.784,100.025,116.305,0.489,50.0099,41.7138
164.035,95.8824,116.305,0.482,50.0926,41.7152
164.284,92.1041,116.305,0.483,50.0039,41.7176
164.534,99.978,116.305,0.481,50.0058,41.7194
164.784,100.018,116.305,0.483,49.9934,41.7204
165.034,103.981,116.305,0.486,49.9969,41.7223
165.284,108.005,116.305,0.486,50.0121,41.7229
165.535,103.907,116.305,0.48,50.0438,41.7258
165.784,120.121,116.305,0.482,50.0204,41.731
166.034,119.974,116.305,0.484,48.0356,41.735
166.236,104.37,116.305,0.485,47.9981,41.7395
166.484,100.525,116.305,0.486,47.9836,41.7583
166.734,95.971,116.305,0.497,48.0503,41.8101
166.984,100.023,116.305,0.471,49.9926,41.8694
167.235,103.874,116.305,0.447,50.1184,41.9149
167.484,96.1131,116.305,0.445,49.9923,41.9907
167.734,95.9492,116.305,0.445,49.9964,42.0545
167.984,96.0559,116.305,0.445,49.9872,42.1279
168.234,95.9785,116.305,0.445,50.1088,42.2046
168.484,100.007,116.305,0.445,50.0022,42.2575
168.734,91.9928,116.305,0.445,50.0552,42.3443
168.984,96.0156,116.305,0.445,50.0151,42.4153
169.235,95.9136,116.305,0.445,50.0375,42.4904
169.484,92.081,116.305,0.445,50.0043,42.5648
169.734,87.9866,116.305,0.446,50.0095,42.6363
169.984,84.0206,116.305,0.446,50.0979,42.7128
170.234,91.9775,116.305,0.446,50.0563,42.7881
170.484,92.0271,116.305,0.446,50.0141,42.8548
170.734,103.933,116.305,0.45,49.1311,42.929
170.984,92.0485,116.305,0.454,47.9514,43.0069
171.234,87.9605,116.305,0.457,47.9373,43.0631
171.484,108.046,116.305,0.457,47.9532,43.1512
171.734,83.9618,116.305,0.458,48.7669,43.2199
171.984,92.0407,116.305,0.458,50.0239,43.295
172.234,87.9713,116.305,0.459,50.0238,43.3692
172.485,87.9565,116.305,0.459,50.0089,43.4227
172.735,92.0055,116.305,0.459,49.9989,43.5099
172.984,96.0845,116.305,0.459,50.0131,43.5885
173.236,103.41,116.305,0.459,50.0116,43.6594
173.484,120.675,116.305,0.456,48.036,43.7303
173.734,91.9835,116.305,0.451,47.9777,43.7955
173.984,88.0165,116.305,0.45,48.0029,43.8591
174.234,95.9725,116.305,0.45,47.9999,43.9235
174.484,92.0393,116.305,0.452,50.005,43.9795
174.734,107.959,116.305,0.453,49.9812,44.0374
174.984,104.006,116.305,0.446,49.9606,44.0957
175.234,99.9762,116.305,0.439,49.9767,44.1494
175.484,96.0303,116.305,0.432,49.9834,44.2072
175.735,107.635,116.305,0.418,49.1857,44.2532
175.984,104.349,116.305,0.392,47.7622,44.3221
176.234,100.011,116.305,0.344,47.7572,44.3863
176.485,95.8931,116.305,0.314,47.709,44.4369
176.734,100.111,116.305,0.297,48.4956,44.5162
176.984,99.988,116.305,0.294,49.9775,44.5938
177.234,104.014,116.305,0.307,50.0117,44.6637
177.484,87.9887,116.305,0.315,50.0751,44.7368
177.734,96.0271,116.305,0.341,50.0111,44.8061
177.984,91.9778,116.305,0.358,49.9969,44.8746
178.235,115.911,116.305,0.388,48.9953,44.9429
178.484,92.0719,116.305,0.407,47.9789,45.0013
178.734,99.9999,116.305,0.451,48.0227,45.0625
178.984,107.991,116.305,0.486,48.0611,45.1312
179.234,96.0205,116.305,0.549,49.4541,45.2001
179.485,119.889,116.305,0.59,48.7261,45.2698
179.734,96.1046,116.305,0.655,48.038,45.338
179.984,91.9148,116.305,0.708,48.0054,45.4128
180.234,136.111,116.305,0.772,46.1199,45.4729
180.485,87.9059,116.305,0.811,46.7667,45.522
180.734,100.1,116.305,0.859,47.9307,45.59
180.984,95.9383,116.305,0.895,47.9159,45.6426
181.234,128.079,116.305,0.918,49.956,45.7001
181.484,91.9829,116.305,0.936,49.9583,45.7582
181.734,100.025,116.305,0.955,50.0011,45.8185
181.985,91.9125,116.305,0.962,50.0849,45.8894
182.234,92.0827,116.305,0.931,49.994,45.9666
182.484,91.9882,116.305,0.917,50.0208,46.0302
182.734,108.015,116.305,0.896,49.9618,46.0961
182.984,91.9721,116.305,0.882,50.0097,46.1634
183.234,100.04,116.305,0.868,49.9653,46.2341
183.484,91.9709,116.305,0.868,50.0023,46.3064
183.734,96.0352,116.305,0.868,50.016,46.3759
183.984,87.9613,116.305,0.868,50.1339,46.4472
184.234,96.0291,116.305,0.866,50.0212,46.5114
184.484,91.9726,116.305,0.854,50.0019,46.5714
184.734,124.018,116.305,0.832,47.991,46.6323
184.984,96.0093,116.305,0.782,47.9225,46.6923
185.234,95.9961,116.305,0.718,47.9671,46.7559
185.484,92.0026,116.305,0.676,47.9896,46.8223
185.734,99.9675,116.305,0.599,50.0568,46.8918
185.984,96.0294,116.305,0.561,49.9944,46.9688
186.234,96.0153,116.305,0.496,50.0843,47.0446
186.484,99.9441,116.305,0.458,49.9772,47.0973
186.734,92.0206,116.305,0.392,49.9914,47.1681
186.984,88.0218,116.305,0.381,50.0198,47.1901
187.234,95.9817,116.305,0.38,50.1351,47.1924
187.484,112.04,116.305,0.378,48.7984,47.1931
187.734,91.9183,116.305,0.368,48.0358,47.1941
187.984,108.087,116.305,0.368,46.1504,47.1961
188.234,95.9755,116.305,0.361,46.134,47.1973
188.484,84.0104,116.305,0.354,46.9526,47.1989
188.735,99.9285,116.305,0.353,47.5319,47.201
188.984,100.089,116.305,0.34,47.985,47.2019
189.234,99.9483,116.305,0.337,47.9525,47.2028
189.484,92.0425,116.305,0.338,47.97,47.2038
189.735,103.56,116.305,0.333,47.9839,47.206
189.984,88.3768,116.305,0.333,49.9822,47.2106
190.234,95.9634,116.305,0.359,50.02,47.2607
190.484,88.0153,116.305,0.421,50.1192,47.3086
190.734,88.0024,116.305,0.484,50.0708,47.381
190.984,92.0146,116.305,0.512,49.998,47.4442
191.234,103.97,116.305,0.55,50.0445,47.5047
191.484,112.038,116.305,0.584,48.2003,47.5664
191.734,95.9863,116.305,0.63,47.7084,47.6315
191.984,103.988,116.305,0.679,47.7294,47.7084
192.234,92.0023,116.305,0.741,47.7336,47.7792
192.484,103.972,116.305,0.772,49.4555,47.8398
192.734,88.0113,116.305,0.819,49.9837,47.9005
192.984,92.0374,116.305,0.839,50.1968,47.9601
193.234,87.9819,116.305,0.857,50.073,48.0215
193.484,92.0051,116.305,0.872,50.0172,48.0829
193.734,96.0025,116.305,0.889,50.0283,48.1466
193.984,95.9803,116.305,0.892,49.9643,48.2198
194.234,96.012,116.305,0.889,49.9886,48.2955
194.484,111.968,116.305,0.882,49.9836,48.3527
194.734,92.0258,116.305,0.875,50.0111,48.4356
194.984,96.0172,116.305,0.872,50.0565,48.5016
195.234,87.9874,116.305,0.868,50.0309,48.5739
195.484,91.9844,116.305,0.87,49.9474,48.6457
195.734,88.0227,116.305,0.843,50.0137,48.7166
195.985,91.8922,116.305,0.831,49.9611,48.7891
196.234,144.157,116.305,0.818,50.0032,48.8578
196.485,119.518,116.305,0.794,49.0059,48.9089
196.734,112.417,116.305,0.757,47.8112,48.982
196.984,120.056,116.305,0.71,45.7753,49.0409
197.234,95.9902,116.305,0.642,45.7577,49.1082
197.484,88.0095,116.305,0.599,46.0882,49.1762
197.734,99.999,116.305,0.534,47.719,49.2468
197.984,95.9951,116.305,0.509,50.0177,49.3166
198.234,99.9897,116.305,0.448,50.0637,49.3867
198.485,99.8897,116.305,0.425,50.0526,49.4439
198.734,96.0837,116.305,0.401,50.0659,49.5276
198.984,92.032,116.305,0.385,49.9931,49.5921
199.234,95.979,116.305,0.356,50.0415,49.6599
199.484,92.0245,116.305,0.328,49.9948,49.7268
199.734,95.9719,116.305,0.29,50.0992,49.7877
199.984,96.0411,116.305,0.275,50.021,49.8573
200.234,111.971,116.305,0.272,48.1007,49.9285
200.484,95.9907,116.305,0.285,47.9886,49.9829
200.734,104.002,116.305,0.309,47.9462,50.0676
200.984,96.0135,116.305,0.321,47.9603,50.1291
201.234,99.9806,116.305,0.351,49.8358,50.1939
201.484,96.0215,116.305,0.371,50.0342,50.2544
201.737,114.942,116.305,0.403,50.1088,50.2994
201.984,96.8876,116.305,0.422,49.9671,50.3688
202.234,99.9885,116.305,0.44,49.9919,50.426
202.484,104.004,116.305,0.456,49.9756,50.4752
202.734,103.988,116.305,0.446,49.9772,50.5499
202.984,96.0255,116.305,0.432,50.0544,50.6103
203.235,111.886,116.305,0.418,49.1689,50.6725
203.485,136.007,116.305,0.41,46.1793,50.7394
203.734,144.02,116.305,0.407,46.2021,50.8067
203.984,100.074,116.305,0.408,46.1596,50.8812
204.234,91.9857,116.305,0.413,46.1648,50.9581
204.484,91.9675,116.305,0.416,50.441,51.0137
204.735,103.918,116.305,0.405,49.5611,51.1028
204.984,140.195,116.305,0.394,47.8157,51.1733
205.234,87.9305,116.305,0.389,47.8305,51.2475
205.485,119.649,116.305,0.384,46.0718,51.3154
205.734,92.3222,116.305,0.371,45.8487,51.3703
205.984,96.0026,116.305,0.368,48.0057,51.46
206.186,84.486,116.305,0.365,47.9625,51.5165
206.434,92.4445,116.305,0.342,49.2645,51.5922
206.685,91.9305,116.305,0.342,49.9711,51.6605
206.934,92.0782,116.305,0.339,49.9775,51.7322
207.184,95.9944,116.305,0.332,49.9419,51.8075
207.434,96.0148,116.305,0.321,50.0082,51.8756
207.685,107.774,116.305,0.314,49.9928,51.9387
207.934,92.192,116.305,0.322,50.0076,52.0295
208.184,91.972,116.305,0.357,50.0352,52.0965
208.434,96.0182,116.305,0.379,50.0988,52.1689
208.684,100.058,116.305,0.428,49.8903,52.2274
208.934,107.956,116.305,0.452,49.9914,52.2844
209.184,103.998,116.305,0.49,49.953,52.3421
209.434,111.972,116.305,0.512,49.9526,52.3967
209.684,108.013,116.305,0.549,50.0655,52.4536
209.934,103.995,116.305,0.56,50.0413,52.5097
210.184,100.019,116.305,0.568,50.0128,52.5643
210.434,99.9692,116.305,0.539,50.0646,52.6242
210.684,119.956,116.305,0.51,48.5337,52.6808
210.934,112.073,116.305,0.503,47.9784,52.7372
211.184,108.007,116.305,0.504,47.9516,52.8051
211.436,122.98,116.305,0.515,47.1378,52.8757
211.684,120.962,116.305,0.557,47.0434,52.9288
211.934,108.031,116.305,0.561,47.8572,53.0135
212.184,95.969,116.305,0.583,47.8946,53.0832
212.434,100.022,116.305,0.585,48.7951,53.16
212.684,111.989,116.305,0.627,50.0578,53.2299
212.934,108.004,116.305,0.644,50.0149,53.2841
213.184,100.001,116.305,0.682,49.9417,53.3651
213.434,96.0056,116.305,0.71,50.062,53.4236
213.684,99.9599,116.305,0.743,50.0114,53.4846
213.934,104.048,116.305,0.76,49.9867,53.5419
214.184,119.974,116.305,0.808,48.5558,53.5863
214.434,112.008,116.305,0.825,47.7523,53.6593
214.684,100.028,116.305,0.834,47.7579,53.7216
214.886,104.297,116.305,0.846,47.7043,53.7713
215.135,156.571,116.305,0.825,45.8706,53.8275
215.384,108.173,116.305,0.783,47.7724,53.8821
215.634,139.92,116.305,0.771,47.6149,53.9363
215.884,100.056,116.305,0.745,47.7559,54.0202
216.134,104.003,116.305,0.737,50.108,54.0754
216.384,107.925,116.305,0.724,49.9567,54.1549
216.634,112.035,116.305,0.719,50.1991,54.2262
216.884,152.031,116.305,0.718,47.978,54.3013
217.134,107.987,116.305,0.716,47.9402,54.3746
217.384,140.012,116.305,0.716,46.0666,54.4407
217.634,115.981,116.305,0.729,44.9616,54.5177
217.884,112.018,116.305,0.71,46.1116,54.585
218.134,104.062,116.305,0.676,46.1208,54.6408
218.384,115.917,116.305,0.637,47.972,54.7297
218.634,112.052,116.305,0.617,50.0699,54.7937
218.884,107.969,116.305,0.596,49.9908,54.8572
219.134,104.025,116.305,0.595,49.9829,54.9233
219.336,113.806,116.305,0.602,49.8855,54.9638
219.584,104.862,116.305,0.625,49.9378,55.0424
219.834,115.924,116.305,0.645,49.5743,55.1083
220.084,148.081,116.305,0.701,46.0935,55.172
220.334,104.011,116.305,0.736,46.0954,55.2383
220.584,96.0166,116.305,0.801,46.0933,55.2999
220.835,115.899,116.305,0.842,46.1172,55.3658
221.084,128.125,116.305,0.915,47.0868,55.4257
221.334,111.916,116.305,0.955,47.4667,55.4834
221.584,116.061,116.305,0.934,47.4205,55.5483
221.834,123.989,116.305,0.931,45.5641,55.6101
222.084,104.016,116.305,0.954,47.9361,55.6859
222.334,91.9793,116.305,0.962,47.8984,55.7562
222.585,107.894,116.305,0.987,47.8175,55.8201
222.834,124.163,116.305,1.008,47.8837,55.8947
223.084,107.985,116.305,1.034,47.9272,55.9632
223.334,139.995,116.305,1.064,45.9694,56.0194
223.584,103.991,116.305,1.095,45.9485,56.1038
223.786,124.139,116.305,1.11,46.7742,56.1415
224.034,148.824,116.305,1.13,43.8429,56.2338
224.284,140.009,116.305,1.15,41.881,56.3032
224.534,100.054,116.305,1.163,43.5967,56.3592
224.784,107.948,116.305,1.187,43.552,56.4472
225.034,100.016,116.305,1.2,47.5444,56.5179
225.285,115.694,116.305,1.221,49.5988,56.577
225.534,116.285,116.305,1.232,47.9509,56.6638
225.784,107.994,116.305,1.26,47.9809,56.7196
226.034,104,116.305,1.282,48.0055,56.8095
226.284,112.013,116.305,1.271,48.4119,56.8813
226.534,108.04,116.305,1.245,49.9801,56.9415
226.784,107.958,116.305,1.195,50.0141,57.0276
227.034,112.009,116.305,1.128,49.9752,57.0934
227.235,104.618,116.305,1.181,49.9293,57.1507
227.484,108.31,116.305,0.969,49.9952,57.2155
227.734,104.018,116.305,1.146,50.2127,57.2743
227.984,95.9908,116.305,0.872,49.9798,57.3281
228.234,127.963,116.305,1.107,48.3567,57.3411
228.484,104.013,116.305,0.827,47.6982,57.3418
228.735,95.9185,116.305,1.1,47.7352,57.3436
228.985,120.02,116.305,1.091,47.7082,57.3456
229.284,120.031,116.305,0.838,49.5127,57.3481
229.534,112.019,116.305,0.839,47.9452,57.3491
229.784,112.001,116.305,0.834,47.9553,57.3499
230.035,127.434,116.305,0.841,47.1353,57.3527
230.284,140.666,116.305,0.834,44.7497,57.3539
230.486,114.306,116.305,0.831,46.0472,57.3547
230.737,151.357,116.305,0.821,43.43,57.358
230.984,157.415,116.305,0.805,41.0975,57.3602
231.234,100.009,116.305,1.083,41.7809,57.3722
231.485,127.882,116.305,0.859,42.825,57.4095
231.735,131.784,116.305,0.916,41.949,57.4656
231.984,108.28,116.305,0.999,43.8219,57.5417
232.235,115.796,116.305,1.05,45.6176,57.5969
232.484,116.196,116.305,1.244,46.0537,57.6829
232.734,107.976,116.305,1.207,49.9645,57.7521
232.984,100.042,116.305,1.307,50.0006,57.8144
233.234,107.917,116.305,1.333,50.102,57.8796
233.484,108.073,116.305,1.368,50.0272,57.9484
233.735,115.717,116.305,1.36,49.9967,58.007
233.984,116.294,116.305,1.335,49.9909,58.0959
234.234,103.999,116.305,1.311,50.086,58.1667
234.484,96.0005,116.305,1.282,49.984,58.2404
234.734,107.973,116.305,1.266,50.1488,58.3105
234.986,143.323,116.305,1.203,47.6352,58.366
235.234,108.522,116.305,1.166,47.7152,58.4586
235.484,115.991,116.305,1.107,47.6811,58.5326
235.735,115.744,116.305,1.072,47.6496,58.5919
235.984,104.227,116.305,1.023,50.0765,58.6803
236.234,104.033,116.305,1.005,50.0024,58.752
236.484,103.953,116.305,0.971,49.9851,58.8264
236.734,100.023,116.305,0.957,49.9479,58.8982
236.984,111.936,116.305,0.934,49.898,58.9546
237.234,140.079,116.305,0.93,47.8632,59.047
237.437,123.645,116.305,0.931,46.745,59.0823
237.686,120.449,116.305,0.938,45.8103,59.1592
237.935,136.578,116.305,0.958,44.2098,59.2251
238.184,116.103,116.305,0.97,45.2781,59.2727
238.434,107.969,116.305,0.93,46.5571,59.3507
238.684,112.035,116.305,0.866,48.0651,59.4208
238.935,111.836,116.305,0.829,50.0186,59.4771
239.185,131.743,116.305,0.772,47.9346,59.5626
239.434,104.358,116.305,0.732,47.8891,59.6324
239.684,107.998,116.305,0.681,47.9553,59.7105
239.935,107.88,116.305,0.649,47.9424,59.7871
240.184,112.133,116.305,0.628,50.0162,59.8589
240.434,107.979,116.305,0.609,50.0241,59.9363
240.684,120.028,116.305,0.599,50.0188,60.0051
240.935,127.858,116.305,0.604,47.8991,60.0616
241.185,123.802,116.305,0.616,47.4369,60.1272
241.434,136.371,116.305,0.634,45.9043,60.197
241.685,107.884,116.305,0.679,45.8671,60.2624
241.934,120.12,116.305,0.688,45.9863,60.3237
242.185,103.794,116.305,0.691,45.9642,60.3733
242.434,108.214,116.305,0.708,48.0192,60.4604
242.637,118.561,116.305,0.717,47.5403,60.4976
242.884,157.527,116.305,0.747,47.5741,60.5897
243.134,99.9262,116.305,0.771,47.5851,60.659
243.385,131.945,116.305,0.783,45.6593,60.7099
243.585,94.6848,116.305,0.794,45.56,60.7767
243.834,108.425,116.305,0.807,48.2822,60.8368
244.084,131.972,116.305,0.817,45.9578,60.9016
244.334,100.019,116.305,0.819,47.1806,60.9634
244.584,103.974,116.305,0.808,47.9717,61.0108
244.834,104.031,116.305,0.802,47.9883,61.0853
245.084,99.9457,116.305,0.786,49.9637,61.1448
245.334,112.055,116.305,0.775,49.9855,61.2027
245.535,124.503,116.305,0.759,49.122,61.2541
245.784,124.34,116.305,0.72,47.9163,61.3001
246.034,132.025,116.305,0.695,46.0873,61.3759
246.285,99.9364,116.305,0.664,46.0909,61.4389
246.534,124.113,116.305,0.659,44.4067,61.5006
246.784,99.9199,116.305,0.626,46.1713,61.573
247.034,128.092,116.305,0.601,45.6659,61.6441
247.284,104.002,116.305,0.579,46.0432,61.712
247.534,115.993,116.305,0.565,47.924,61.7839
247.784,103.978,116.305,0.55,47.8903,61.8347
248.034,112.029,116.305,0.535,49.926,61.9189
248.237,113.696,116.305,0.533,50.0407,61.9575
248.484,125.148,116.305,0.53,47.7933,62.0348
248.735,107.865,116.305,0.514,47.8039,62.1019
248.984,100.096,116.305,0.515,47.8264,62.1498
249.234,107.989,116.305,0.516,47.8655,62.2285
249.484,144.069,116.305,0.52,48.0121,62.288
249.734,99.977,116.305,0.502,47.9872,62.3454
249.985,131.612,116.305,0.484,46.5499,62.4054
250.235,128.214,116.305,0.473,45.4839,62.45
250.484,124.122,116.305,0.446,45.8365,62.5241
250.735,107.875,116.305,0.406,45.4562,62.5843
250.985,124.019,116.305,0.356,43.4717,62.6346
251.234,124.177,116.305,0.329,42.0566,62.7173
251.484,99.9284,116.305,0.298,43.8916,62.7855
251.734,96.0955,116.305,0.291,43.8852,62.8431
251.984,103.907,116.305,0.296,45.6731,62.9349
252.234,96.071,116.305,0.304,50.0919,63.003
252.484,95.9506,116.305,0.315,50.0101,63.0741
252.734,128.04,116.305,0.322,47.7813,63.1465
252.984,87.9792,116.305,0.332,47.8025,63.2019
253.234,100.022,116.305,0.341,47.8805,63.2866
253.484,95.9866,116.305,0.361,47.7785,63.3549
253.734,88.0016,116.305,0.365,50.0219,63.4261
253.984,95.9816,116.305,0.367,50.0136,63.5035
254.234,92.0421,116.305,0.373,50.0121,63.5743
254.484,111.975,116.305,0.387,48.0663,63.6494
254.734,96.0123,116.305,0.402,48.0118,63.7161
254.984,91.979,116.305,0.442,48.0332,63.7873
255.234,96.0279,116.305,0.446,48.0226,63.8667
255.484,87.9615,116.305,0.446,49.9976,63.937
255.734,92.0296,116.305,0.446,50.0346,63.996
255.985,99.9346,116.305,0.446,50.1,64.0803
256.234,92.0813,116.305,0.446,50.0702,64.1331
256.485,95.8967,116.305,0.45,50.0635,64.2182
256.686,114.28,116.305,0.456,49.5197,64.2572
256.934,120.714,116.305,0.462,47.9321,64.3419
257.184,104.012,116.305,0.473,47.9468,64.4165
257.434,99.9777,116.305,0.481,47.9602,64.471
257.684,99.9995,116.305,0.49,48.403,64.5583
257.934,96.011,116.305,0.492,50.0009,64.6244
258.184,92.0076,116.305,0.481,50.0101,64.6958
258.434,99.987,116.305,0.463,49.9764,64.767
258.684,92.0234,116.305,0.446,50.0397,64.8334
258.934,135.973,116.305,0.448,50.0167,64.9065
259.184,99.9991,116.305,0.456,49.9823,64.9778
259.435,95.7664,116.305,0.46,50.0406,65.03
259.684,100.257,116.305,0.447,49.9322,65.1158
259.934,91.9849,116.305,0.447,49.9721,65.1845
260.184,87.9882,116.305,0.447,49.9596,65.2361
260.434,100.005,116.305,0.447,50.0202,65.3209
260.684,88.0194,116.305,0.446,50.0101,65.3929
260.934,87.9851,116.305,0.446,50.034,65.4643
261.184,132.024,116.305,0.451,50.0348,65.5329
261.434,127.919,116.305,0.454,48.2742,65.6104
261.684,108.071,116.305,0.457,45.9147,65.6876
261.934,91.984,116.305,0.458,45.8801,65.7587
262.184,96.0186,116.305,0.464,45.8984,65.83
262.435,91.92,116.305,0.466,46.6947,65.9075
262.685,119.701,116.305,0.468,47.9792,65.9796
262.935,92.09,116.305,0.468,47.9182,66.0409
263.184,92.2205,116.305,0.468,47.9669,66.131
263.434,88.0144,116.305,0.468,48.3483,66.2009
263.684,91.9899,116.305,0.466,50.0048,66.2774
263.935,91.7617,116.305,0.467,50.0504,66.3536
264.184,92.2287,116.305,0.465,49.9905,66.4083
264.435,91.593,116.305,0.465,50.002,66.498
264.637,109.234,116.305,0.466,48.9556,66.5381
264.884,109.11,116.305,0.467,48.0426,66.627
265.134,91.9891,116.305,0.466,48.0132,66.6935
265.384,100.014,116.305,0.467,48.0031,66.7464
265.634,99.9849,116.305,0.471,48.9934,66.8239
265.884,103.993,116.305,0.476,50.0857,66.8835
266.085,94.6562,116.305,0.482,49.9786,66.9333
266.334,96.2908,116.305,0.491,50.0442,66.9912
266.585,99.869,116.305,0.5,50.072,67.0402
266.834,100.134,116.305,0.508,50.0307,67.11
267.084,103.986,116.305,0.51,50.0678,67.165
267.334,95.9824,116.305,0.483,50.0163,67.2271
267.584,96.0158,116.305,0.469,49.8998,67.2932
267.834,123.989,116.305,0.461,50.0377,67.3588
268.084,99.9915,116.305,0.446,49.9651,67.4265
268.334,88.0257,116.305,0.439,50.0899,67.4923
268.584,87.9792,116.305,0.423,50.0549,67.5471
268.834,96.0064,116.305,0.439,50.0329,67.6387
269.084,95.9853,116.305,0.456,50.0026,67.7108
269.334,104.083,116.305,0.47,49.2404,67.7815
269.584,107.908,116.305,0.486,50.0391,67.8531
269.834,92.0433,116.305,0.487,50.0355,67.9212
270.084,99.9464,116.305,0.487,49.994,68.0011
270.334,92.0336,116.305,0.477,51.3075,68.0744
270.584,88.0063,116.305,0.465,49.999,68.1258
270.834,87.9991,116.305,0.452,50.0292,68.2094
271.036,94.2527,116.305,0.452,50.0146,68.266
271.284,92.5738,116.305,0.458,49.8974,68.3387
271.534,88.0043,116.305,0.464,50.0043,68.4109
271.784,91.9834,116.305,0.465,50.0124,68.4669
272.035,91.9122,116.305,0.466,50.0481,68.5572
272.284,92.1268,116.305,0.465,50.009,68.6303
272.534,83.973,116.305,0.462,50.0776,68.7042
272.784,95.9775,116.305,0.461,50.0174,68.7747
273.034,88.0394,116.305,0.459,50.0249,68.8407
273.284,99.9216,116.305,0.458,49.9972,68.9189
273.534,96.0715,116.305,0.458,49.999,68.9925
273.784,92.0126,116.305,0.455,50.0068,69.0488
274.034,83.9916,116.305,0.453,49.9939,69.1361
274.284,96.0033,116.305,0.456,50.0089,69.2057
274.534,83.9905,116.305,0.475,50.0527,69.2817
274.784,95.9829,116.305,0.487,49.9473,69.3533
275.034,92.0014,116.305,0.488,50.021,69.4066
275.284,100.04,116.305,0.488,49.9996,69.4998
275.535,95.7754,116.305,0.467,49.9824,69.5727
275.784,108.153,116.305,0.42,49.2791,69.6285
276.034,108.078,116.305,0.369,48.0647,69.7155
276.284,92.0152,116.305,0.339,48.0306,69.7863
276.534,91.9771,116.305,0.315,48.036,69.8633
276.785,91.9203,116.305,0.309,48.7341,69.9362
277.034,92.0948,116.305,0.318,50.0014,70.0021
277.284,99.9858,116.305,0.33,49.9377,70.0746
277.534,96.0163,116.305,0.34,50.0385,70.1341
277.784,99.9625,116.305,0.35,50.0158,70.186
278.034,96.0343,116.305,0.373,50.0185,70.2739
278.284,103.923,116.305,0.398,50.0558,70.3421
278.534,96.0652,116.305,0.423,50.0628,70.4141
278.784,99.9895,116.305,0.441,50.0839,70.4856
279.034,91.9963,116.305,0.458,49.9972,70.5381
279.284,99.9856,116.305,0.465,49.9933,70.6282
279.534,96.0303,116.305,0.487,50.0398,70.6947
279.784,107.977,116.305,0.499,50.0725,70.7456
280.034,124.022,116.305,0.511,50.0105,70.8312
280.284,99.9915,116.305,0.531,50.0227,70.8997
280.534,123.999,116.305,0.524,49.0293,70.9639
280.784,103.992,116.305,0.528,50.0325,71.0485
281.034,120.001,116.305,0.533,47.9594,71.1066
281.284,95.9828,116.305,0.535,48.0835,71.1927
281.534,88.0429,116.305,0.543,48.8592,71.269
281.785,95.9125,116.305,0.546,47.9997,71.3266
282.034,84.0759,116.305,0.555,49.9899,71.4034
282.284,107.997,116.305,0.558,50.0313,71.4158
282.534,91.9979,116.305,0.56,49.9584,71.4162
282.784,95.9556,116.305,0.561,49.9895,71.4163
283.034,88.0223,116.305,0.562,49.9472,71.4164
283.284,87.9792,116.305,0.562,50.0742,71.4165
283.534,88.0458,116.305,0.562,49.9902,71.4165
283.785,111.883,116.305,0.562,49.5115,71.4165
284.034,136.128,116.305,0.562,47.9805,71.4165
284.284,91.9929,116.305,0.562,47.987,71.4165
284.534,92.0231,116.305,0.562,47.9701,71.4165
284.784,99.9316,116.305,0.562,48.4279,71.4165
285.034,92.0302,116.305,0.562,49.9234,71.4165
285.285,95.9087,116.305,0.562,49.6796,71.4166
285.534,116.143,116.305,0.562,50.0979,71.4166
285.784,83.9461,116.305,0.562,50.1212,71.4167
286.034,88.0352,116.305,0.562,50.0183,71.4167
286.236,109.336,116.305,0.562,49.4359,71.4168
286.484,100.457,116.305,0.562,47.8413,71.4168
286.734,100.03,116.305,0.562,47.7416,71.4168
286.986,91.5621,116.305,0.562,47.717,71.4447
287.234,92.4448,116.305,0.562,47.8527,71.5193
287.484,87.9919,116.305,0.559,49.9755,71.5925
287.734,91.9753,116.305,0.555,49.9783,71.6675
287.984,88.0306,116.305,0.552,50.043,71.7446
288.234,96.0078,116.305,0.551,49.9835,71.8156
288.484,83.9723,116.305,0.55,50.0208,71.8827
288.734,96.0425,116.305,0.549,50.078,71.9238
288.984,95.9619,116.305,0.549,49.9978,71.9279
289.234,92.0345,116.305,0.555,49.9615,71.9312
289.484,128.007,116.305,0.563,48.8374,71.9326
289.734,87.9559,116.305,0.564,47.9042,71.934
289.985,91.9581,116.305,0.564,47.9488,71.9355
290.234,88.0802,116.305,0.559,47.9326,71.9378
290.484,123.975,116.305,0.559,49.0299,71.9383
290.734,100.001,116.305,0.562,49.9652,71.94
290.984,92.0045,116.305,0.563,49.9968,71.9426
291.234,99.9984,116.305,0.563,49.9507,71.9483
291.484,88.0118,116.305,0.564,50.0014,71.9516
291.734,123.989,116.305,0.536,48.4752,71.9908
291.984,91.9865,116.305,0.527,47.882,72.0459
292.236,95.5104,116.305,0.512,47.8399,72.0914
292.484,104.511,116.305,0.512,47.8447,72.166
292.734,92.0292,116.305,0.513,49.3473,72.2328
292.984,95.9918,116.305,0.514,50.0039,72.3084
293.235,131.899,116.305,0.522,50.1105,72.3833
293.484,92.0527,116.305,0.528,50.0603,72.4378
293.734,96.0115,116.305,0.532,50.0333,72.5227
293.984,95.9505,116.305,0.534,49.9861,72.5966
294.235,95.6695,116.305,0.535,49.982,72.6512
294.484,92.3697,116.305,0.534,49.9822,72.742
294.734,91.9495,116.305,0.535,50.0465,72.8115
294.984,88.055,116.305,0.534,50.0121,72.8815
295.234,88.0036,116.305,0.534,50.0768,72.9502
295.484,95.9988,116.305,0.534,49.9864,73.0012
295.734,91.9985,116.305,0.52,49.9701,73.0825
295.984,96.0046,116.305,0.514,50.0152,73.1588
296.236,103.472,116.305,0.522,50.0356,73.2143
296.485,120.438,116.305,0.526,49.5531,73.2959
296.734,116.188,116.305,0.533,47.8671,73.3567
296.984,92.0062,116.305,0.538,47.9157,73.4194
297.234,91.9647,116.305,0.489,47.8953,73.4818
297.484,96.0297,116.305,0.452,48.3304,73.5418
297.734,115.992,116.305,0.406,47.934,73.6083
297.984,107.987,116.305,0.369,47.9428,73.6836
298.234,99.9955,116.305,0.32,47.92,73.7404
298.484,91.9597,116.305,0.307,47.9486,73.8327
298.734,104.078,116.305,0.291,49.9449,73.8973
298.985,115.856,116.305,0.291,49.2183,73.9478
299.234,116.092,116.305,0.292,50.0213,74.0285
299.484,96.0439,116.305,0.294,50.011,74.08
299.734,91.9935,116.305,0.313,49.9922,74.1665
299.984,95.9866,116.305,0.334,51.4322,74.2412
300.235,87.9267,116.305,0.383,49.9964,74.2976
300.484,92.0762,116.305,0.425,50.0024,74.3873
300.734,120.025,116.305,0.467,48.0354,74.4572
300.984,91.9638,116.305,0.466,47.9862,74.5284
301.234,108.039,116.305,0.465,48.0004,74.6068
301.484,91.937,116.305,0.464,47.9142,74.6644
301.734,92.0546,116.305,0.446,49.9947,74.7556
301.984,91.9731,116.305,0.433,50.0288,74.83
302.234,88.0161,116.305,0.426,50.0051,74.8862
302.484,99.9958,116.305,0.434,49.9781,74.9802
302.687,108.734,116.305,0.44,49.0293,75.0201
302.934,96.9168,116.305,0.443,47.9767,75.1048
303.184,95.9755,116.305,0.444,47.902,75.1797
303.434,128.093,116.305,0.446,46.8179,75.2376
303.685,79.8948,116.305,0.446,46.3427,75.3268
303.934,92.0698,116.305,0.446,47.9226,75.3986
304.184,91.9705,116.305,0.446,47.9165,75.4698
304.434,88.0307,116.305,0.446,49.0432,75.5466
304.685,95.8359,116.305,0.446,49.9861,75.6041
304.934,92.1436,116.305,0.443,50.0285,75.6922
305.184,95.9718,116.305,0.441,49.9995,75.7659
305.434,84.065,116.305,0.454,50.0248,75.8239
305.684,95.9319,116.305,0.466,50.0359,75.9169
305.934,88.0478,116.305,0.475,50.041,75.9864
306.184,87.9677,116.305,0.479,50.0063,76.054
306.434,92.021,116.305,0.486,49.9861,76.1276
306.684,91.9825,116.305,0.488,49.9906,76.1821
306.934,100.015,116.305,0.469,50.0064,76.2669
307.184,83.9453,116.305,0.461,50.0116,76.3327
307.434,96.061,116.305,0.463,49.9868,76.3888
307.685,111.886,116.305,0.469,49.1667,76.4777
307.935,147.545,116.305,0.465,47.0843,76.5342
308.184,104.416,116.305,0.462,47.973,76.6201
308.435,103.724,116.305,0.468,48.0085,76.6959
308.684,92.2044,116.305,0.474,48.755,76.7469
308.934,95.9966,116.305,0.489,50.8977,76.8209
309.184,92.0428,116.305,0.505,50.0067,76.8808
309.434,92.0085,116.305,0.536,50.0218,76.9239
309.684,91.9997,116.305,0.548,50.0318,76.9929
309.936,103.437,116.305,0.521,50.0002,77.0428
310.184,100.511,116.305,0.482,49.9976,77.0978
310.435,151.8,116.305,0.433,49.6862,77.1574
310.684,88.1483,116.305,0.416,49.9778,77.2101
310.934,140.037,116.305,0.393,48.7027,77.2706
311.184,87.9952,116.305,0.397,47.7937,77.3326
311.435,103.793,116.305,0.405,48.5606,77.4083
311.684,104.182,116.305,0.411,47.7647,77.481
311.934,120.011,116.305,0.416,46.7979,77.5511
312.184,104.016,116.305,0.422,47.9557,77.6247
312.434,95.9778,116.305,0.428,47.9922,77.7007
312.684,88.0072,116.305,0.43,47.9424,77.7563
312.934,87.9994,116.305,0.437,50.0101,77.8402
313.184,88.0121,116.305,0.441,50.0181,77.916
313.434,91.9775,116.305,0.444,50.0196,77.9885
313.684,91.9498,116.305,0.445,50.0277,78.0633
313.934,120.053,116.305,0.445,50.0141,78.1315
314.184,92.0223,116.305,0.445,50.0019,78.2014
314.435,91.8491,116.305,0.446,50.0911,78.28
314.637,89.0481,116.305,0.446,50.0155,78.3212
314.884,96.995,116.305,0.446,49.9243,78.4129
315.134,83.9967,116.305,0.446,49.9865,78.483
315.384,92.0039,116.305,0.446,50.0009,78.5586
315.634,87.9919,116.305,0.452,50.0721,78.6377
315.884,87.9728,116.305,0.455,50.0121,78.691
316.134,107.966,116.305,0.456,49.112,78.7742
316.384,120.054,116.305,0.457,47.4186,78.8424
316.634,87.9627,116.305,0.457,47.771,78.9064
316.885,95.98,116.305,0.458,47.7861,78.9926
317.134,96.0957,116.305,0.457,49.0685,79.0557
317.384,103.979,116.305,0.436,50.0078,79.122
317.634,96.0058,116.305,0.435,50.0242,79.1986
317.885,99.8437,116.305,0.436,50.0478,79.2546
318.134,92.1569,116.305,0.451,50.0094,79.3371
318.384,95.9736,116.305,0.471,50.0048,79.4084
318.634,92.0101,116.305,0.51,50.028,79.4622
318.885,99.6065,116.305,0.522,50.0039,79.5515
319.134,88.3634,116.305,0.479,50.002,79.6195
319.384,95.9432,116.305,0.448,50.057,79.6954
319.634,100.048,116.305,0.421,50.0129,79.7701
319.886,103.258,116.305,0.407,50.0575,79.8277
320.134,100.721,116.305,0.405,49.949,79.917
320.385,91.7332,116.305,0.41,50.0052,79.9851
320.634,92.2614,116.305,0.415,49.9929,80.045
320.884,112.041,116.305,0.419,48.8141,80.1329
321.085,89.7074,116.305,0.426,47.9662,80.1868
321.334,96.225,116.305,0.405,47.9142,80.2541
321.584,119.956,116.305,0.382,46.7781,80.3183
321.834,92.05,116.305,0.368,46.3064,80.3778
322.084,95.9544,116.305,0.368,47.9319,80.4662
322.286,119.241,116.305,0.369,47.0165,80.5071
322.534,96.5141,116.305,0.368,45.9141,80.5945
322.784,91.9671,116.305,0.362,47.835,80.6684
323.034,88.0183,116.305,0.359,47.89,80.7406
323.284,91.9909,116.305,0.351,49.1045,80.819
323.534,92.0335,116.305,0.347,50.0264,80.8837
323.784,91.9795,116.305,0.34,50.0029,80.9552
324.034,100.011,116.305,0.335,50.0106,81.0313
324.284,124.005,116.305,0.33,47.9654,81.088
324.534,99.9956,116.305,0.321,47.9248,81.1757
324.784,84.0146,116.305,0.317,47.9883,81.2408
325.034,91.9781,116.305,0.334,47.9808,81.3192
325.284,99.9947,116.305,0.357,49.9891,81.386
325.534,100.009,116.305,0.38,50.0028,81.4421
325.784,100.002,116.305,0.428,50.0163,81.5054
326.034,95.9929,116.305,0.471,49.9629,81.5688
326.284,103.998,116.305,0.506,50.0092,81.6129
326.536,127.302,116.305,0.528,50.0036,81.6825
326.784,132.733,116.305,0.553,47.858,81.7442
327.034,108.002,116.305,0.568,47.8577,81.8005
327.284,99.9375,116.305,0.592,47.8514,81.86
327.534,100.05,116.305,0.573,47.8625,81.9159
327.784,103.962,116.305,0.535,50.0644,81.9763
328.034,96.0387,116.305,0.522,50.0146,82.0353
328.285,103.755,116.305,0.524,50.0385,82.0962
328.534,104.243,116.305,0.522,50.0145,82.1614
328.786,103.423,116.305,0.523,50.061,82.2178
329.035,100.494,116.305,0.527,49.9099,82.2883
329.284,100.09,116.305,0.537,49.9708,82.3775
329.534,87.9904,116.305,0.543,49.9237,82.4456
329.785,99.745,116.305,0.552,50.1131,82.5169
330.034,96.2392,116.305,0.555,49.9859,82.5904
330.284,95.9934,116.305,0.565,49.9597,82.6443
330.534,88.012,116.305,0.573,50.0306,82.7238
330.785,111.888,116.305,0.578,50.0536,82.7876
331.034,88.0853,116.305,0.582,50.0018,82.8542
331.284,100.009,116.305,0.591,49.9677,82.9134
331.534,87.9845,116.305,0.599,49.9964,82.9415
331.785,95.909,116.305,0.6,49.9521,82.9447
332.034,120.122,116.305,0.599,47.6657,82.9476
332.285,95.9066,116.305,0.599,47.5935,82.9496
332.534,124.14,116.305,0.599,45.838,82.9517
332.785,95.8712,116.305,0.599,45.8339,82.9525
333.034,96.1399,116.305,0.598,47.974,82.9536
333.284,95.9201,116.305,0.598,48.0562,82.9555
333.534,96.0857,116.305,0.598,50.0294,82.9579
333.784,95.9408,116.305,0.599,50.0563,82.9597
334.034,100.051,116.305,0.599,49.9855,82.9766
334.236,104.151,116.305,0.612,49.6177,83.0023
334.485,120.685,116.305,0.604,50.0105,83.0664
334.734,108.098,116.305,0.576,50.0052,83.1264
334.985,99.9039,116.305,0.543,50.0078,83.1947
335.234,92.0819,116.305,0.534,51.0074,83.268
335.484,91.9837,116.305,0.531,50.0142,83.3357
335.734,132.023,116.305,0.534,47.9321,83.4082
335.984,92.0026,116.305,0.548,47.9702,83.4789
336.234,99.9686,116.305,0.553,47.9497,83.5509
336.484,92.0339,116.305,0.559,47.9376,83.6299
336.735,127.81,116.305,0.561,48.9992,83.6849
336.984,112.153,116.305,0.562,47.8287,83.7708
337.234,95.9761,116.305,0.568,47.884,83.847
337.484,96.0118,116.305,0.571,47.9047,83.899
337.734,103.994,116.305,0.573,48.8696,83.9777
337.984,100.024,116.305,0.578,49.9648,84.0345
338.234,103.973,116.305,0.584,50.0433,84.0937
338.484,119.942,116.305,0.592,50.0097,84.1504
338.734,124.039,116.305,0.589,47.8853,84.1924
338.984,104.03,116.305,0.585,48.0272,84.2588
339.234,103.985,116.305,0.553,47.9151,84.3136
339.484,96.0191,116.305,0.488,48.0198,84.3549
339.734,103.931,116.305,0.447,49.9996,84.4219
339.984,108.089,116.305,0.392,49.9772,84.479
340.234,111.965,116.305,0.352,50.0142,84.5485
340.484,104.031,116.305,0.312,50.0237,84.6229
340.734,99.9734,116.305,0.284,50.0073,84.6966
340.984,104.007,116.305,0.274,50.0098,84.7672
341.234,95.9956,116.305,0.28,50.0213,84.8407
341.484,88.0016,116.305,0.301,49.9957,84.8975
341.734,95.9826,116.305,0.324,50.0709,84.9851
341.984,96.0442,116.305,0.368,50.0143,85.0523
342.234,95.9696,116.305,0.369,50.0133,85.1267
342.484,99.9854,116.305,0.372,50.0017,85.2051
342.734,96.034,116.305,0.377,49.8967,85.2581
342.984,83.9897,116.305,0.381,49.9999,85.3459
343.234,87.9928,116.305,0.387,50.0175,85.4218
343.484,88.0084,116.305,0.391,50.0574,85.4792
343.734,91.9415,116.305,0.396,50.0807,85.5648
343.984,88.0724,116.305,0.411,50.0413,85.633
344.234,91.9669,116.305,0.43,50.0179,85.7085
344.484,104.017,116.305,0.432,50.0388,85.7846
344.735,95.8759,116.305,0.432,50.0439,85.8403
344.984,92.1033,116.305,0.432,49.9788,85.9226
345.234,128.01,116.305,0.437,48.3895,85.996
345.484,96.0224,116.305,0.442,48.0139,86.066
345.734,95.9806,116.305,0.444,47.9521,86.1367
345.984,96.0171,116.305,0.449,48.082,86.2009
346.234,99.9559,116.305,0.454,49.995,86.2732
346.484,100.039,116.305,0.463,49.9973,86.3452
346.685,114.443,116.305,0.472,49.273,86.3864
346.934,124.461,116.305,0.482,46.7703,86.4706
347.184,108.026,116.305,0.49,46.155,86.5383
347.434,99.9617,116.305,0.493,46.1385,86.6101
347.684,96.0341,116.305,0.474,46.5149,86.6834
347.934,91.9928,116.305,0.459,50.0046,86.7505
348.184,92.0137,116.305,0.448,50.0145,86.8263
348.434,91.9233,116.305,0.449,49.9999,86.9016
348.684,120.07,116.305,0.462,47.834,86.9541
348.934,88.0171,116.305,0.458,47.9406,87.0393
349.184,91.9979,116.305,0.452,47.9355,87.1052
349.434,100.003,116.305,0.449,47.9721,87.1688
349.684,95.9532,116.305,0.448,50.021,87.243
349.935,95.9279,116.305,0.447,49.9092,87.2999
350.185,115.666,116.305,0.448,49.001,87.3912
350.434,96.4033,116.305,0.453,47.8959,87.4604
350.684,91.9962,116.305,0.456,47.8969,87.5374
350.934,88.0012,116.305,0.457,47.9259,87.6141
351.184,87.9841,116.305,0.459,48.8724,87.6906
351.434,91.9706,116.305,0.464,49.9856,87.7621
351.684,112.023,116.305,0.467,47.9961,87.8367
351.935,103.582,116.305,0.468,48.0358,87.8913
352.184,88.3673,116.305,0.466,48.0145,87.9807
352.434,84.0201,116.305,0.466,48.0412,88.0515
352.684,91.9601,116.305,0.465,50.0267,88.1131
352.934,88.0382,116.305,0.465,50.009,88.2021
353.184,119.973,116.305,0.463,48.57,88.2748
353.434,88.0094,116.305,0.464,47.8851,88.3529
353.684,87.9789,116.305,0.466,47.8763,88.4297
353.934,88.0277,116.305,0.466,47.875,88.4986
354.184,91.9705,116.305,0.465,49.2276,88.5691
354.434,100.025,116.305,0.468,50.0787,88.6378
354.685,99.7631,116.305,0.466,50.0003,88.6978
354.934,104.252,116.305,0.474,49.9693,88.7832
355.184,87.9875,116.305,0.489,49.9902,88.8403
355.434,100.01,116.305,0.491,49.9829,88.875
355.684,95.9697,116.305,0.503,50.1789,88.8769
355.934,96.0433,116.305,0.49,50.0192,88.8782
356.184,95.9602,116.305,0.488,50.0373,88.8799
356.434,92.0283,116.305,0.487,50.0325,88.8819
356.684,91.9564,116.305,0.485,50.0216,88.8824
356.985,106.619,116.305,0.483,50.0395,88.8841
357.234,104.108,116.305,0.484,50.0133,88.8853
357.485,95.8439,116.305,0.483,49.9399,88.8864
357.734,96.1528,116.305,0.483,50.0385,88.8877
357.984,91.9731,116.305,0.486,50.1717,88.8892
358.234,100.031,116.305,0.486,50.0277,88.8911
358.485,95.9021,116.305,0.491,50.1126,88.9042
358.737,107.158,116.305,0.497,49.9911,88.9419
358.985,133.068,116.305,0.471,48.0482,89.0108
359.187,108.624,116.305,0.459,47.324,89.0446
359.434,129.335,116.305,0.449,46.0858,89.1185
359.684,124.019,116.305,0.453,43.6026,89.1921
359.935,107.916,116.305,0.451,43.517,89.2486
360.184,100.124,116.305,0.449,44.2148,89.3371
360.435,91.8591,116.305,0.448,45.8867,89.4056
360.684,92.1468,116.305,0.447,48.7515,89.4785
360.934,91.9497,116.305,0.445,50.0691,89.5493
361.184,92.0476,116.305,0.433,50.0019,89.6028
361.435,95.8417,116.305,0.419,50.0691,89.6822
361.684,100.167,116.305,0.405,49.9517,89.7557
361.935,91.7311,116.305,0.401,49.9934,89.821
362.184,88.249,116.305,0.395,50.1091,89.8919
362.435,91.923,116.305,0.394,50.0701,89.9611
362.684,92.0886,116.305,0.393,50.0067,90.0173
362.934,127.999,116.305,0.392,48.8368,90.1042
363.186,99.4251,116.305,0.392,49.578,90.1602
363.434,96.509,116.305,0.392,47.9995,90.244
363.684,88.0252,116.305,0.394,48.0427,90.3218
363.935,83.9313,116.305,0.398,49.1905,90.3794
364.184,88.087,116.305,0.402,48.7952,90.4676
364.435,103.915,116.305,0.403,49.9946,90.5387
364.684,92.0809,116.305,0.404,49.9937,90.6163
364.934,87.9622,116.305,0.404,50.0283,90.6927
365.184,88.0468,116.305,0.404,49.9813,90.7649
365.434,91.9448,116.305,0.404,50.0127,90.8388
365.684,96.04,116.305,0.398,50.0001,90.9145
365.935,103.851,116.305,0.398,49.9656,90.9679
366.184,104.143,116.305,0.404,49.9973,91.0377
366.434,87.9653,116.305,0.407,49.991,91.0933
366.635,104.705,116.305,0.414,49.9571,91.1416
366.884,96.257,116.305,0.422,50.02,91.1978
367.134,99.9392,116.305,0.428,50.0065,91.2395
367.384,92.0694,116.305,0.424,50.0322,91.3067
367.634,95.9253,116.305,0.419,50.1018,91.3626
367.884,104.086,116.305,0.393,50.0048,91.4159
368.134,115.982,116.305,0.364,47.883,91.4757
368.384,107.977,116.305,0.316,47.8988,91.5341
368.634,96.0223,116.305,0.299,47.888,91.6004
368.884,99.9931,116.305,0.292,47.9418,91.6759
369.135,95.7259,116.305,0.297,50.0282,91.7335
369.384,128.323,116.305,0.315,48.8588,91.8187
369.634,88.024,116.305,0.328,47.99,91.8877
369.884,96.0001,116.305,0.37,48.0781,91.9424
370.134,92.0218,116.305,0.396,48.0168,92.0334
370.384,91.9929,116.305,0.441,49.1403,92.1039
370.634,108.013,116.305,0.487,50.03,92.1799
370.884,95.9736,116.305,0.502,50.0136,92.2505
371.134,87.9853,116.305,0.552,50.0486,92.307
371.385,99.7866,116.305,0.588,49.9733,92.3936
371.634,96.2477,116.305,0.632,50.1587,92.4635
371.884,123.976,116.305,0.678,47.782,92.54
372.134,91.9946,116.305,0.742,47.7601,92.6129
372.385,99.8589,116.305,0.783,47.7871,92.6728
372.634,128.178,116.305,0.834,46.1192,92.7351
372.884,96.0211,116.305,0.861,47.2546,92.7947
373.135,99.8052,116.305,0.894,47.3703,92.8397
373.384,120.239,116.305,0.916,47.733,92.9163
373.634,91.9704,116.305,0.917,50.0237,92.9753
373.884,96.0295,116.305,0.909,50.0404,93.0612
374.134,95.9677,116.305,0.908,51.1244,93.1362
374.384,100.014,116.305,0.901,49.9908,93.1956
374.634,103.995,116.305,0.882,50.0745,93.2825
374.884,96.0173,116.305,0.877,49.9487,93.3574
375.135,91.9225,116.305,0.872,50.0358,93.424
375.384,116.008,116.305,0.871,49.4724,93.4978
375.634,104.064,116.305,0.869,47.8923,93.5611
375.884,92.0071,116.305,0.855,47.8758,93.6233
376.134,91.994,116.305,0.833,47.8818,93.6844
376.384,96.0146,116.305,0.783,48.3904,93.7414
376.636,103.241,116.305,0.718,50.0542,93.8074
376.884,132.992,116.305,0.677,48.3463,93.875
377.135,95.8638,116.305,0.599,47.8117,93.9364
377.384,96.1083,116.305,0.562,47.81,94.0234
377.634,112.028,116.305,0.497,45.9716,94.0918
377.884,111.957,116.305,0.456,46.7856,94.1598
378.134,99.9522,116.305,0.391,48.0535,94.2187
378.385,107.992,116.305,0.382,45.8562,94.2419
378.634,100.077,116.305,0.382,47.1184,94.2439
378.884,88.0071,116.305,0.382,47.6911,94.2448
379.135,127.84,116.305,0.368,46.495,94.2456
379.384,88.1106,116.305,0.368,47.9849,94.2477
379.634,91.9885,116.305,0.368,47.9684,94.2486
379.884,92.0167,116.305,0.355,47.8996,94.2505
380.134,91.9791,116.305,0.354,49.1642,94.252
380.384,96.0032,116.305,0.35,49.9626,94.2531
380.634,103.989,116.305,0.339,50.0391,94.2544
380.884,88.0339,116.305,0.34,50.0073,94.256
381.135,99.8533,116.305,0.332,49.5699,94.2573
381.384,108.154,116.305,0.336,50.0094,94.2682
381.634,95.9728,116.305,0.378,49.9942,94.3196
381.884,88.0213,116.305,0.442,49.996,94.3856
382.134,103.928,116.305,0.5,50.6599,94.4473
382.384,136.086,116.305,0.526,47.7711,94.5065
382.634,115.919,116.305,0.577,45.9349,94.572
382.884,120.068,116.305,0.614,45.809,94.6409
383.134,96.0068,116.305,0.664,45.8656,94.7004
383.384,95.9812,116.305,0.705,47.8984,94.7879
383.634,84.0167,116.305,0.759,50.648,94.8537
383.884,143.982,116.305,0.793,49.5804,94.918
384.134,92.0244,116.305,0.833,49.9968,94.9787
384.385,87.9138,116.305,0.844,50.018,95.0369
384.634,96.0964,116.305,0.867,49.9861,95.1021
384.884,91.9787,116.305,0.876,50.0931,95.1682
385.134,87.9706,116.305,0.888,49.9756,95.2195
385.384,96.0264,116.305,0.89,49.993,95.3073
385.634,96.0203,116.305,0.886,49.9659,95.3802
385.884,95.9358,116.305,0.885,50.0239,95.454
386.134,100.048,116.305,0.879,50.0072,95.5232
386.335,79.7114,116.305,0.878,50.0042,95.5653
386.584,96.2873,116.305,0.882,49.9859,95.6527
386.834,91.9949,116.305,0.862,49.999,95.7226
387.084,131.983,116.305,0.849,49.9357,95.7958
387.334,92.0039,116.305,0.827,49.9946,95.8699
387.535,119.324,116.305,0.814,49.0109,95.9092
387.784,96.4294,116.305,0.798,49.9824,95.9817
388.034,92.0293,116.305,0.743,50.575,96.0419
388.284,95.9881,116.305,0.694,49.999,96.1075
388.534,96.0066,116.305,0.629,50.7958,96.171
388.784,107.973,116.305,0.587,49.9328,96.223
389.034,92.0286,116.305,0.523,50.0009,96.308
389.284,95.9771,116.305,0.496,50.0334,96.3859
389.534,91.957,116.305,0.447,50.0131,96.4389
389.784,100.033,116.305,0.428,49.9924,96.5183
390.034,88.0383,116.305,0.397,49.998,96.5818
390.285,123.861,116.305,0.383,49.1342,96.6369
390.534,112.125,116.305,0.356,47.9398,96.7136
390.784,91.9828,116.305,0.329,47.9455,96.7745
391.034,99.9983,116.305,0.315,47.9755,96.8435
391.284,99.9943,116.305,0.311,48.7923,96.9109
391.534,91.9858,116.305,0.311,50.0432,96.9638
391.784,91.9904,116.305,0.33,50.0597,97.0458
392.034,100.041,116.305,0.361,49.9838,97.1111
392.284,91.9884,116.305,0.377,50.0217,97.1761
392.535,123.833,116.305,0.413,49.2369,97.2346
392.785,115.981,116.305,0.438,48.0205,97.2777
393.035,104.032,116.305,0.461,48.0424,97.3432
393.284,100.09,116.305,0.478,47.9944,97.3966
393.534,96.0473,116.305,0.497,48.7534,97.4526
393.784,99.98,116.305,0.469,49.9791,97.5107
394.034,88.0154,116.305,0.447,49.9927,97.5662
394.284,107.98,116.305,0.433,50.0421,97.6301
394.534,92.019,116.305,0.433,50.013,97.6933
394.784,95.9696,116.305,0.433,50.0569,97.748
395.034,108.023,116.305,0.439,49.9721,97.835
395.285,103.661,116.305,0.445,50.0218,97.9077
395.534,92.294,116.305,0.452,50.0058,97.9566
395.785,95.9117,116.305,0.45,50.0476,98.0404
396.034,128.154,116.305,0.408,47.7624,98.1084
396.284,91.9899,116.305,0.393,47.7164,98.18
396.534,95.935,116.305,0.382,47.7755,98.2573
396.784,92.0453,116.305,0.374,47.7268,98.3175
397.034,107.992,116.305,0.371,49.9154,98.3983
397.284,84.0264,116.305,0.371,50.0136,98.4642
397.534,91.9901,116.305,0.367,50.046,98.5388
397.784,131.996,116.305,0.361,50.0266,98.613
398.034,92.012,116.305,0.347,49.99,98.6798
398.284,103.985,116.305,0.344,50.0153,98.7523
398.534,95.9856,116.305,0.336,49.9902,98.8277
398.736,89.4764,116.305,0.331,50.1829,98.8726
398.984,96.4764,116.305,0.328,50.0233,98.9635
399.235,131.807,116.305,0.314,48.5827,99.0178
399.484,100.128,116.305,0.318,47.5608,99.1098
399.734,96.0161,116.305,0.347,47.6173,99.1832
399.984,95.9796,116.305,0.371,47.6009,99.2393
400.234,100.007,116.305,0.415,48.9444,99.314
400.484,140.009,116.305,0.443,47.9464,99.3723
400.734,103.986,116.305,0.483,48.0086,99.4165
400.984,112.004,116.305,0.505,47.9618,99.4837
401.234,111.969,116.305,0.542,48.0261,99.5386
401.484,112.032,116.305,0.558,50.0457,99.5976
401.685,124.502,116.305,0.565,48.5646,99.6283
401.934,128.425,116.305,0.56,48.0214,99.6937
402.184,103.98,116.305,0.533,48.0667,99.7561
402.434,104.024,116.305,0.517,48.04,99.8163
402.684,107.959,116.305,0.51,49.4118,99.8818
402.934,104.005,116.305,0.515,50.0136,99.9469
403.184,128.023,116.305,0.53,48.0992,100.005
403.434,132.008,116.305,0.572,45.9146,100.091
403.684,107.998,116.305,0.575,45.9065,100.163
403.934,104.005,116.305,0.593,45.869,100.234
404.184,104.006,116.305,0.594,47.6634,100.303
404.434,99.982,116.305,0.628,50.0474,100.372
404.685,99.939,116.305,0.662,50.0619,100.449
404.934,140.098,116.305,0.702,47.9084,100.515
405.184,108.017,116.305,0.721,47.9892,100.569
405.436,119.364,116.305,0.748,47.9251,100.617
405.684,140.745,116.305,0.776,46.0656,100.683
405.934,123.976,116.305,0.817,46.0518,100.744
406.184,115.978,116.305,0.83,45.5253,100.8
406.434,104.049,116.305,0.844,44.1174,100.864
406.684,108.022,116.305,0.841,45.7721,100.913
406.934,115.978,116.305,0.796,47.6963,100.985
407.135,134.341,116.305,0.778,46.2998,101.024
407.384,112.428,116.305,0.76,47.4434,101.098
407.635,103.917,116.305,0.745,47.4752,101.148
407.885,123.985,116.305,0.737,45.444,101.235
408.134,116.12,116.305,0.724,45.0802,101.304
408.384,99.9656,116.305,0.719,45.8563,101.365
408.634,115.978,116.305,0.718,45.4161,101.453
408.884,136.031,116.305,0.721,45.7159,101.525
409.135,107.89,116.305,0.727,46.1246,101.599
409.384,112.085,116.305,0.741,47.9777,101.667
409.636,111.261,116.305,0.695,48.3398,101.72
409.884,116.821,116.305,0.662,47.8883,101.806
410.134,128.027,116.305,0.623,46.422,101.877
410.384,107.918,116.305,0.605,45.7502,101.93
410.634,108.035,116.305,0.594,45.7267,102.018
410.884,144.064,116.305,0.594,46.0585,102.078
411.134,111.984,116.305,0.61,46.6052,102.141
411.384,115.976,116.305,0.626,47.6918,102.204
411.635,131.818,116.305,0.674,47.124,102.253
411.884,104.151,116.305,0.71,47.1275,102.336
412.134,108.027,116.305,0.771,47.9474,102.397
412.384,123.954,116.305,0.82,46.5166,102.462
412.634,104.025,116.305,0.891,46.4753,102.525
412.884,119.952,116.305,0.938,47.97,102.587
413.134,108.044,116.305,0.943,47.9964,102.647
413.384,115.978,116.305,0.941,49.9515,102.712
413.634,124.034,116.305,0.95,47.7519,102.78
413.884,104.009,116.305,0.964,47.7687,102.857
414.135,107.713,116.305,0.979,47.7606,102.91
414.385,136.218,116.305,1.002,45.2116,102.978
414.634,120.1,116.305,1.027,45.6966,103.059
414.884,124.027,116.305,1.051,44.3728,103.129
415.134,131.977,116.305,1.092,42.6768,103.203
415.384,127.993,116.305,1.105,42.3794,103.276
415.634,108.012,116.305,1.133,44.3519,103.348
415.884,107.986,116.305,1.149,44.7565,103.42
416.134,108.027,116.305,1.168,47.9011,103.492
416.384,99.9882,116.305,1.184,50.0077,103.562
416.634,112.005,116.305,1.203,49.9955,103.64
416.884,135.94,116.305,1.211,47.936,103.71
417.134,119.956,116.305,1.238,47.5507,103.784
417.384,160.143,116.305,1.257,45.7888,103.857
417.634,108.001,116.305,1.283,45.809,103.911
417.884,131.931,116.305,1.277,44.886,104
418.134,104.05,116.305,1.245,45.3733,104.075
418.384,99.9477,116.305,1.229,47.5353,104.134
418.634,140.038,116.305,1.127,45.7871,104.217
418.886,155.027,116.305,1.181,44.6364,104.279
419.134,108.69,116.305,1.157,46.0664,104.347
419.384,99.9812,116.305,1.134,46.0887,104.404
419.634,104.023,116.305,1.106,47.8753,104.448
419.884,95.9789,116.305,1.105,50.0629,104.456
420.134,103.981,116.305,1.102,49.465,104.457
420.385,123.952,116.305,1.095,48.019,104.459
420.586,134.014,116.305,1.092,47.0486,104.463
420.934,114.81,116.402,0.844,45.9465,104.466
421.184,104.048,116.402,0.85,46.9738,104.467
421.434,135.926,116.402,0.846,45.7358,104.468
421.684,124.045,116.402,0.846,45.1433,104.47
421.934,127.996,116.402,0.836,44.7151,104.471
422.184,103.99,116.402,0.843,44.2769,104.473
422.434,112.029,116.402,1.081,45.9882,104.476
422.684,119.9,116.402,0.827,48.0329,104.478
422.934,108.061,116.402,1.09,49.9359,104.507
423.185,107.678,116.402,0.872,49.6828,104.562
423.434,112.325,116.402,0.958,47.972,104.624
423.684,112.042,116.402,1.015,47.9745,104.683
423.885,104.508,116.402,1.065,47.959,104.737
424.134,132.387,116.402,1.142,45.4048,104.8
424.385,115.958,116.402,1.281,46.0888,104.858
424.634,132.117,116.402,1.295,44.3686,104.943
424.885,107.869,116.402,1.34,44.423,105.015
425.134,108.159,116.402,1.372,46.1887,105.086
425.384,107.943,116.402,1.355,48.0228,105.16
425.634,116.03,116.402,1.336,50.0053,105.231
425.884,111.971,116.402,1.308,50.0538,105.307
426.134,100.036,116.402,1.282,50.0045,105.381
426.385,107.912,116.402,1.218,49.9859,105.446
426.634,100.091,116.402,1.19,50.0785,105.519
426.884,111.997,116.402,1.124,50.0049,105.586
427.134,107.997,116.402,1.087,49.998,105.657
427.385,115.887,116.402,1.035,50.0165,105.725
427.634,108.112,116.402,1.006,49.9697,105.792
427.884,119.979,116.402,0.97,48.4876,105.867
428.134,124.034,116.402,0.945,47.9156,105.937
428.384,107.953,116.402,0.917,47.9559,105.997
428.634,108.058,116.402,0.911,47.9431,106.087
428.884,139.993,116.402,0.899,46.8741,106.156
429.135,147.794,116.402,0.895,45.5149,106.234
429.384,132.168,116.402,0.89,43.4491,106.302
429.635,103.898,116.402,0.898,43.5427,106.353
429.884,108.1,116.402,0.914,44.4341,106.427
430.134,135.985,116.402,0.884,45.4715,106.486
430.384,103.995,116.402,0.818,47.7444,106.545
430.634,143.932,116.402,0.775,46.0679,106.608
430.884,136.065,116.402,0.713,44.6829,106.659
431.134,116.017,116.402,0.675,45.8899,106.736
431.385,111.642,116.402,0.614,45.8591,106.813
431.634,116.377,116.402,0.58,47.8018,106.883
431.884,115.928,116.402,0.533,49.9814,106.961
432.134,104.08,116.402,0.513,49.994,107.032
432.385,111.602,116.402,0.493,50.0125,107.09
432.634,104.358,116.402,0.483,50.032,107.167
432.884,111.923,116.402,0.492,50.013,107.224
433.134,104.064,116.402,0.508,49.9991,107.287
433.384,103.996,116.402,0.547,50.0913,107.352
433.634,115.962,116.402,0.58,49.999,107.4
433.884,120.011,116.402,0.625,49.9978,107.482
434.134,99.9971,116.402,0.626,50.0223,107.546
434.384,120.029,116.402,0.644,47.7153,107.608
434.634,107.989,116.402,0.665,47.8861,107.693
434.884,108.032,116.402,0.699,47.7373,107.767
435.134,99.956,116.402,0.716,47.77,107.837
435.384,112.054,116.402,0.758,50.0127,107.908
435.634,127.997,116.402,0.774,48.0121,107.965
435.884,103.947,116.402,0.792,47.9186,108.027
436.134,120.049,116.402,0.807,46.1769,108.086
436.384,99.9904,116.402,0.813,46.1712,108.136
436.634,103.983,116.402,0.816,48.0214,108.21
436.884,104.042,116.402,0.81,48.0698,108.264
437.134,111.971,116.402,0.802,50.0418,108.325
437.384,131.991,116.402,0.782,47.7616,108.378
437.635,131.73,116.402,0.767,46.2635,108.421
437.885,183.74,116.402,0.733,44.1505,108.496
438.134,108.393,116.402,0.71,44.0543,108.552
438.384,99.9876,116.402,0.664,45.0938,108.612
438.585,124.33,116.402,0.651,45.5925,108.655
438.834,116.529,116.402,0.591,48.9475,108.742
439.084,163.92,116.402,0.55,44.9281,108.811
439.335,95.9533,116.402,0.522,44.1449,108.883
439.584,104.067,116.402,0.497,44.1334,108.936
439.834,132.027,116.402,0.483,43.7685,109.023
440.085,115.544,116.402,0.471,46.4747,109.077
440.334,104.423,116.402,0.471,47.579,109.168
440.584,115.979,116.402,0.469,47.5014,109.229
440.835,135.893,116.402,0.47,47.5286,109.274
441.084,108.019,116.402,0.474,46.0257,109.352
441.286,143.819,116.402,0.48,45.2623,109.385
441.534,112.794,116.402,0.487,44.012,109.459
441.784,123.99,116.402,0.472,44.0912,109.517
442.034,108.024,116.402,0.461,45.563,109.561
442.284,135.984,116.402,0.449,43.7692,109.633
442.534,112.028,116.402,0.438,45.9095,109.687
442.785,111.906,116.402,0.386,45.8783,109.746
443.034,100.072,116.402,0.355,47.8783,109.811
443.285,91.934,116.402,0.309,50.0204,109.875
443.534,108.088,116.402,0.297,50.0129,109.949
443.785,95.9108,116.402,0.292,50.0313,110.025
444.034,88.0943,116.402,0.295,49.9895,110.096
444.285,91.8664,116.402,0.308,50.0684,110.172
444.534,92.1255,116.402,0.315,50.0069,110.237
444.784,123.904,116.402,0.326,48.0376,110.308
445.034,92.0679,116.402,0.333,48.0201,110.383
445.284,91.9581,116.402,0.344,48.0354,110.437
445.534,84.0387,116.402,0.359,48.0346,110.522
445.784,91.9791,116.402,0.367,50.0606,110.594
446.034,92.0283,116.402,0.371,50.0197,110.667
446.284,131.924,116.402,0.379,49.945,110.735
446.534,88.0479,116.402,0.389,49.9992,110.803
446.785,87.9271,116.402,0.415,49.9903,110.875
447.034,92.0836,116.402,0.44,49.999,110.951
447.284,131.981,116.402,0.437,48.4149,111.021
447.534,100.015,116.402,0.438,47.9525,111.096
447.784,91.9845,116.402,0.443,47.9371,111.167
448.036,95.4987,116.402,0.445,47.987,111.221
448.284,144.728,116.402,0.446,47.4453,111.297
448.534,103.962,116.402,0.45,47.8426,111.381
448.784,136.05,116.402,0.457,45.757,111.446
449.034,96.0279,116.402,0.463,45.7913,111.517
449.284,95.9826,116.402,0.48,48.1316,111.585
449.534,100.009,116.402,0.489,47.6888,111.659
449.784,103.999,116.402,0.494,50.064,111.728
450.034,95.9797,116.402,0.495,50.0012,111.789
450.284,96.0133,116.402,0.477,49.89,111.863
450.534,96.0203,116.402,0.458,50.0711,111.935
450.784,91.9953,116.402,0.448,49.9509,112.004
451.034,88.0034,116.402,0.449,50.039,112.079
451.285,95.8337,116.402,0.456,50.0072,112.131
451.534,136.229,116.402,0.456,49.9754,112.218
451.784,99.9941,116.402,0.45,50.0017,112.287
451.985,119.343,116.402,0.449,48.7159,112.323
452.234,96.409,116.402,0.447,47.6815,112.407
452.485,95.6423,116.402,0.447,47.7258,112.464
452.734,92.3422,116.402,0.447,47.6791,112.557
452.984,127.954,116.402,0.447,48.9574,112.626
453.234,88.0648,116.402,0.45,50.0604,112.696
453.484,87.9243,116.402,0.454,50.0925,112.773
453.734,92.0676,116.402,0.456,50.0474,112.844
453.985,99.7678,116.402,0.463,49.9893,112.918
454.236,119.638,116.402,0.466,48.9638,112.978
454.484,84.4524,116.402,0.468,47.9402,113.065
454.734,96.0007,116.402,0.468,47.9208,113.143
454.984,115.944,116.402,0.469,47.0298,113.219
455.234,100.014,116.402,0.468,48.9273,113.289
455.484,84.025,116.402,0.467,50.0542,113.366
455.734,91.9882,116.402,0.466,50.0206,113.438
455.984,119.991,116.402,0.465,48.8354,113.513
456.234,92.0035,116.402,0.465,47.8908,113.587
456.484,91.9992,116.402,0.467,47.9226,113.642
456.734,91.981,116.402,0.468,47.9056,113.729
456.984,96.022,116.402,0.468,50.0223,113.797
457.234,104.031,116.402,0.468,49.9993,113.864
457.484,127.984,116.402,0.469,48.0008,113.931
457.735,99.8875,116.402,0.471,47.9425,113.991
457.984,104.108,116.402,0.479,48.0063,114.054
458.235,91.889,116.402,0.483,47.901,114.118
458.485,108.014,116.402,0.495,49.476,114.163
458.735,128.045,116.402,0.506,47.9095,114.233
458.984,96.0816,116.402,0.514,47.953,114.291
459.235,111.884,116.402,0.511,47.8202,114.336
459.484,96.1013,116.402,0.483,48.4152,114.418
459.734,91.9712,116.402,0.463,50.0388,114.485
459.984,100.027,116.402,0.447,49.9818,114.557
460.234,87.9705,116.402,0.433,50.0796,114.635
460.484,100.081,116.402,0.402,49.9874,114.709
460.734,95.9327,116.402,0.381,50.0321,114.783
460.984,111.976,116.402,0.383,50.0093,114.853
461.235,111.966,116.402,0.383,47.8657,114.901
461.484,92.0669,116.402,0.391,47.9504,114.986
461.734,87.9875,116.402,0.388,47.8975,115.055
461.984,92.0064,116.402,0.378,47.9303,115.12
462.234,84.0121,116.402,0.379,50.0609,115.185
462.484,96.0037,116.402,0.379,50.0695,115.25
462.734,91.9504,116.402,0.371,50.0411,115.324
462.984,96.0291,116.402,0.369,50.0413,115.397
463.236,103.235,116.402,0.372,49.3112,115.447
463.484,100.721,116.402,0.388,47.9779,115.534
463.734,120.063,116.402,0.396,46.0829,115.603
463.985,95.8697,116.402,0.403,46.1186,115.673
464.234,80.1075,116.402,0.41,46.0997,115.741
464.484,95.9269,116.402,0.415,48.0272,115.803
464.734,99.9938,116.402,0.416,49.9375,115.892
464.984,92.0266,116.402,0.417,50.0964,115.965
465.234,96.0731,116.402,0.418,49.9662,116.019
465.485,103.818,116.402,0.418,47.8043,116.105
465.734,92.1376,116.402,0.418,47.8366,116.174
465.984,91.9684,116.402,0.394,47.8996,116.249
466.234,84.0296,116.402,0.393,47.8414,116.327
466.484,87.9596,116.402,0.414,50.0385,116.381
466.735,119.943,116.402,0.425,48.788,116.469
466.984,92.0865,116.402,0.436,47.9862,116.538
467.234,103.99,116.402,0.437,47.8844,116.608
467.484,88.0016,116.402,0.439,47.9987,116.683
467.734,91.9865,116.402,0.443,49.1531,116.753
467.984,92.0145,116.402,0.393,50.01,116.826
468.234,87.9447,116.402,0.359,50.0416,116.896
468.484,88.0591,116.402,0.331,49.9784,116.964
468.734,127.975,116.402,0.316,48.0451,117.041
468.984,100.025,116.402,0.312,47.9755,117.11
469.235,99.8728,116.402,0.317,47.9783,117.165
469.484,92.1127,116.402,0.326,47.9456,117.246
469.734,104.009,116.402,0.33,49.9779,117.308
469.985,111.885,116.402,0.347,49.5344,117.374
470.234,104.08,116.402,0.362,47.972,117.448
470.484,168.009,116.402,0.401,44.7487,117.505
470.735,91.8922,116.402,0.416,44.0066,117.593
470.984,96.103,116.402,0.441,44.0074,117.658
471.234,92.0239,116.402,0.46,45.8155,117.726
471.484,99.9734,116.402,0.468,49.0268,117.797
471.737,107.017,116.402,0.477,49.5702,117.85
471.984,121.141,116.402,0.497,47.7502,117.938
472.235,95.8795,116.402,0.506,47.3366,117.999
472.484,108.122,116.402,0.528,45.9702,118.058
472.735,99.8342,116.402,0.524,45.7905,118.152
472.984,116.214,116.402,0.525,46.1835,118.227
473.234,99.9567,116.402,0.531,46.1592,118.293
473.484,96.0377,116.402,0.535,48.0763,118.366
473.734,111.977,116.402,0.544,46.0443,118.436
473.984,140.006,116.402,0.547,47.4293,118.51
474.234,84.0194,116.402,0.556,47.6695,118.583
474.484,91.9714,116.402,0.559,47.7057,118.639
474.734,88.0191,116.402,0.557,50.0583,118.732
474.984,91.9907,116.402,0.556,50.0461,118.81
475.234,88.0067,116.402,0.558,49.9878,118.866
475.484,87.988,116.402,0.56,50.0404,118.958
475.734,88.0234,116.402,0.557,49.9934,119.029
475.984,91.9581,116.402,0.555,50.0784,119.09
476.234,96.0254,116.402,0.554,49.9843,119.116
476.484,95.9865,116.402,0.558,50.011,119.117
476.734,88.0101,116.402,0.564,50.0327,119.119
476.984,91.9928,116.402,0.563,50.0526,119.121
477.234,91.9736,116.402,0.557,50.1098,119.122
477.484,120.008,116.402,0.551,47.9887,119.124
477.734,88.0449,116.402,0.551,47.9743,119.126
477.985,99.721,116.402,0.551,48.0444,119.127
478.234,116.326,116.402,0.551,46.1498,119.127
478.484,99.9519,116.402,0.552,47.9513,119.128
478.734,108.019,116.402,0.558,46.1045,119.13
478.984,95.9879,116.402,0.563,45.8899,119.14
479.234,95.9673,116.402,0.537,47.7757,119.191
479.484,96.0619,116.402,0.53,47.7442,119.253
479.735,87.9136,116.402,0.525,50.0363,119.319
479.985,112.01,116.402,0.521,49.3191,119.386
480.234,108.083,116.402,0.518,47.9493,119.459
480.485,95.9108,116.402,0.518,47.8777,119.517
480.734,92.0783,116.402,0.518,47.9443,119.608
480.984,92.0185,116.402,0.522,48.9482,119.676
481.234,87.978,116.402,0.523,50.0486,119.751
481.484,100.025,116.402,0.524,50.0207,119.83
481.734,96.0123,116.402,0.525,49.9414,119.9
481.984,95.9922,116.402,0.525,49.9896,119.972
482.234,103.988,116.402,0.527,50.0447,120.04
482.484,95.99,116.402,0.525,49.9721,120.09
482.734,95.9963,116.402,0.52,50.0473,120.174
482.984,91.9758,116.402,0.517,50.0038,120.24
483.234,120.035,116.402,0.522,47.8936,120.312
483.484,127.987,116.402,0.519,45.75,120.386
483.734,92.0367,116.402,0.541,45.7646,120.453
483.984,103.948,116.402,0.566,45.7518,120.514
484.234,96.0455,116.402,0.549,47.6715,120.58
484.485,103.81,116.402,0.501,50.0493,120.628
484.734,104.177,116.402,0.434,49.925,120.704
484.984,119.997,116.402,0.395,49.5092,120.752
485.234,100.005,116.402,0.355,49.9754,120.829
485.484,95.9889,116.402,0.311,50.0843,120.898
485.734,132.034,116.402,0.272,47.9505,120.963
485.984,95.9758,116.402,0.252,48.3701,121.036
486.234,100.013,116.402,0.249,47.9537,121.103
486.486,123.368,116.402,0.254,46.0495,121.161
486.734,100.508,116.402,0.265,47.9261,121.241
486.936,109.289,116.402,0.278,47.285,121.278
487.184,120.629,116.402,0.299,46.102,121.36
487.434,92.0011,116.402,0.343,48.0263,121.432
487.684,87.9892,116.402,0.373,48.025,121.487
487.934,96.0112,116.402,0.433,48.7101,121.576
488.184,87.9954,116.402,0.473,50.0098,121.648
488.434,91.9968,116.402,0.473,50.0136,121.722
488.684,88.0003,116.402,0.47,49.9924,121.797
488.934,92.0501,116.402,0.466,50.0105,121.856
489.184,95.9548,116.402,0.449,50.0371,121.943
489.434,88.0038,116.402,0.421,50.0023,122.007
489.685,87.9312,116.402,0.411,49.9603,122.066
489.934,92.0614,116.402,0.41,50.0177,122.155
490.184,83.9807,116.402,0.41,49.9763,122.219
490.434,96.0337,116.402,0.402,49.9906,122.288
490.684,128.008,116.402,0.392,47.7833,122.363
490.935,99.8166,116.402,0.392,47.7764,122.417
491.184,88.1652,116.402,0.388,47.7393,122.503
491.434,91.98,116.402,0.385,47.775,122.574
491.684,95.9939,116.402,0.384,49.9745,122.632
491.934,92.005,116.402,0.386,49.9102,122.724
492.184,88.0218,116.402,0.388,50.0211,122.788
492.434,91.969,116.402,0.388,49.97,122.856
492.684,84.0244,116.402,0.374,49.9986,122.928
492.934,96.0095,116.402,0.372,50.0399,122.999
493.184,119.991,116.402,0.371,47.977,123.071
493.434,91.9599,116.402,0.388,47.8958,123.133
493.684,92.0245,116.402,0.386,47.9507,123.209
493.934,111.97,116.402,0.38,47.8278,123.284
494.184,88.0274,116.402,0.378,50.0202,123.353
494.434,91.9937,116.402,0.367,50.02,123.421
494.684,91.9938,116.402,0.348,50.04,123.491
494.934,91.9816,116.402,0.33,49.9799,123.549
495.184,92.0231,116.402,0.33,50.0061,123.64
495.434,99.9916,116.402,0.338,49.9797,123.711
495.684,88.0033,116.402,0.341,50.0175,123.782
495.935,99.9077,116.402,0.348,50.0293,123.854
496.184,104.084,116.402,0.351,50.0628,123.906
496.434,123.976,116.402,0.358,48.592,123.977
496.684,104.018,116.402,0.366,48.0541,124.035
496.934,99.9839,116.402,0.387,48.004,124.091
497.184,108.018,116.402,0.405,45.8653,124.147
497.434,100.045,116.402,0.451,46.8487,124.203
497.685,115.83,116.402,0.486,47.4891,124.26
497.934,132.16,116.402,0.463,45.7625,124.315
498.185,119.846,116.402,0.449,45.9246,124.37
498.435,95.9968,116.402,0.416,45.9299,124.43
498.684,144.215,116.402,0.403,44.9376,124.492
498.934,79.9899,116.402,0.385,46.1504,124.551
499.184,99.9716,116.402,0.387,47.4977,124.625
499.434,100.014,116.402,0.405,48.0453,124.702
499.684,92.0129,116.402,0.411,49.1587,124.756
499.934,99.9941,116.402,0.422,49.9594,124.843
500.184,108.017,116.402,0.426,47.9302,124.908
500.434,103.961,116.402,0.436,47.8463,124.981
500.684,140.051,116.402,0.441,47.8808,125.057
500.934,91.9826,116.402,0.444,47.9212,125.125
501.184,80.0133,116.402,0.445,50.0023,125.2
501.434,91.9819,116.402,0.446,49.9681,125.272
501.684,88.0267,116.402,0.446,50.0056,125.351
501.934,87.9278,116.402,0.446,50.0781,125.425
502.184,96.0596,116.402,0.446,49.9873,125.491
502.435,91.8558,116.402,0.446,50.1275,125.564
502.684,92.1354,116.402,0.446,49.9603,125.642
502.885,89.6221,116.402,0.446,49.987,125.699
503.134,116.398,116.402,0.447,50.0442,125.774
503.384,136.038,116.402,0.448,49.9825,125.843
503.634,87.9769,116.402,0.452,50.0121,125.919
503.884,92.0015,116.402,0.455,50.438,125.997
504.134,99.9903,116.402,0.456,49.9808,126.05
504.384,95.9811,116.402,0.456,49.9338,126.131
504.634,116.03,116.402,0.456,50.0205,126.201
504.885,91.8634,116.402,0.456,49.3134,126.279
505.134,104.161,116.402,0.456,47.8998,126.35
505.343,134.338,116.402,0.455,47.1871,126.388
505.584,91.0693,116.402,0.436,47.1156,126.463
505.834,88.0211,116.402,0.437,45.9852,126.536
506.084,99.9618,116.402,0.435,47.8815,126.597
506.334,92.0333,116.402,0.451,49.1515,126.681
506.584,95.9605,116.402,0.472,50.0309,126.744
506.834,100.025,116.402,0.512,49.9806,126.809
507.084,111.994,116.402,0.515,49.903,126.884
507.334,92.0141,116.402,0.467,49.988,126.95
507.584,99.9741,116.402,0.441,49.9908,127.023
507.834,92.0212,116.402,0.417,49.9958,127.089
508.084,91.9631,116.402,0.402,50.0588,127.167
508.285,94.76,116.402,0.397,50.0244,127.229
508.534,132.292,116.402,0.407,48.5797,127.295
508.784,88.015,116.402,0.41,47.6099,127.359
509.034,99.9807,116.402,0.416,47.6464,127.427
509.284,99.9739,116.402,0.418,47.5788,127.487
509.534,92.0498,116.402,0.393,48.9973,127.575
509.784,87.9932,116.402,0.369,50.0216,127.643
510.034,91.9937,116.402,0.362,50.0445,127.717
510.284,83.9988,116.402,0.356,50.0613,127.788
510.534,91.9881,116.402,0.356,49.9929,127.858
510.784,88.0165,116.402,0.355,50.0033,127.931
511.034,92.0093,116.402,0.349,49.9962,128.002
511.284,87.9803,116.402,0.347,50.0192,128.081
511.534,107.94,116.402,0.343,50.0192,128.157
511.737,89.0299,116.402,0.338,49.6385,128.198
511.984,165.545,116.402,0.334,47.7255,128.281
512.234,83.9725,116.402,0.328,47.8235,128.35
512.484,96.0371,116.402,0.324,47.7816,128.429
512.734,91.9899,116.402,0.325,47.7839,128.502
512.984,91.9877,116.402,0.324,50.0401,128.557
513.234,136.054,116.402,0.337,47.8541,128.647
513.484,99.9897,116.402,0.358,47.8032,128.717
513.734,100.009,116.402,0.391,47.7715,128.764
513.985,107.791,116.402,0.426,47.3824,128.84
514.234,156.284,116.402,0.479,45.1867,128.896
514.484,99.9332,116.402,0.499,45.9912,128.955
514.734,100.067,116.402,0.523,46.031,129.015
514.985,103.92,116.402,0.539,46.0232,129.062
515.234,104.069,116.402,0.564,49.9938,129.135
515.485,99.9321,116.402,0.577,50.0183,129.195
515.735,131.97,116.402,0.567,48.3756,129.238
515.984,104.104,116.402,0.549,47.6476,129.308
516.234,99.9777,116.402,0.533,47.6365,129.367
516.484,108.009,116.402,0.526,47.5711,129.436
516.735,103.917,116.402,0.524,50.0839,129.508
516.987,126.877,116.402,0.526,47.5344,129.558
517.234,96.9473,116.402,0.53,47.5569,129.646
517.485,99.9102,116.402,0.537,47.569,129.72
517.734,96.0957,116.402,0.545,47.5706,129.788
517.984,119.986,116.402,0.551,47.8304,129.858
518.234,99.947,116.402,0.56,47.9484,129.926
518.484,100.03,116.402,0.573,47.8311,130.001
518.734,95.9956,116.402,0.574,47.8954,130.066
518.984,84.0154,116.402,0.576,50.0346,130.127
519.235,95.932,116.402,0.578,50.019,130.188
519.484,132.086,116.402,0.588,50.0694,130.238
519.734,99.9919,116.402,0.595,50.0451,130.253
519.984,88.002,116.402,0.594,50.0253,130.256
520.234,128.028,116.402,0.588,48.0029,130.258
520.534,93.3392,116.402,0.589,47.9992,130.261
520.785,103.786,116.402,0.589,47.6041,130.262
521.034,116.233,116.402,0.59,48.0124,130.263
521.284,120.014,116.402,0.589,47.9573,130.27
521.534,91.9759,116.402,0.591,47.9795,130.277
521.784,88.0088,116.402,0.59,48.4074,130.282
522.035,131.85,116.402,0.592,46.0694,130.288
522.284,96.1165,116.402,0.598,47.9762,130.308
522.534,91.9792,116.402,0.603,47.9354,130.356
522.784,96.019,116.402,0.595,47.9592,130.432
523.035,87.6482,116.402,0.57,50.1527,130.495
523.284,92.3705,116.402,0.542,50.0078,130.572
523.535,99.8815,116.402,0.533,50.0025,130.644
523.784,100.129,116.402,0.528,49.9772,130.712
524.035,95.8784,116.402,0.534,50.0524,130.786
524.284,108.142,116.402,0.546,49.9609,130.859
524.534,99.9721,116.402,0.552,50.0911,130.912
524.784,100.025,116.402,0.558,50.0001,131.004
525.034,91.9858,116.402,0.558,50.0537,131.077
525.284,96.0029,116.402,0.563,50.1182,131.148
525.534,103.984,116.402,0.568,50.0035,131.218
525.784,132.01,116.402,0.571,48.0166,131.27
526.034,96.001,116.402,0.574,47.9671,131.34
526.284,96.0017,116.402,0.582,47.9851,131.401
526.534,111.984,116.402,0.589,47.9696,131.444
526.784,120.023,116.402,0.591,49.9181,131.509
527.034,99.9869,116.402,0.588,49.9515,131.562
527.284,104.015,116.402,0.56,49.97,131.617
527.534,103.991,116.402,0.512,50.0105,131.676
527.785,115.709,116.402,0.447,48.9916,131.718
528.034,112.315,116.402,0.406,47.7009,131.787
528.284,103.96,116.402,0.347,47.7646,131.852
528.534,100.01,116.402,0.313,47.6639,131.901
528.784,99.9755,116.402,0.276,48.6812,131.986
529.034,96.0482,116.402,0.266,49.9753,132.054
529.284,99.9647,116.402,0.273,50.0691,132.127
529.534,92.0209,116.402,0.288,50.0511,132.202
529.785,103.86,116.402,0.314,50.0521,132.259
530.034,96.1246,116.402,0.349,50.0077,132.34
530.284,95.9949,116.402,0.369,50.0193,132.408
530.534,92.0071,116.402,0.369,50.0034,132.466
530.785,91.9276,116.402,0.377,50.0202,132.554
530.988,137.757,116.402,0.38,48.705,132.597
531.235,101.274,116.402,0.383,47.301,132.683
531.484,100.129,116.402,0.389,45.7446,132.761
531.735,103.814,116.402,0.391,45.7479,132.819
531.984,96.1517,116.402,0.4,46.0227,132.905
532.234,96.0224,116.402,0.413,47.811,132.96
532.484,91.9877,116.402,0.432,49.9547,133.045
532.734,87.9777,116.402,0.432,50.1325,133.122
532.984,96.0233,116.402,0.432,49.951,133.18
533.234,91.9757,116.402,0.432,50.0087,133.259
533.484,92.0417,116.402,0.435,49.9987,133.328
533.735,103.791,116.402,0.439,49.9987,133.383
533.985,104.117,116.402,0.443,49.935,133.468
534.234,144.108,116.402,0.446,45.9511,133.532
534.485,95.8717,116.402,0.452,45.9367,133.604
534.734,92.1006,116.402,0.46,45.9824,133.68
534.984,100.02,116.402,0.473,45.9524,133.749
535.234,132.014,116.402,0.477,47.9213,133.819
535.485,103.915,116.402,0.486,47.9958,133.885
535.735,99.8986,116.402,0.491,47.848,133.937
535.984,104.172,116.402,0.466,47.886,134.022
536.234,96.0278,116.402,0.452,49.9634,134.09
536.484,139.951,116.402,0.449,49.9513,134.163
536.734,92.0291,116.402,0.452,50.0421,134.234
536.984,95.9705,116.402,0.462,50.0611,134.29
537.234,84.0198,116.402,0.461,50.0187,134.379
537.484,115.955,116.402,0.455,48.8819,134.449
537.734,112.044,116.402,0.451,47.8026,134.511
537.984,91.9689,116.402,0.449,47.8608,134.586
538.234,96.0243,116.402,0.449,47.9586,134.657
538.484,87.983,116.402,0.453,49.9952,134.733
538.734,92.031,116.402,0.454,50.0362,134.806
538.985,87.916,116.402,0.456,49.9805,134.86
539.234,88.0895,116.402,0.459,49.9769,134.949
539.484,95.9692,116.402,0.465,49.9603,135.024
539.734,95.9998,116.402,0.467,49.9951,135.079
539.985,107.86,116.402,0.468,49.2922,135.169
540.234,108.162,116.402,0.465,47.7909,135.241
540.484,87.9961,116.402,0.463,47.8023,135.319
540.734,92.0063,116.402,0.463,47.8203,135.396
540.984,87.9386,116.402,0.462,48.5175,135.453
541.234,91.9995,116.402,0.461,50.0183,135.544
541.484,88.0578,116.402,0.459,49.9445,135.622
541.734,123.94,116.402,0.459,49.064,135.692
541.984,104.039,116.402,0.459,47.8222,135.767
542.234,88.0009,116.402,0.461,47.8146,135.834
542.484,96.0078,116.402,0.465,47.8002,135.906
542.734,95.9729,116.402,0.467,48.6407,135.981
542.935,104.666,116.402,0.468,49.9937,136.022
543.184,96.2686,116.402,0.483,49.9789,136.105
543.434,91.9862,116.402,0.491,50.0369,136.157
543.684,100.017,116.402,0.495,50.0289,136.18
543.934,115.976,116.402,0.506,48.4476,136.181
544.184,100.017,116.402,0.495,47.9882,136.183
544.434,95.9858,116.402,0.49,47.8817,136.185
544.684,112.016,116.402,0.487,47.8289,136.186
544.934,99.9895,116.402,0.487,49.9123,136.187
545.234,93.3277,116.402,0.485,50.0231,136.189
545.484,100.082,116.402,0.489,50.0541,136.19
545.735,91.8553,116.402,0.486,50.0054,136.191
545.984,152.148,116.402,0.487,49.9632,136.194
546.186,79.4672,116.402,0.489,50.0282,136.195
546.434,140.748,116.402,0.491,47.5848,136.197
546.684,120.015,116.402,0.496,45.4831,136.209
546.934,103.97,116.402,0.5,46.7407,136.258
547.184,92.0337,116.402,0.471,45.5739,136.313
547.434,132,116.402,0.45,46.1381,136.367
547.684,99.9748,116.402,0.446,47.8489,136.43
547.934,120.014,116.402,0.446,46.718,136.501
548.185,107.838,116.402,0.446,45.6303,136.554
548.434,116.162,116.402,0.446,44.6318,136.64
548.684,96.0092,116.402,0.452,46.0936,136.715
548.934,92.0153,116.402,0.455,46.9417,136.785
549.184,91.9852,116.402,0.463,48.357,136.859
549.386,94.2492,116.402,0.44,49.7709,136.901
549.634,108.705,116.402,0.443,47.9581,136.981
549.884,135.982,116.402,0.445,47.9771,137.046
550.134,83.9974,116.402,0.445,48.0007,137.109
550.384,87.9815,116.402,0.444,47.9843,137.196
550.634,88.036,116.402,0.44,50.0122,137.263
550.886,95.4931,116.402,0.436,50.0421,137.337
551.134,96.4851,116.402,0.434,49.991,137.414
551.385,91.9354,116.402,0.433,50.0437,137.47
551.634,88.0774,116.402,0.433,50.0037,137.557
551.884,91.9715,116.402,0.433,50.0715,137.629
552.134,84.021,116.402,0.433,50.0806,137.707
552.384,91.9955,116.402,0.433,49.9932,137.782
552.634,92.0217,116.402,0.433,49.9858,137.854
552.884,91.9621,116.402,0.433,50.0848,137.932
553.134,100.023,116.402,0.433,50.019,138.004
553.384,96.0093,116.402,0.433,50.0453,138.082
553.634,88.002,116.402,0.433,50.0045,138.153
553.884,111.973,116.402,0.433,47.824,138.216
554.134,92.0169,116.402,0.433,47.8417,138.267
554.384,99.9344,116.402,0.436,47.8495,138.34
554.585,89.6797,116.402,0.445,47.8702,138.378
554.834,96.3347,116.402,0.461,49.9868,138.45
555.084,95.9873,116.402,0.475,50.0135,138.506
555.334,108.022,116.402,0.459,50.0448,138.566
555.584,103.962,116.402,0.447,50.0501,138.624
555.834,104.04,116.402,0.438,49.991,138.679
556.084,95.9825,116.402,0.419,50.0069,138.74
556.335,127.47,116.402,0.404,48.3059,138.786
556.584,100.433,116.402,0.366,47.9001,138.867
556.834,99.9338,116.402,0.337,47.9141,138.935
557.084,96.0649,116.402,0.302,48.0565,138.999
557.334,99.96,116.402,0.302,49.5402,139.076
557.584,92.0391,116.402,0.309,49.9749,139.152
557.834,95.9782,116.402,0.317,50.0531,139.218
558.084,99.9957,116.402,0.329,49.9988,139.291
558.334,100.007,116.402,0.355,50.0653,139.361
558.584,96.0043,116.402,0.378,49.9576,139.411
558.834,95.9996,116.402,0.408,50.0146,139.488
559.084,91.9953,116.402,0.448,50.0056,139.549
559.334,96.0075,116.402,0.487,50.1515,139.616
559.584,100.001,116.402,0.537,50.0488,139.686
559.834,104.016,116.402,0.579,50.0422,139.754
560.084,107.989,116.402,0.643,47.9819,139.824
560.334,112.024,116.402,0.695,47.9791,139.876
560.584,95.9727,116.402,0.758,47.9073,139.942
560.834,99.9765,116.402,0.793,47.9535,140.014
561.084,96.0404,116.402,0.841,50.005,140.068
561.334,95.9699,116.402,0.871,50.1874,140.125
561.584,92.0281,116.402,0.876,50.014,140.18
561.834,95.9581,116.402,0.819,50.0565,140.226
562.084,96.0384,116.402,0.767,49.9784,140.305
562.334,95.9827,116.402,0.748,50.0595,140.376
562.584,104.002,116.402,0.733,50.0189,140.431
562.836,99.2701,116.402,0.72,50.0111,140.513
563.084,96.7296,116.402,0.696,50.0033,140.577
563.334,95.9989,116.402,0.682,49.9943,140.649
563.584,91.9959,116.402,0.672,49.9574,140.719
563.834,115.943,116.402,0.657,48.3252,140.787
564.084,92.0334,116.402,0.658,47.7911,140.862
564.334,87.9982,116.402,0.654,47.8031,140.93
564.584,95.997,116.402,0.662,47.825,140.979
564.834,91.9755,116.402,0.692,49.9999,141.053
565.084,128.045,116.402,0.723,48.7878,141.11
565.335,127.445,116.402,0.756,47.0644,141.161
565.585,104.366,116.402,0.728,45.8979,141.238
565.835,115.983,116.402,0.652,43.8094,141.288
566.084,92.0965,116.402,0.613,44.1563,141.372
566.334,95.9722,116.402,0.549,45.6547,141.448
566.584,100.032,116.402,0.511,47.5697,141.502
566.834,147.956,116.402,0.446,49.9835,141.583
567.084,92.0055,116.402,0.405,49.9771,141.639
567.334,116.009,116.402,0.382,48.0182,141.668
567.584,92.0189,116.402,0.382,48.0687,141.67
567.835,103.908,116.402,0.382,48.0297,141.671
568.084,100.07,116.402,0.369,48.0426,141.672
568.334,95.9687,116.402,0.368,50.0113,141.674
568.584,92.0407,116.402,0.366,49.994,141.675
568.834,99.9722,116.402,0.354,49.9987,141.678
569.084,88.0368,116.402,0.354,50.0553,141.679
569.335,99.8564,116.402,0.341,49.3061,141.681
569.584,96.125,116.402,0.341,48.1737,141.682
569.835,99.5276,116.402,0.332,48.0725,141.683
