time,cpu,memory,obstacle_distance,cmd_vel_frequency,distance_travelled
0.203055,0,115.469,inf,44.6615,0
0.452589,104.194,115.469,inf,46.5982,0.00809617
0.702538,128.026,115.473,inf,46.5982,0.00809617
0.952429,100.043,115.473,inf,45.7574,0.13341
1.20251,91.9686,115.473,inf,47.519,0.189399
1.45245,104.027,115.473,inf,47.6682,0.2493
1.70262,95.9349,115.473,inf,50.1344,0.310059
1.95245,108.071,115.527,inf,50.0061,0.375484
2.2029,103.814,115.527,inf,49.9026,0.446926
2.45248,104.177,115.527,0.671,49.9747,0.517168
2.70263,99.9391,115.527,0.714,49.967,0.589173
2.95245,104.077,115.527,0.759,50.1511,0.650577
3.20253,87.9713,115.527,0.787,50.0605,0.710589
3.45277,103.897,115.527,0.759,50.0085,0.775978
3.70273,104.019,115.527,0.74,50.0531,0.838362
3.95244,92.1082,115.527,0.724,50.0203,0.904185
4.20255,83.9605,115.527,0.717,50.0391,0.971243
4.45245,100.04,115.527,0.733,50.0568,1.03473
4.70256,87.9625,115.527,0.759,50.0412,1.10768
4.95244,92.0423,115.527,0.803,49.9917,1.18176
5.20253,87.9715,115.527,0.845,50.0272,1.24827
5.45246,88.0223,115.527,0.88,49.9933,1.3144
5.70251,87.9837,115.527,0.868,50.0512,1.37749
5.95248,96.0095,115.527,0.845,50.0402,1.44542
6.20256,83.9758,115.527,0.829,50.0014,1.51599
6.45244,88.0411,115.527,0.821,50.0071,1.58964
6.70271,87.9065,115.527,0.821,50.0354,1.65746
6.95243,104.115,115.527,0.807,50.0099,1.71568
7.20253,91.9631,115.527,0.801,49.923,1.77379
7.45248,88.019,115.527,0.756,49.9888,1.83462
7.70253,87.9807,115.527,0.706,49.9991,1.89022
7.95244,92.0337,115.527,0.642,50.0598,1.95033
8.2026,87.9417,115.527,0.598,50.0429,2.01292
8.45244,92.0599,115.527,0.541,50.0452,2.07856
8.70252,87.974,115.527,0.511,50.0511,2.14915
8.95243,96.033,115.527,0.469,49.9893,2.22441
9.20255,95.9535,115.527,0.449,49.9966,2.28823
9.45243,96.0453,115.535,0.42,49.9778,2.35204
9.70265,87.9252,115.535,0.412,50.0586,2.41074
9.95247,88.062,115.535,0.371,50.0349,2.46736
10.2029,83.8506,115.535,0.365,50.0327,2.52812
10.4524,88.1676,115.535,0.347,50.027,2.58859
10.7027,83.9037,115.535,0.334,50.0706,2.65728
10.9529,103.919,115.535,0.316,50.0049,2.72167
11.2027,88.093,115.535,0.305,50.0426,2.79265
11.4524,88.074,115.535,0.317,50.0077,2.8685
11.7025,91.9713,115.535,0.322,50.0194,2.937
11.9524,92.0312,115.535,0.357,50.0021,3.00092
12.2026,87.9499,115.535,0.391,50.0559,3.05659
12.4525,96.0509,115.535,0.447,50.0171,3.11119
12.7026,91.9629,115.535,0.483,50.0576,3.16709
12.9525,104.041,115.535,0.519,49.9909,3.22338
13.2031,95.7697,115.535,0.512,50.0233,3.27479
13.4049,89.1806,115.535,0.493,49.9969,3.32101
13.6524,105.027,115.535,0.46,50.0175,3.37555
13.9029,87.8401,115.535,0.447,50.0363,3.43752
14.1525,96.1726,115.535,0.433,49.9892,3.49681
14.4025,91.978,115.535,0.433,50.0588,3.56147
14.6524,88.0236,115.535,0.437,50.0072,3.63692
14.9026,95.9386,115.535,0.441,50.0259,3.70683
15.1525,96.0289,115.535,0.451,50.005,3.78083
15.4029,91.8521,115.535,0.46,50.0185,3.84711
15.6525,92.1605,115.535,0.466,49.9867,3.91016
15.9026,83.9711,115.535,0.433,50.0017,3.98528
16.1524,92.0525,115.535,0.399,50.0855,4.05629
16.4026,79.948,115.535,0.391,50.063,4.12791
16.6524,100.069,115.535,0.383,50.0144,4.2053
16.9025,87.9639,115.535,0.381,49.997,4.2753
17.1524,84.0323,115.535,0.375,50.0199,4.34776
17.4025,83.9729,115.535,0.374,49.9719,4.42448
17.6524,88.0265,115.535,0.37,49.9942,4.49644
17.9027,83.9291,115.535,0.366,50.0407,4.57412
18.1524,92.0815,115.535,0.357,50.0007,4.64412
18.4025,87.9714,115.535,0.353,50.0575,4.71533
18.6525,100.02,115.562,0.339,50.0195,4.79144
18.9025,83.9812,115.562,0.333,50.006,4.86003
19.1524,96.0309,115.562,0.317,50.002,4.9337
19.4027,87.9038,115.562,0.32,50.0071,5.00563
19.6524,96.105,115.562,0.338,50.0186,5.07297
19.9026,87.943,115.562,0.358,50.0754,5.14784
20.1525,104.062,115.562,0.397,50.0117,5.21115
20.4026,99.932,115.562,0.422,50.0129,5.27587
20.6524,104.073,115.566,0.471,50.007,5.33961
20.853,109.685,115.566,0.488,49.9819,5.38102
21.103,95.9964,115.566,0.513,49.9779,5.43694
21.3524,104.247,115.566,0.551,50.0026,5.49351
21.6025,95.965,115.566,0.559,50.0917,5.54991
21.8524,100.036,115.566,0.567,50.0221,5.61184
22.1025,99.9651,115.75,0.548,50.0582,5.6686
22.3524,112.042,115.75,0.525,49.9879,5.72677
22.6028,103.86,115.75,0.506,50.012,5.79178
22.8525,96.1207,115.75,0.521,49.9939,5.85192
23.1031,91.7608,115.75,0.542,50.0277,5.91903
23.3524,100.267,115.75,0.571,50.0087,5.98638
23.6026,95.932,115.75,0.567,50.0302,6.05909
23.8524,104.073,115.75,0.588,49.9768,6.13129
24.1027,91.9053,115.75,0.596,50.0287,6.20191
24.3049,103.843,115.75,0.614,50.0379,6.26371
24.5524,101.004,115.75,0.664,50.0699,6.33387
24.8035,95.5775,115.75,0.682,50.0148,6.40228
25.0525,100.429,115.75,0.721,50.0276,6.46749
25.3025,107.982,115.75,0.742,50.1265,6.52304
25.5524,104.033,115.75,0.773,50.0216,6.58193
25.8025,99.9594,115.75,0.818,50.0169,6.64528
26.0525,104.037,115.75,0.832,49.9904,6.70014
26.3026,91.9641,115.75,0.847,50.1331,6.76546
26.5525,96.0329,115.75,0.853,49.994,6.8269
26.8027,103.922,115.75,0.813,49.9921,6.89033
27.0525,116.091,115.75,0.787,49.9987,6.95518
27.3025,107.981,115.75,0.764,49.9268,7.01971
27.5525,96.0102,115.75,0.75,49.9888,7.08886
27.8025,95.9773,115.75,0.732,49.9789,7.15968
28.0525,100.027,115.75,0.727,49.9825,7.2271
28.3025,99.9702,115.75,0.726,50.006,7.29563
28.5525,116.038,115.75,0.724,50.0275,7.36531
28.8027,99.8953,115.75,0.729,50.0333,7.43652
29.0529,107.909,115.75,0.731,50.0213,7.50983
29.3027,96.0906,115.75,0.744,50.0587,7.57956
29.5524,96.1006,115.75,0.766,50.0155,7.65361
29.8025,95.9558,115.75,0.79,50.1286,7.72594
30.0524,100.048,115.75,0.767,50.0319,7.79338
30.3026,103.941,115.75,0.705,50.0683,7.86414
30.5524,104.053,115.75,0.668,49.9951,7.92954
30.8025,107.971,115.75,0.624,50.0355,7.99197
31.0525,104.022,115.75,0.604,49.9916,8.05809
31.3025,99.9732,115.75,0.59,50.0351,8.11913
31.5524,108.037,115.75,0.591,49.9602,8.18523
31.8025,99.9737,115.75,0.608,49.9973,8.2521
32.0525,104.021,115.75,0.626,49.9911,8.31424
32.2531,114.606,115.75,0.661,49.9818,8.37046
32.5026,104.244,115.75,0.714,49.9953,8.43509
32.7526,111.976,115.75,0.748,49.9979,8.49249
33.0028,115.904,115.75,0.806,49.9616,8.55605
33.2524,104.154,115.75,0.854,49.9947,8.61777
33.5027,99.8863,115.75,0.931,50.046,8.68507
33.7524,104.118,115.75,0.963,49.9932,8.75626
34.0025,95.974,115.75,0.988,50.0843,8.82809
34.2525,104.007,115.75,1.01,49.9701,8.8981
34.5025,111.996,115.75,1.033,50.0673,8.96668
34.7524,112.03,115.75,1.059,50,9.03724
35.0025,95.9655,115.75,1.089,49.9915,9.10916
35.2524,104.036,115.75,1.106,50.0169,9.1763
35.5025,99.9683,115.75,1.131,50.0021,9.25448
35.7524,108.045,115.75,1.151,49.9908,9.32217
36.0025,111.949,115.75,1.178,50.0661,9.3945
36.2524,108.036,115.75,1.194,49.9908,9.46462
36.5026,91.9489,115.773,1.207,50.0366,9.53426
36.7525,96.0523,115.773,1.222,50.0001,9.6087
37.0027,99.9152,115.773,1.239,50.0176,9.68042
37.2524,100.087,115.773,1.259,50.0011,9.74928
37.5032,107.675,115.773,1.282,50.1107,9.82506
37.7529,116.135,115.773,1.304,49.9842,9.89451
38.0026,104.143,115.773,1.334,50.0414,9.96758
38.2524,100.049,115.773,1.348,50.0456,10.0459
38.5025,99.9662,115.773,1.383,50.0201,10.1132
38.7524,100.034,115.773,1.398,49.9957,10.1811
39.0025,119.962,115.773,1.401,50.0255,10.2464
39.2525,100.028,115.773,1.399,50.0007,10.3086
39.5031,107.708,115.773,1.392,49.972,10.369
39.7525,100.271,115.773,1.393,50.0004,10.3938
40.0025,95.9645,115.773,1.395,50.0894,10.3958
40.2525,96.0313,115.773,1.4,50.0165,10.397
40.5025,95.9807,115.773,1.407,50.0305,10.3982
40.8028,113.228,115.773,1.412,49.9962,10.399
41.0525,112.145,115.93,1.412,49.9816,10.3994
41.3026,107.932,115.93,1.414,50.0141,10.4001
41.5041,109.204,115.93,1.413,50.0199,10.4018
41.7525,100.637,115.93,1.408,49.9674,10.4056
42.0025,99.995,115.93,1.413,49.9985,10.4094
42.2524,100.028,115.93,1.412,50.0171,10.4124
42.5025,107.967,115.93,1.407,50.1488,10.4162
42.7525,92.0134,115.93,1.408,49.9776,10.4204
43.0026,111.961,115.93,1.385,49.9807,10.4623
43.2524,104.052,115.93,1.371,50.0001,10.518
43.5028,99.8639,115.93,1.365,49.9751,10.5828
43.7524,100.149,115.93,1.364,50.0411,10.6444
44.0028,111.816,115.93,1.364,50.0358,10.7132
44.2526,104.091,115.93,1.366,50.0103,10.7837
44.5025,96.0282,115.93,1.375,50.0681,10.8508
44.7524,108.041,115.93,1.382,49.9857,10.9217
45.0026,99.9376,115.93,1.4,50.0528,10.9894
45.2524,108.076,115.93,1.385,50.0067,11.0586
45.5027,99.8967,115.93,1.354,50.0374,11.1344
45.7526,120.052,115.93,1.337,49.9772,11.205
46.0025,108.016,115.93,1.295,49.9721,11.2779
46.2524,100.038,115.93,1.255,49.9935,11.347
46.5025,95.9718,115.93,1.204,50.0221,11.4144
46.7524,104.031,115.93,1.168,49.995,11.4839
47.0025,95.9626,115.93,1.102,50.0356,11.5598
47.2524,104.049,115.93,1.061,49.964,11.6294
47.5025,111.948,115.93,1.011,50.0098,11.7019
47.7524,112.05,115.93,0.987,49.9979,11.7721
48.0026,99.9438,115.93,0.952,50.0071,11.8442
48.2524,96.046,115.93,0.931,50.0386,11.9188
48.5026,99.938,115.93,0.918,50.0317,11.9905
48.7526,131.989,115.93,0.909,47.7077,12.0637
49.0025,112.061,115.93,0.899,47.6452,12.1379
49.2525,111.988,115.93,0.896,47.6542,12.2006
49.5025,108.018,115.93,0.842,47.6516,12.2645
49.7525,103.985,115.93,0.802,49.9723,12.3263
50.0025,104.022,115.93,0.751,50.0613,12.3915
50.2525,103.976,115.93,0.716,50.1137,12.4628
50.5025,108.023,115.93,0.671,50.0231,12.532
50.7526,103.919,115.93,0.637,50.0777,12.6076
51.0025,112.076,115.93,0.605,50.0651,12.6856
51.2528,111.866,115.93,0.586,50.0595,12.7573
51.5025,112.144,115.93,0.568,50.0007,12.8321
51.7525,99.9867,115.93,0.571,50.0003,12.9002
52.0025,100.014,115.93,0.58,50.0281,12.9674
52.2531,107.732,115.93,0.598,50.0086,13.0349
52.5024,100.263,115.93,0.625,50.0508,13.087
52.7526,111.905,115.93,0.66,50.0568,13.1516
53.0027,115.991,115.93,0.678,50.0826,13.2225
53.2525,100.066,115.93,0.652,50.133,13.2824
53.5024,104.02,115.93,0.639,50.0694,13.3499
53.7526,95.9329,115.93,0.631,50.0232,13.4109
54.0024,104.072,115.93,0.64,49.9881,13.4805
54.2527,103.909,115.93,0.655,50.0435,13.5538
54.5025,108.091,115.93,0.682,50.0256,13.6241
54.7528,99.8692,115.93,0.709,50.0244,13.6976
55.0026,112.095,115.93,0.742,50.0606,13.7716
55.2525,100.047,115.93,0.765,50.0351,13.8377
55.5024,100.002,115.93,0.792,49.9955,13.9034
55.7526,91.9618,115.93,0.804,50.036,13.9619
56.0024,100.041,115.93,0.819,50.0537,14.021
56.2531,99.7569,115.93,0.822,50.0019,14.0812
56.5025,108.263,115.93,0.819,50.009,14.1366
56.7525,103.974,115.93,0.815,49.9795,14.1937
57.0025,115.999,115.93,0.801,49.9377,14.2496
57.2525,100.003,115.93,0.783,50.0334,14.3095
57.5024,104.025,115.93,0.754,50.0055,14.3692
57.7526,99.9281,115.93,0.732,50.101,14.4229
58.0024,96.0709,115.93,0.694,50.0288,14.4838
58.2525,95.9763,115.93,0.661,50.034,14.549
58.5024,120.026,115.93,0.616,50.047,14.6164
58.7532,99.7114,115.93,0.582,49.9984,14.6854
59.0025,100.257,115.93,0.538,50.05,14.7579
59.2526,99.9925,115.93,0.506,50.0451,14.8263
59.4533,109.599,115.93,0.482,49.9953,14.8826
59.7024,100.343,115.93,0.47,49.9744,14.9575
59.9525,99.9518,115.93,0.453,50.0587,15.0332
60.2025,104.037,115.93,0.452,50.062,15.0909
60.4526,99.9338,115.93,0.45,50.0376,15.1576
60.7025,120.08,115.93,0.442,50.017,15.226
60.9528,107.833,115.93,0.445,49.9377,15.283
61.2025,100.154,115.93,0.448,50.0189,15.3457
61.4526,103.95,115.93,0.442,50.0127,15.4084
61.7024,100.058,115.93,0.42,50.1034,15.4672
61.9527,111.892,115.93,0.416,49.9986,15.5308
62.2025,112.089,115.93,0.407,50.004,15.5846
62.4526,99.9542,115.93,0.384,50.0295,15.6471
62.7025,92.0336,115.93,0.366,50.0507,15.7115
62.9526,95.963,115.93,0.334,50.0125,15.7744
63.2026,99.9929,115.93,0.303,50.056,15.844
63.453,95.8379,115.93,0.298,49.9927,15.9099
63.7025,96.2222,115.93,0.307,50.0551,15.9815
63.9527,91.9101,115.93,0.313,50.0513,16.0541
64.2024,100.105,115.93,0.325,49.9873,16.1274
64.4525,87.9748,115.93,0.339,50.0816,16.1954
64.7032,115.664,115.93,0.35,48.8182,16.2708
64.9525,84.2542,115.93,0.356,47.9454,16.3366
65.2024,88.0151,115.93,0.362,47.9488,16.4113
65.4525,83.9852,115.93,0.366,47.9408,16.4889
65.7024,92.0163,115.93,0.372,49.3892,16.5591
65.9526,95.9508,115.93,0.378,50.0378,16.6353
66.2029,83.902,115.93,0.399,50.0045,16.707
66.4525,88.1254,115.93,0.414,50.0409,16.7845
66.7028,95.8983,115.93,0.447,49.9715,16.8594
66.9525,80.0877,115.93,0.447,50.072,16.9312
67.2025,91.9833,115.93,0.447,50.006,17.0018
67.4528,91.899,115.93,0.447,50.0109,17.0782
67.7025,92.1359,115.93,0.447,50.0315,17.1471
67.9525,95.9768,115.93,0.447,50.0263,17.2139
68.2024,100.04,115.93,0.454,50.0466,17.2819
68.4525,95.9717,115.93,0.461,50.1115,17.3574
68.7024,92.0178,115.93,0.475,50.0181,17.4303
68.9526,91.9529,115.93,0.481,50.0242,17.4986
69.2024,100.048,115.93,0.49,50.0693,17.5708
69.4525,83.9829,115.93,0.493,49.998,17.6451
69.7024,96.0239,115.93,0.495,50.0283,17.7125
69.9527,103.89,115.93,0.481,50.0822,17.7829
70.2025,96.0876,115.93,0.465,50.048,17.8505
70.4525,87.9991,115.93,0.459,50.0531,17.9238
70.7025,91.984,115.93,0.461,49.9772,18
70.9525,88.014,115.93,0.448,50.088,18.0676
71.2025,91.9859,115.93,0.439,50.0302,18.1328
71.4525,92.0023,115.93,0.437,50.0321,18.2054
71.7024,92.0298,115.93,0.435,50.0565,18.2752
71.9525,87.9694,115.93,0.436,50.0477,18.3483
72.2024,88.0248,115.93,0.441,50.0298,18.4195
72.4525,95.9884,115.93,0.443,50.0614,18.4921
72.7024,92.0153,115.93,0.448,50.0047,18.5687
72.9525,83.9846,115.93,0.453,50.0361,18.6376
73.2025,87.9991,115.93,0.458,50.0575,18.7131
73.4527,83.9428,115.93,0.459,50.0299,18.7873
73.7024,88.0794,115.93,0.466,50.0113,18.8578
73.9525,83.9812,115.93,0.47,50.06,18.931
74.2025,95.9942,115.93,0.472,50.0217,19.0082
74.4525,87.9953,115.93,0.473,50.0385,19.0797
74.6531,89.716,115.93,0.474,50.0065,19.1402
74.9024,92.2602,115.93,0.474,50.0309,19.2111
75.1525,83.9765,115.93,0.474,50.0185,19.2859
75.4024,92.028,115.93,0.473,49.9824,19.3576
75.6524,84.0163,115.93,0.474,50.0168,19.4337
75.9025,83.9747,115.93,0.474,49.9897,19.5114
76.1525,91.9998,115.93,0.474,50.0518,19.5801
76.4024,88.0107,115.93,0.474,50.0665,19.6502
76.6525,95.9633,115.93,0.47,50.0678,19.7242
76.9024,100.037,115.93,0.468,50.0701,19.7909
77.1525,99.9738,115.93,0.473,50.0271,19.8563
77.4025,92.0087,115.93,0.473,50.0245,19.9195
77.6525,96.0074,115.93,0.477,50.0324,19.9822
77.9026,91.9586,115.93,0.481,50.1635,20.0458
78.1525,92.0288,115.93,0.488,50.0406,20.1047
78.4025,96.0082,115.93,0.495,49.9919,20.1653
78.6533,91.7044,115.93,0.506,49.9975,20.2284
78.9026,104.268,115.93,0.498,49.9527,20.2913
79.1525,100.048,115.93,0.463,50.0621,20.3568
79.4024,96.026,115.93,0.439,50.0557,20.4185
79.6525,95.9899,115.93,0.426,50.0744,20.4866
79.9024,96.0121,115.93,0.401,50.0689,20.5562
80.1525,95.992,115.93,0.376,49.9877,20.6196
80.4024,88.0084,115.93,0.372,50.0913,20.6882
80.6526,87.9329,115.93,0.383,50.0451,20.7639
80.9025,92.0532,115.93,0.395,50.0199,20.8341
81.1525,100.004,115.93,0.425,50.0297,20.9033
81.4025,91.9852,115.93,0.422,49.8843,20.972
81.6526,87.9846,115.93,0.413,50.0122,21.0502
81.9025,88.0154,115.93,0.406,50.0462,21.1249
82.1525,88.0194,115.93,0.375,50.0528,21.194
82.4024,88.0096,115.93,0.359,50.0632,21.2618
82.6536,87.5799,115.93,0.348,50.0553,21.3336
82.9024,88.4219,115.93,0.349,50.0469,21.4012
83.1527,83.9191,115.93,0.36,50.0051,21.4717
83.4025,100.09,115.93,0.371,50.0046,21.5495
83.6528,91.8715,115.93,0.389,50.047,21.6187
83.9024,92.1363,115.93,0.397,50.0686,21.6922
84.1525,87.9836,115.93,0.407,50.0574,21.7602
84.4026,91.9654,115.93,0.414,50.0091,21.8304
84.6526,87.9789,115.93,0.419,50.0677,21.9063
84.9025,84.0522,115.93,0.421,50.0288,21.9761
85.1525,79.9892,115.93,0.422,50.0416,22.0506
85.4024,92.0289,115.93,0.423,50.0353,22.1222
85.6526,83.9422,115.93,0.398,50.0212,22.1993
85.9025,96.0247,115.93,0.398,49.9938,22.2752
86.1525,92.02,115.93,0.417,49.9634,22.3457
86.4025,88.0017,115.93,0.425,50.0204,22.4185
86.6527,83.9368,115.93,0.436,50.0615,22.4907
86.9024,80.0765,115.93,0.437,50.0576,22.5577
87.1527,91.8972,115.93,0.444,50.0554,22.6293
87.4024,88.0972,115.93,0.449,50.0149,22.7008
87.6525,87.9726,115.93,0.411,50.0476,22.7766
87.9024,88.0294,115.93,0.372,50.0191,22.8516
88.1525,99.9783,115.93,0.346,50.07,22.9189
88.4026,87.9661,115.93,0.323,50.0511,22.9918
88.6525,88.0146,115.93,0.317,50.0036,23.0653
88.9025,88.0223,115.93,0.322,50.0521,23.1364
89.1525,87.9927,115.93,0.323,49.9906,23.2036
89.4024,88.021,115.93,0.33,50.0217,23.2669
89.6527,91.9062,115.93,0.341,50.0327,23.3345
89.9027,104.005,115.93,0.36,49.9551,23.4064
90.1525,100.07,115.93,0.389,50.0186,23.4774
90.4025,92.0206,115.93,0.408,50.0091,23.5478
90.6525,95.9712,115.93,0.428,50.0179,23.6173
90.9025,92.028,115.93,0.435,50.0232,23.6815
91.1525,87.9696,115.93,0.447,50.0986,23.751
91.4024,88.0439,115.93,0.454,50.0305,23.8187
91.6525,103.962,115.93,0.467,50.0157,23.889
91.8536,74.5968,115.93,0.477,50.0046,23.9408
92.1024,96.4409,115.93,0.485,50.0127,24.0133
92.3525,99.9699,115.93,0.525,49.9971,24.0871
92.6024,88.0254,115.93,0.54,50.0408,24.1584
92.8526,87.9425,115.93,0.54,50.0134,24.2303
93.1025,92.0476,115.93,0.544,50.0547,24.3042
93.3525,95.998,115.93,0.553,50.0028,24.3735
93.6027,87.9145,115.93,0.557,50.0296,24.4388
93.8542,91.465,115.93,0.559,49.9976,24.5093
94.1024,92.6519,115.93,0.557,50.0579,24.5848
94.3541,99.3238,115.93,0.556,50.003,24.658
94.6025,88.5964,115.93,0.556,50.0217,24.7281
94.8525,83.9747,115.93,0.555,50.0344,24.8057
95.1024,88.0312,115.93,0.556,50.1145,24.8828
95.3525,91.9645,115.93,0.556,49.997,24.9547
95.6025,96.03,115.93,0.556,50.0273,25.0259
95.8525,87.9842,115.93,0.557,50.0291,25.0785
96.1025,88.0162,115.93,0.558,50.0424,25.1001
96.3525,91.9765,115.93,0.563,49.9718,25.101
96.6024,88.0264,115.93,0.565,50.0661,25.102
96.8549,91.1012,115.93,0.563,50.025,25.103
97.1025,92.9024,115.93,0.559,50.0374,25.1041
97.4526,91.3979,115.93,0.558,50.0105,25.1058
97.6539,94.3892,115.93,0.558,50.038,25.1072
97.9025,92.5235,115.93,0.557,50.0185,25.1078
98.1525,80.0033,115.93,0.555,49.9922,25.1089
98.4025,95.976,115.93,0.56,50.0102,25.1096
98.6525,88.0128,115.93,0.561,50.0494,25.1104
98.9024,92.0184,115.93,0.556,50.0517,25.1422
99.1525,99.986,115.93,0.538,49.9816,25.1987
99.4024,92.0192,115.93,0.527,50.0193,25.258
99.6525,83.9674,115.93,0.52,50.0676,25.3262
99.9025,92.0151,115.93,0.523,50.0332,25.3991
100.152,87.9955,115.93,0.526,50.0088,25.4711
100.403,91.9979,115.93,0.528,50.0194,25.5465
100.653,87.9998,115.93,0.53,50.0218,25.6237
100.902,96.0187,115.93,0.535,50.0007,25.6938
101.153,99.8467,115.93,0.539,49.9788,25.7666
101.402,88.135,115.93,0.54,50.015,25.834
101.653,87.9803,115.93,0.534,50.0227,25.9056
101.902,96.0051,115.93,0.523,50.1487,25.9756
102.152,92.0012,115.93,0.513,50.0329,26.0427
102.354,94.4795,115.93,0.499,50.0504,26.0973
102.602,88.4097,115.93,0.498,50.0508,26.1623
102.853,91.9433,115.93,0.494,50.0173,26.235
103.102,96.0454,115.93,0.497,50.0605,26.3102
103.353,95.9884,115.93,0.498,50.0124,26.3812
103.603,111.647,115.93,0.511,50.0106,26.4471
103.852,88.289,115.93,0.542,50.0663,26.5117
104.054,99.2784,115.93,0.541,50.0025,26.5581
104.303,92.5068,115.93,0.492,50.0503,26.6204
104.552,92.0306,115.93,0.425,49.9819,26.6767
104.802,100.016,115.93,0.386,50.0055,26.7375
105.053,91.9682,115.93,0.339,50.0264,26.7996
105.302,100.027,115.93,0.316,50.0079,26.8706
105.554,91.4726,115.93,0.269,50.0921,26.9431
105.802,104.608,115.93,0.246,50.0392,27.0111
106.053,87.9105,115.93,0.235,50.0182,27.0861
106.303,87.9564,115.93,0.232,49.9802,27.1593
106.553,96.1022,115.93,0.248,50.196,27.2248
106.802,88.0231,115.93,0.261,50.0275,27.2929
107.055,95.0707,115.93,0.292,50.1016,27.3558
107.302,88.8851,115.93,0.322,50.0564,27.423
107.553,91.9104,115.93,0.361,50.0095,27.4899
107.802,88.081,115.93,0.411,50.0229,27.557
108.053,99.783,115.93,0.467,50.1009,27.6341
108.303,92.1789,115.93,0.48,50.013,27.7107
108.552,88.006,115.93,0.476,50.0274,27.7824
108.802,88.011,115.93,0.473,50.168,27.856
109.052,83.9904,115.93,0.452,50.0851,27.9273
109.254,94.3426,115.93,0.436,50.139,27.9854
109.502,92.5443,115.93,0.43,50.0302,28.0537
109.752,87.977,115.93,0.413,50.0421,28.1181
110.002,100.018,115.93,0.41,50.0777,28.1911
110.253,79.9719,115.93,0.383,50.0838,28.2596
110.454,84.4238,115.93,0.37,50.0353,28.3223
110.702,92.5345,115.93,0.369,50.0555,28.3955
110.953,95.9642,115.93,0.347,50.0345,28.4604
111.202,88.0235,115.93,0.346,50.0165,28.531
111.452,87.9985,115.93,0.337,50.0416,28.5987
111.702,92.0154,115.93,0.335,50.0644,28.6727
111.953,91.9261,115.93,0.334,50.0936,28.7459
112.202,92.0707,115.93,0.333,50.0487,28.8171
112.453,83.756,115.93,0.334,50.0576,28.8888
112.702,92.2545,115.93,0.328,50.1132,28.9611
112.952,88.0016,115.93,0.324,50.0096,29.0291
113.153,94.5347,115.93,0.322,50.0662,29.0884
113.402,92.3727,115.93,0.336,50.0965,29.1599
113.652,91.9881,115.93,0.338,50.0777,29.2312
113.902,88.0143,115.93,0.333,50.1149,29.307
114.153,83.9676,115.93,0.329,50.0296,29.3768
114.402,92.0232,115.93,0.327,50.1592,29.4507
114.653,83.9805,115.93,0.307,50.0781,29.5208
114.902,96.0376,115.93,0.297,50.0693,29.5974
115.155,87.1472,115.93,0.285,50.0366,29.6724
115.402,105.028,115.93,0.29,50.0357,29.744
115.653,91.7182,115.93,0.298,50.0395,29.817
115.903,92.2592,115.93,0.301,50.0675,29.8896
116.152,92.012,115.93,0.301,50.0318,29.9527
116.403,87.9918,115.93,0.303,50.0229,30.016
116.652,92.0004,115.93,0.308,50.0331,30.0733
116.902,104.012,115.93,0.317,50.0461,30.1331
117.153,99.9812,115.93,0.35,50.0124,30.1927
117.403,96.0034,115.93,0.368,49.9705,30.2463
117.652,96.0076,115.93,0.418,50.0643,30.3043
117.902,92.0159,115.93,0.46,50.2017,30.3627
118.153,95.9493,115.93,0.475,50.0428,30.4178
118.403,92.02,115.93,0.462,50.0881,30.4748
118.654,103.566,115.93,0.438,50.0454,30.535
118.902,96.4176,115.93,0.423,49.9813,30.6033
119.153,95.8177,115.93,0.412,50.0161,30.6737
119.403,96.1594,115.93,0.412,49.9952,30.7447
119.653,92.0055,115.93,0.423,50.1537,30.8219
119.902,96.0725,115.93,0.427,50.0738,30.892
120.152,91.954,115.93,0.436,50.0597,30.9668
120.402,95.9963,115.93,0.441,50.0459,31.0412
120.653,87.9815,115.93,0.445,50.0271,31.1116
120.902,100.035,115.93,0.446,50.0453,31.1881
121.153,83.9713,115.93,0.447,50.044,31.2626
121.402,88.0299,115.93,0.447,50.0535,31.3337
121.652,87.9921,115.93,0.447,50.0755,31.4113
121.902,87.9901,115.93,0.447,50.0888,31.4886
122.152,88.0084,115.93,0.447,49.9917,31.5607
122.403,91.895,115.93,0.448,50.0024,31.6343
122.652,80.0819,115.93,0.449,50.0761,31.705
122.902,88.026,115.93,0.449,50.0855,31.7824
123.153,99.8432,115.93,0.452,49.9895,31.8569
123.402,88.1199,115.93,0.456,50.0063,31.9282
123.653,79.7089,115.93,0.459,50.0409,32.0052
123.902,88.3176,115.93,0.46,50.0247,32.0817
124.152,88.0105,115.93,0.46,50.1353,32.1533
124.402,88.0058,115.93,0.46,50.0167,32.2262
124.652,83.9842,115.93,0.461,50.0187,32.2956
124.902,88.0149,115.93,0.461,50.0438,32.3728
125.153,95.9444,115.93,0.461,50.0265,32.4448
125.403,91.9877,115.93,0.461,50.0113,32.5115
125.652,84.0484,115.93,0.448,50.0427,32.582
125.903,91.9876,115.93,0.436,50.1194,32.6521
126.152,88.0118,115.93,0.436,50.0513,32.7287
126.402,96.0108,115.93,0.445,50.003,32.798
126.652,87.9881,115.93,0.469,50.0633,32.8675
126.902,100.071,115.93,0.505,49.9923,32.9419
127.153,91.8933,115.93,0.531,50.0173,33.009
127.402,100.058,115.93,0.484,49.9909,33.0765
127.654,91.4558,115.93,0.45,50.0641,33.1531
127.903,88.4717,115.93,0.425,50.0362,33.2294
128.152,92.0504,115.93,0.416,50.0362,33.301
128.403,91.9745,115.93,0.411,50.0324,33.3774
128.653,87.9952,115.93,0.416,50.0591,33.4489
128.903,100.023,115.93,0.423,50.0375,33.5246
129.152,96.0121,115.93,0.428,50.0306,33.5941
129.402,88.0018,115.93,0.436,50.0271,33.6635
129.653,87.9645,115.93,0.419,50.0242,33.741
129.903,92.0096,115.93,0.387,50.1211,33.8104
130.152,88.0179,115.93,0.38,50.0108,33.8861
130.402,96.0078,115.93,0.371,50.0296,33.9546
130.653,87.9646,115.93,0.371,50.0617,34.0236
130.902,88.0329,115.93,0.37,50.0058,34.0961
131.153,91.9811,115.93,0.37,49.9775,34.1698
131.402,84.0164,115.93,0.364,50.0123,34.2413
131.603,89.7219,115.93,0.357,50.0098,34.3038
131.852,84.2055,115.93,0.353,50.0136,34.3752
132.103,95.996,115.93,0.34,49.9856,34.4526
132.303,89.6234,115.93,0.337,50.0532,34.5158
132.552,88.3091,115.93,0.333,50.0303,34.5871
132.803,87.9748,115.93,0.33,50.0372,34.6618
133.052,96.0232,115.93,0.325,50.0028,34.7322
133.303,95.9796,115.93,0.338,50.0165,34.8056
133.553,91.911,115.93,0.354,50.0145,34.8787
133.803,95.9732,115.93,0.386,50.0232,34.9413
134.053,92.1218,115.93,0.416,50.0634,35.0039
134.303,103.918,115.93,0.47,49.9753,35.0611
134.552,104.092,115.93,0.492,49.9874,35.1217
134.753,109.461,115.93,0.514,49.9758,35.168
135.003,104.358,115.93,0.54,49.9901,35.2227
135.253,99.8217,115.93,0.554,50.086,35.2844
135.502,100.227,115.93,0.581,50.0326,35.3391
135.753,99.9737,115.93,0.588,50.0013,35.3979
136.003,99.9855,115.93,0.553,50.0106,35.4568
136.252,96.0495,115.93,0.538,50.023,35.5137
136.502,104.041,115.93,0.53,50.0272,35.5739
136.753,95.9482,115.93,0.53,50.1005,35.639
137.003,103.992,115.93,0.529,49.9978,35.702
137.253,91.9423,115.93,0.534,50.0499,35.7753
137.503,96.0476,115.93,0.543,49.9852,35.8454
137.752,88.0333,115.93,0.549,50.0516,35.9233
138.002,96.0126,115.93,0.554,50.0636,35.9941
138.252,87.9803,115.93,0.558,50.0412,36.0649
138.502,91.9979,115.93,0.565,50.0358,36.1369
138.753,103.991,115.93,0.577,50.0361,36.2061
139.003,95.9895,115.93,0.578,49.9895,36.2756
139.204,84.5933,115.93,0.578,49.9436,36.3278
139.453,96.3759,115.93,0.584,50.1049,36.3864
139.703,99.7733,115.93,0.598,49.9813,36.4348
139.952,92.2253,115.93,0.604,49.9958,36.4465
140.202,95.9965,115.93,0.605,49.9961,36.448
140.453,91.9935,115.93,0.603,50.0858,36.4501
140.703,95.9664,115.93,0.593,50.0586,36.4516
140.953,88.0279,115.93,0.593,50.0334,36.4525
141.203,95.9948,115.93,0.593,50.0023,36.4531
141.452,104.023,115.93,0.593,50.0278,36.4539
141.703,83.8973,115.93,0.598,50.0309,36.4552
141.953,96.1055,115.93,0.601,50.0349,36.4566
142.202,84.0075,115.93,0.603,50.0924,36.4581
142.453,91.9519,115.93,0.608,50.0161,36.4912
142.703,92.0277,115.93,0.616,50.0134,36.5449
142.953,87.9969,115.93,0.59,50.0062,36.6078
143.203,83.9723,115.93,0.557,50.0039,36.6741
143.452,100.061,115.93,0.548,50.0114,36.7442
143.703,99.8055,115.93,0.548,50.0169,36.8179
143.953,92.1662,115.93,0.552,50.0437,36.8873
144.202,96.057,115.93,0.563,49.9695,36.9532
144.453,91.8388,115.93,0.565,50.0763,37.023
144.703,92.07,115.93,0.567,50.1395,37.0961
144.953,88.0408,115.93,0.57,50.134,37.1747
145.203,87.8365,115.93,0.573,50.0159,37.2459
145.453,88.1331,115.93,0.572,50.0177,37.3192
145.703,92.012,115.93,0.568,50.0256,37.3958
145.953,111.981,115.93,0.57,50.0011,37.468
146.203,100.039,115.93,0.577,49.9904,37.5243
146.453,95.8331,115.93,0.586,50.0519,37.5797
146.703,99.952,115.93,0.597,49.9831,37.6328
146.952,100.231,115.941,0.594,50.0472,37.688
147.202,108.023,115.941,0.586,50.036,37.742
147.452,91.9867,115.941,0.573,50.0361,37.7986
147.703,119.889,115.941,0.499,50.0226,37.8593
147.952,104.092,115.941,0.461,50.0713,37.9192
148.154,104.466,115.941,0.418,49.9598,37.9663
148.403,100.348,115.941,0.359,49.9163,38.0288
148.652,92.0578,115.941,0.331,50.0512,38.0894
148.903,99.9714,115.941,0.292,50.0154,38.1658
149.153,88.014,115.941,0.283,50.0522,38.2356
149.402,96.0182,115.941,0.284,50.0186,38.3101
149.654,99.4233,115.941,0.296,50.0009,38.388
149.902,104.592,115.941,0.322,49.993,38.4576
150.103,94.7606,115.941,0.358,49.9814,38.5186
150.352,88.1778,115.941,0.366,50.0189,38.5888
150.602,92.0119,115.941,0.368,50.0494,38.6628
150.853,87.9087,115.941,0.37,50.0263,38.7378
151.102,88.1018,115.941,0.378,50.0162,38.8063
151.353,83.9767,115.941,0.381,49.9638,38.8823
151.602,100.034,115.941,0.39,50.0275,38.9578
151.853,95.931,115.941,0.394,50.0019,39.0293
152.054,79.4799,115.941,0.401,50.0363,39.0924
152.302,100.576,115.941,0.422,50.074,39.1631
152.503,74.7486,115.941,0.432,49.9998,39.2234
152.753,100.252,115.941,0.432,50.0341,39.2982
153.003,87.9269,115.941,0.433,49.9248,39.3692
153.253,91.8008,115.941,0.433,50.0159,39.4458
153.502,88.2932,115.941,0.433,50.0118,39.5107
153.753,91.9787,115.941,0.435,50.0489,39.5848
154.002,96.0061,115.941,0.442,50.0348,39.6581
154.253,83.993,115.941,0.448,50.0171,39.7286
154.503,99.9822,115.941,0.461,50.0316,39.8051
154.752,92.0206,115.941,0.467,50.0119,39.8747
155.003,103.961,115.941,0.479,49.9875,39.9461
155.252,92.0463,115.941,0.484,49.9924,40.0187
155.502,96.009,115.941,0.489,49.998,40.0896
155.753,87.9706,115.941,0.489,50.0702,40.1659
156.002,96.0416,115.941,0.476,50.0473,40.2346
156.252,83.9726,115.941,0.461,50.0296,40.3006
156.505,110.934,115.941,0.457,48.4184,40.3748
156.752,92.9056,115.941,0.461,47.8787,40.4456
157.002,95.9846,115.941,0.448,47.8727,40.5138
157.203,94.6271,115.941,0.447,47.8983,40.5724
157.452,88.2956,115.941,0.445,49.0793,40.6414
157.703,99.7073,115.941,0.439,49.9687,40.7127
157.952,116.334,115.941,0.437,50.0185,40.7839
158.202,83.9926,115.941,0.44,50.0011,40.8554
158.453,75.9587,115.941,0.443,50.1165,40.9336
158.703,92.0246,115.941,0.445,50.0079,41.003
158.952,80.0347,115.941,0.449,50.0291,41.0763
159.203,91.9329,115.941,0.456,50.0095,41.1483
159.452,84.064,115.941,0.458,49.9709,41.2191
159.703,87.8,115.941,0.46,50.0076,41.2955
159.952,88.1912,115.941,0.463,50.043,41.3696
160.203,91.9713,115.941,0.468,50.0041,41.4407
160.453,87.9588,115.941,0.471,50.0243,41.5156
160.703,84.055,115.941,0.473,50.0379,41.586
160.953,87.997,115.941,0.474,50.0088,41.6622
161.203,91.8143,115.941,0.472,49.9815,41.7379
161.452,80.1833,115.941,0.472,50.001,41.8081
161.703,91.9584,115.941,0.473,50.0074,41.8819
161.952,92.0484,115.941,0.474,49.9731,41.9535
162.202,87.9739,115.941,0.473,50.0059,42.0247
162.452,92.0194,115.941,0.474,50.0106,42.097
162.702,95.9813,115.941,0.47,50.0326,42.1667
162.952,104.017,115.941,0.472,49.9767,42.2384
163.202,91.9877,115.941,0.477,50.0096,42.3093
163.452,92.002,115.941,0.487,49.9669,42.3698
163.703,91.9299,115.941,0.49,50.0009,42.4102
163.952,88.0743,115.941,0.495,50.0278,42.4131
164.203,91.9487,115.941,0.485,49.9977,42.414
164.453,92.0348,115.941,0.483,50.0094,42.4156
164.703,96.0026,115.941,0.482,50.0062,42.4163
164.903,99.7303,115.941,0.48,50.0182,42.4171
165.152,96.2294,115.941,0.478,49.9537,42.4181
165.402,91.9825,115.941,0.479,50.0093,42.4202
165.603,94.7127,115.941,0.484,49.9751,42.4212
165.852,100.26,115.941,0.481,50.0419,42.4219
166.103,91.9464,115.941,0.483,50.004,42.4228
166.352,92.0585,115.945,0.484,50.0261,42.4239
166.603,99.9755,115.945,0.484,50.0523,42.4252
166.852,108.006,115.945,0.487,49.9612,42.4483
167.102,95.9963,115.945,0.499,50.0101,42.5026
167.352,92.0035,115.945,0.476,50.0185,42.563
167.603,91.953,115.945,0.45,50.0093,42.6237
167.853,95.9928,115.945,0.454,49.9983,42.687
168.103,95.8994,115.945,0.452,49.9976,42.7587
168.352,88.1547,115.945,0.45,50.0239,42.8274
168.602,91.9859,115.945,0.449,50.0181,42.8983
168.852,88.0187,115.945,0.45,50.0782,42.9738
169.102,95.9832,115.945,0.457,49.9853,43.0467
169.353,91.8685,115.945,0.459,50.016,43.1239
169.604,91.7505,115.945,0.46,49.994,43.1967
169.852,84.3629,115.945,0.46,49.9847,43.2666
170.102,91.9841,115.945,0.46,49.991,43.3441
170.352,84.0121,115.945,0.46,50.117,43.4153
170.602,87.9849,115.945,0.46,50.0136,43.487
170.853,83.999,115.945,0.459,50.057,43.5626
171.102,96.0065,115.945,0.453,50.0287,43.6325
171.354,95.4876,115.945,0.452,50.0702,43.7077
171.603,88.2084,115.945,0.453,49.9947,43.7825
171.852,80.245,115.945,0.457,50.0282,43.854
172.103,91.7859,115.945,0.459,50.0097,43.9315
172.352,84.1987,115.945,0.46,50.0636,44.0039
172.602,91.9948,115.945,0.46,50.0097,44.0773
172.852,80.006,115.945,0.461,50.044,44.151
173.102,91.991,115.945,0.461,50.0039,44.2221
173.303,89.6404,115.945,0.461,50.0038,44.2865
173.552,88.2909,115.945,0.461,50.0296,44.3538
173.802,83.9918,115.945,0.448,50.0308,44.4245
174.052,92.0105,115.945,0.437,50.12,44.4999
174.303,99.9726,115.945,0.436,50.0497,44.5612
174.553,91.9329,115.945,0.436,49.9414,44.6267
174.803,96.0783,115.945,0.438,49.9538,44.6849
175.052,88.0021,115.945,0.439,50.1016,44.7407
175.302,92.0006,115.945,0.433,50.0993,44.7996
175.552,92.0218,115.945,0.425,50.0272,44.8536
175.803,91.9689,115.945,0.42,49.9541,44.9103
176.053,99.9309,115.945,0.412,50.0379,44.9694
176.302,92.0767,115.945,0.384,50.009,45.0257
176.553,99.848,115.945,0.351,50.0309,45.0912
176.803,96.1372,115.945,0.314,50.033,45.1598
177.052,92.0328,115.945,0.3,50.0224,45.2272
177.303,95.9576,115.945,0.306,50.0069,45.2994
177.552,88.0406,115.945,0.311,50.1114,45.3703
177.803,91.9533,115.945,0.319,50.093,45.4441
178.052,88.0314,115.945,0.334,50.079,45.5173
178.302,95.9883,115.945,0.354,49.9852,45.5821
178.552,88.0049,115.945,0.37,50.0319,45.6436
178.803,91.8913,115.945,0.399,50.006,45.7102
179.052,96.1292,115.945,0.439,50.0179,45.772
179.303,99.9646,115.945,0.478,50.0273,45.8416
179.552,96.0382,115.945,0.529,50.0105,45.9063
179.803,91.9662,115.945,0.565,49.9883,45.977
180.052,92.05,115.945,0.633,50.0835,46.0517
180.302,91.9584,115.945,0.678,49.9962,46.1143
180.503,99.7502,115.945,0.721,50.0903,46.1664
180.752,88.1989,115.945,0.773,50.0237,46.2238
181.003,87.9737,115.945,0.805,50.054,46.2792
181.252,88.0262,115.945,0.839,50.0457,46.3366
181.502,100.041,115.945,0.854,49.9612,46.3909
181.752,91.9471,115.945,0.876,50.006,46.451
182.002,91.9953,115.945,0.889,49.9671,46.5149
182.252,104.016,115.945,0.875,50.0104,46.5825
182.502,95.9791,115.945,0.859,50.1035,46.6584
182.752,88.0093,115.945,0.829,50.0155,46.7232
183.003,91.9809,115.945,0.811,50.0035,46.7911
183.253,87.9979,115.945,0.779,50.1843,46.8612
183.502,88.0147,115.945,0.76,50.0768,46.9264
183.752,87.9969,115.945,0.735,50.0379,46.999
184.003,95.8975,115.945,0.721,50.104,47.0716
184.252,88.103,115.945,0.711,50.0119,47.1392
184.502,87.9963,115.945,0.707,49.9843,47.2049
184.752,96.0213,115.945,0.718,50.0079,47.2617
185.002,95.9769,115.945,0.732,50.0787,47.3212
185.252,92.0079,115.945,0.77,50.0256,47.3823
185.502,87.9917,115.945,0.733,49.9959,47.442
185.752,88.0066,115.945,0.662,50.0886,47.5108
186.004,99.5609,115.945,0.618,49.9655,47.5825
186.252,88.3888,115.945,0.552,50.0467,47.6539
186.503,95.815,115.945,0.512,50.008,47.7295
186.752,100.196,115.945,0.461,49.9638,47.7893
187.003,87.9884,115.945,0.424,50.0063,47.8487
187.253,91.9594,115.945,0.383,50.0171,47.8877
187.503,88.0256,115.945,0.383,49.9959,47.8907
187.752,84.0565,115.945,0.383,50.0151,47.8915
188.003,91.9506,115.945,0.383,50.0054,47.8933
188.252,88.0146,115.945,0.369,49.9928,47.8946
188.502,87.9895,115.945,0.369,50.0459,47.8959
188.752,88.009,115.945,0.367,49.9882,47.8973
189.002,87.9897,115.945,0.362,50.0517,47.8984
189.252,92.0085,115.945,0.357,50.0492,47.8994
189.503,95.9796,115.945,0.348,49.9795,47.9003
189.752,84.0094,115.945,0.345,49.9769,47.9013
190.003,91.96,115.945,0.346,50.0112,47.9029
190.252,84.0394,115.945,0.346,50.0478,47.9061
190.503,87.8805,115.945,0.368,50.0542,47.9474
190.752,88.1275,115.945,0.433,50.0029,48.0037
191.002,91.9901,115.945,0.485,50.0399,48.0656
191.253,95.9822,115.945,0.541,50.0297,48.1288
191.503,96.0022,115.945,0.567,49.956,48.1885
191.753,99.9863,115.945,0.628,49.9972,48.2588
192.003,91.8919,115.945,0.67,49.9666,48.3303
192.252,96.1506,115.945,0.724,50.1303,48.3961
192.502,87.9928,115.945,0.749,50.0885,48.458
192.752,84.0062,115.945,0.789,50.02,48.5147
193.002,95.9981,115.945,0.773,50.08,48.5751
193.253,83.9929,115.945,0.751,50.0636,48.6364
193.502,92.0049,115.945,0.745,49.9731,48.6999
193.752,95.9982,115.945,0.758,50.0013,48.7757
194.003,91.9941,115.945,0.77,49.987,48.8496
194.252,92.0162,115.945,0.803,50.002,48.9183
194.503,87.7007,115.945,0.825,50.0027,48.9923
194.752,88.2985,115.945,0.85,50.097,49.0609
195.003,91.8855,115.945,0.855,49.9858,49.1319
195.252,92.1085,115.945,0.852,50.0295,49.2067
195.502,84.0006,115.945,0.826,50.0329,49.2776
195.752,92.0485,115.945,0.797,50.0544,49.3547
196.003,95.9117,115.945,0.782,50.041,49.4223
196.252,84.0417,115.945,0.768,50.0059,49.488
196.503,91.9858,115.945,0.756,49.9699,49.5545
196.752,88.0109,115.945,0.734,50.0464,49.6122
197.003,95.9333,115.945,0.721,50.05,49.6716
197.252,84.0744,115.945,0.682,50.0357,49.7352
197.502,91.9761,115.945,0.631,50.0241,49.7952
197.752,88.0135,115.945,0.565,50.0215,49.865
198.003,107.922,115.945,0.531,49.9871,49.933
198.252,92.0522,115.945,0.488,49.962,50.0067
198.503,95.9822,115.945,0.451,49.9993,50.0789
198.752,92.02,115.945,0.418,50.017,50.1436
199.003,83.9851,115.945,0.404,50.0533,50.2049
199.252,88.0121,115.945,0.371,50.0614,50.2645
199.503,95.9792,115.945,0.364,49.9665,50.3218
199.753,88.0001,115.945,0.341,50.0398,50.3864
200.002,92.0195,115.945,0.322,50.0131,50.4446
200.252,92.0056,115.945,0.3,50.0056,50.517
200.502,91.9992,115.945,0.292,50.0777,50.5928
200.752,92.0037,115.945,0.303,50.034,50.6604
201.003,103.915,115.945,0.319,50.0045,50.7275
201.253,88.0576,115.945,0.362,50.0519,50.7929
201.502,88.0091,115.945,0.4,49.9915,50.8487
201.753,91.9924,115.945,0.464,50.0073,50.9081
202.002,100.004,115.945,0.502,49.9797,50.9605
202.253,91.9845,115.945,0.52,50.0127,51.0167
202.504,99.4686,115.945,0.501,49.9685,51.0729
202.752,88.5018,115.945,0.475,50.0301,51.1268
203.003,95.9036,115.945,0.447,50.0066,51.1866
203.253,104.057,115.945,0.433,50.0144,51.2487
203.502,96.0296,115.945,0.433,50.0568,51.3075
203.753,87.9912,115.945,0.432,50.0075,51.3793
204.003,92.0012,115.945,0.433,49.996,51.4502
204.252,92.0119,115.945,0.437,50.0149,51.5202
204.503,91.9191,115.945,0.441,50.0071,51.5956
204.752,80.0817,115.945,0.445,50.0437,51.6648
205.003,91.9684,115.945,0.443,50.0228,51.739
205.252,92.0184,115.945,0.424,50.0442,51.8105
205.503,91.9828,115.945,0.413,50.0093,51.8863
205.753,84.0083,115.945,0.399,49.9976,51.9637
206.002,92.0022,115.945,0.397,49.9784,52.0348
206.252,84.0035,115.945,0.392,50.0925,52.1091
206.503,87.8618,115.945,0.387,50.0503,52.1871
206.752,84.1567,115.945,0.371,50.0426,52.2559
207.003,91.91,115.945,0.37,50.0211,52.3299
207.253,92.0418,115.945,0.364,50.045,52.4065
207.503,92.0147,115.945,0.354,49.9686,52.4778
207.752,92.0211,115.945,0.35,49.9957,52.5538
208.002,83.9865,115.945,0.337,49.9922,52.6247
208.252,88.0182,115.945,0.317,50.0725,52.698
208.503,83.9254,115.945,0.318,50.002,52.7721
208.752,92.0825,115.945,0.333,50.0018,52.8447
209.003,91.9719,115.945,0.352,49.9778,52.9183
209.204,94.3544,115.945,0.376,49.9548,52.9742
209.452,92.5176,115.945,0.412,49.9889,53.0386
209.703,99.7558,115.945,0.445,50.0164,53.1025
209.952,92.2272,115.945,0.479,50.0245,53.1548
210.203,103.668,115.945,0.501,50.0854,53.2079
210.452,100.317,115.945,0.536,49.9605,53.2698
210.702,99.996,115.945,0.549,49.9887,53.3266
210.952,100.008,115.945,0.559,50.0786,53.3878
211.203,95.9755,115.945,0.511,49.9837,53.4476
211.452,100.035,115.961,0.524,50.0193,53.5077
211.703,99.9689,115.961,0.509,50.0013,53.5694
211.952,104.028,115.961,0.518,49.9482,53.6316
212.203,99.6909,115.961,0.531,49.9996,53.6932
212.453,112.253,115.961,0.561,50.0615,53.7656
212.702,100.073,115.961,0.572,49.9592,53.8345
212.952,96.061,115.961,0.568,49.9694,53.9092
213.203,99.9348,115.961,0.583,50.0254,53.9768
213.404,94.489,115.961,0.603,50.0115,54.0352
213.652,92.4484,115.961,0.643,50.0041,54.1113
213.902,99.9519,115.961,0.67,50.0384,54.1795
214.152,96.022,115.961,0.715,49.9925,54.2452
214.403,99.9347,115.961,0.738,49.9536,54.3026
214.604,99.3708,115.961,0.758,49.9784,54.3521
214.852,100.577,115.961,0.795,50.0323,54.412
215.103,107.968,115.961,0.823,49.9928,54.4688
215.352,116.024,115.965,0.836,49.996,54.5308
215.603,99.9292,115.965,0.848,50.0468,54.5908
215.804,99.5568,115.965,0.845,49.9667,54.6418
216.052,108.45,115.965,0.801,50.0292,54.7091
216.303,99.9922,115.965,0.786,49.9963,54.7725
216.553,103.914,115.965,0.761,49.9706,54.8407
216.803,100.083,115.965,0.75,50.0196,54.9034
217.052,100.011,115.965,0.731,50.0206,54.9736
217.302,99.9905,115.965,0.73,49.9747,55.0486
217.552,108.014,115.965,0.729,50.0359,55.1201
217.803,115.979,115.965,0.728,50.0194,55.1919
218.053,91.9079,115.965,0.728,50.0246,55.2615
218.302,96.1063,115.965,0.732,49.9785,55.3281
218.553,99.9847,115.965,0.746,50.0052,55.4038
218.802,104.016,115.965,0.765,50.0161,55.4724
219.053,91.9924,115.965,0.797,49.9925,55.5449
219.302,104.007,115.965,0.755,50.0026,55.6204
219.552,100.004,115.965,0.692,50.0009,55.6836
219.802,99.9948,115.965,0.662,49.9679,55.7483
220.003,109.611,115.965,0.628,49.9773,55.7988
220.252,104.295,115.965,0.603,50.0187,55.8695
220.503,115.964,115.965,0.596,49.9939,55.9333
220.753,128.035,115.965,0.6,47.7364,55.9945
221.003,99.9766,115.965,0.61,47.7453,56.0733
221.252,100.03,115.965,0.64,47.6829,56.1235
221.502,100.017,115.965,0.675,47.7082,56.1902
221.752,107.977,115.965,0.726,50.0287,56.2564
222.003,99.9605,115.965,0.764,49.9838,56.3151
222.253,112.027,115.965,0.828,50.0427,56.3764
222.502,112.024,115.965,0.868,50.0317,56.4427
222.753,103.992,115.965,0.948,49.9036,56.508
223.002,100.014,115.965,0.973,50.0316,56.5824
223.253,111.948,115.965,0.991,50.0332,56.6544
223.502,96.041,115.965,1.01,50.0757,56.7213
223.753,103.959,115.965,1.042,49.9708,56.7941
224.003,107.854,115.965,1.06,50.0515,56.8614
224.253,107.811,115.965,1.098,50.0201,56.9324
224.505,111.451,115.965,1.11,50.0704,57.004
224.753,104.865,115.965,1.137,50.009,57.0745
225.002,100.011,115.965,1.151,50.0148,57.1453
225.253,95.994,115.965,1.173,50.0065,57.2121
225.503,99.9947,115.965,1.19,50.1338,57.2879
225.753,99.9508,115.965,1.204,50.022,57.3587
226.002,100.078,115.965,1.232,50.0707,57.4315
226.253,107.956,115.965,1.249,50.0701,57.504
226.502,112.031,115.965,1.267,49.9747,57.5778
226.753,99.9906,115.965,1.301,49.9105,57.6495
226.954,114.195,115.965,1.321,50.0001,57.7067
227.203,92.5142,115.965,1.35,49.9884,57.7786
227.453,103.851,115.965,1.367,50.0392,57.8521
227.702,100.163,115.965,1.393,50.0282,57.923
227.953,111.954,115.965,1.406,50.0769,57.9875
228.203,107.942,115.965,1.395,50.0085,58.0504
228.452,112.097,115.965,1.387,50.0202,58.1068
228.702,108.024,115.965,1.387,50.0065,58.1681
228.903,99.6541,115.965,1.39,49.9813,58.1951
229.153,108.265,115.965,1.391,49.9951,58.198
229.403,95.9848,115.965,1.396,50.0173,58.1991
229.653,104.005,115.965,1.403,50.0077,58.2005
230.002,97.1768,115.965,1.409,50.021,58.2022
230.252,115.969,115.965,1.409,49.9876,58.2027
230.503,103.742,115.965,1.414,50.0104,58.204
230.752,112.298,115.965,1.414,50.0011,58.2052
230.953,104.62,115.965,1.408,49.9254,58.2086
231.203,104.264,115.965,1.408,49.9025,58.2122
231.453,107.983,115.965,1.396,49.9695,58.2151
231.703,95.8087,115.965,1.395,49.9912,58.2191
231.953,108.217,115.965,1.395,49.9903,58.2231
232.203,103.864,115.965,1.387,50.05,58.2511
232.453,104.112,115.965,1.374,49.9822,58.3053
232.702,104.085,115.965,1.365,50.0416,58.3695
232.953,115.881,115.965,1.366,50.0028,58.4357
233.202,104.101,115.965,1.371,49.9938,58.4981
233.403,104.634,115.965,1.378,49.9654,58.5512
233.653,104.166,115.965,1.388,50.0107,58.6198
233.902,96.1074,115.965,1.401,50.0241,58.6976
234.153,103.985,115.965,1.386,50.0099,58.7759
234.402,104.022,115.965,1.36,49.9682,58.8449
234.653,111.936,115.965,1.342,49.9906,58.9171
234.902,100.094,115.965,1.312,49.9873,58.9912
235.152,115.953,115.965,1.296,49.938,59.0639
235.353,104.711,115.965,1.278,50.0156,59.1228
235.602,104.224,115.965,1.244,50.0367,59.1933
235.853,103.849,115.965,1.206,50.0141,59.2674
236.102,100.168,115.965,1.14,50.0376,59.3447
236.353,103.946,115.965,1.116,50.0084,59.413
236.602,92.0433,115.965,1.063,50.0828,59.485
236.853,111.965,115.965,1.039,49.985,59.5544
237.102,116.012,115.965,1.009,50.0069,59.6325
237.353,111.918,115.965,0.989,50.0002,59.7076
237.603,100.046,115.965,0.974,49.9942,59.7737
237.853,127.98,115.965,0.973,47.6231,59.8388
238.102,112.047,115.965,0.976,47.6172,59.9048
238.353,99.9469,115.965,0.983,47.6852,59.9678
238.603,108.03,115.965,0.931,47.6101,60.0365
238.853,119.96,115.965,0.899,50.0283,60.1071
239.103,112.032,115.965,0.849,50.0167,60.1827
239.353,111.875,115.965,0.817,49.9841,60.2594
239.602,100.149,115.965,0.78,50.0247,60.3303
239.853,103.932,115.965,0.755,50.0528,60.4053
240.054,114.447,115.965,0.74,50.0812,60.462
240.302,108.498,115.965,0.722,50.0047,60.5363
240.553,99.6634,115.965,0.716,50.0671,60.6114
240.802,112.369,115.965,0.717,49.9808,60.6819
241.053,107.925,115.965,0.723,50.008,60.7526
241.302,112.094,115.965,0.741,49.9975,60.8224
241.553,99.9221,115.965,0.766,50.0367,60.8843
241.803,115.844,115.965,0.752,50.0617,60.9464
242.053,99.9735,115.965,0.725,50.0164,61.007
242.303,100.204,115.965,0.695,49.9711,61.0706
242.553,95.6715,115.965,0.691,50.0659,61.1343
242.803,100.298,115.965,0.696,49.9811,61.1951
243.053,96.0428,115.965,0.709,50.0454,61.2672
243.303,111.672,115.965,0.732,50.0434,61.3337
243.553,108.257,115.965,0.746,50.014,61.4107
243.754,99.158,115.965,0.764,50,61.4698
244.002,112.876,115.965,0.791,49.9902,61.5395
244.254,103.389,115.965,0.798,50.0108,61.6052
244.503,100.567,115.965,0.812,50.0096,61.6701
244.753,95.9172,115.965,0.822,50.1639,61.7286
245.002,100.097,115.965,0.821,50.0406,61.7873
245.254,99.5426,115.965,0.818,50.1423,61.8453
245.502,100.481,115.965,0.804,49.9817,61.9094
245.753,107.909,115.965,0.794,49.9738,61.9739
246.002,116.138,115.965,0.778,49.9912,62.031
246.253,103.771,115.965,0.758,50.081,62.0921
246.502,100.228,115.965,0.721,50.0098,62.1564
246.753,99.9005,115.965,0.694,50.0631,62.2154
247.003,127.96,115.965,0.67,47.7917,62.2784
247.252,108.086,115.965,0.657,47.8327,62.3407
247.503,111.774,115.965,0.62,47.7563,62.413
247.752,96.2119,115.965,0.595,47.7982,62.4939
248.002,99.97,115.965,0.567,50.0253,62.5502
248.252,96.0175,115.965,0.558,50.1205,62.6216
248.503,103.932,115.965,0.542,50.0875,62.6933
248.752,96.0635,115.965,0.543,49.9881,62.7634
249.003,111.969,115.965,0.541,49.9934,62.8364
249.253,111.999,115.965,0.54,49.9509,62.8976
249.503,103.997,115.965,0.543,49.9739,62.9619
249.752,104.014,115.965,0.543,50.0202,63.0256
250.002,96,115.965,0.556,49.9687,63.0785
250.252,100.028,115.965,0.551,50.051,63.1464
250.504,107.375,115.965,0.526,49.9916,63.1909
250.753,112.56,115.965,0.507,50.0011,63.251
251.003,100.003,115.965,0.486,50.0068,63.3111
251.252,96.074,115.965,0.453,49.9968,63.3688
251.503,91.9661,115.965,0.397,50.0702,63.4348
251.752,96.0421,115.965,0.362,50.0244,63.5137
252.003,99.9596,115.965,0.328,50.0642,63.5683
252.253,87.9945,115.965,0.305,50.0224,63.6372
252.503,99.7919,115.965,0.306,49.9996,63.7148
252.752,100.238,115.965,0.312,50.015,63.7855
253.003,91.7939,115.965,0.321,50.0384,63.8566
253.252,88.1872,115.965,0.327,50.015,63.9246
253.503,91.9785,115.965,0.34,49.9973,64.0005
253.752,88.0281,115.965,0.35,50.0299,64.0882
254.002,87.9943,115.965,0.36,50.0008,64.1496
254.252,88.0049,115.965,0.365,50.0227,64.2353
254.504,91.4679,115.965,0.369,49.9713,64.2884
254.752,84.5109,115.965,0.375,50.0094,64.3652
255.003,107.773,115.965,0.38,50.029,64.4399
255.252,92.1766,115.965,0.395,50.0391,64.5113
255.453,84.7952,115.965,0.411,50.0751,64.5732
255.703,91.8877,115.965,0.447,50.0048,64.643
255.952,76.2509,115.965,0.448,50.0117,64.7193
256.203,91.971,115.965,0.448,50.0225,64.7914
256.453,91.9801,115.965,0.448,50.0183,64.8626
256.703,88.009,115.965,0.448,50.0295,64.9341
256.953,87.9714,115.965,0.448,50.0352,65.0169
257.202,96.0499,115.965,0.451,49.9885,65.0704
257.403,94.7199,115.965,0.456,49.9722,65.1311
257.652,92.2214,115.965,0.465,50.0258,65.2
257.903,95.9732,115.965,0.48,50.0177,65.276
258.152,108.051,115.965,0.487,50.0222,65.3577
258.402,87.9764,115.965,0.493,50.0962,65.4136
258.652,96.0222,115.965,0.496,50.0198,65.5019
258.903,91.9266,115.965,0.493,50.0309,65.5567
259.152,88.0633,115.965,0.471,50.0233,65.6295
259.403,95.7922,115.965,0.461,49.9977,65.6991
259.652,84.1883,115.965,0.458,50.0272,65.7677
259.903,107.964,115.965,0.461,49.9928,65.8439
260.152,88.0277,115.965,0.448,50.0162,65.913
260.403,87.9454,115.965,0.448,50.0889,65.9813
260.653,80.0223,115.965,0.445,50.0258,66.0676
260.903,91.8924,115.965,0.439,50.0459,66.1274
261.152,88.1325,115.965,0.439,49.9916,66.1939
261.404,91.4372,115.965,0.443,50.0359,66.2674
261.652,80.4868,115.965,0.445,50.0093,66.3387
261.903,103.861,115.965,0.451,50.0001,66.4147
262.105,79.172,115.965,0.455,49.9897,66.472
262.352,96.9438,115.965,0.457,50.0218,66.5481
262.603,87.9086,115.965,0.46,49.9996,66.6228
262.852,84.0957,115.965,0.46,50.0183,66.6935
263.103,87.732,115.965,0.462,49.9868,66.77
263.352,92.2947,115.965,0.463,50.0139,66.8439
263.603,87.9663,115.965,0.468,50.0646,66.9143
263.852,84.0104,115.965,0.471,50.0515,66.9883
264.103,87.9449,115.965,0.474,50.0836,67.0653
264.352,88.0721,115.965,0.472,50.0177,67.1367
264.603,99.9485,115.965,0.473,50.064,67.2119
264.852,88.047,115.965,0.474,50.058,67.2831
265.103,91.8548,115.965,0.475,50.004,67.3602
265.352,88.1409,115.965,0.475,50.0828,67.4451
265.603,87.9701,115.965,0.471,49.9988,67.5033
265.852,96.0153,115.965,0.468,50.0149,67.5727
266.103,95.9506,115.965,0.472,50.022,67.6353
266.352,84.055,115.965,0.474,50.0176,67.7017
266.604,99.3157,115.965,0.476,49.9787,67.7659
266.852,96.6492,115.965,0.48,50.0593,67.825
267.103,107.77,115.965,0.484,50.0931,67.8873
267.352,100.209,115.965,0.492,49.9698,67.9495
267.603,91.9872,115.965,0.505,50.0072,68.0062
267.852,96.0096,115.965,0.51,50.0591,68.0649
268.103,99.988,115.965,0.499,50.1105,68.1232
268.352,88.0158,115.965,0.476,50.0262,68.1873
268.604,95.5009,115.965,0.462,49.9718,68.2568
268.852,96.5129,115.965,0.448,50.0332,68.3211
269.103,99.9546,115.965,0.441,50.0922,68.3913
269.303,94.6841,115.965,0.428,50.0231,68.4456
269.552,88.2771,115.965,0.432,50.0075,68.5206
269.753,89.5361,115.965,0.442,49.9829,68.5829
270.003,92.3548,115.965,0.468,50.0893,68.6542
270.253,83.9132,115.965,0.49,50.0163,68.7281
270.503,91.9782,115.965,0.493,50.0614,68.798
270.752,84.138,115.965,0.494,50.0775,68.8742
271.003,91.9767,115.965,0.494,49.9954,68.9493
271.252,84.0275,115.965,0.469,49.9826,69.0203
271.503,91.9709,115.965,0.462,50.0252,69.0973
271.752,104.006,115.965,0.451,49.9762,69.1749
272.003,87.9812,115.965,0.455,50.0373,69.2463
272.252,92.0368,115.965,0.459,50.0388,69.3355
272.503,83.7885,115.965,0.459,50.0164,69.3921
272.752,84.2174,115.965,0.46,50.037,69.4696
273.002,95.9895,115.965,0.461,49.9849,69.5444
273.252,88.0091,115.965,0.461,50.0104,69.6161
273.503,95.9237,115.965,0.461,50.0676,69.6934
273.752,92.0744,115.965,0.461,50.0082,69.7824
274.003,87.9397,115.965,0.461,50.0413,69.8412
274.252,88.0565,115.965,0.461,50.0252,69.9313
274.503,83.8055,115.965,0.461,50.0665,69.9858
274.752,84.1958,115.965,0.456,50.0243,70.0631
275.003,95.9667,115.965,0.46,49.9811,70.1381
275.252,92.0147,115.965,0.482,49.9851,70.2095
275.503,95.9323,115.965,0.484,50.0058,70.2874
275.752,80.0648,115.965,0.483,50.0255,70.3742
276.003,91.9683,115.965,0.482,50.0081,70.4331
276.252,84.0406,115.965,0.469,50.0261,70.5237
276.503,95.9199,115.965,0.427,50.0464,70.5807
276.753,80.0076,115.965,0.371,50.036,70.6557
277.005,91.1826,115.965,0.341,50.0841,70.7303
277.252,88.8455,115.965,0.316,50.0568,70.802
277.503,91.77,115.965,0.308,50.0266,70.8796
277.752,96.2685,115.965,0.318,49.9667,70.9542
278.002,87.9667,115.965,0.328,50.0093,71.0188
278.205,98.7482,115.965,0.338,49.9779,71.0722
278.452,88.9129,115.965,0.35,49.9685,71.1352
278.703,99.8727,115.965,0.359,49.9808,71.2087
278.952,92.1083,115.965,0.391,50.1198,71.2858
279.202,91.9961,115.965,0.417,50.0223,71.354
279.452,92.023,115.965,0.426,50.0191,71.4363
279.703,91.9662,115.965,0.438,50.1335,71.4881
279.952,100.018,115.965,0.451,50.0259,71.5613
280.204,103.226,115.965,0.459,49.9828,71.6348
280.452,92.693,115.965,0.479,49.9727,71.6955
280.703,91.702,115.965,0.488,50.0103,71.7638
280.952,92.3032,115.965,0.503,50.1379,71.8459
281.203,91.9889,115.965,0.526,50.0952,71.9048
281.452,84.0243,115.965,0.53,50.0169,71.9918
281.703,99.9151,115.965,0.535,50.075,72.0464
281.952,92.0627,115.965,0.54,49.9975,72.1197
282.203,91.9116,115.965,0.547,50.0142,72.1906
282.452,96.0947,115.965,0.555,49.9837,72.2588
282.703,95.957,115.965,0.557,50.0412,72.3344
282.952,92.0322,115.965,0.558,49.9779,72.412
283.203,87.9934,115.965,0.558,50.0285,72.4844
283.452,84.0316,115.965,0.558,50.0399,72.5723
283.703,83.9297,115.965,0.558,50.069,72.6292
283.952,88.051,115.965,0.557,50.0224,72.7045
284.203,87.9384,115.965,0.556,49.9799,72.7807
284.452,84.0677,115.965,0.556,50.0119,72.8454
284.703,87.7923,115.965,0.556,49.9959,72.899
284.953,96.1089,115.965,0.555,50.0312,72.9108
285.202,92.0979,115.965,0.561,50.0462,72.9116
285.452,88.026,115.965,0.565,50.0054,72.913
285.703,87.937,115.965,0.565,50.0343,72.9141
285.905,93.9388,115.965,0.565,50.0554,72.9143
286.153,80.7624,115.965,0.565,50.0016,72.9143
286.402,88.0042,115.965,0.565,50.0651,72.9143
286.652,88.0041,115.965,0.565,50.0264,72.9143
286.903,91.9158,115.965,0.565,50.0339,72.9143
287.152,96.0867,115.965,0.565,50.0539,72.9143
287.403,95.9575,115.965,0.565,50.0128,72.9143
287.653,84.0315,115.965,0.565,50.0142,72.9143
287.903,87.7826,115.965,0.565,50.0547,72.9143
288.152,88.2438,115.965,0.565,50.1256,72.9144
288.403,95.9711,115.965,0.565,50.001,72.9144
288.652,88.0313,115.965,0.565,50.001,72.9146
288.903,95.8699,115.965,0.565,50.0008,72.9146
289.152,96.1028,115.965,0.565,50.0352,72.9148
289.403,91.9821,115.965,0.565,50.0054,72.9149
289.652,92.0231,115.965,0.565,50.0178,72.915
289.903,83.7787,115.965,0.565,50.0173,72.915
290.152,88.2258,115.965,0.565,50.053,72.9153
290.403,91.9883,115.965,0.565,50.0115,72.918
290.604,89.3441,115.965,0.558,49.9803,72.9204
290.903,100.444,115.965,0.559,49.9861,72.9243
291.153,88.0586,115.965,0.56,50.0554,72.926
291.403,87.9867,115.965,0.559,49.9813,72.9267
291.652,84.0166,115.965,0.559,50.0519,72.9293
291.903,91.7349,115.965,0.561,50.0103,72.9329
292.153,96.2732,115.965,0.565,50.0169,72.9355
292.403,92.0012,115.965,0.563,50.0106,72.9531
292.652,108.035,115.965,0.555,49.9933,73.018
292.903,87.8016,115.965,0.556,50.0665,73.069
293.152,88.1798,115.965,0.56,50.0642,73.1443
293.403,83.974,115.965,0.563,50.0409,73.2157
293.652,88.0387,115.965,0.565,50.0127,73.2824
293.903,91.9617,115.965,0.564,49.976,73.354
294.152,88.0173,115.965,0.564,49.9703,73.4191
294.403,99.9799,115.965,0.564,50.0002,73.4937
294.652,84.0433,115.965,0.545,50.0243,73.583
294.903,87.9666,115.965,0.542,50.0563,73.6368
295.103,94.6707,115.965,0.531,50.0099,73.696
295.352,88.2782,115.965,0.53,49.9931,73.7861
295.603,95.9611,115.965,0.527,50.0488,73.8432
295.854,95.5829,115.965,0.525,50.0357,73.9136
296.102,84.3771,115.965,0.528,50.093,73.979
296.353,87.9731,115.965,0.502,50.0486,74.0505
296.603,88.0185,115.965,0.495,49.9983,74.1229
296.852,92.0199,115.965,0.498,49.9993,74.1929
297.103,95.9528,115.965,0.501,49.9802,74.2642
297.303,89.6104,115.965,0.507,50.0212,74.3134
297.552,92.3663,115.965,0.514,49.9924,74.3794
297.803,91.9671,115.965,0.522,50.0058,74.4405
298.052,100.035,115.965,0.47,50.0181,74.4987
298.304,95.4057,115.965,0.436,50.0431,74.5652
298.552,96.6157,115.965,0.383,49.9764,74.6316
298.803,91.966,115.965,0.352,49.9985,74.7077
299.004,94.3023,115.965,0.324,49.9936,74.7668
299.252,96.6055,115.965,0.304,50.0198,74.8346
299.503,87.9498,115.965,0.296,49.9756,74.9016
299.752,96.0335,115.965,0.297,50.0036,74.9656
300.003,95.9864,115.965,0.301,50.0602,75.0335
300.252,88.0151,115.965,0.309,50.0195,75.1044
300.503,99.9478,115.965,0.323,50.0111,75.1711
300.704,84.3923,115.965,0.348,50.0077,75.2322
300.952,96.6047,115.965,0.391,50.0325,75.304
301.203,99.9585,115.965,0.425,50.0164,75.3808
301.452,84.0468,115.965,0.47,50.0441,75.4541
301.702,83.993,115.965,0.469,49.9997,75.526
301.952,84.0003,115.965,0.469,50.058,75.6037
302.203,87.9408,115.965,0.468,50.0444,75.6787
302.452,80.0649,115.965,0.438,50.016,75.7512
302.703,87.7819,115.965,0.427,50.023,75.8279
302.953,84.1749,115.965,0.427,50.0406,75.8994
303.203,92.0122,115.965,0.432,49.9885,75.9761
303.403,94.7196,115.965,0.437,50.0176,76.0352
303.652,80.2133,115.965,0.436,50.0113,76.1028
303.903,103.952,115.965,0.436,49.9999,76.1797
304.152,88.0306,115.965,0.435,50.0643,76.2497
304.403,83.9619,115.965,0.435,50.0205,76.3256
304.603,89.7209,115.965,0.436,49.9938,76.3854
304.852,84.2476,115.965,0.439,50.0072,76.4529
305.103,87.9714,115.965,0.438,49.9935,76.5262
305.352,88.0187,115.965,0.44,50.004,76.6026
305.603,87.9519,115.965,0.442,49.9661,76.6749
305.852,84.0567,115.965,0.439,50.0212,76.7449
306.103,91.971,115.965,0.443,49.9795,76.8171
306.352,80.0194,115.965,0.461,50.001,76.8943
306.603,91.8074,115.965,0.478,49.982,76.9681
306.852,96.2187,115.965,0.481,50.0584,77.0401
307.103,83.8609,115.965,0.482,50.0959,77.1172
307.353,92.0597,115.965,0.483,50.0191,77.1883
307.602,84.0856,115.965,0.475,50.0284,77.2658
307.852,84.0079,115.965,0.45,50.017,77.3571
308.103,91.9587,115.965,0.437,50.0009,77.4095
308.303,89.6442,115.965,0.44,49.9717,77.4706
308.553,84.2523,115.965,0.454,49.9857,77.5409
308.803,92.0209,115.965,0.459,50.0339,77.6171
309.053,95.9924,115.965,0.468,50.0273,77.686
309.303,95.9941,115.965,0.476,50.0883,77.7505
309.553,95.8322,115.965,0.49,50.058,77.816
309.804,95.6034,115.965,0.501,50.0031,77.8759
310.052,96.6094,115.965,0.534,49.9951,77.9327
310.304,87.5346,115.965,0.539,49.9805,77.9917
310.553,84.3693,115.965,0.546,50.0276,78.0456
310.803,88.06,115.965,0.511,50.0685,78.1081
311.052,96.0302,115.965,0.462,49.974,78.1808
311.303,95.9432,115.965,0.435,50.1197,78.225
311.552,96.0389,115.965,0.424,49.9939,78.2892
311.803,111.822,115.965,0.423,50.0305,78.3518
312.052,96.1653,115.965,0.42,50.0722,78.4197
312.303,91.7902,115.965,0.424,50.0237,78.4941
312.552,92.2062,115.965,0.428,50.0604,78.5686
312.803,87.9631,115.965,0.43,50.0885,78.6382
313.052,96.0376,115.965,0.439,49.9935,78.7094
313.303,87.9674,115.965,0.442,50.0302,78.7781
313.504,89.4031,115.965,0.445,49.9921,78.8386
313.752,80.4816,115.965,0.447,50.0385,78.9128
314.005,95.1548,115.965,0.447,50.095,78.9813
314.253,88.546,115.965,0.447,50.0744,79.0552
314.503,96.181,115.965,0.447,49.9847,79.1257
314.752,92.0439,115.965,0.447,50.0149,79.2011
315.003,87.9412,115.965,0.447,49.9938,79.2745
315.252,84.0632,115.965,0.447,50.0703,79.3447
315.503,91.7868,115.965,0.45,50.0289,79.422
315.753,80.1446,115.965,0.455,50.024,79.4993
316.002,88.0428,115.965,0.459,50.0692,79.5695
316.253,83.9697,115.965,0.46,50.0295,79.645
316.503,92.0174,115.965,0.461,50.0288,79.7166
316.752,92.0109,115.965,0.461,49.9849,79.7937
317.003,95.9181,115.965,0.461,50.0037,79.8667
317.252,84.0852,115.965,0.461,50.0002,79.9372
317.502,92.0217,115.965,0.461,50.0151,80.0136
317.753,87.9354,115.965,0.458,50.0708,80.081
318.003,91.9839,115.965,0.437,50.0893,80.1545
318.252,92.0595,115.965,0.436,50.0083,80.2266
318.503,95.9757,115.965,0.443,50.0863,80.297
318.752,92.0517,115.965,0.452,50.0192,80.3709
319.003,91.9075,115.965,0.482,50.051,80.4416
319.252,92.0653,115.965,0.507,50.0404,80.5109
319.503,99.9175,115.965,0.515,50.0071,80.5874
319.752,96.0873,115.965,0.488,50.0031,80.6523
320.003,91.9634,115.965,0.448,50.0236,80.7275
320.252,92.0252,115.965,0.431,50.0059,80.803
320.503,91.9824,115.965,0.413,50.087,80.8717
320.752,92.0569,115.965,0.411,50.0195,80.9497
321.003,99.941,115.965,0.416,50.0067,81.0234
321.252,92.0122,115.965,0.42,49.967,81.0924
321.503,87.958,115.965,0.425,49.9866,81.164
321.752,92.0469,115.965,0.429,49.9696,81.2316
322.003,91.9717,115.965,0.41,50.0317,81.3092
322.252,84.0409,115.965,0.387,50,81.3927
322.503,87.9641,115.965,0.37,50.0889,81.4478
322.752,80.0197,115.965,0.37,50.0511,81.5341
323.003,91.9713,115.965,0.369,50.0512,81.595
323.252,100.039,115.965,0.366,49.9918,81.666
323.503,95.9658,115.965,0.362,49.9462,81.7409
323.752,92.028,115.965,0.357,49.9872,81.8121
324.003,87.9571,115.965,0.353,50.0361,81.889
324.253,84.0089,115.965,0.345,50.0469,81.9644
324.503,88.0154,115.965,0.34,49.9966,82.0357
324.752,92.0316,115.965,0.338,50.0216,82.1281
325.003,91.7716,115.965,0.329,49.9988,82.1857
325.252,88.2054,115.965,0.325,49.997,82.2566
325.503,95.7617,115.965,0.323,49.9953,82.3287
325.752,88.2279,115.965,0.341,50.0134,82.3971
326.003,99.8135,115.965,0.362,50.0314,82.4658
326.252,100.188,115.965,0.392,50.0166,82.5388
326.503,103.97,115.965,0.453,49.9803,82.5872
326.704,84.4138,115.965,0.479,50.0253,82.6358
326.952,108.626,115.965,0.498,49.9942,82.6935
327.202,111.981,115.965,0.529,49.9396,82.7549
327.404,94.0857,115.965,0.549,50.0602,82.8011
327.652,100.802,115.965,0.563,49.9893,82.8583
327.903,107.804,115.965,0.589,49.9799,82.9179
328.153,100.154,115.965,0.575,50.022,82.9733
328.403,99.9948,115.965,0.541,50.043,83.0301
328.652,96.0464,115.965,0.531,50.0692,83.1015
328.903,95.959,115.965,0.529,50.1275,83.1522
329.103,119.666,115.965,0.53,48.662,83.2083
329.352,100.257,115.965,0.529,47.8956,83.2781
329.603,87.8996,115.965,0.536,47.8972,83.3527
329.804,99.5295,115.965,0.542,47.8857,83.4075
330.052,88.4388,115.965,0.548,49.0839,83.4747
330.304,99.4174,115.965,0.555,50.0757,83.5473
330.552,92.5217,115.965,0.559,50.0275,83.6163
330.803,87.9639,115.965,0.565,50.1457,83.6924
331.053,88.0301,115.965,0.576,50.0229,83.7636
331.302,88.0111,115.965,0.579,50.0131,83.8282
331.552,92.006,115.965,0.58,50.0386,83.8968
331.803,91.8091,115.965,0.59,49.9792,83.9538
332.052,128.275,115.965,0.597,48.0869,83.9901
332.305,91.1087,115.965,0.595,48.0176,83.9938
332.553,96.8781,115.965,0.593,48.0177,83.9955
332.803,96.045,115.965,0.592,48.0262,83.9971
333.004,99.4744,115.965,0.593,50.0601,83.9988
333.252,88.4034,115.965,0.593,49.9897,83.9993
333.502,87.9747,115.965,0.593,50.0025,84.0005
333.753,111.601,115.965,0.591,49.4075,84.0035
334.003,92.2435,115.965,0.593,47.9818,84.0078
334.253,88.0607,115.965,0.593,48.063,84.0102
334.503,87.9843,115.965,0.596,47.9851,84.0139
334.752,96.0529,115.965,0.605,48.9349,84.0283
335.003,95.9221,115.965,0.609,50.0386,84.0835
335.252,96.0891,115.965,0.603,50.0112,84.1395
335.502,87.9884,115.965,0.57,49.9889,84.2281
335.753,99.8812,115.965,0.552,49.9821,84.2842
336.003,87.8578,115.965,0.553,50.0418,84.3588
336.253,92.2294,115.965,0.552,50.0263,84.4332
336.503,87.9929,115.965,0.557,50.038,84.5027
336.752,92.0242,115.965,0.56,50.0231,84.5795
337.003,95.9604,115.965,0.563,50.0427,84.6706
337.253,99.814,115.965,0.564,49.9848,84.7262
337.503,84.1831,115.965,0.565,50.0091,84.8148
337.752,92.0255,115.965,0.57,50.0895,84.8697
338.003,91.8741,115.965,0.572,50.0261,84.9473
338.253,100.082,115.965,0.574,50.0112,85.0124
338.503,96.0272,115.965,0.58,49.9993,85.0721
338.753,99.9708,115.965,0.588,50.0012,85.1295
339.003,111.952,115.965,0.6,50.0556,85.1848
339.252,100.084,115.965,0.596,49.9788,85.2356
339.503,103.986,115.965,0.585,49.9968,85.3027
339.753,99.9558,115.965,0.552,50.0001,85.3457
340.003,95.8123,115.965,0.485,50.1745,85.4033
340.253,96.2282,115.965,0.437,50.0417,85.4718
340.503,91.996,115.965,0.376,49.9926,85.5193
340.753,103.968,115.965,0.34,50.0192,85.6018
341.003,96.04,115.965,0.295,50.0412,85.6696
341.252,108.081,115.965,0.278,50.0112,85.7217
341.453,94.5947,115.965,0.27,50.0067,85.7844
341.703,96.2551,115.965,0.282,49.9625,85.8559
341.953,99.8624,115.965,0.294,50.0848,85.9321
342.203,84.0612,115.965,0.325,50.0117,86.0019
342.452,96.0861,115.965,0.365,49.9637,86.0738
342.703,87.9709,115.965,0.371,50.0223,86.1516
342.953,103.989,115.965,0.373,50.0288,86.2241
343.203,91.9824,115.965,0.38,50.0015,86.2968
343.454,91.6229,115.965,0.384,50.0729,86.3713
343.703,80.3636,115.965,0.392,50.0902,86.4435
343.952,92.0139,115.965,0.395,49.9668,86.5184
344.202,88.0145,115.965,0.404,50.0125,86.6074
344.452,83.9983,115.965,0.416,50.0099,86.6644
344.703,95.9766,115.965,0.431,49.9658,86.7407
344.952,100.016,115.965,0.432,49.9814,86.8112
345.203,87.7041,115.965,0.433,50.0039,86.8846
345.452,88.2871,115.965,0.433,49.9957,86.9573
345.703,79.9942,115.965,0.434,50.1723,87.0288
345.952,92.0353,115.965,0.434,49.9838,87.1043
346.204,87.4826,115.965,0.441,50.0471,87.1716
346.452,92.5457,115.965,0.443,50.0097,87.2388
346.702,99.9705,115.965,0.455,49.9976,87.3154
346.952,104.004,115.965,0.467,49.9723,87.3811
347.202,96.0068,115.965,0.48,50.0678,87.4668
347.452,91.9984,115.965,0.485,50.013,87.5393
347.703,83.9779,115.965,0.493,50.1334,87.5922
347.953,95.9599,115.965,0.495,50.0196,87.6773
348.202,84.0987,115.965,0.481,50.0338,87.73
348.453,99.8742,115.965,0.466,49.9786,87.7995
348.703,95.9079,115.965,0.462,50.0031,87.8714
348.952,96.1734,115.965,0.462,50.0263,87.9435
349.203,91.7118,115.965,0.449,50.0271,88.0168
349.453,88.2379,115.965,0.449,50.0522,88.0948
349.703,92.0242,115.965,0.44,50.0378,88.1491
349.953,95.8773,115.965,0.438,49.9673,88.2243
350.202,120.169,115.965,0.437,47.9247,88.2947
350.453,87.9855,115.965,0.441,47.9198,88.3671
350.654,99.3166,115.965,0.443,47.9625,88.4281
350.902,84.4801,115.965,0.447,47.8737,88.4985
351.153,91.6942,115.965,0.453,49.667,88.5745
351.402,84.3271,115.965,0.457,50.0032,88.6485
351.653,83.9401,115.965,0.459,50.0651,88.7178
351.902,84.0302,115.965,0.461,50.0783,88.8089
352.152,91.9734,115.965,0.466,50.1486,88.8652
352.402,76.0225,115.965,0.471,50.0197,88.9536
352.652,91.9995,115.965,0.473,49.9897,89.0295
352.902,79.9917,115.965,0.474,49.9858,89.0847
353.153,91.9233,115.965,0.475,50.0431,89.1584
353.402,88.0591,115.965,0.474,50.0041,89.2336
353.652,91.996,115.965,0.471,50.0222,89.3052
353.903,91.9882,115.965,0.473,50.021,89.3801
354.152,88.0137,115.965,0.474,50.0132,89.4493
354.402,84.0207,115.965,0.475,50.0645,89.5354
354.652,91.996,115.965,0.475,50.0714,89.6075
354.902,79.9961,115.965,0.473,50.0241,89.6609
355.153,95.7654,115.965,0.47,50.04,89.7379
355.402,96.2326,115.965,0.472,50.0056,89.8023
355.652,87.9863,115.965,0.478,50.0272,89.868
355.902,88.0277,115.965,0.486,50.0247,89.9383
356.153,107.95,115.965,0.489,50.068,89.9533
356.402,96.0407,115.965,0.49,49.9525,89.9549
356.603,89.7765,115.965,0.489,50.0157,89.9554
356.853,92.0969,115.965,0.484,49.9957,89.9566
357.102,92.0885,115.965,0.485,49.989,89.9579
357.353,99.945,115.965,0.484,50.0084,89.9587
357.554,89.4242,115.965,0.484,50.0048,89.9598
357.803,96.4938,115.965,0.484,49.9979,89.9614
358.053,91.979,115.965,0.484,49.9892,89.9619
358.302,88.0724,115.965,0.482,50.0683,89.9631
358.552,95.9739,115.965,0.481,49.996,89.9654
358.802,92.0237,115.965,0.485,50.0075,89.9699
359.052,87.9907,115.965,0.486,49.9889,89.9727
359.302,99.9997,115.965,0.488,49.9955,89.979
359.553,111.764,115.965,0.503,50.0138,90.026
359.802,88.1722,115.965,0.484,50.0387,90.0836
360.053,95.9659,115.965,0.457,50.0065,90.1448
360.302,96.053,115.965,0.453,50.017,90.2224
360.552,96.007,115.965,0.451,50.1056,90.2743
360.802,91.9963,115.965,0.45,49.9999,90.3617
361.053,95.7477,115.965,0.449,50.0103,90.4226
361.303,92.2152,115.965,0.451,50.0399,90.4941
361.553,99.8536,115.965,0.456,49.9928,90.5707
361.803,84.1008,115.965,0.458,50.0035,90.6414
362.052,100.036,115.965,0.46,50.0007,90.7168
362.302,88.0238,115.965,0.46,50.1288,90.8098
362.552,87.9722,115.965,0.461,50.1346,90.8664
362.802,88.0205,115.965,0.461,50.0227,90.9559
363.052,92.0027,115.965,0.461,50.0249,91.0313
363.302,83.9982,115.965,0.461,50.0236,91.0862
363.553,95.9004,115.965,0.461,50.0387,91.1634
363.803,88.0608,115.965,0.461,50.0285,91.2352
364.053,96.001,115.965,0.461,50.0161,91.3099
364.302,88.0386,115.965,0.461,50.0863,91.401
364.552,83.9748,115.965,0.461,50.0082,91.4574
364.803,79.9933,115.965,0.461,50.1319,91.5353
365.053,91.8559,115.965,0.461,50.0344,91.6099
365.302,84.1536,115.965,0.462,50.0116,91.6748
365.552,87.9817,115.965,0.461,50.0614,91.7498
365.803,95.9866,115.965,0.461,49.9925,91.8213
366.053,95.9752,115.965,0.459,50.0875,91.896
366.302,92.0651,115.965,0.452,49.9906,91.9822
366.552,91.9715,115.965,0.436,49.9991,92.0342
366.802,88.0259,115.965,0.435,50.1109,92.1155
367.052,87.9985,115.965,0.428,50.0444,92.1832
367.302,91.9988,115.965,0.43,50.0019,92.2299
367.553,95.8695,115.965,0.433,49.993,92.2873
367.803,96.0808,115.965,0.431,50.0127,92.3438
368.053,99.9962,115.965,0.424,50.0014,92.398
368.302,96.0595,115.965,0.418,50.0371,92.4653
368.553,103.93,115.965,0.41,50.0689,92.5072
368.803,100.012,115.965,0.384,49.9662,92.5681
369.053,95.9573,115.965,0.342,49.9674,92.6304
369.254,94.5326,115.965,0.316,50.0029,92.6803
369.502,92.4541,115.965,0.303,49.9985,92.7659
369.752,95.9774,115.965,0.304,50.0292,92.8196
370.002,88.0184,115.965,0.31,50.0009,92.9091
370.252,96.0037,115.965,0.321,50.0148,92.9866
370.502,87.9901,115.965,0.334,50.0481,93.0414
370.752,100,115.965,0.355,49.9691,93.1244
371.002,91.9994,115.965,0.364,50.011,93.1718
371.253,87.9772,115.965,0.4,50.023,93.2345
371.502,92.0305,115.965,0.422,50.06,93.3144
371.753,99.9642,115.965,0.479,50.0785,93.3654
372.002,92.0386,115.965,0.502,50.0087,93.4455
372.253,91.7908,115.965,0.566,49.9894,93.5028
372.502,88.1978,115.965,0.62,50.0743,93.5766
372.753,99.9654,115.965,0.679,50.0836,93.6467
373.002,84.0068,115.965,0.722,50.0198,93.7079
373.253,111.909,115.965,0.774,50.0329,93.7726
373.502,92.1002,115.965,0.807,49.9902,93.8378
373.752,91.9743,115.965,0.846,49.9968,93.8789
374.002,96.0279,115.965,0.86,49.9657,93.9441
374.252,92.0005,115.965,0.88,50.0539,94.0014
374.502,87.9863,115.965,0.89,50.0093,94.0489
374.752,88.0024,115.965,0.899,50.0082,94.1215
375.002,92.0018,115.965,0.914,50.0249,94.1908
375.253,95.643,115.965,0.883,49.9931,94.2566
375.502,84.3252,115.965,0.872,50.0556,94.3382
375.753,95.964,115.965,0.84,49.9881,94.3892
375.954,89.5508,115.965,0.823,50.0037,94.4456
376.202,96.4019,115.965,0.799,50.0154,94.5121
376.453,99.9871,115.965,0.768,49.9886,94.5834
376.702,80.0124,115.965,0.755,50.1015,94.6597
376.952,91.9928,115.965,0.747,50.0184,94.7228
377.202,92.0227,115.965,0.75,49.9784,94.7953
377.452,91.9945,115.965,0.758,50.0079,94.856
377.702,91.9834,115.965,0.78,50.0031,94.9001
377.953,95.9048,115.965,0.757,49.997,94.9625
378.202,84.0965,115.965,0.707,50.0286,95.0258
378.452,96.0006,115.965,0.642,49.989,95.1084
378.702,100.011,115.965,0.605,50.0274,95.1853
378.953,95.9595,115.965,0.54,50.0331,95.2408
379.202,92.0336,115.965,0.498,49.9983,95.3207
379.453,91.8987,115.965,0.434,50,95.3701
379.702,88.084,115.965,0.397,50.1277,95.4279
379.952,87.9936,115.965,0.383,50.0919,95.4467
380.202,84.0087,115.965,0.383,50.0364,95.4475
380.452,87.9877,115.965,0.372,49.9362,95.4483
380.702,92.0087,115.965,0.37,50.0331,95.4495
380.953,103.967,115.965,0.37,49.9948,95.4508
381.153,79.7651,115.965,0.368,50.0432,95.4518
381.403,92.0893,115.965,0.358,50.0479,95.453
381.652,96.1832,115.965,0.354,50.0584,95.4544
381.902,87.9972,115.965,0.347,50.0457,95.4554
382.152,87.9818,115.965,0.346,49.9728,95.4562
382.402,84.0196,115.965,0.346,50.0227,95.4577
382.652,96.0011,115.965,0.342,49.9951,95.4597
382.902,95.9793,115.965,0.344,49.9886,95.4805
383.152,96.0037,115.965,0.423,50.0103,95.5589
383.403,83.9806,115.965,0.467,50.0316,95.6075
383.652,96.0102,115.965,0.509,49.9719,95.6649
383.902,88.0076,115.965,0.526,50.1781,95.7271
384.152,95.9929,115.965,0.577,50.0269,95.7873
384.402,88.0244,115.965,0.613,50.0251,95.8704
384.652,108,115.965,0.678,49.9949,95.9455
384.902,87.9949,115.965,0.716,50.0024,95.9947
385.152,92.0054,115.965,0.757,49.9967,96.0706
385.402,87.9815,115.965,0.785,50.0356,96.1176
385.652,92.0192,115.965,0.804,49.9883,96.1887
385.902,88.0001,115.965,0.794,50.0629,96.2523
386.152,91.975,115.965,0.787,49.9938,96.3059
386.402,100.021,115.965,0.804,50.017,96.3924
386.652,95.9821,115.965,0.841,49.988,96.4497
386.902,88.0039,115.965,0.846,50.0387,96.5192
387.153,87.9643,115.965,0.849,50.0241,96.5931
387.402,84.0293,115.965,0.855,50.0819,96.6613
387.652,96.0051,115.965,0.86,50.0941,96.7317
387.903,87.9873,115.965,0.845,50.0647,96.8077
388.153,99.9947,115.965,0.812,50.0138,96.8774
388.402,92.0392,115.965,0.794,50.0222,96.9633
388.652,91.998,115.965,0.775,50.0006,97.0374
388.902,83.9862,115.965,0.768,50.0252,97.0864
389.152,91.9984,115.965,0.756,50.0675,97.1589
389.402,80.0003,115.965,0.735,50.0075,97.2041
389.652,100.018,115.965,0.698,50.0043,97.2784
389.902,87.9955,115.965,0.648,50.0531,97.3427
390.152,99.9764,115.965,0.594,50.0039,97.3912
390.402,96.0267,115.965,0.545,49.9885,97.4722
390.653,95.8628,115.965,0.498,50.0075,97.53
390.902,88.1041,115.965,0.466,50.0515,97.6045
391.153,91.9409,115.965,0.432,49.9978,97.6707
391.402,84.0763,115.965,0.418,50.1146,97.7317
391.652,95.9756,115.965,0.391,50.1001,97.7922
391.902,88.022,115.965,0.372,50.0252,97.8666
392.152,95.9723,115.965,0.347,49.992,97.9135
392.402,88.0256,115.965,0.334,50.0332,97.9909
392.652,99.9902,115.965,0.31,49.9804,98.0467
392.902,95.991,115.965,0.305,50.0367,98.119
393.153,95.9747,115.965,0.31,50.024,98.2108
393.402,88.0301,115.965,0.32,50.0049,98.2643
393.652,96.0055,115.965,0.351,49.9935,98.3396
393.902,92.0043,115.965,0.383,49.9934,98.4
394.152,95.9732,115.965,0.441,49.9815,98.4445
394.402,100.029,115.965,0.483,50.0214,98.5134
394.653,103.888,115.965,0.517,49.9646,98.5571
394.902,88.0824,115.965,0.513,50.0479,98.6105
395.152,99.9845,115.965,0.476,50.0212,98.6658
395.402,88.0134,115.965,0.462,49.9941,98.7175
395.652,96.0039,115.965,0.435,49.9842,98.791
395.902,104.007,115.965,0.434,50.0517,98.858
396.153,91.8965,115.965,0.434,49.9801,98.9084
396.402,92.1074,115.965,0.434,50.0421,98.9925
396.653,99.9444,115.965,0.439,49.975,99.0513
396.902,88.0757,115.965,0.443,50.1222,99.1197
397.152,91.9573,115.965,0.453,50.133,99.2033
397.402,84.0005,115.965,0.456,49.9971,99.2558
397.652,91.9935,115.965,0.429,50.0999,99.3431
397.853,94.7231,115.965,0.408,50.0048,99.3866
398.103,88.1672,115.965,0.391,50.013,99.4616
398.353,95.9934,115.965,0.384,49.9786,99.5393
398.602,84.0488,115.965,0.381,50.0154,99.6085
398.852,87.9863,115.965,0.376,50.0037,99.6814
399.102,88.0087,115.965,0.374,50.0469,99.7577
399.352,87.9916,115.965,0.37,50.0149,99.83
399.602,88.0261,115.965,0.367,50.0325,99.92
399.852,91.9914,115.965,0.358,50.0144,99.9948
400.102,87.9943,115.965,0.354,50.0582,100.05
400.352,84.0131,115.965,0.341,50.0145,100.143
400.602,95.978,115.965,0.336,50.0251,100.198
400.853,95.9301,115.965,0.318,50.0173,100.266
401.102,96.0962,115.965,0.322,49.9598,100.359
401.352,91.9721,115.965,0.338,49.9538,100.415
401.553,94.5646,115.965,0.359,49.9911,100.474
401.802,100.386,115.965,0.383,50.0032,100.543
402.052,96.0032,115.965,0.424,49.9993,100.619
402.303,91.9674,115.965,0.453,50.0406,100.678
402.552,100.017,115.965,0.487,50.1349,100.72
402.802,95.9959,115.965,0.517,50.1273,100.777
403.052,100.006,115.965,0.551,50.0005,100.83
403.302,140.031,115.965,0.561,47.7898,100.887
403.553,111.804,115.965,0.569,47.8663,100.948
403.802,96.1465,115.965,0.551,47.8079,101.005
404.053,111.899,115.965,0.524,47.8058,101.08
404.302,96.0868,115.965,0.509,50.0528,101.129
404.552,99.9955,115.965,0.517,50.0447,101.196
404.803,99.9833,115.965,0.526,50.0522,101.264
405.055,103.001,115.965,0.562,50.0142,101.331
405.302,96.9818,115.965,0.57,50.0328,101.406
405.552,99.9839,115.965,0.585,50.0094,101.482
405.802,108.021,115.965,0.605,50.0226,101.554
406.053,107.661,115.965,0.631,50.1227,101.625
406.302,104.326,115.965,0.658,49.9874,101.698
406.553,99.9192,115.965,0.697,50.0593,101.765
406.803,92.0213,115.965,0.721,50.0758,101.829
407.053,95.8803,115.965,0.743,50.0605,101.882
407.302,100.166,115.965,0.772,50.0414,101.941
407.553,111.63,115.965,0.809,50.0112,102.002
407.802,112.36,115.965,0.837,50.0926,102.06
408.053,103.883,115.965,0.848,49.9768,102.136
408.302,104.128,115.965,0.845,50.0436,102.201
408.553,95.9879,115.965,0.817,50.0452,102.25
408.802,104.034,115.965,0.781,50.0126,102.326
409.053,99.8395,115.965,0.763,50.0236,102.38
409.302,116.159,115.965,0.745,50.0432,102.45
409.553,103.866,115.965,0.731,50.014,102.519
409.802,100.131,115.965,0.725,50.0441,102.584
410.053,99.8067,115.965,0.719,50.0861,102.657
410.303,100.185,115.965,0.72,50.0612,102.732
410.553,99.9888,115.965,0.723,50.0238,102.798
410.802,100.018,115.965,0.73,50.0623,102.876
411.053,115.707,115.965,0.744,50.0693,102.944
411.254,84.6412,115.965,0.749,50.0259,102.999
411.503,112.594,115.965,0.784,50.0622,103.071
411.753,112.063,115.965,0.783,50.023,103.139
412.002,100.068,115.965,0.719,50.0593,103.214
412.253,99.8425,115.965,0.678,50.0452,103.28
412.502,104.1,115.965,0.635,50.0267,103.344
412.753,107.625,115.965,0.611,50.0019,103.411
413.003,104.355,115.965,0.6,50.0609,103.473
413.254,107.539,115.965,0.602,50.0355,103.538
413.503,120.34,115.965,0.616,50.1198,103.606
413.753,116.111,115.965,0.634,50.0368,103.669
414.003,107.984,115.965,0.678,49.9538,103.736
414.252,112.097,115.965,0.717,47.8774,103.798
414.503,107.951,115.965,0.771,47.8717,103.869
414.752,100.056,115.965,0.808,48.0319,103.931
415.003,107.96,115.965,0.872,47.9027,103.98
415.252,100.037,115.965,0.931,50.0721,104.063
415.503,107.95,115.965,0.974,50.029,104.137
415.752,104.037,115.965,0.987,50.0726,104.188
415.953,94.6382,115.965,1.008,50.0978,104.247
416.203,108.218,115.965,1.032,49.9714,104.317
416.453,115.649,115.965,1.062,50.0116,104.388
416.704,107.823,115.965,1.086,50.0272,104.46
416.952,96.5513,115.965,1.106,50.0346,104.53
417.203,99.9805,115.965,1.135,49.9912,104.605
417.452,108.007,115.965,1.151,50.0829,104.674
417.703,99.9278,115.965,1.168,50.0361,104.743
417.953,104.072,115.965,1.183,50.0271,104.815
418.203,116,115.965,1.201,50.0334,104.887
418.453,99.9764,115.965,1.21,50.0102,104.959
418.702,104.053,115.965,1.229,49.9941,105.039
418.952,99.9798,115.965,1.246,50.0412,105.092
419.202,104.011,115.965,1.28,49.9019,105.177
419.453,91.9178,115.965,1.305,50.055,105.236
419.702,108.103,115.965,1.334,50.0462,105.325
419.952,99.9885,115.965,1.353,50.0088,105.385
420.203,103.981,115.965,1.39,49.9654,105.451
420.452,104.034,115.965,1.4,50.0231,105.529
420.703,115.626,115.965,1.398,49.9568,105.579
420.952,108.338,115.965,1.389,49.8874,105.642
421.203,95.8658,115.965,1.39,50.0063,105.702
421.452,96.1421,115.965,1.392,49.9825,105.739
421.703,103.934,115.965,1.394,50.0266,105.743
421.952,96.0485,115.965,1.395,50.0881,105.744
422.203,99.9687,115.965,1.403,50.0284,105.745
422.452,96.0444,115.965,1.41,50.0398,105.745
422.704,111.372,115.965,1.414,50.0235,105.747
422.952,108.6,115.965,1.414,49.9846,105.747
423.202,120.025,115.965,1.415,50.0097,105.748
423.452,123.987,115.965,1.414,47.7958,105.75
423.703,99.8926,115.965,1.413,47.8553,105.753
423.952,100.113,115.965,1.415,47.806,105.757
424.203,95.9652,115.965,1.409,47.7375,105.76
424.403,114.614,115.965,1.408,50.0515,105.763
424.652,100.295,115.965,1.404,49.9971,105.767
424.903,107.895,115.965,1.387,49.9702,105.796
425.152,112.102,115.965,1.38,50.0243,105.859
425.402,111.991,115.965,1.373,50.0454,105.919
425.652,108.005,115.965,1.373,49.9557,105.987
425.902,124.031,115.965,1.375,47.7346,106.068
426.152,103.971,115.965,1.378,47.8283,106.12
426.402,100.018,115.965,1.391,47.7643,106.198
426.653,107.716,115.965,1.401,47.8151,106.25
426.902,104.276,115.965,1.377,50.0033,106.331
427.103,129.352,115.965,1.35,49.1245,106.371
427.353,108.234,115.965,1.333,47.8138,106.448
427.603,120.048,115.965,1.298,47.8218,106.519
427.853,99.9523,115.965,1.277,47.8326,106.581
428.102,108.216,115.965,1.253,48.9566,106.662
428.353,103.654,115.965,1.242,49.9642,106.713
428.602,96.3039,115.965,1.206,50.0404,106.79
428.853,107.937,115.965,1.167,50.1224,106.86
429.102,100.051,115.965,1.115,50.0594,106.928
429.353,119.928,115.965,1.076,50.0895,107.001
429.602,112.079,115.965,1.039,50.0199,107.076
429.853,103.972,115.965,1.011,50.0103,107.149
430.102,100.04,115.965,0.987,50.0601,107.237
430.353,107.926,115.965,0.974,50.0028,107.292
430.602,108.069,115.965,0.962,50.064,107.362
430.855,114.83,115.965,0.961,49.3116,107.429
431.103,137.366,115.965,0.968,47.8674,107.493
431.353,107.836,115.965,0.932,47.8854,107.558
431.603,108.166,115.965,0.882,47.8676,107.637
431.853,107.939,115.965,0.857,48.4693,107.691
432.103,104.042,115.965,0.813,50.0256,107.764
432.353,103.713,115.965,0.795,50.0908,107.841
432.602,108.343,115.965,0.758,49.9789,107.913
432.853,99.7837,115.965,0.747,50.0216,107.986
433.102,116.294,115.965,0.731,50.0043,108.057
433.354,115.272,115.965,0.725,50.0055,108.127
433.602,104.616,115.965,0.725,50.028,108.215
433.853,107.864,115.965,0.732,49.9665,108.27
434.102,132.18,115.965,0.745,47.5878,108.353
434.353,99.9331,115.965,0.758,47.5292,108.402
434.602,100.046,115.965,0.759,47.5265,108.467
434.853,107.909,115.965,0.733,47.551,108.54
435.102,108.092,115.965,0.704,50.0029,108.587
435.353,115.923,115.965,0.692,49.9611,108.652
435.602,96.0801,115.965,0.686,50.0818,108.73
435.852,99.9812,115.965,0.696,49.9998,108.786
436.103,99.9889,115.965,0.724,50.0273,108.874
436.352,104.042,115.965,0.734,49.9937,108.932
436.602,91.9818,115.965,0.759,50.0215,109.001
436.853,107.982,115.965,0.776,49.9634,109.088
437.102,104.032,115.965,0.794,50.009,109.152
437.353,107.927,115.965,0.805,49.9843,109.199
437.602,104.057,115.965,0.818,49.9941,109.271
437.853,103.975,115.965,0.821,49.9683,109.32
438.102,100.027,115.965,0.814,50.0866,109.389
438.352,104.002,115.965,0.809,50.1257,109.451
438.603,103.935,115.965,0.794,50.0197,109.498
438.805,133.448,115.965,0.791,49.0063,109.552
439.052,105.023,115.965,0.761,48.0106,109.61
439.302,108.028,115.965,0.722,48.0231,109.681
439.553,99.9671,115.965,0.698,48.0468,109.745
439.802,112.018,115.965,0.671,49.4111,109.792
440.053,99.7105,115.965,0.657,50.0065,109.856
440.303,100.272,115.965,0.637,50.0025,109.919
440.552,96.038,115.965,0.61,49.9985,110.007
440.802,108.001,115.965,0.578,50.0189,110.078
441.053,99.9631,115.965,0.565,49.9727,110.135
441.302,108.033,115.965,0.553,50.0385,110.221
441.553,119.957,115.965,0.542,50.0091,110.295
441.802,100.035,115.965,0.537,49.9812,110.347
442.053,107.937,115.965,0.544,49.9946,110.43
442.302,104.038,115.965,0.543,49.9982,110.478
442.552,104.024,115.965,0.545,50.0305,110.553
442.802,112.025,115.965,0.553,50.0497,110.6
443.053,115.941,115.965,0.556,50.0104,110.656
443.302,96.0303,115.965,0.532,50.0414,110.725
443.552,107.993,115.965,0.517,50.021,110.774
443.803,99.974,115.965,0.496,50.0389,110.829
444.053,99.9787,115.965,0.476,49.9772,110.889
444.303,96.01,115.965,0.422,50.0083,110.945
444.553,103.755,115.965,0.386,49.9709,111.014
444.802,100.306,115.965,0.35,50.0544,111.085
445.052,99.949,115.965,0.324,50.0105,111.155
445.254,109.174,115.965,0.307,49.9912,111.214
445.503,88.3832,115.965,0.313,50.0168,111.283
445.752,92.1826,115.965,0.32,49.9776,111.371
446.002,91.9799,115.965,0.329,50.0782,111.443
446.252,91.9929,115.965,0.336,50.0519,111.499
446.502,88.0182,115.965,0.351,50.0382,111.588
446.753,91.723,115.965,0.36,50.0064,111.647
447.003,92.2537,115.965,0.367,49.941,111.718
447.252,96.037,115.965,0.37,49.9339,111.791
447.503,87.9358,115.965,0.378,49.9833,111.862
447.753,88.0338,115.965,0.381,49.9725,111.938
448.002,92.0038,115.965,0.387,50.0248,112.015
448.253,87.9913,115.965,0.403,49.9932,112.085
448.502,88.0343,115.965,0.427,50.0543,112.172
448.753,99.9514,115.965,0.437,49.982,112.231
449.003,95.9865,115.965,0.436,50.0177,112.304
449.252,88.041,115.965,0.436,49.9466,112.395
449.503,87.9744,115.965,0.435,50.0041,112.45
449.752,88.0345,115.965,0.437,50.0024,112.533
450.002,92.0026,115.965,0.443,50.1088,112.601
450.252,87.9765,115.965,0.45,49.9752,112.659
450.502,96.0235,115.965,0.464,50.0074,112.746
450.752,95.9972,115.965,0.477,49.9832,112.821
451.002,91.9842,115.965,0.485,50.0071,112.876
451.253,103.726,115.965,0.491,49.9999,112.943
451.503,92.2254,115.965,0.495,50.0158,113.013
451.752,100.018,115.965,0.496,49.9717,113.086
452.002,88.021,115.965,0.48,50.0192,113.169
452.253,91.9702,115.965,0.467,49.9786,113.225
452.502,92.0298,115.965,0.463,50.0047,113.312
452.753,103.757,115.965,0.462,50.015,113.37
453.003,92.1757,115.965,0.448,50.0018,113.441
453.252,96.0429,115.965,0.448,49.9108,113.522
453.502,87.9771,115.965,0.444,50.0036,113.576
453.752,96.0108,115.965,0.44,49.9718,113.666
454.002,83.993,115.965,0.437,50.0653,113.742
454.253,91.9842,115.965,0.441,50.0112,113.796
454.502,84.0337,115.965,0.446,50.0144,113.885
454.754,99.515,115.965,0.448,49.9765,113.941
455.003,96.3202,115.965,0.455,49.9726,114.016
455.253,84.0901,115.965,0.458,49.9757,114.089
455.503,88.0011,115.965,0.46,49.9679,114.159
455.752,88.038,115.965,0.466,49.9751,114.251
456.003,87.9754,115.965,0.471,49.9935,114.325
456.252,88.0206,115.965,0.473,49.9859,114.383
456.502,84.0033,115.965,0.474,50.064,114.47
456.752,87.9996,115.965,0.475,50.0238,114.546
457.003,83.9693,115.965,0.475,50.0062,114.604
457.252,88.0232,115.965,0.475,50.0047,114.693
457.502,99.9971,115.965,0.472,49.9247,114.75
457.752,92.0173,115.965,0.474,49.9428,114.841
458.002,91.994,115.965,0.474,50.0067,114.914
458.252,87.9858,115.965,0.475,49.9776,114.971
458.502,92.0194,115.965,0.473,50.0098,115.055
458.753,95.7104,115.965,0.466,50.0217,115.11
459.002,92.2607,115.965,0.466,49.9981,115.18
459.253,91.9393,115.965,0.47,49.9841,115.246
459.503,100.041,115.965,0.474,49.9899,115.308
459.752,96.0396,115.965,0.478,50.0051,115.384
460.002,100.002,115.965,0.481,50.0196,115.448
460.252,111.975,115.965,0.49,50.0192,115.494
460.502,96.021,115.965,0.502,50.0368,115.564
460.752,100.019,115.965,0.512,49.9645,115.613
460.954,129.145,115.965,0.511,48.9514,115.659
461.202,96.4964,115.965,0.488,47.8844,115.735
461.452,95.973,115.965,0.462,47.893,115.786
461.702,92.0212,115.965,0.448,47.8613,115.866
461.953,91.9431,115.965,0.44,48.8899,115.916
462.202,88.0464,115.965,0.433,50.0037,115.988
462.453,91.8371,115.965,0.425,49.998,116.058
462.702,92.1706,115.965,0.439,49.9975,116.129
462.954,99.5288,115.965,0.469,49.9927,116.207
463.202,92.4258,115.965,0.485,49.9665,116.284
463.453,87.9881,115.965,0.491,50.0769,116.356
463.702,88.0278,115.965,0.493,49.9548,116.442
463.953,87.9724,115.965,0.495,50.0302,116.5
464.202,88.0087,115.965,0.484,50.0322,116.576
464.453,83.8161,115.965,0.462,49.9704,116.646
464.702,92.208,115.965,0.453,50.0214,116.714
464.953,95.8314,115.965,0.462,50.0187,116.791
465.202,84.1599,115.965,0.468,50.003,116.879
465.453,91.9662,115.965,0.472,50.0326,116.935
465.702,88.0327,115.965,0.472,50.0149,117.022
465.953,83.936,115.965,0.466,50.026,117.078
466.202,88.0529,115.965,0.464,49.9929,117.154
466.453,83.8466,115.965,0.462,49.9972,117.228
466.702,92.1745,115.965,0.462,50.0236,117.299
466.952,87.984,115.965,0.462,49.9897,117.377
467.202,96.0244,115.965,0.462,50.0342,117.467
467.453,87.9728,115.965,0.457,50.0091,117.527
467.702,92.025,115.965,0.453,49.9911,117.616
467.953,83.8335,115.965,0.457,50.0064,117.674
468.202,88.1639,115.965,0.472,50.0047,117.749
468.453,87.9287,115.965,0.484,49.944,117.84
468.702,92.0906,115.965,0.484,50.0447,117.897
468.954,99.5565,115.965,0.485,50.0062,117.975
469.202,92.4159,115.965,0.488,50.0327,118.065
469.453,83.9692,115.965,0.43,50.0941,118.124
469.702,88.0078,115.965,0.388,50.0365,118.213
469.953,91.9866,115.965,0.349,50.1103,118.269
470.202,88.015,115.965,0.322,50.0357,118.346
470.453,87.9333,115.965,0.309,49.9863,118.42
470.703,92.0474,115.965,0.314,49.9817,118.491
470.953,88.0021,115.965,0.329,50.0074,118.563
471.202,112.083,115.965,0.34,49.9297,118.627
471.453,95.9433,115.965,0.351,49.9534,118.693
471.702,92.0273,115.965,0.363,49.9591,118.779
471.953,87.9256,115.965,0.391,50.011,118.836
472.202,96.0792,115.965,0.417,50.0441,118.922
472.453,91.9347,115.965,0.428,49.9623,118.991
472.702,100.066,115.965,0.439,50.0018,119.043
472.953,91.7621,115.965,0.45,49.9521,119.114
473.202,96.2549,115.965,0.456,49.9944,119.2
473.453,103.969,115.965,0.474,50.0229,119.256
473.702,92.0621,115.965,0.482,50.0649,119.322
473.953,91.9085,115.965,0.497,50.0451,119.387
474.202,96.0413,115.965,0.53,50.011,119.464
474.453,87.9318,115.965,0.54,49.9852,119.548
474.702,96.0853,115.965,0.542,49.946,119.602
474.953,91.9414,115.965,0.546,49.9566,119.675
475.202,88.0651,115.965,0.549,50.0919,119.764
475.452,91.9741,115.965,0.556,50.0311,119.821
475.702,92.0234,115.965,0.56,50.0225,119.907
475.953,99.9078,115.965,0.56,50.0156,119.964
476.158,102.408,115.965,0.559,49.9741,120.027
476.402,85.8221,115.965,0.558,49.9875,120.116
476.653,91.9604,115.965,0.557,49.9913,120.175
476.902,88.035,115.965,0.556,50.0599,120.264
477.153,87.9628,115.965,0.556,50.0918,120.321
477.402,88.0165,115.965,0.555,50.0252,120.394
477.653,91.9895,115.965,0.555,49.967,120.449
477.902,84.022,115.965,0.555,50.0123,120.469
478.153,91.8551,115.965,0.559,50.0176,120.47
478.402,100.155,115.965,0.567,50.0488,120.471
478.653,87.979,115.965,0.566,49.9508,120.472
478.902,92.0361,115.965,0.565,49.9795,120.473
479.253,79.9313,115.965,0.556,49.9919,120.475
479.502,104.109,115.965,0.557,49.9995,120.476
479.753,91.9438,115.965,0.56,50.0144,120.477
480.002,88.0656,115.965,0.557,50.0171,120.477
480.253,87.9647,115.965,0.563,50.0696,120.478
480.502,96.0375,115.965,0.566,50.0145,120.481
480.753,91.8747,115.965,0.553,50.0394,120.509
481.003,92.0746,115.965,0.54,50.0078,120.569
481.253,95.8358,115.965,0.517,49.9991,120.634
481.502,88.1807,115.965,0.515,50.069,120.695
481.753,87.9633,115.965,0.515,50.0381,120.768
482.002,92.0611,115.965,0.515,50.0711,120.857
482.252,87.9742,115.965,0.518,50.1237,120.915
482.502,88.0254,115.965,0.523,50.028,121.003
482.753,91.9581,115.965,0.53,50.0181,121.058
483.002,88.0349,115.965,0.536,49.9881,121.15
483.253,99.7366,115.965,0.54,49.9973,121.209
483.502,96.2487,115.965,0.54,49.9821,121.28
483.753,91.9534,115.965,0.541,49.9554,121.368
484.002,96.0343,115.965,0.539,50.0249,121.426
484.253,91.9801,115.965,0.54,50.0679,121.492
484.502,92.0447,115.965,0.524,50.0151,121.573
484.753,95.8947,115.965,0.495,50.1022,121.628
485.003,100.044,115.965,0.488,50.0535,121.704
485.253,95.9608,115.965,0.496,49.9835,121.776
485.502,100.076,115.965,0.502,50.0018,121.842
485.752,92.0653,115.965,0.509,49.9849,121.908
486.002,95.9626,115.965,0.516,50,121.98
486.252,87.9716,115.965,0.488,50.0462,122.03
486.502,100.026,115.965,0.453,50.0634,122.105
486.753,95.9453,115.965,0.411,50.0698,122.156
487.002,96.053,115.965,0.371,49.9913,122.243
487.253,99.8967,115.965,0.331,50.0323,122.302
487.502,100.099,115.965,0.316,49.9931,122.368
487.753,95.7977,115.965,0.298,49.9873,122.436
488.002,92.1814,115.965,0.298,50.0217,122.514
488.252,91.9975,115.965,0.3,50.0088,122.571
488.502,96.021,115.965,0.302,50.0405,122.654
488.753,91.9471,115.965,0.323,50.0819,122.707
489.002,92.0396,115.965,0.349,49.9981,122.783
489.253,87.927,115.965,0.389,49.9749,122.855
489.502,88.0809,115.965,0.426,50.0399,122.926
489.754,95.3403,115.965,0.476,49.994,123.004
490.002,88.6106,115.965,0.473,50.0373,123.09
490.253,79.9774,115.965,0.471,50.0409,123.152
490.502,92.0384,115.965,0.469,50.0053,123.24
490.753,87.9705,115.965,0.441,50.2019,123.3
491.002,92.006,115.965,0.428,49.9383,123.376
491.253,83.9593,115.965,0.428,49.9797,123.448
491.502,88.0591,115.965,0.435,50.0293,123.522
491.753,87.9475,115.965,0.442,49.991,123.599
492.002,92.0419,115.965,0.445,49.9966,123.669
492.253,87.9795,115.965,0.447,50.0389,123.746
492.503,104.008,115.965,0.447,50.0411,123.82
492.753,87.9792,115.965,0.447,50.0429,123.892
492.955,88.967,115.965,0.448,50.001,123.955
493.202,92.9219,115.965,0.448,50.0603,124.041
493.453,79.9678,115.965,0.448,50.0303,124.095
493.702,88.0361,115.965,0.448,50.0621,124.176
493.953,87.9708,115.965,0.448,50.1189,124.23
494.202,92.0302,115.965,0.45,50.0198,124.32
494.453,87.9317,115.965,0.469,49.9888,124.392
494.702,92.0609,115.965,0.484,50.022,124.445
494.953,87.8814,115.965,0.476,50.0311,124.536
495.203,95.972,115.965,0.476,50.0512,124.591
495.453,95.7572,115.965,0.473,50.089,124.665
495.702,92.3968,115.965,0.466,50.054,124.756
495.953,87.9531,115.965,0.464,50.0165,124.813
496.202,88.0275,115.965,0.462,50.0378,124.89
496.453,83.9267,115.965,0.462,50.0039,124.964
496.702,96.0911,115.965,0.46,49.9836,125.036
496.953,91.9618,115.965,0.46,50.0009,125.113
497.202,104.055,115.965,0.461,50.0053,125.202
497.453,83.9682,115.965,0.468,50.0107,125.258
497.653,104.656,115.965,0.478,50.0089,125.307
497.902,92.2677,115.965,0.486,50.0654,125.369
498.152,95.9891,115.965,0.509,49.9928,125.442
498.403,87.9772,115.965,0.525,49.9962,125.499
498.653,95.9919,115.965,0.544,50.0392,125.545
498.902,92.0538,115.965,0.55,50.048,125.611
499.153,107.961,115.965,0.498,50.0409,125.652
499.402,100.033,115.965,0.462,50.0116,125.722
499.653,99.9171,115.965,0.427,50.0097,125.765
499.902,96.0699,115.965,0.414,50.0686,125.827
500.153,91.8736,115.965,0.417,50.0137,125.896
500.403,96.0586,115.965,0.419,50.0014,125.963
500.653,96.0251,115.965,0.424,50.0866,126.04
500.902,92.0554,115.965,0.428,50.0628,126.129
501.153,91.9454,115.965,0.431,50.0735,126.185
501.402,96.0581,115.965,0.434,50.0705,126.278
501.653,87.9652,115.965,0.442,50.0563,126.35
501.902,88.0353,115.965,0.446,50.0679,126.406
502.153,91.9555,115.965,0.447,49.9862,126.483
502.402,84.0318,115.965,0.448,50.0182,126.551
502.652,83.9844,115.965,0.45,50.0444,126.628
502.902,96.0293,115.965,0.457,49.9938,126.715
503.153,83.8652,115.965,0.459,50.0535,126.771
503.403,92.1102,115.965,0.461,50.0491,126.848
503.654,87.5184,115.965,0.461,50.0257,126.923
503.902,92.5447,115.965,0.461,49.9558,126.995
504.153,83.8755,115.965,0.462,49.9512,127.073
504.402,88.125,115.965,0.462,49.9975,127.145
504.653,79.9806,115.965,0.462,50.0605,127.222
504.902,96.0053,115.965,0.462,50.0102,127.297
505.153,83.9962,115.965,0.462,50.027,127.367
505.402,92.0288,115.965,0.462,50.0037,127.459
505.655,91.0681,115.965,0.462,50.067,127.514
505.902,88.907,115.965,0.461,50.0183,127.585
506.153,83.9573,115.965,0.449,50.027,127.67
506.402,92.0353,115.965,0.436,50.0121,127.726
506.653,91.9616,115.965,0.435,50.1678,127.802
506.902,96.055,115.965,0.444,49.9885,127.891
507.153,87.9392,115.965,0.462,50.0614,127.943
507.402,96.046,115.965,0.491,49.9894,128.014
507.653,91.8949,115.965,0.521,50.0087,128.086
507.902,100.117,115.965,0.502,50.0644,128.158
508.153,95.9873,115.965,0.478,49.9886,128.25
508.402,100.001,115.965,0.436,50.0073,128.307
508.653,87.9757,115.965,0.425,50.047,128.384
508.902,92.0552,115.965,0.412,50.0246,128.473
509.153,91.8742,115.965,0.413,50.0585,128.529
509.402,96.1319,115.965,0.417,50.0158,128.619
509.653,91.9055,115.965,0.421,50.0093,128.689
509.902,92.0734,115.965,0.426,49.9849,128.743
510.154,95.4191,115.965,0.428,50.0068,128.815
510.402,88.5485,115.965,0.394,50.0112,128.885
510.653,87.8301,115.965,0.374,50.0359,128.959
510.902,88.1762,115.965,0.37,50.0394,129.048
511.152,87.9793,115.965,0.37,50.233,129.102
511.402,84.0058,115.965,0.369,50.0613,129.177
511.653,79.9306,115.965,0.366,50.0226,129.265
511.902,88.0792,115.965,0.364,50.0059,129.32
512.153,103.696,115.965,0.358,49.9726,129.398
512.402,88.2592,115.965,0.353,50.0067,129.469
512.653,83.9552,115.965,0.343,50.0458,129.542
512.902,92.0642,115.965,0.334,50.0058,129.63
513.153,87.9589,115.965,0.326,50.0384,129.685
513.402,92.0438,115.965,0.324,49.9921,129.769
513.652,103.99,115.965,0.328,50.0317,129.837
513.902,99.989,115.965,0.339,49.8543,129.888
514.153,99.9809,115.965,0.355,49.9032,129.971
514.402,100.018,115.965,0.376,49.8955,130.023
514.653,91.9879,115.965,0.409,50.0094,130.09
514.903,99.9938,115.965,0.46,50.0526,130.149
515.153,99.9737,115.965,0.486,50.0668,130.204
515.402,96.0433,115.965,0.517,50.0401,130.264
515.653,103.818,115.965,0.533,50.0135,130.321
515.903,120.163,115.965,0.563,50.0209,130.38
516.153,95.9941,115.965,0.578,50.008,130.451
516.403,103.992,115.965,0.58,50.0028,130.495
516.653,103.819,115.965,0.557,50.0173,130.558
516.902,104.259,115.965,0.537,50.0571,130.63
517.153,95.9688,115.965,0.527,50.0275,130.676
517.402,100.03,115.965,0.526,49.996,130.755
517.656,106.634,115.965,0.526,50.0188,130.808
517.902,101.273,115.965,0.53,49.897,130.878
518.153,99.6842,115.965,0.536,49.9464,130.954
518.402,96.3118,115.965,0.547,49.9753,131.023
518.653,95.9648,115.965,0.551,50.0788,131.096
518.903,91.9204,115.965,0.559,50.0485,131.171
519.153,84.092,115.965,0.567,50.0588,131.241
519.402,100.017,115.965,0.571,50.0162,131.312
519.653,91.9654,115.965,0.571,49.9794,131.377
519.902,96.025,115.965,0.574,50.0394,131.442
520.154,95.3265,115.965,0.581,49.9754,131.508
520.403,92.6391,115.965,0.594,49.9929,131.552
520.653,91.9082,115.965,0.601,49.9845,131.558
520.855,89.0284,115.965,0.593,50.0302,131.559
521.103,96.9526,115.965,0.593,49.9281,131.561
521.353,88.001,115.965,0.594,50.0022,131.562
521.602,100.012,115.965,0.593,49.9821,131.564
521.855,91.1989,115.965,0.593,50.0275,131.565
522.102,96.8698,115.965,0.592,50.0317,131.566
522.352,87.9758,115.965,0.593,49.9951,131.569
522.602,92.0068,115.965,0.595,50.0247,131.57
522.855,102.835,115.965,0.594,50.0626,131.571
523.102,97.1094,115.965,0.603,50.007,131.579
523.353,91.9134,115.965,0.606,49.9867,131.641
523.602,84.0709,115.965,0.606,50.0157,131.688
523.853,91.9321,115.965,0.583,50.0705,131.759
524.102,88.0819,115.965,0.554,50.097,131.845
524.353,91.9656,115.965,0.55,50.035,131.9
524.602,96.0341,115.965,0.55,49.9984,131.993
524.855,102.941,115.965,0.552,50.0361,132.048
525.102,101.03,115.965,0.56,49.9472,132.118
525.353,87.9797,115.965,0.565,49.9396,132.204
525.602,92.0142,115.965,0.57,50.0377,132.258
525.803,94.73,115.965,0.568,49.9778,132.323
526.054,91.786,115.965,0.569,49.9944,132.393
526.302,92.4338,115.965,0.57,50.0184,132.469
526.553,95.8489,115.965,0.572,49.9546,132.546
526.802,104.158,115.965,0.576,50.0171,132.61
527.053,95.9515,115.965,0.58,50.0536,132.673
527.302,100.069,115.965,0.593,50.0182,132.74
527.552,99.971,115.965,0.611,50.0249,132.78
527.802,116.024,115.965,0.616,50.0361,132.846
528.053,115.931,115.965,0.591,50.0159,132.885
528.302,100.05,115.965,0.528,50.0061,132.936
528.553,95.9498,115.965,0.486,49.9998,132.994
528.802,100.064,115.965,0.418,50.02,133.051
529.052,99.9763,115.965,0.373,50.0746,133.125
529.302,92.0305,115.965,0.325,50.0651,133.19
529.552,103.968,115.965,0.303,50.0402,133.247
529.753,104.501,115.965,0.286,49.9813,133.308
530.002,100.404,115.965,0.271,50.0019,133.379
530.253,99.79,115.965,0.28,50.0377,133.454
530.454,94.3548,115.965,0.289,50.0551,133.508
530.702,92.6982,115.965,0.325,50.0916,133.578
530.952,96.0354,115.965,0.349,50.0278,133.651
531.202,87.964,115.965,0.369,50.02,133.721
531.453,91.9415,115.965,0.37,50.0502,133.807
531.702,84.0673,115.965,0.377,50.0515,133.879
531.952,95.9737,115.965,0.385,50.0278,133.936
532.202,88.0227,115.965,0.393,49.9913,134.025
532.453,103.62,115.965,0.398,50.0045,134.08
532.702,92.3286,115.965,0.406,50.0642,134.155
532.953,91.9587,115.965,0.409,50.0137,134.229
533.202,88.0426,115.965,0.426,50.0356,134.299
533.453,87.9623,115.965,0.43,50.0635,134.372
533.702,84.042,115.965,0.432,50.0102,134.46
533.953,95.9705,115.965,0.433,49.9848,134.516
534.203,87.9666,115.965,0.434,49.9898,134.592
534.453,99.9993,115.965,0.434,50.0381,134.664
534.702,100.054,115.965,0.435,50.0682,134.735
534.953,95.8516,115.965,0.439,49.985,134.819
535.202,92.1451,115.965,0.448,50.0481,134.874
535.453,91.9823,115.965,0.455,50.0017,134.96
535.702,96.0309,115.965,0.471,50.0168,135.033
535.952,99.9718,115.965,0.48,50.1139,135.086
536.202,96.0216,115.965,0.486,50.0548,135.174
536.453,99.7487,115.965,0.488,50.0674,135.229
536.702,88.2086,115.965,0.489,49.9997,135.301
536.952,100.023,115.965,0.48,50.0199,135.372
537.202,119.986,115.965,0.462,50.0797,135.44
537.453,95.9717,115.965,0.463,50.06,135.515
537.702,92.0368,115.965,0.449,50.0612,135.604
537.953,87.9691,115.965,0.448,50.0919,135.657
538.202,96.0308,115.965,0.435,50.045,135.74
538.453,99.8418,115.965,0.434,49.9984,135.795
538.703,96.0658,115.965,0.434,50.006,135.866
538.955,95.2615,115.965,0.434,49.9735,135.943
539.202,92.7813,115.965,0.434,50.0198,136.013
539.452,88.016,115.965,0.436,50.0148,136.098
539.702,84.0054,115.965,0.443,50.0579,136.175
539.952,91.9746,115.965,0.447,50.1146,136.23
540.202,92.0262,115.965,0.456,50.0475,136.321
540.453,91.9199,115.965,0.458,50.0395,136.375
540.654,84.465,115.965,0.462,50.0275,136.436
540.903,92.4793,115.965,0.47,50.0806,136.524
541.153,92.0377,115.965,0.473,50.056,136.58
541.402,88.0276,115.965,0.474,50.0344,136.67
541.653,87.9044,115.965,0.474,50.0361,136.728
541.903,92.0337,115.965,0.471,49.9966,136.804
542.152,108.054,115.965,0.468,49.9955,136.894
542.402,88.0202,115.965,0.466,50.0285,136.952
542.652,87.9986,115.965,0.465,49.99,137.043
542.902,88.0041,115.965,0.464,50.7263,137.12
543.153,87.9639,115.965,0.464,50.041,137.175
543.402,104.042,115.965,0.463,49.9948,137.261
543.653,99.8503,115.965,0.463,50.0321,137.315
543.902,92.1235,115.965,0.469,50.0153,137.387
544.152,91.9881,115.965,0.475,49.9884,137.47
544.402,92.0177,115.965,0.483,50.0853,137.515
544.653,95.9248,115.965,0.488,50.0351,137.554
544.902,100.089,115.965,0.498,50.0758,137.556
545.153,99.9657,115.965,0.489,50.0183,137.557
545.403,88.0011,115.965,0.484,50.0447,137.559
545.654,99.4567,115.965,0.483,50.0954,137.559
545.902,108.611,115.965,0.482,49.9713,137.56
546.153,95.9848,115.965,0.482,49.9701,137.562
546.402,104.011,115.965,0.485,50,137.564
546.653,91.9715,115.965,0.485,49.9911,137.564
546.902,92.0484,115.965,0.486,50.0151,137.565
547.152,91.9743,115.965,0.484,50.0298,137.566
547.402,96.0252,115.965,0.484,50.0332,137.567
547.654,95.5587,115.965,0.486,50.0349,137.568
547.902,104.462,115.965,0.491,50.0838,137.601
548.154,103.465,115.965,0.497,49.9877,137.658
548.402,96.5096,115.965,0.47,50.0048,137.716
548.653,95.6787,115.965,0.462,50.007,137.781
548.902,92.3032,115.965,0.461,50.2416,137.846
549.152,99.9891,115.965,0.46,50.1459,137.913
549.402,96.0242,115.965,0.461,50.007,138
549.653,99.8574,115.965,0.461,50.0822,138.057
549.855,94.0072,115.965,0.462,49.9983,138.115
550.102,96.9568,115.965,0.462,50.0128,138.199
550.352,91.9786,115.965,0.461,50.09,138.252
550.602,88.0195,115.965,0.449,50.0048,138.339
550.853,83.9345,115.965,0.435,49.9982,138.396
551.102,88.0718,115.965,0.431,50.0719,138.482
551.353,91.9658,115.965,0.428,50.0019,138.556
551.602,84.0269,115.965,0.415,50.0028,138.612
551.852,96.0293,115.965,0.413,50.0015,138.686
552.102,95.9799,115.965,0.4,50.0762,138.769
552.352,92.0103,115.965,0.399,50.048,138.827
552.553,89.6333,115.965,0.399,49.9383,138.887
552.802,88.2693,115.965,0.402,50.007,138.958
553.053,83.9359,115.965,0.405,49.999,139.033
553.302,88.0748,115.965,0.409,50.0752,139.125
553.553,87.9694,115.965,0.41,50.0587,139.182
553.802,84.0282,115.965,0.413,50.0213,139.272
554.053,99.8984,115.965,0.42,50.0517,139.328
554.303,92.0405,115.965,0.422,50.0192,139.401
554.552,96.042,115.965,0.423,49.9853,139.478
554.802,88.0051,115.965,0.422,50.0223,139.549
555.053,91.9573,115.965,0.401,49.9837,139.627
555.253,94.6122,115.965,0.407,50.0229,139.68
555.502,96.3516,115.965,0.414,50.0304,139.746
555.753,95.8616,115.965,0.419,50.0447,139.809
556.002,100.144,115.965,0.422,50.1171,139.863
556.254,91.5109,115.965,0.43,50.0569,139.919
556.502,96.5372,115.965,0.43,50.0404,139.986
556.752,99.9742,115.965,0.424,50.0085,140.026
557.002,100.013,115.965,0.42,50.0516,140.093
557.253,95.6141,115.965,0.398,50.0157,140.136
557.502,104.433,115.965,0.364,50.0926,140.208
557.753,95.9613,115.965,0.318,50.0328,140.274
558.002,88.0259,115.965,0.302,49.9815,140.325
558.253,95.9734,115.965,0.3,50.0893,140.407
558.502,92.0134,115.965,0.305,50.0461,140.465
558.752,99.9932,115.965,0.32,50.0391,140.537
559.002,92.0257,115.965,0.335,50.0461,140.625
559.253,95.7227,115.965,0.36,50.0593,140.677
559.502,100.274,115.965,0.386,50.0744,140.744
559.753,103.962,115.965,0.42,50.0239,140.82
560.002,80.0342,115.965,0.452,50.0496,140.89
560.254,103.434,115.965,0.485,49.9949,140.965
560.502,88.4872,115.965,0.515,50.1062,141.029
560.753,95.9725,115.965,0.56,50.0007,141.102
561.002,104.04,115.965,0.597,50.0633,141.194
561.253,99.8279,115.965,0.653,50.0108,141.246
561.502,92.1558,115.965,0.694,50.0769,141.327
561.752,95.9841,115.965,0.744,49.9807,141.391
562.002,88.0119,115.965,0.769,50.0473,141.436
562.253,99.8993,115.965,0.813,50.0673,141.508
562.502,88.0948,115.965,0.831,50.0766,141.575
562.753,103.951,115.965,0.855,50.042,141.625
563.002,88.0432,115.965,0.888,50.0359,141.71
563.253,91.9275,115.965,0.887,50.0401,141.767
563.454,99.2585,115.965,0.867,49.9969,141.826
563.655,79.703,115.965,0.847,50.045,141.88
563.902,92.8955,115.965,0.827,50.0222,141.952
564.153,87.909,115.965,0.792,50.0141,142.024
564.402,96.0854,115.965,0.771,50.0317,142.093
564.652,84.0093,115.965,0.745,50.0064,142.181
564.902,92.0128,115.965,0.739,50.048,142.245
565.153,87.9679,115.965,0.744,50.0098,142.298
565.402,92.0285,115.965,0.748,50.0301,142.372
565.655,95.0782,115.965,0.779,50.0144,142.416
565.902,100.976,115.965,0.785,50.0354,142.489
566.152,99.9913,115.965,0.72,49.9915,142.556
566.402,88.0024,115.965,0.67,49.9985,142.611
566.652,91.996,115.965,0.605,50.0084,142.698
566.902,96.0022,115.965,0.564,50.0772,142.775
567.153,91.9834,115.965,0.499,50.0297,142.829
567.402,92.0296,115.965,0.462,50.1058,142.908
567.653,99.9595,115.965,0.397,50.0198,142.95
567.902,96.014,115.965,0.384,49.9814,142.979
568.152,100.034,115.965,0.384,50.0126,142.98
568.402,87.9904,115.965,0.384,50.0288,142.981
568.652,91.9827,115.965,0.371,50.004,142.982
568.853,84.5928,115.965,0.37,50.0863,142.983
569.102,92.3768,115.965,0.37,50.0833,142.985
569.352,87.9798,115.965,0.369,49.9951,142.986
569.602,88.0114,115.965,0.363,50.0591,142.987
569.852,96.0043,115.965,0.359,50.0023,142.988
570.103,91.9659,115.965,0.347,49.9829,142.989
570.352,92.0145,115.965,0.347,50.081,142.99
