time,cpu,memory,obstacle_distance,cmd_vel_frequency,distance_travelled
0.211612,0,172.129,0.275,0,0
0.461992,207.685,172.316,0.275,8.57553,0
0.711324,200.535,172.324,0.279,11.8144,0.0117595
0.962238,203.257,172.383,0.299,9.12451,0.0346863
1.21142,208.683,173.066,0.331,9.42793,0.0787207
1.41252,193.932,173.07,0.399,10.8345,0.138307
1.61558,201.915,173.07,0.46,11.0849,0.209236
1.86064,216.273,173.07,0.464,10.4597,0.268738
2.06511,200.516,173.07,0.461,10.5855,0.326613
2.31403,204.888,173.742,0.46,11.2898,0.398722
2.56098,210.564,173.742,0.453,10.8931,0.488929
2.81063,200.279,173.75,0.448,10.5116,0.547806
3.01175,159.115,173.766,0.447,10.7464,0.617922
3.26054,156.755,174.352,0.445,11.006,0.688512
3.51061,159.958,174.355,0.445,11.2524,0.735327
3.7124,183.361,174.355,0.445,11.3464,0.806798
3.96175,204.526,174.367,0.445,11.4286,0.883118
4.21345,194.677,174.945,0.445,11.1729,0.959584
4.46343,204.02,174.949,0.445,11.3466,1.03202
4.71121,197.754,174.953,0.445,11.2227,1.10159
4.96058,132.331,174.953,0.445,11.1166,1.19156
5.16193,173.834,174.957,0.445,11.7877,1.24702
5.41093,160.641,175.473,0.448,12.209,1.309
5.62745,184.737,175.473,0.451,11.9723,1.36894
5.8605,167.346,175.473,0.454,12.5018,1.44042
6.11165,147.323,175.473,0.405,12.6914,1.51547
6.36055,184.815,176.051,0.379,12.8666,1.6022
6.61103,167.678,176.062,0.354,13.3746,1.66136
6.86109,159.959,176.062,0.341,13.3745,1.73406
7.06229,149.104,176.062,0.341,13.3756,1.78877
7.31054,153.073,176.488,0.334,13.5623,1.87719
7.51457,142.134,176.488,0.331,14.5676,1.91849
7.7605,142.318,176.488,0.33,15.0852,2.00964
8.01242,138.932,176.488,0.326,15.5659,2.08038
8.26055,145.088,176.488,0.322,16.1184,2.15183
8.51053,140.01,177.062,0.32,16.0778,2.22321
8.76052,136.008,177.062,0.319,16.6104,2.29651
9.01055,143.982,177.062,0.322,17.1947,2.36645
9.26051,128.018,177.062,0.325,17.8223,2.44223
9.46136,179.236,177.637,0.311,17.8189,2.47924
9.71308,218.502,177.637,0.309,17.5017,2.55036
9.961,213.777,177.637,0.317,17.2133,2.5918
10.2106,196.283,177.637,0.366,16.6235,2.6489
10.4142,201.433,178.203,0.378,16.6021,2.69588
10.661,206.64,178.203,0.379,16.2742,2.75512
10.9115,175.628,178.203,0.378,16.0667,2.83228
11.1605,148.585,178.203,0.38,16.3342,2.89276
11.4104,140.048,178.688,0.383,16.0724,2.94825
11.6631,182.085,178.688,0.388,16.3259,3.00453
11.9115,169.044,178.688,0.389,16.0659,3.04668
12.1609,212.513,178.688,0.386,15.555,3.11878
12.3654,176.097,178.695,0.381,15.5417,3.15875
12.6109,191.409,179.246,0.37,15.172,3.23333
12.8605,164.257,179.246,0.374,15.3131,3.31205
13.0616,159.135,179.246,0.377,16.3577,3.35933
13.3111,216.41,179.246,0.382,16.6114,3.42851
13.561,192.122,179.805,0.389,16.6254,3.49316
13.8105,180.311,179.805,0.366,16.6131,3.56004
14.0617,211,179.805,0.356,16.1706,3.62428
14.3117,232.014,179.805,0.338,15.5183,3.67175
14.5132,193.534,180.336,0.329,15.0578,3.73645
14.762,217.046,180.336,0.319,15.2979,3.77313
15.0105,169.02,180.336,0.304,15.0745,3.8289
15.2605,135.995,180.336,0.291,15.6514,3.8888
15.463,138.289,180.336,0.289,15.5611,3.92383
15.7105,157.581,180.828,0.289,16.3389,4.00438
15.9609,119.802,180.828,0.289,16.3402,4.07524
16.2105,144.257,180.828,0.29,16.3585,4.14757
16.4608,123.811,180.828,0.29,16.9546,4.22203
16.7106,164.132,181.367,0.295,17.194,4.27809
16.9606,168.038,181.367,0.299,19.2301,4.36732
17.1643,166.921,181.367,0.301,19.2228,4.3992
17.4113,194.292,181.367,0.319,19.6142,4.46897
17.6604,176.614,181.887,0.314,19.6018,4.52673
17.9112,131.594,181.887,0.277,19.2169,4.58366
18.1605,132.384,181.887,0.262,19.2195,4.66612
18.4105,123.974,181.887,0.252,19.2175,4.73653
18.6119,139.026,182.422,0.256,19.2135,4.79413
18.8606,144.801,182.422,0.269,18.848,4.86312
19.1105,152.027,182.422,0.301,18.8469,4.91429
19.3605,132.017,182.422,0.31,18.8604,4.97902
19.6105,151.965,182.953,0.314,18.4819,5.01969
19.8605,132.024,182.953,0.317,18.493,5.09006
20.1105,147.975,182.953,0.32,18.8465,5.1492
20.3605,136,182.953,0.324,19.217,5.20858
20.6114,139.512,183.449,0.318,19.2112,5.27175
20.8606,120.4,183.449,0.328,19.217,5.33882
21.1105,140.034,183.449,0.329,19.2162,5.38712
21.3605,136.036,183.449,0.338,19.2162,5.46506
21.6106,143.928,183.879,0.355,19.601,5.52956
21.8605,116.028,183.879,0.366,20.0006,5.60172
22.1106,139.98,183.879,0.407,20.0162,5.67505
22.3608,123.873,183.879,0.447,19.6015,5.74071
22.6107,140.046,183.879,0.5,19.6004,5.81439
22.8605,116.108,184.336,0.549,19.5999,5.89059
23.0618,144.086,184.395,0.587,19.5999,5.92969
23.3114,140.222,184.395,0.646,19.6186,6.0169
23.5605,156.524,184.395,0.705,18.8465,6.08649
23.8105,144.045,184.867,0.766,18.8487,6.15602
24.0604,124.009,184.867,0.748,18.8461,6.2297
24.3105,127.986,184.867,0.667,18.8485,6.29748
24.5605,131.979,184.867,0.613,18.8492,6.3751
24.8105,132.016,185.367,0.524,19.2163,6.44322
25.0605,123.988,185.367,0.481,19.2151,6.51632
25.3118,139.275,185.371,0.405,19.2161,6.58999
25.5608,116.459,185.371,0.368,19.2161,6.65913
25.8105,136.189,185.891,0.301,19.5999,6.73241
26.0605,119.969,185.891,0.273,20.0012,6.80683
26.3107,135.889,185.891,0.244,20.0111,6.8612
26.5604,124.156,185.891,0.235,19.6007,6.94907
26.8104,132.03,186.414,0.238,19.6023,7.01781
27.0605,127.945,186.414,0.248,19.5997,7.08667
27.3105,132.016,186.414,0.281,19.5966,7.15349
27.5605,123.976,186.414,0.295,19.6014,7.21815
27.8104,148.038,186.844,0.307,19.6007,7.288
28.0604,111.997,186.867,0.312,19.6066,7.35936
28.3105,143.952,186.867,0.345,19.6018,7.4291
28.5613,123.599,186.867,0.37,19.6005,7.50483
28.8105,132.455,187.047,0.412,19.5972,7.56968
29.0605,131.976,187.047,0.437,19.9956,7.63019
29.3105,140.039,187.047,0.489,20.0052,7.70283
29.5609,123.767,187.047,0.521,20.0119,7.7661
29.8105,176.336,187.586,0.564,19.971,7.83975
30.0605,123.98,187.586,0.596,20.0054,7.90562
30.3105,131.988,187.586,0.645,19.6031,7.97862
30.5117,124.281,187.586,0.682,19.6036,8.0409
30.7606,120.521,187.586,0.718,19.6013,8.1123
31.0105,136.068,187.945,0.734,19.5994,8.18229
31.2605,123.984,187.945,0.746,19.6023,8.24657
31.5104,132.03,187.945,0.761,19.6037,8.31663
31.7606,135.899,187.945,0.792,19.6025,8.39208
31.9612,119.687,187.945,0.817,19.6033,8.44376
32.2105,132.323,187.945,0.857,19.6027,8.51464
32.461,127.788,187.945,0.885,19.6035,8.57322
32.7105,132.236,187.945,0.911,20.0032,8.65679
32.9604,116.036,188.43,0.912,20.0033,8.73263
33.1611,139.547,188.43,0.917,19.6029,8.78402
33.4105,128.302,188.43,0.932,19.6036,8.84716
33.6605,128.005,188.43,0.941,19.6061,8.89861
33.9105,128.006,188.434,0.958,19.2192,8.94551
34.1605,135.969,188.508,0.969,18.9529,8.98157
34.4105,128.011,188.508,0.977,18.9519,8.98529
34.6605,128.003,188.508,0.98,18.9508,8.98938
34.9105,140.027,188.508,0.971,18.9505,8.99435
35.111,144.571,188.578,0.973,18.9507,8.99593
35.3605,132.263,188.578,0.968,18.2453,8.997
35.6105,148.019,188.578,0.964,18.5913,8.99831
35.8605,131.999,188.578,0.964,18.2378,8.99959
36.1113,151.498,188.578,0.963,18.2437,9.00173
36.3605,136.464,188.645,0.965,17.9102,9.00301
36.6105,155.976,188.645,0.966,18.2419,9.00512
36.8605,124.003,188.645,0.963,18.4846,9.00632
37.1123,170.81,188.645,0.967,18.1474,9.00707
37.3605,136.965,188.711,0.967,18.1473,9.00962
37.561,144.625,188.711,0.973,18.1594,9.02441
37.8106,148.278,188.711,0.989,17.8154,9.07912
38.0605,132.029,188.711,1,18.4885,9.13788
38.3106,151.963,188.785,1.013,18.4915,9.19817
38.5605,128.013,188.785,1.016,18.5084,9.27042
38.761,134.682,188.785,1.022,18.4895,9.32714
39.0115,127.748,188.785,1.035,18.8464,9.40095
39.2605,144.579,188.832,1.03,18.8472,9.4702
39.5106,135.955,188.832,0.992,18.4966,9.5452
39.7605,128.045,188.832,0.974,18.8459,9.61178
40.0106,147.96,188.832,0.95,18.4896,9.68084
40.2605,132.034,188.91,0.942,18.4939,9.75056
40.5114,135.541,188.91,0.941,18.8465,9.82264
40.7605,136.439,188.91,0.927,18.846,9.88575
41.0114,135.548,188.91,0.933,18.8472,9.95869
41.2607,124.349,189.039,0.916,19.2145,10.0269
41.5105,152.093,189.039,0.882,19.2148,10.0965
41.7605,123.995,189.039,0.856,18.4913,10.1688
41.9615,139.36,189.039,0.829,18.8566,10.2259
42.2105,140.554,189.039,0.792,18.8515,10.2969
42.462,127.205,189.133,0.758,19.2193,10.3717
42.7105,156.983,189.133,0.704,18.846,10.4339
42.9605,123.959,189.133,0.677,18.8467,10.4992
43.2105,152.004,189.133,0.64,18.8458,10.5675
43.4605,128.041,189.203,0.622,18.4718,10.6194
43.7106,143.939,189.203,0.594,18.4895,10.7064
43.9606,119.997,189.203,0.579,18.1482,10.7769
44.2106,143.969,189.203,0.547,18.1511,10.8498
44.4606,132.033,189.277,0.522,18.8425,10.9233
44.7108,139.854,189.277,0.485,18.8458,10.9919
44.9605,120.151,189.277,0.468,18.844,11.0584
45.2105,147.999,189.277,0.455,18.8458,11.1283
45.4616,123.466,189.309,0.467,18.4865,11.1994
45.7105,140.603,189.324,0.48,18.4845,11.2735
45.9624,134.998,189.324,0.495,18.834,11.3431
46.2105,145.095,189.324,0.533,18.8243,11.4134
46.4608,123.854,188.762,0.567,19.2106,11.4874
46.7105,152.179,188.844,0.617,19.2115,11.5572
46.9605,123.989,188.844,0.668,19.2052,11.6317
47.2105,152.005,188.844,0.728,19.2118,11.7031
47.4606,123.935,188.934,0.727,18.8306,11.762
47.7105,140.105,188.934,0.676,19.1968,11.8476
47.9611,131.635,188.934,0.642,19.207,11.9159
48.2105,136.375,188.934,0.59,18.8428,11.9874
48.4618,127.329,189.055,0.547,18.8477,12.0577
48.7107,152.66,189.055,0.495,18.4943,12.1138
48.9605,120.096,189.055,0.46,18.5078,12.2016
49.2105,147.991,189.055,0.406,18.1488,12.2697
49.4609,119.812,188.605,0.371,17.8201,12.3285
49.7105,140.25,188.605,0.325,17.8142,12.4201
49.9605,127.963,188.605,0.304,17.5003,12.4899
50.2105,144.022,188.605,0.299,17.8327,12.5579
50.4618,127.355,188.605,0.294,17.8148,12.6062
50.7105,156.816,188.68,0.296,18.1498,12.6747
50.9607,131.886,188.68,0.298,18.1538,12.7335
51.2105,152.105,188.68,0.307,18.4987,12.792
51.4607,127.876,188.68,0.319,18.4924,12.8506
51.7105,152.155,188.723,0.321,18.8539,12.9104
51.9611,127.7,188.723,0.324,19.2169,12.9667
52.2105,156.341,188.723,0.327,19.2258,13.0282
52.4618,123.382,188.723,0.33,19.6082,13.093
52.7107,152.658,188.773,0.336,19.5966,13.1524
52.9615,131.602,188.777,0.326,19.2242,13.2161
53.2105,144.532,188.777,0.325,19.2187,13.2744
53.463,130.691,188.777,0.325,18.8487,13.3386
53.7105,149.529,188.828,0.326,19.2159,13.395
53.961,127.738,188.828,0.326,18.8474,13.4462
54.2105,144.301,188.828,0.323,18.8465,13.5065
54.4617,135.331,188.828,0.318,18.847,13.5684
54.7109,148.499,188.879,0.323,18.4831,13.6382
54.9605,124.178,188.879,0.332,18.4896,13.7151
55.2105,139.988,188.879,0.353,18.4919,13.7857
55.4606,119.949,188.879,0.368,18.1472,13.857
55.7105,140.108,188.938,0.379,18.4868,13.9288
55.9606,135.947,188.938,0.392,18.1489,13.9939
56.2125,134.93,188.938,0.398,18.4915,14.0629
56.4606,169.314,188.938,0.403,18.4808,14.1334
56.7106,147.998,189.055,0.403,18.4919,14.2043
56.9616,127.465,189.055,0.403,18.1476,14.2776
57.2105,132.605,189.055,0.399,18.4922,14.3483
57.4607,119.931,189.055,0.393,18.1524,14.4081
57.7106,152.003,189.09,0.39,18.149,14.4975
57.9605,116.048,189.113,0.385,17.8168,14.5673
58.2105,152.016,189.117,0.383,17.8173,14.6375
58.4606,119.978,189.117,0.377,17.8167,14.7073
58.7106,151.981,189.164,0.372,17.8187,14.7828
58.9605,116.045,189.164,0.368,17.8176,14.8555
59.2104,136.078,189.164,0.362,18.1482,14.9079
59.4605,131.908,189.164,0.357,17.8131,14.9953
59.7111,135.703,189.23,0.355,17.8171,15.0722
59.9609,136.086,189.23,0.354,17.8156,15.1271
60.2105,136.233,189.23,0.353,18.1463,15.2172
60.4607,123.874,189.23,0.353,18.4936,15.2746
60.7105,148.158,189.23,0.353,18.4908,15.3615
60.9613,119.605,189.25,0.353,18.4913,15.4367
61.2105,144.443,189.25,0.358,18.8464,15.5074
61.4605,123.996,189.25,0.363,18.455,15.5815
61.7105,140.023,189.25,0.364,18.4888,15.6577
61.9605,128.019,189.25,0.366,18.1438,15.7277
62.2105,127.999,189.25,0.366,18.4875,15.8008
62.4606,127.914,189.25,0.366,18.8645,15.8722
62.7105,144.064,189.25,0.366,18.8449,15.9389
62.9605,132.01,189.254,0.361,18.8446,16.0145
63.1612,129.565,189.254,0.355,18.4849,16.0695
63.362,124.499,189.254,0.34,18.1464,16.1286
63.6105,144.848,189.254,0.34,18.1492,16.1976
63.8605,123.99,189.258,0.339,18.1452,16.271
64.1105,148.006,189.258,0.334,18.4871,16.3463
64.3617,119.437,189.258,0.33,18.1459,16.4134
64.6105,140.654,189.258,0.329,18.492,16.4864
64.8607,131.943,189.461,0.328,18.4859,16.5565
65.1113,139.611,189.461,0.327,18.1453,16.6326
65.3605,136.453,189.461,0.327,18.1314,16.7065
65.6105,135.991,189.461,0.327,18.1471,16.7727
65.8113,129.527,189.461,0.323,18.1502,16.829
66.0605,136.392,189.461,0.317,18.4859,16.8986
66.3105,176.047,189.461,0.291,18.1391,16.9715
66.5605,131.969,189.461,0.286,18.4909,17.0446
66.8106,131.97,189.461,0.287,18.8471,17.1147
67.0607,131.941,189.664,0.288,18.8553,17.1881
67.3105,180.174,189.664,0.286,18.4882,17.2649
67.5617,119.421,189.664,0.265,18.492,17.3325
67.8105,148.679,189.664,0.276,18.4908,17.3994
68.0608,131.883,189.664,0.256,18.4815,17.4697
68.3106,136.096,189.664,0.272,18.494,17.5201
68.5604,132.072,189.664,0.287,18.8531,17.5997
68.8105,143.959,189.664,0.297,18.8482,17.6546
69.0605,132.011,189.664,0.316,18.4861,17.7098
69.3105,139.992,189.664,0.328,18.4931,17.7661
69.5614,139.511,189.664,0.353,18.4733,17.8196
69.8106,140.418,189.664,0.368,18.4943,17.875
70.0605,140.081,189.664,0.384,18.8496,17.9274
70.3104,144.03,189.664,0.388,19.2157,17.9913
70.5605,127.961,189.664,0.393,19.2188,18.0608
70.7614,134.413,189.664,0.39,18.8469,18.113
71.0106,140.456,189.664,0.381,18.4919,18.1861
71.2605,128.04,189.664,0.367,18.8461,18.2539
71.5105,139.98,189.664,0.354,18.4921,18.316
71.7605,136.021,189.664,0.355,18.5062,18.3781
72.0122,139.055,190.059,0.36,18.4916,18.4448
72.2605,124.831,190.059,0.368,18.1649,18.5174
72.4613,119.529,190.059,0.374,18.1482,18.569
72.7105,144.48,190.059,0.381,17.4992,18.6406
72.9605,120.001,190.059,0.387,17.4912,18.7161
73.2105,147.983,190.059,0.39,17.4956,18.7865
73.4605,123.995,190.059,0.391,17.4997,18.8606
73.7104,136.046,190.059,0.391,17.4992,18.9372
73.9113,129.416,190.059,0.391,17.1927,18.992
74.1604,136.505,190.059,0.391,17.8163,19.0669
74.4107,127.859,190.059,0.391,18.1485,19.1233
74.6605,136.106,190.059,0.387,17.8177,19.2108
74.9111,119.731,190.059,0.385,18.1479,19.286
75.1608,144.15,190.059,0.383,18.1465,19.3547
75.4105,124.14,190.059,0.382,18.848,19.4305
75.6113,144.408,190.059,0.382,18.8472,19.4871
75.8604,120.461,190.059,0.382,18.4905,19.5603
76.1105,131.918,190.059,0.382,18.8474,19.6313
76.3604,128.062,190.059,0.382,18.4904,19.6924
76.611,135.696,190.059,0.382,18.488,19.7776
76.8605,124.219,190.059,0.382,18.4886,19.8481
77.0619,129.133,190.059,0.379,18.1469,19.9089
77.3105,124.682,190.059,0.376,18.4899,19.9822
77.5607,135.884,190.059,0.373,18.1536,20.0515
77.8105,132.14,190.059,0.375,18.1525,20.1241
78.0605,127.962,190.059,0.329,18.1466,20.1922
78.3105,132.037,190.527,0.298,17.8165,20.2641
78.5615,135.434,190.527,0.263,18.1471,20.3334
78.8105,168.715,190.527,0.244,17.8163,20.4012
79.0605,123.981,190.527,0.239,17.4992,20.4747
79.3104,148.027,190.527,0.245,17.4941,20.5452
79.5611,119.686,190.527,0.256,17.4994,20.5967
79.8108,140.192,190.527,0.262,17.5065,20.6807
80.0604,120.179,190.527,0.271,17.5002,20.7541
80.3105,131.918,190.527,0.278,17.81,20.8235
80.5605,140.005,190.527,0.287,17.8193,20.8993
80.8105,128.007,190.527,0.29,17.4999,20.9696
81.0605,128.011,190.527,0.292,17.5023,21.0425
81.3105,132.008,190.527,0.294,17.5006,21.1117
81.5606,131.937,190.527,0.306,17.4915,21.18
81.8104,128.102,190.527,0.313,17.8205,21.253
82.0605,127.955,190.527,0.342,17.8177,21.3239
82.311,131.739,190.527,0.372,18.1504,21.401
82.5606,120.202,190.527,0.429,18.4946,21.4771
82.8105,136.025,190.527,0.464,18.4951,21.5479
83.0605,120.005,190.527,0.495,18.1598,21.622
83.3105,139.999,190.527,0.497,18.4949,21.6982
83.5608,119.873,190.527,0.499,18.4946,21.7539
83.8105,128.126,190.527,0.5,18.4922,21.8415
84.0605,128.02,190.527,0.506,18.8572,21.911
84.3104,128.037,190.527,0.504,18.4942,21.9889
84.5605,131.962,190.527,0.502,18.849,22.064
84.8105,131.988,190.527,0.502,18.5012,22.1343
85.0605,132.01,190.527,0.501,18.4977,22.2074
85.3105,123.981,190.527,0.5,18.4927,22.282
85.5605,120.003,190.57,0.499,18.1509,22.353
85.8105,140.023,190.57,0.494,18.1523,22.4155
86.0605,115.992,190.57,0.49,18.1601,22.4713
86.3105,136.008,190.57,0.488,18.1507,22.5066
86.5606,119.95,190.57,0.488,18.4938,22.5546
86.8105,124.067,190.57,0.488,18.8485,22.565
87.0605,124.005,190.57,0.49,18.8521,22.5656
87.3106,127.936,190.57,0.493,19.217,22.5658
87.5605,128.021,190.57,0.487,19.2176,22.5664
87.8106,135.99,190.57,0.487,18.8485,22.5679
88.0605,136.014,190.57,0.484,19.2172,22.5694
88.3105,140.004,190.57,0.474,18.8472,22.5707
88.5605,136.005,190.57,0.472,19.2127,22.5727
88.8105,135.995,190.57,0.471,19.2185,22.5746
89.0605,132.019,190.57,0.471,18.9347,22.5766
89.3105,139.976,190.598,0.471,18.9347,22.5782
89.5608,139.874,190.598,0.471,18.5735,22.5805
89.8105,140.138,190.598,0.471,18.226,22.5818
90.0113,139.455,190.609,0.471,18.2214,22.5827
90.2605,144.456,190.609,0.472,17.8984,22.5849
90.5106,143.944,190.609,0.478,18.2244,22.6134
90.7606,144.025,190.609,0.501,18.2282,22.6708
91.0104,140.061,190.609,0.517,18.5678,22.7278
91.2606,139.9,190.66,0.532,18.5729,22.7898
91.5115,131.524,190.66,0.535,18.227,22.8619
91.7605,132.539,190.66,0.537,17.5742,22.937
92.0105,131.986,190.66,0.536,18.1465,23.0082
92.2605,136.014,190.668,0.536,18.1478,23.0821
92.5103,132.096,190.668,0.535,18.4847,23.1528
92.7611,135.565,190.668,0.535,18.1474,23.2291
93.0104,128.365,190.668,0.534,18.1439,23.302
93.2605,131.936,190.715,0.534,18.1542,23.3727
93.5105,144.021,190.715,0.534,18.1356,23.4482
93.7605,127.989,190.715,0.534,18.1456,23.5211
94.011,143.736,190.715,0.535,17.8165,23.5769
94.2606,124.199,190.719,0.52,17.8214,23.666
94.4616,129.318,190.719,0.483,17.8208,23.7277
94.7104,144.698,190.719,0.448,18.1499,23.7984
94.9606,115.945,190.719,0.404,18.4895,23.8739
95.2105,152.021,190.719,0.388,18.1512,23.9449
95.4605,120.002,190.719,0.371,18.1487,24.0183
95.7105,136.014,190.719,0.372,18.4977,24.0892
95.9606,131.923,190.719,0.368,18.1528,24.1641
96.2105,140.096,190.719,0.364,17.814,24.2359
96.4624,130.989,190.719,0.36,17.8252,24.3045
96.7105,137.035,190.719,0.357,17.8096,24.3788
96.9605,128.01,190.719,0.358,17.8195,24.4548
97.161,129.647,190.719,0.344,17.8267,24.5107
97.4105,128.263,190.719,0.312,17.8148,24.5843
97.6608,143.857,190.719,0.281,17.817,24.6554
97.9106,124.085,190.719,0.268,18.1468,24.7251
98.114,157.359,190.719,0.266,18.4833,24.765
98.3607,158.053,190.719,0.291,18.1447,24.8446
98.6108,147.961,190.719,0.308,18.1487,24.9129
98.8605,116.127,190.719,0.36,18.496,24.9801
99.1105,144.001,190.719,0.419,18.4837,25.0574
99.3606,123.955,190.719,0.482,18.8466,25.1319
99.6142,149.845,190.719,0.493,19.2068,25.1847
99.8622,169.351,190.719,0.488,18.8467,25.2738
100.111,136.921,190.719,0.469,18.8434,25.342
100.361,131.969,190.73,0.463,18.4981,25.4167
100.61,132.106,190.73,0.461,18.4827,25.49
100.861,127.913,190.73,0.45,18.8638,25.5601
101.113,138.64,190.73,0.441,18.4841,25.6326
101.361,117.165,190.73,0.418,18.839,25.7008
101.611,143.598,190.73,0.417,18.4836,25.7617
101.861,120.331,190.73,0.405,18.1445,25.8511
102.111,147.771,190.73,0.391,18.1569,25.9207
102.361,124.161,190.793,0.371,17.814,25.9948
102.611,135.919,190.793,0.368,18.1442,26.0627
102.861,136.104,190.793,0.363,17.8239,26.1273
103.111,131.878,190.793,0.357,17.815,26.2023
103.361,132.105,190.793,0.354,17.8216,26.2784
103.612,135.104,190.793,0.349,17.8108,26.3344
103.861,128.876,190.793,0.344,17.8088,26.4188
104.113,130.883,190.793,0.338,17.817,26.4893
104.361,124.999,190.793,0.331,18.1458,26.5647
104.611,147.628,190.793,0.329,18.4921,26.6234
104.861,116.356,190.793,0.324,18.1476,26.7043
105.111,139.676,190.793,0.321,18.1408,26.7795
105.361,120.222,190.793,0.321,18.495,26.8474
105.611,135.902,190.793,0.32,18.4829,26.9083
105.862,127.523,190.793,0.318,18.4884,26.9937
106.11,140.714,190.793,0.317,18.4867,27.0616
106.36,136,190.793,0.317,18.1491,27.1377
106.611,135.937,190.793,0.318,18.1502,27.2043
106.865,165.167,190.793,0.306,18.1496,27.2523
107.111,154.187,190.793,0.321,17.8184,27.3194
107.361,128.439,190.793,0.316,17.5033,27.3757
107.611,143.559,190.793,0.315,17.8077,27.4275
107.86,128.396,190.793,0.31,17.8161,27.4936
108.111,143.51,190.793,0.306,17.8131,27.5477
108.361,136.457,190.793,0.306,17.5061,27.5947
108.611,147.63,190.824,0.307,17.5017,27.6623
108.861,128.229,190.824,0.31,17.5034,27.7178
109.111,192.079,190.824,0.314,17.7764,27.7802
109.36,132.055,190.828,0.312,17.826,27.8426
109.611,151.878,190.828,0.322,17.4963,27.8999
109.861,116.08,190.828,0.321,17.4991,27.9867
110.061,139.518,190.828,0.319,17.4993,28.0369
110.311,132.302,190.828,0.314,17.4974,28.0922
110.561,136.072,190.828,0.291,17.8255,28.171
110.811,123.935,190.828,0.319,17.4946,28.2322
111.06,136.075,190.828,0.324,17.8224,28.3148
111.311,131.975,190.828,0.333,17.8161,28.3803
111.56,132.03,190.828,0.336,17.8196,28.4547
111.761,129.627,190.828,0.341,17.8186,28.5166
112.011,132.094,190.828,0.348,18.1548,28.5697
112.261,128.187,190.828,0.351,18.1509,28.6582
112.511,127.991,190.828,0.355,18.4818,28.728
112.761,140.009,190.828,0.36,18.4926,28.8043
113.011,123.999,190.828,0.364,18.8375,28.879
113.261,131.882,190.828,0.365,19.2149,28.9498
113.51,136.146,190.828,0.366,19.2043,29.0238
113.761,123.985,190.828,0.367,19.2146,29.0913
114.011,139.561,190.828,0.368,19.2066,29.1663
114.261,120.298,190.828,0.374,18.8569,29.2318
114.511,136.081,190.828,0.378,18.8437,29.2973
114.761,124.004,190.828,0.376,18.8419,29.3726
115.013,174.284,190.828,0.371,18.8485,29.4393
115.261,121.182,190.828,0.368,18.8466,29.5034
115.511,139.988,190.828,0.368,18.8414,29.5782
115.761,124.033,190.828,0.368,18.8454,29.6545
116.01,128.018,190.828,0.368,18.8457,29.7074
116.261,131.978,190.828,0.37,18.4994,29.7942
116.51,132.006,190.828,0.373,18.8403,29.8648
116.76,136.002,190.828,0.373,18.4856,29.9389
117.011,127.845,190.828,0.373,18.8458,30.0155
117.261,127.877,190.828,0.377,18.4865,30.0843
117.511,176.104,190.828,0.379,18.4324,30.1609
117.761,124.187,190.828,0.38,18.4977,30.2316
118.011,140.001,190.828,0.381,18.4749,30.3059
118.261,123.998,190.828,0.381,18.1541,30.3765
118.511,139.992,190.309,0.381,18.1535,30.4463
118.761,124.011,190.309,0.381,17.8184,30.5223
119.011,131.95,190.309,0.379,18.1479,30.5948
119.261,124.031,190.309,0.379,17.8252,30.665
119.511,139.643,190.309,0.377,18.1477,30.742
119.761,132.358,190.309,0.374,18.1558,30.8164
120.01,128.058,190.309,0.374,18.1399,30.8851
120.211,134.491,190.309,0.377,18.1965,30.9446
120.461,119.955,190.309,0.379,18.4927,31.0008
120.711,140.415,190.309,0.38,18.496,31.0889
120.961,123.975,190.309,0.38,18.8422,31.1538
121.211,135.963,190.309,0.383,18.4878,31.2284
121.46,128.065,190.309,0.387,18.8513,31.3021
121.711,135.918,190.309,0.371,19.2163,31.3667
121.961,127.911,190.309,0.35,19.204,31.4351
122.211,128.159,190.309,0.328,19.2151,31.5035
122.461,127.994,190.309,0.319,19.6018,31.5568
122.711,143.721,190.309,0.289,19.2157,31.6363
122.96,120.244,190.309,0.274,19.2179,31.7034
123.21,140.011,190.309,0.264,19.2261,31.7719
123.461,119.961,190.309,0.256,19.2163,31.8423
123.711,139.62,190.309,0.263,19.605,31.9067
123.961,128.276,190.309,0.268,19.6021,31.9713
124.211,144.105,190.309,0.288,19.6026,32.0274
124.461,124.01,190.309,0.296,19.226,32.0842
124.711,143.974,190.309,0.319,18.8537,32.1525
124.96,124.029,190.309,0.341,18.8486,32.2205
125.211,135.973,190.309,0.375,19.2196,32.2922
125.461,127.879,190.309,0.402,19.2157,32.3553
125.711,132.045,190.309,0.421,19.2133,32.424
125.912,149.311,190.309,0.432,19.2157,32.4675
126.162,159.758,190.309,0.445,19.2291,32.5317
126.412,160.024,190.309,0.459,18.8634,32.6198
126.66,124.753,190.309,0.485,18.4911,32.6902
126.862,129.16,190.309,0.502,18.8492,32.741
127.111,136.619,190.309,0.534,18.8461,32.8159
127.36,120.059,190.309,0.555,19.2349,32.8838
127.61,139.995,190.309,0.584,18.8567,32.935
127.86,112.003,190.309,0.593,18.8502,32.994
128.111,135.924,190.309,0.607,18.8407,33.035
128.36,120.064,190.309,0.615,18.841,33.0722
128.612,139.142,190.309,0.621,18.8685,33.0833
128.861,116.702,190.309,0.62,19.2279,33.0843
129.11,144.024,190.309,0.623,18.8482,33.0853
129.362,175.127,190.309,0.623,19.2027,33.0863
129.611,164.803,190.309,0.623,18.8593,33.0877
129.861,120.006,190.309,0.627,18.4967,33.0896
130.111,143.99,190.309,0.631,19.5816,33.0921
130.361,123.978,190.309,0.635,18.4594,33.0939
130.611,147.815,190.309,0.636,18.4551,33.0951
130.861,124.174,190.309,0.637,18.1113,33.0968
131.062,143.819,190.309,0.641,17.7842,33.0981
131.311,144.953,190.309,0.641,17.7814,33.0997
131.561,131.973,190.309,0.641,17.7897,33.1015
131.811,151.859,190.309,0.643,18.1147,33.1041
132.061,132.155,190.309,0.642,18.4532,33.1062
132.311,163.44,190.309,0.635,18.4518,33.1189
132.56,132.496,190.309,0.599,18.816,33.1646
132.81,143.992,190.312,0.556,17.4835,33.2197
133.012,144.104,190.312,0.536,18.8469,33.2656
133.262,136.103,190.312,0.519,19.2147,33.3245
133.511,140.545,190.312,0.521,19.2146,33.3955
133.76,124.1,190.312,0.528,19.6023,33.4572
134.011,135.534,190.312,0.552,19.2153,33.5243
134.261,128.316,190.312,0.563,19.216,33.5915
134.512,135.496,190.312,0.536,18.8461,33.6551
134.761,136.54,190.312,0.533,18.8463,33.7279
135.011,135.917,190.312,0.509,18.8461,33.7923
135.261,132.045,190.312,0.496,18.8465,33.8463
135.511,136.008,190.312,0.456,18.847,33.9258
135.76,128.091,190.312,0.418,18.848,33.9928
136.012,143.135,190.312,0.369,18.4915,34.0485
136.261,128.712,190.312,0.341,18.1487,34.126
136.461,129.409,190.312,0.315,18.1504,34.1694
136.711,140.509,190.312,0.276,18.1485,34.2547
136.961,119.828,190.312,0.27,18.1499,34.3198
137.211,144.212,190.312,0.272,18.4913,34.3884
137.461,135.766,190.312,0.285,18.4884,34.4485
137.711,140.176,190.312,0.302,18.1486,34.5092
137.961,120.042,190.312,0.309,18.1483,34.5741
138.212,155.207,190.312,0.313,18.1481,34.6285
138.462,131.71,190.312,0.304,18.1431,34.6824
138.717,172.505,190.312,0.308,18.49,34.7345
138.96,144.043,190.312,0.325,18.8448,34.8111
139.211,135.916,190.312,0.351,18.4903,34.8837
139.461,119.913,190.797,0.353,18.8455,34.9585
139.71,144.169,190.82,0.351,18.4896,35.0264
139.961,123.71,190.82,0.35,18.4906,35.0887
140.211,143.987,190.82,0.358,18.8469,35.1577
140.461,120.259,190.82,0.364,19.2151,35.2157
140.71,136.034,190.82,0.378,18.8467,35.2987
140.961,127.984,190.82,0.387,18.8463,35.3632
141.211,139.994,190.82,0.398,18.4903,35.4369
141.46,128.08,190.82,0.411,18.5482,35.5095
141.662,134.18,190.82,0.427,18.4908,35.5647
141.91,136.623,190.82,0.43,18.4921,35.642
142.111,134.51,190.82,0.431,18.8468,35.683
142.36,120.405,190.82,0.436,18.846,35.7736
142.611,143.83,190.82,0.442,18.8424,35.8337
142.861,119.862,190.82,0.444,18.4917,35.9177
143.112,143.633,190.82,0.451,18.491,35.9943
143.361,116.486,190.82,0.454,18.8452,36.0642
143.611,139.916,190.82,0.459,19.2161,36.1381
143.861,127.995,190.82,0.464,18.8464,36.2115
144.11,128.105,190.82,0.467,18.8499,36.2672
144.36,132.056,190.82,0.472,18.8469,36.3581
144.611,139.911,190.82,0.478,19.2118,36.4319
144.861,115.983,190.82,0.48,19.2157,36.5029
145.111,151.987,190.82,0.481,19.218,36.5796
145.361,120.034,190.82,0.463,19.5988,36.65
145.611,139.942,190.82,0.448,19.5934,36.7122
145.86,116.065,190.82,0.447,19.6004,36.7997
146.062,129.319,190.82,0.45,19.6031,36.8563
146.311,148.286,190.82,0.454,19.5991,36.9314
146.513,133.986,190.82,0.455,19.9991,36.9878
146.76,129.092,190.82,0.456,19.9996,37.0639
147.01,135.993,190.82,0.456,20.0041,37.1347
147.261,115.923,190.82,0.457,20.0011,37.2082
147.511,148.015,190.82,0.457,20.0011,37.2813
147.761,123.617,190.82,0.457,20.0009,37.3509
148.011,136.42,190.82,0.457,20.0089,37.4262
148.26,120.096,190.82,0.458,20.001,37.4985
148.51,139.966,190.82,0.464,20.0033,37.5679
148.76,132.02,190.82,0.466,20.0029,37.6441
149.011,123.948,190.82,0.467,20.0036,37.7176
149.261,131.763,190.82,0.468,20.0026,37.7759
149.511,136.186,190.82,0.464,20.0032,37.8641
149.761,127.71,190.82,0.461,20.0038,37.9345
150.01,132.394,190.82,0.458,20.0035,38.0107
150.211,124.464,190.82,0.454,20.0035,38.0667
150.461,128.303,190.82,0.451,20.0032,38.142
150.71,140.158,190.82,0.448,19.604,38.2098
150.96,124.043,190.82,0.448,19.6032,38.2816
151.21,135.962,190.82,0.446,19.2233,38.3568
151.46,112.003,190.82,0.445,19.219,38.4282
151.661,154.399,190.82,0.442,19.2194,38.4788
151.91,132.394,190.82,0.437,19.2192,38.5522
152.161,123.791,190.82,0.442,19.219,38.6181
152.362,154.109,190.82,0.436,19.2188,38.669
152.611,196.797,190.82,0.465,19.219,38.7101
152.861,116.231,190.82,0.475,18.4934,38.7655
153.111,132.012,190.82,0.491,18.4936,38.8032
153.361,115.793,190.82,0.495,18.853,38.8086
153.611,144.248,190.82,0.498,18.4926,38.8113
153.86,116.017,190.82,0.497,18.848,38.8123
154.111,143.82,190.82,0.497,18.8474,38.8129
154.361,120.054,190.82,0.5,18.4946,38.8133
154.611,135.6,190.82,0.505,18.4918,38.8138
154.861,128.462,190.82,0.501,18.1459,38.8145
155.111,139.96,190.82,0.506,18.1536,38.8149
155.361,120.028,190.82,0.509,18.8499,38.8156
155.611,139.737,190.82,0.503,18.8469,38.8161
155.86,120.249,190.82,0.509,18.8466,38.8165
156.11,136.003,190.82,0.512,19.216,38.817
156.361,123.989,190.82,0.514,18.8462,38.8175
156.611,131.998,190.82,0.514,18.8465,38.8184
156.861,127.893,190.82,0.517,18.4909,38.8189
157.111,139.794,190.82,0.52,18.4907,38.8193
157.361,111.971,190.82,0.52,18.8462,38.8199
157.611,140.334,190.82,0.519,18.8463,38.8204
157.861,119.807,190.82,0.519,18.8462,38.8208
158.062,173.902,190.82,0.52,18.1484,38.8213
158.311,144.667,190.82,0.517,18.1482,38.822
158.561,116.248,190.82,0.522,18.1486,38.8227
158.811,139.913,190.82,0.52,17.8184,38.8234
159.06,116.099,190.82,0.522,17.8185,38.8239
159.261,134.363,190.82,0.522,17.8184,38.8242
159.511,128.41,190.82,0.522,18.1488,38.8247
159.761,123.736,190.82,0.522,17.8185,38.8253
160.011,144.232,190.82,0.523,18.1478,38.8258
160.262,115.636,190.82,0.522,18.148,38.8265
160.511,140.592,190.82,0.525,18.1481,38.8274
160.761,127.732,190.82,0.523,18.8448,38.8287
161.011,140.274,190.82,0.525,18.8411,38.8301
161.261,131.99,190.82,0.523,19.2167,38.831
161.463,133.193,190.82,0.523,19.2184,38.833
161.71,153.711,190.82,0.52,19.5995,38.8353
161.962,131.209,190.82,0.519,19.5993,38.837
162.21,152.92,190.82,0.51,20.0006,38.8388
162.463,122.777,190.82,0.5,19.6028,38.8397
162.711,137.34,190.883,0.498,19.2154,38.8408
162.961,143.814,190.883,0.497,19.4343,38.8421
163.21,152.251,190.883,0.492,19.0499,38.8434
163.463,130.654,190.883,0.487,19.0575,38.8442
163.711,145.424,190.891,0.484,19.8214,38.8457
163.961,135.901,190.891,0.486,18.8463,38.8481
164.21,144.186,190.891,0.49,18.846,38.8501
164.461,131.949,190.891,0.485,18.8457,38.8514
164.711,140.018,190.891,0.489,18.4909,38.8529
164.912,133.94,190.891,0.486,18.8496,38.8537
165.161,168.949,190.891,0.489,18.4919,38.855
165.411,140.08,190.891,0.488,18.8491,38.8562
165.661,127.99,190.891,0.488,19.0015,38.857
165.911,143.945,190.891,0.488,19.0129,38.8586
166.161,131.972,190.891,0.492,19.0099,38.86
166.41,128.136,190.891,0.491,19.2153,38.8616
166.611,129.528,190.891,0.488,19.2278,38.8625
166.861,127.907,190.891,0.487,18.8432,38.8637
167.111,148.504,190.891,0.488,18.848,38.8655
167.361,127.786,190.891,0.484,19.2205,38.8675
167.611,148.137,190.891,0.486,19.5995,38.8692
167.861,131.813,190.891,0.485,19.5998,38.8708
168.111,152.05,190.891,0.487,19.5997,38.8721
168.361,132.216,190.891,0.486,19.6033,38.8736
168.611,144.017,190.891,0.488,19.6002,38.8753
168.86,140.056,190.895,0.496,19.5997,38.8773
169.061,144.522,190.895,0.497,19.2154,38.8795
169.31,148.379,190.895,0.497,19.5986,38.8814
169.561,135.846,190.895,0.499,19.2147,38.8842
169.762,159.081,190.895,0.5,19.2157,38.9073
170.011,144.786,190.895,0.498,19.2149,38.9608
170.261,139.7,190.895,0.472,19.2154,39.0188
170.511,148.32,190.895,0.457,18.8492,39.0784
170.76,128.05,190.895,0.419,18.4886,39.1497
170.961,134.336,190.895,0.396,18.4859,39.2123
171.211,148.433,190.895,0.386,18.4912,39.2744
171.412,139.321,190.895,0.383,18.4902,39.3255
171.661,132.45,190.895,0.388,18.8469,39.3919
171.91,172.271,190.895,0.394,18.4895,39.4674
172.161,131.672,190.895,0.408,18.8467,39.5201
172.411,136.058,190.895,0.412,18.4898,39.6018
172.66,136.256,190.895,0.411,18.148,39.6687
172.911,123.981,190.895,0.414,18.1479,39.744
173.111,149.339,190.895,0.416,18.147,39.7986
173.361,128.301,190.895,0.417,18.4896,39.8713
173.611,144.183,190.895,0.418,18.1457,39.9459
173.86,124.015,190.895,0.423,17.8158,40.0187
174.11,128.044,190.895,0.427,17.8175,40.0711
174.361,131.794,190.895,0.43,17.4991,40.1544
174.562,134.366,190.895,0.437,17.4967,40.2087
174.811,140.684,190.895,0.445,17.8171,40.2842
175.061,131.527,190.895,0.459,18.1414,40.3568
175.311,180.483,190.895,0.457,18.1491,40.4088
175.56,132.177,190.895,0.448,18.4888,40.4897
175.811,143.712,190.895,0.447,18.847,40.5573
176.06,128.224,190.895,0.443,18.4797,40.624
176.31,144.01,190.957,0.433,18.8466,40.6977
176.561,119.964,190.957,0.417,19.2159,40.7651
176.812,143.359,190.957,0.405,19.2164,40.8351
177.061,124.557,190.957,0.382,19.2161,40.9014
177.265,161.62,190.957,0.368,18.8468,40.9413
177.512,153.874,190.957,0.327,18.4917,41.0264
177.762,135.972,190.957,0.299,18.4908,41.0774
178.011,180.848,190.957,0.28,18.1485,41.1598
178.26,128.051,190.957,0.267,18.1504,41.2247
178.51,143.99,190.957,0.268,17.8202,41.2835
178.761,139.927,190.957,0.27,17.829,41.3477
179.01,140.064,190.957,0.275,17.8189,41.4081
179.261,127.87,190.957,0.286,17.5004,41.4686
179.51,140.147,190.957,0.292,17.8195,41.5252
179.761,135.834,190.957,0.302,17.5006,41.5781
180.011,140.042,190.957,0.313,17.8183,41.6375
180.261,139.703,190.957,0.324,18.1482,41.7017
180.511,140.141,190.957,0.34,18.1483,41.7683
180.761,128.113,190.957,0.368,18.4936,41.8263
180.963,138.307,190.957,0.379,18.8467,41.8595
181.212,144.659,190.957,0.385,18.4866,41.9397
181.46,165.052,190.957,0.39,18.8472,42.0107
181.71,148.048,190.957,0.388,18.8471,42.0632
181.96,131.967,190.957,0.392,18.8456,42.1235
182.211,147.89,190.957,0.401,19.2109,42.1917
182.46,120.087,190.957,0.437,19.2144,42.2489
182.71,144.005,190.957,0.445,18.8503,42.3169
182.961,127.882,190.957,0.458,18.8462,42.3805
183.21,140.17,190.957,0.466,18.8349,42.4555
183.461,119.559,190.957,0.488,18.8471,42.5237
183.71,144.509,190.957,0.513,19.2162,42.578
183.961,123.933,190.957,0.555,19.2946,42.6667
184.211,143.476,190.957,0.555,19.2169,42.7376
184.462,115.767,190.957,0.542,19.6021,42.799
184.711,152.848,190.957,0.549,19.5989,42.8844
184.961,115.918,190.957,0.555,19.5961,42.9587
185.211,143.888,190.957,0.557,19.6032,43.0278
185.461,124.106,190.957,0.56,19.604,43.1005
185.711,136.028,190.957,0.56,19.2189,43.1564
185.96,124.107,190.957,0.561,19.2167,43.2457
186.211,139.733,190.957,0.566,19.2182,43.3167
186.461,128.186,190.957,0.571,19.2168,43.3885
186.71,132.068,190.957,0.572,18.849,43.4645
186.961,123.78,190.957,0.574,18.85,43.5201
187.21,136.272,190.957,0.576,18.8494,43.6098
187.46,112.016,190.957,0.583,18.8492,43.6625
187.71,143.996,190.957,0.585,18.4927,43.7349
187.96,123.967,190.957,0.522,18.4967,43.8164
188.161,139.495,190.957,0.484,18.8551,43.8593
188.41,124.357,190.957,0.433,18.495,43.9124
188.661,131.826,190.957,0.382,18.493,43.956
188.911,128.135,190.957,0.354,18.4944,43.9908
189.161,132.003,190.957,0.341,18.1518,43.9968
189.41,128.046,190.957,0.341,18.4891,43.9979
189.661,135.931,190.957,0.341,18.1502,43.9995
189.91,132.041,190.957,0.34,18.1495,44.0009
190.163,142.681,190.957,0.34,18.4918,44.0024
190.411,165.31,190.957,0.34,18.1471,44.0042
190.662,199.108,190.957,0.339,18.1491,44.0053
190.864,133.5,190.957,0.327,17.8198,44.0068
191.111,198.887,190.957,0.327,18.1485,44.0082
191.361,171.989,190.957,0.327,18.1452,44.0097
191.611,148.008,190.957,0.326,17.8189,44.0114
191.861,135.908,190.957,0.319,18.1489,44.0127
192.11,144.134,190.957,0.315,18.1531,44.0137
192.361,135.627,190.957,0.312,18.1482,44.0147
192.61,140.391,190.957,0.314,18.1485,44.0158
192.862,135.295,190.957,0.305,18.4885,44.0167
193.111,144.701,190.957,0.305,18.1598,44.0234
193.364,141.915,190.957,0.326,18.8579,44.0541
193.611,162.382,190.957,0.383,18.4945,44.131
193.86,124.094,190.957,0.474,18.5018,44.1982
194.11,139.936,190.957,0.534,18.8577,44.2695
194.361,131.631,190.957,0.565,18.8579,44.3432
194.611,136.154,190.957,0.561,18.4938,44.3935
194.861,172.246,190.957,0.561,18.4654,44.48
195.11,140.05,190.957,0.561,18.8509,44.5569
195.362,119.319,190.957,0.561,18.8597,44.6246
195.611,152.827,190.957,0.561,19.2084,44.6979
195.861,120.008,190.957,0.564,19.2211,44.7677
196.111,147.988,190.957,0.569,19.6063,44.8238
196.361,119.742,190.957,0.573,19.212,44.9141
196.611,136.304,190.957,0.574,19.2169,44.9688
196.86,132.011,190.957,0.582,19.2183,45.0559
197.111,139.997,190.957,0.587,19.6011,45.1302
197.361,127.931,190.957,0.593,19.2509,45.2
197.611,139.751,190.957,0.592,19.2303,45.2765
197.861,132.255,190.957,0.597,19.2162,45.3469
198.111,144.04,190.957,0.604,19.198,45.4038
198.36,120.017,190.957,0.564,19.2139,45.4938
198.561,139.481,190.957,0.541,19.2202,45.5497
198.811,136.372,190.957,0.521,19.5985,45.6258
199.061,140.006,190.957,0.512,19.5876,45.693
199.311,132.024,190.957,0.498,19.5939,45.7529
199.56,124.004,190.957,0.488,19.2272,45.8366
199.811,139.989,190.957,0.473,19.5992,45.9074
200.061,127.987,190.957,0.47,19.2241,45.9777
200.262,143.915,190.957,0.46,19.2317,46.0329
200.511,136.821,190.957,0.446,19.211,46.104
200.761,136.002,190.957,0.389,19.2189,46.1741
200.962,159.046,190.957,0.356,19.2171,46.2156
201.211,156.776,190.957,0.326,18.8453,46.3063
201.411,134.456,190.957,0.317,18.8439,46.3597
201.661,128.415,190.957,0.304,18.859,46.4316
201.911,128.004,190.957,0.304,18.4985,46.4955
202.162,151.194,190.957,0.318,18.8516,46.5393
202.41,140.76,190.957,0.344,19.2232,46.6119
202.661,139.975,190.957,0.328,19.224,46.6795
202.911,123.768,190.957,0.321,18.8518,46.7532
203.161,144.18,190.957,0.323,18.4867,46.8139
203.361,124.673,190.957,0.328,18.5007,46.8553
203.611,152.251,190.957,0.335,18.1422,46.9126
203.861,132.132,190.957,0.342,18.4976,46.9662
204.111,139.962,190.957,0.347,18.1449,47.0227
204.361,148.041,190.957,0.344,18.1451,47.0896
204.611,139.803,190.965,0.34,18.4805,47.1585
204.861,120.187,190.965,0.348,18.4943,47.2262
205.112,194.513,190.965,0.356,18.1028,47.3015
205.361,120.833,190.965,0.364,18.144,47.3707
205.611,144.011,190.965,0.371,18.4785,47.4431
205.861,168.038,190.965,0.349,18.4877,47.5137
206.111,132.042,190.965,0.328,18.8464,47.5817
206.361,139.975,190.965,0.323,18.8438,47.643
206.61,152.095,190.965,0.319,19.2152,47.6944
206.86,119.98,190.965,0.309,19.2183,47.7773
207.111,147.75,190.965,0.307,19.2127,47.8528
207.36,172.324,190.965,0.305,19.1765,47.9091
207.611,139.912,190.965,0.3,18.8572,47.9994
207.861,135.955,190.965,0.295,19.2269,48.0693
208.111,136.037,190.965,0.294,19.2089,48.1386
208.36,140.14,190.965,0.292,19.6073,48.2073
208.611,131.806,190.965,0.296,19.594,48.2622
208.861,136.064,190.965,0.305,19.214,48.3457
209.111,135.723,190.965,0.314,19.2081,48.4085
209.361,144.207,190.965,0.303,19.2252,48.4673
209.563,152.995,190.965,0.277,19.2245,48.521
209.811,161.52,190.965,0.257,19.2125,48.5744
210.06,124.281,190.965,0.244,19.6073,48.6624
210.311,135.961,190.965,0.245,19.6026,48.7283
210.562,135.439,190.965,0.263,19.598,48.7821
210.81,132.589,190.965,0.28,19.5978,48.8587
211.061,151.507,190.965,0.298,19.6037,48.9109
211.311,140.381,190.965,0.301,19.2088,48.9692
211.56,136.058,190.965,0.305,19.6058,49.0282
211.762,143.975,190.965,0.308,19.6013,49.0624
212.011,144.374,190.965,0.313,19.5998,49.1359
212.261,139.982,190.965,0.317,19.6005,49.1957
212.511,148.37,190.965,0.317,19.5916,49.2607
212.76,132.118,190.965,0.31,19.5992,49.3269
212.961,129.493,190.965,0.323,19.2195,49.3649
213.21,132.412,190.965,0.347,19.2236,49.4444
213.412,139.213,190.965,0.366,19.2102,49.4814
213.662,191.364,190.965,0.403,18.8552,49.5681
213.911,157.184,190.965,0.443,18.8477,49.641
214.114,142.773,190.965,0.483,18.8415,49.6964
214.361,125.416,190.965,0.536,18.8467,49.7727
214.611,136.097,190.965,0.588,18.8498,49.8251
214.86,128.137,190.965,0.643,18.8452,49.9093
215.111,135.903,190.965,0.693,18.8494,49.984
215.361,119.658,190.965,0.747,19.2191,50.0546
215.563,197.875,190.965,0.77,19.2181,50.0995
215.811,141.24,190.965,0.72,19.213,50.1672
216.06,132.394,190.965,0.644,19.2329,50.2457
216.31,132.012,190.965,0.588,19.9991,50.3217
216.512,193.752,190.965,0.537,20.0047,50.3736
216.761,124.617,190.965,0.466,19.5998,50.4451
217.011,139.723,190.965,0.419,19.6088,50.5124
217.261,128.183,190.965,0.35,19.5936,50.5855
217.465,142.096,190.965,0.31,19.5988,50.6299
217.711,174.946,190.965,0.277,19.2085,50.7177
217.961,127.668,190.965,0.246,19.2047,50.7934
218.212,131.492,190.965,0.239,19.2367,50.8633
218.461,176.94,190.965,0.245,19.2034,50.9186
218.711,176.208,190.965,0.264,18.4626,51.0053
218.962,123.22,190.965,0.298,18.4921,51.0587
219.211,132.765,190.965,0.329,18.5202,51.1407
219.461,131.949,190.965,0.349,18.5019,51.2134
219.711,135.794,190.965,0.359,18.4932,51.2796
219.961,128.256,190.965,0.389,18.4995,51.3532
220.211,136.015,190.965,0.419,18.9091,51.4076
220.461,116.002,190.965,0.458,18.8484,51.4939
220.711,139.966,190.965,0.493,18.8459,51.5621
220.961,127.714,190.965,0.526,18.8492,51.6147
221.164,162.598,190.965,0.561,19.224,51.689
221.411,146.098,190.965,0.591,19.5997,51.7598
221.66,144.079,190.965,0.643,20.0101,51.8345
221.911,119.944,190.965,0.695,20.0064,51.9041
222.16,132.043,190.965,0.724,19.6061,51.9699
222.411,127.975,190.965,0.758,19.2246,52.0436
222.662,131.371,190.965,0.794,19.2275,52.1104
222.911,124.35,190.965,0.803,19.2269,52.1816
223.112,144.24,190.965,0.804,19.2158,52.2412
223.361,116.595,190.965,0.819,19.2276,52.2971
223.614,134.385,190.965,0.827,19.2161,52.3832
223.86,125.668,190.965,0.855,19.2432,52.4513
224.11,132.062,190.965,0.878,19.2195,52.525
224.36,131.954,190.965,0.909,19.2227,52.6021
224.611,127.967,190.965,0.907,19.5981,52.6687
224.861,123.97,190.965,0.914,19.9982,52.7323
225.111,139.549,190.965,0.925,20.0001,52.7906
225.361,112.343,190.965,0.929,20.0104,52.8354
225.711,134.291,190.973,0.949,20.4166,52.8829
225.961,127.995,190.973,0.953,19.9958,52.8942
226.211,139.916,190.973,0.953,19.9869,52.8946
226.461,132.141,190.973,0.952,19.9968,52.8958
226.711,147.953,190.98,0.945,19.9926,52.8976
226.961,135.597,190.98,0.943,19.5872,52.8985
227.211,152.176,190.98,0.94,19.5885,52.9003
227.461,144.179,190.98,0.939,19.5864,52.9023
227.711,152.093,190.98,0.941,19.5846,52.9036
227.911,139.546,190.988,0.94,19.5825,52.9052
228.161,148.402,190.988,0.94,19.2035,52.907
228.41,136.044,190.988,0.939,19.5998,52.9087
228.612,203.021,190.988,0.941,19.5931,52.909
228.86,189.513,190.996,0.943,19.1965,52.9158
229.111,151.508,190.996,0.963,19.2126,52.9636
229.362,135.795,190.996,0.983,19.6049,53.0049
229.611,156.559,190.996,1.001,19.5985,53.0623
229.862,147.454,191.008,1.004,19.5992,53.133
230.111,140.62,191.02,1.015,19.6003,53.2023
230.361,135.959,191.02,1.018,19.599,53.2703
230.561,194.353,191.02,1.031,19.6019,53.3081
230.811,140.423,191.074,1.018,19.5984,53.3963
231.061,123.974,191.074,1.017,19.5989,53.4645
231.311,132.037,191.074,1,19.6015,53.5381
231.561,139.992,191.074,0.996,19.5916,53.6123
231.811,131.491,191.074,0.982,19.5962,53.6816
232.061,136.537,191.086,0.979,19.2162,53.7496
232.31,136.009,191.086,0.936,18.8437,53.8205
232.561,123.84,191.086,0.912,18.4879,53.8806
232.811,148.177,191.086,0.883,18.4895,53.9531
233.061,131.968,191.102,0.866,18.4911,54.0229
233.311,128.025,191.102,0.829,18.5069,54.0722
233.561,139.514,191.102,0.807,18.495,54.1563
233.811,132.447,191.102,0.766,18.8485,54.2096
234.061,140.025,191.152,0.734,18.8321,54.2974
234.311,135.974,191.152,0.69,18.8494,54.3681
234.561,119.753,191.152,0.662,18.8358,54.4345
234.811,148.339,191.152,0.624,19.5993,54.5116
235.061,131.802,191.16,0.608,19.9954,54.5788
235.31,132.206,191.16,0.581,19.996,54.651
235.513,143.415,191.16,0.573,19.9905,54.7121
235.761,125.082,191.16,0.55,20.0032,54.7824
236.012,139.051,191.211,0.51,19.9998,54.8599
236.261,176.774,191.211,0.498,19.9639,54.9277
236.511,132.309,191.211,0.483,19.6024,54.9947
236.712,139.233,191.211,0.482,19.5966,55.0544
236.961,132.607,191.211,0.487,19.5968,55.1224
237.21,140.021,191.211,0.505,19.5938,55.1954
237.461,131.603,191.211,0.524,19.5917,55.2704
237.711,148.424,191.211,0.568,19.5934,55.3404
237.961,119.998,191.211,0.601,19.5921,55.4151
238.211,151.989,191.227,0.653,19.5948,55.4817
238.461,167.99,191.227,0.697,19.1802,55.5542
238.661,139.35,191.227,0.731,19.2229,55.6106
238.911,140.531,191.227,0.706,19.5944,55.6849
239.161,132.005,191.238,0.67,19.5981,55.7568
239.411,127.999,191.238,0.616,19.5937,55.8102
239.612,154.246,191.238,0.587,19.5852,55.8846
239.861,120.444,190.699,0.55,19.219,55.9492
240.111,147.948,190.707,0.509,19.2186,56.0214
240.361,124.074,190.707,0.473,19.2199,56.0948
240.562,128.97,190.707,0.449,19.2259,56.1347
240.811,144.925,190.707,0.406,19.2164,56.2158
241.061,127.976,190.707,0.369,19.6026,56.2841
241.311,136.04,190.707,0.313,19.2216,56.3582
241.561,135.968,190.707,0.303,19.2288,56.4331
241.811,132.015,190.707,0.289,19.2179,56.4981
242.061,127.603,190.707,0.294,18.857,56.5583
242.264,157.528,190.707,0.298,19.218,56.5926
242.51,195.101,190.707,0.306,19.2183,56.664
242.761,139.975,190.707,0.314,19.2268,56.7277
243.011,139.987,190.707,0.326,19.2078,56.7903
243.261,175.997,190.723,0.331,18.8432,56.85
243.461,154.417,190.723,0.334,18.4957,56.8958
243.711,144.452,190.723,0.344,18.5023,56.9541
243.961,132.005,190.723,0.353,18.8487,57.0148
244.213,154.227,190.723,0.357,18.8479,57.061
244.461,137.57,190.723,0.354,18.8496,57.1337
244.711,148.016,190.723,0.349,19.2187,57.1974
244.96,132.007,190.723,0.343,18.8682,57.2579
245.211,143.99,190.723,0.335,18.8479,57.3217
245.461,155.646,190.723,0.338,18.8491,57.3636
245.711,176.32,190.723,0.327,18.4975,57.4339
245.961,131.905,190.723,0.312,19.2146,57.5002
246.211,147.607,190.723,0.314,19.2146,57.5651
246.461,120.465,190.723,0.32,19.2158,57.6364
246.661,134.505,190.723,0.324,18.8558,57.6948
246.911,140.41,190.723,0.357,18.4917,57.7684
247.111,129.41,190.723,0.363,18.485,57.8115
247.361,180.066,190.723,0.373,18.4591,57.8938
247.611,136.446,190.723,0.386,18.4846,57.9518
247.812,139.228,190.723,0.397,17.8213,58.0183
248.061,124.547,190.723,0.399,17.8265,58.0885
248.262,129.328,190.723,0.405,17.8226,58.129
248.511,148.136,190.723,0.401,18.1551,58.2146
248.761,128.431,190.723,0.396,17.8174,58.2899
249.011,135.722,190.723,0.389,17.8092,58.3441
249.261,128.186,190.723,0.386,18.1532,58.4327
249.511,135.798,190.723,0.378,18.1513,58.5012
249.761,132.269,190.723,0.374,18.1557,58.5739
250.011,136.001,190.723,0.369,18.1659,58.6503
250.211,149.267,190.723,0.36,18.4884,58.7053
250.461,112.347,190.723,0.356,18.843,58.7745
250.711,140.095,190.723,0.343,18.8527,58.8428
250.961,128.015,190.723,0.342,18.4933,58.9187
251.211,136.006,190.723,0.341,18.4919,58.9946
251.412,139.049,190.723,0.341,18.8517,59.0363
251.661,128.707,190.723,0.341,18.854,59.1252
251.911,119.995,190.723,0.341,18.4895,59.1954
252.161,139.997,190.723,0.341,18.1517,59.2685
252.362,173.862,190.723,0.341,18.4608,59.3285
252.611,148.733,190.723,0.344,18.1487,59.3836
252.861,120.041,190.723,0.348,17.8278,59.4714
253.061,124.442,190.723,0.352,17.8207,59.5292
253.31,144.542,190.723,0.361,17.8221,59.6006
253.561,123.963,190.723,0.364,17.8167,59.6735
253.811,135.981,190.723,0.365,17.8238,59.7278
254.061,128.033,190.723,0.361,17.8046,59.8123
254.261,129.459,190.723,0.356,17.8271,59.8546
254.511,148.492,190.723,0.328,17.8045,59.9421
254.711,129.442,190.723,0.327,17.8148,60.0032
254.962,119.925,190.723,0.325,18.1706,60.0552
255.211,184.767,190.723,0.321,18.4937,60.1428
255.411,129.559,190.723,0.32,18.4882,60.1982
255.613,143.699,190.723,0.319,18.4835,60.2609
255.861,165.486,190.723,0.316,18.4365,60.3273
256.111,143.759,190.723,0.31,18.1434,60.4016
256.361,124.325,190.723,0.305,18.1448,60.4749
256.611,147.852,190.832,0.297,18.143,60.5409
256.861,128.059,190.832,0.293,17.8087,60.6132
257.062,129.118,190.832,0.292,17.8186,60.6562
257.264,138.807,190.832,0.291,18.1595,60.715
257.511,174.058,190.832,0.291,17.8134,60.7904
257.761,124.126,190.832,0.277,17.5,60.8671
257.961,129.557,190.832,0.277,17.8376,60.9256
258.211,140.389,190.832,0.263,17.8195,60.9895
258.461,131.773,190.832,0.262,17.4905,61.0594
258.711,140.091,190.832,0.262,18.155,61.13
258.96,160.233,190.832,0.262,18.1276,61.1893
259.211,155.846,190.832,0.262,18.498,61.2805
259.46,112.081,190.832,0.262,18.8474,61.3329
259.711,155.982,190.832,0.263,18.8481,61.4083
259.961,123.995,190.832,0.269,18.8509,61.473
260.211,143.859,190.832,0.281,19.2209,61.5211
260.461,127.864,190.832,0.29,18.8442,61.5865
260.711,148.319,190.832,0.31,18.8322,61.6397
260.961,131.992,190.832,0.323,18.8471,61.6975
261.212,159.232,190.832,0.341,19.2203,61.7541
261.461,132.142,190.832,0.36,19.2713,61.8074
261.711,152.577,190.832,0.37,18.8461,61.8632
261.961,127.979,190.832,0.373,18.8456,61.9271
262.211,143.923,190.832,0.379,18.4912,61.9787
262.462,127.227,190.832,0.369,18.4878,62.0659
262.711,148.989,191.324,0.366,18.8448,62.1346
262.961,115.991,191.352,0.355,18.501,62.2082
263.211,147.771,191.352,0.342,18.8461,62.2815
263.461,116.074,191.352,0.341,18.8467,62.3369
263.711,136.151,191.352,0.341,18.4969,62.4242
263.962,131.439,191.352,0.341,18.4816,62.5
264.211,132.181,191.352,0.341,18.1555,62.5708
264.461,128.367,191.352,0.341,18.1514,62.6447
264.661,134.5,191.352,0.341,18.1476,62.702
264.864,148.252,191.352,0.341,18.1485,62.761
265.111,166.027,191.352,0.339,18.1497,62.8317
265.361,160.037,191.352,0.338,17.8051,62.9064
265.611,147.984,191.352,0.336,18.1422,62.9818
265.86,120.023,191.352,0.338,17.8173,63.0515
266.111,131.907,191.352,0.34,17.5006,63.125
266.361,124.078,191.352,0.34,17.4992,63.2014
266.61,136.03,191.352,0.339,17.5007,63.2705
266.861,131.967,191.352,0.336,17.4997,63.3471
267.111,135.997,191.352,0.336,17.4994,63.4147
267.361,115.946,191.352,0.334,17.8158,63.4748
267.612,203.272,191.352,0.33,17.8211,63.5631
267.861,120.485,191.352,0.329,17.8192,63.6169
268.111,147.984,191.352,0.33,17.8644,63.7039
268.361,115.926,191.352,0.333,18.149,63.7727
268.61,156.169,191.352,0.338,18.1484,63.8349
268.861,115.965,191.352,0.339,18.4894,63.9151
269.112,147.15,191.352,0.34,18.4872,63.9817
269.361,116.676,191.352,0.345,18.1477,64.058
269.611,139.497,191.352,0.319,18.1464,64.1309
269.863,127.346,191.352,0.296,18.1478,64.1958
270.111,141.233,191.352,0.268,17.8178,64.2661
270.363,123.013,191.352,0.259,18.1477,64.3399
270.611,141.123,191.352,0.25,18.1484,64.4052
270.861,131.97,191.352,0.254,18.4849,64.4729
271.061,129.471,191.352,0.26,18.4877,64.5271
271.31,144.53,191.352,0.268,18.149,64.5981
271.561,111.971,191.352,0.273,18.1455,64.6687
271.811,140.008,191.352,0.28,18.1483,64.7434
272.061,128.013,191.352,0.286,18.478,64.8173
272.261,134.407,191.352,0.29,18.1523,64.8756
272.512,147.642,191.352,0.293,18.1512,64.9494
272.761,124.744,190.832,0.296,18.4923,65.0187
273.011,128.005,190.832,0.302,18.1446,65.093
273.261,131.989,190.832,0.307,18.1468,65.1657
273.461,129.628,190.832,0.315,17.8208,65.2099
273.713,170.728,190.832,0.343,17.503,65.2841
273.961,133.154,190.832,0.373,17.1963,65.3759
274.212,171.192,190.832,0.429,17.492,65.4465
274.461,177.021,190.832,0.47,16.8879,65.5201
274.711,135.983,190.832,0.472,17.1947,65.5907
274.961,136.021,190.832,0.473,17.1987,65.6669
275.211,136.012,190.832,0.475,17.1932,65.7376
275.461,111.862,190.836,0.475,17.1993,65.7913
275.711,148.042,190.836,0.475,16.8983,65.881
275.961,124.108,190.836,0.473,17.1981,65.951
276.211,139.876,190.836,0.465,17.1996,66.0255
276.461,119.69,190.836,0.463,17.1951,66.0989
276.711,148.529,190.836,0.46,17.5043,66.1696
276.961,112.001,190.836,0.456,17.2051,66.2457
277.164,152.274,190.836,0.454,17.4979,66.3055
277.41,154.258,190.84,0.451,17.5003,66.3591
277.661,135.862,190.84,0.45,17.5033,66.4148
277.911,156.091,190.84,0.45,17.198,66.4762
278.161,136.008,190.84,0.449,17.1948,66.5209
278.411,120.007,190.84,0.452,16.9006,66.552
278.611,144.552,190.84,0.454,17.1964,66.554
278.861,124.236,190.84,0.455,16.8993,66.5549
279.062,124.292,190.84,0.453,17.1967,66.5552
279.311,144.711,190.84,0.449,17.1961,66.5562
279.561,132.016,190.84,0.449,17.1941,66.5572
279.811,136.013,190.84,0.446,17.1931,66.5583
280.061,127.706,190.84,0.437,17.2003,66.5599
280.361,163.626,190.273,0.437,17.1964,66.5619
280.61,156.04,190.273,0.436,16.8861,66.563
280.861,127.892,190.273,0.436,16.8896,66.5649
281.111,152.073,190.273,0.436,17.175,66.567
281.36,136.041,190.273,0.437,17.5008,66.5694
281.61,155.996,190.273,0.439,17.4906,66.5712
281.866,133.096,190.273,0.441,17.4941,66.5737
282.111,184.012,190.273,0.458,17.4855,66.6258
282.361,127.888,190.273,0.47,17.493,66.667
282.611,175.843,190.273,0.488,17.4914,66.7374
282.861,120.192,190.273,0.495,17.4935,66.8083
283.111,139.996,190.273,0.495,17.1811,66.8594
283.361,136.02,190.273,0.492,18.1466,66.9391
283.561,129.517,190.273,0.494,18.4864,66.9938
283.81,144.448,190.273,0.503,18.1473,67.07
284.062,131.328,190.273,0.509,17.8173,67.1362
284.31,144.772,190.273,0.515,17.813,67.191
284.561,127.701,190.273,0.521,17.8144,67.2775
284.81,136.283,190.273,0.522,18.1627,67.3523
285.061,131.773,190.273,0.523,17.8147,67.4207
285.31,136.242,190.273,0.524,18.1433,67.4961
285.561,139.965,190.273,0.525,18.49,67.5671
285.81,132.054,190.273,0.527,18.15,67.6431
286.061,131.849,190.273,0.512,17.8149,67.7165
286.311,144.129,190.273,0.478,17.8219,67.7873
286.561,131.885,190.738,0.434,18.1448,67.8638
286.811,140.1,190.738,0.417,18.492,67.9344
287.062,127.209,190.738,0.398,18.1403,67.9956
287.31,193.259,190.738,0.396,18.1482,68.0843
287.561,127.973,190.738,0.396,18.486,68.155
287.761,129.535,190.738,0.396,17.8317,68.2168
288.011,144.392,190.738,0.396,17.4973,68.2937
288.262,123.538,190.738,0.396,17.499,68.3647
288.511,148.341,190.738,0.396,17.4946,68.4381
288.761,127.913,190.766,0.336,17.4992,68.5085
289.013,166.928,190.766,0.302,17.5079,68.5703
289.26,137.212,190.766,0.265,17.4971,68.6572
289.511,131.984,190.766,0.25,17.1886,68.7254
289.761,135.984,190.766,0.24,16.6132,68.7926
290.01,144.058,190.766,0.251,16.9036,68.8583
290.261,127.866,190.766,0.282,16.8957,68.9152
290.512,143.311,190.766,0.316,16.6096,68.9935
290.761,124.66,190.766,0.379,17.1905,69.0593
291.011,140.037,190.766,0.433,17.1906,69.1351
291.213,157.792,190.766,0.462,17.1956,69.1967
291.461,145.29,190.766,0.489,17.1937,69.2514
291.711,148.351,190.766,0.496,17.1921,69.3388
291.961,119.992,190.766,0.47,17.21,69.4054
292.211,140.005,190.766,0.457,17.1898,69.4784
292.461,131.911,190.766,0.448,17.1887,69.5511
292.711,140.102,191.262,0.447,17.4998,69.6215
292.96,132.022,191.262,0.433,17.4994,69.6962
293.211,135.955,191.262,0.42,17.8203,69.7711
293.461,119.943,191.262,0.42,17.8196,69.8264
293.711,152.082,191.262,0.411,17.8198,69.9166
293.961,119.979,191.262,0.407,17.8181,69.9854
294.21,144.067,191.262,0.397,17.8181,70.057
294.461,123.964,191.262,0.394,18.1498,70.1321
294.711,151.996,191.262,0.393,18.4845,70.2025
294.961,124.005,191.262,0.392,18.4847,70.278
295.21,132.025,191.262,0.392,18.8454,70.3535
295.46,128.015,191.262,0.39,18.8431,70.4074
295.711,143.974,191.262,0.386,18.8441,70.4944
295.961,135.878,191.262,0.381,18.8449,70.5655
296.21,132.141,191.262,0.376,18.4933,70.6394
296.411,174.386,191.262,0.372,18.4731,70.7004
296.661,143.938,191.262,0.369,18.4926,70.7548
296.91,128.417,191.262,0.369,18.4937,70.8423
297.16,139.985,191.262,0.361,18.148,70.909
297.411,127.989,191.262,0.357,17.814,70.9794
297.661,144.003,191.262,0.351,17.4991,71.0525
297.862,119.384,191.262,0.352,17.5041,71.096
298.11,136.579,191.262,0.353,17.5017,71.177
298.361,135.938,191.262,0.352,17.5033,71.245
298.611,183.506,191.262,0.343,17.494,71.3141
298.861,132.402,191.262,0.34,16.9006,71.3789
299.061,144.413,191.262,0.335,17.1941,71.4284
299.264,177.569,191.262,0.335,17.1939,71.4691
299.512,161.34,191.262,0.337,17.1944,71.5269
299.761,172.364,191.262,0.339,17.5035,71.5907
300.011,188.685,191.262,0.344,17.4982,71.647
300.212,153.938,191.262,0.349,17.5032,71.677
300.461,172.841,191.262,0.349,17.1967,71.7417
300.711,144.102,191.262,0.352,17.5025,71.7749
300.96,132.034,191.262,0.349,17.4998,71.7774
301.21,135.986,191.262,0.348,17.5027,71.7775
301.461,111.966,191.262,0.348,17.8282,71.7776
301.71,148.053,191.262,0.346,17.8284,71.7776
301.962,123.448,191.262,0.347,18.1695,71.7777
302.211,132.571,191.262,0.346,18.1469,71.7779
302.46,120.008,191.262,0.347,18.4866,71.7779
302.711,135.932,191.262,0.346,18.557,71.7779
302.961,128.061,191.262,0.346,18.1485,71.7779
303.211,131.997,191.262,0.347,18.4956,71.7779
303.461,119.746,191.262,0.346,17.8241,71.7779
303.71,140.322,191.262,0.346,17.8238,71.7779
303.961,119.967,191.262,0.347,17.819,71.7779
304.21,136.029,191.262,0.346,17.4993,71.7779
304.46,115.996,191.262,0.347,17.8161,71.7779
304.711,135.94,191.262,0.347,17.4971,71.7779
304.961,123.958,191.262,0.346,17.1863,71.778
305.162,133.962,191.262,0.346,17.1942,71.778
305.41,128.906,191.262,0.346,17.4999,71.783
305.661,131.979,191.262,0.346,17.4968,71.8355
305.862,119.4,191.262,0.34,17.5044,71.8792
306.111,140.166,191.262,0.354,18.1428,71.9615
306.36,128.4,191.262,0.362,18.497,72.0163
306.611,135.71,191.262,0.364,18.488,72.1068
306.861,176.059,191.262,0.37,18.8518,72.1801
307.11,136.277,191.262,0.35,18.1473,72.2385
307.361,131.836,191.262,0.371,18.139,72.325
307.61,128.107,191.262,0.376,18.4792,72.3803
307.86,124.019,191.262,0.379,18.1484,72.4559
308.111,143.965,191.262,0.381,17.8148,72.5455
308.361,120.003,191.262,0.381,17.8092,72.6157
308.611,147.947,191.262,0.382,17.8139,72.6902
308.861,115.858,191.262,0.386,17.8174,72.7601
309.111,135.965,191.262,0.386,17.4993,72.8301
309.361,132.224,191.262,0.383,17.5,72.9066
309.611,136,191.262,0.382,17.4979,72.9815
309.861,132.006,191.262,0.382,17.8203,73.0375
310.111,139.913,191.262,0.382,17.8238,73.1252
310.361,127.628,191.262,0.382,17.8209,73.1915
310.611,140.406,191.262,0.382,18.1479,73.2498
310.861,116.083,191.262,0.383,18.493,73.3373
311.111,151.994,191.332,0.386,18.4836,73.4053
311.361,124.006,191.332,0.389,18.4896,73.4765
311.561,189.491,191.332,0.392,18.8101,73.5326
311.81,136.315,191.332,0.392,18.1491,73.606
312.011,124.649,191.332,0.391,18.1473,73.649
312.261,132.232,191.332,0.391,17.8114,73.7248
312.462,154.164,191.332,0.391,18.1532,73.7816
312.711,156.72,191.332,0.391,17.5004,73.8617
312.961,128.015,191.332,0.391,17.4997,73.9376
313.211,143.608,191.336,0.396,17.5003,74.0073
313.465,137.673,191.336,0.4,17.1943,74.0682
313.71,171.393,191.336,0.402,16.8939,74.1572
313.961,127.562,191.336,0.404,16.8965,74.2276
314.211,136.444,191.336,0.404,16.8962,74.2891
314.461,119.993,191.336,0.404,16.6393,74.3773
314.711,143.951,191.336,0.405,17.1877,74.4475
314.96,120.08,191.336,0.405,17.1917,74.5237
315.21,139.984,191.336,0.405,17.1962,74.6005
315.461,119.894,191.336,0.405,17.2281,74.6555
315.711,135.97,191.336,0.405,17.8236,74.744
315.961,124.1,191.336,0.405,17.8201,74.8141
316.211,144.008,191.336,0.403,18.1835,74.8876
316.413,133.487,191.336,0.398,18.4863,74.9426
316.66,169.558,191.336,0.395,17.8193,75.0104
316.861,129.56,191.336,0.396,17.8163,75.0661
317.111,132.189,191.336,0.4,17.8152,75.1231
317.36,124.162,191.336,0.391,18.1478,75.2105
317.561,144.53,191.336,0.386,18.4824,75.2495
317.811,168.43,191.336,0.369,18.4775,75.3362
318.061,131.987,191.336,0.366,18.4943,75.4095
318.311,131.987,191.336,0.36,18.1444,75.464
318.561,136.027,191.336,0.334,17.8175,75.5454
318.811,127.996,191.336,0.328,17.8218,75.6106
319.062,131.41,191.336,0.305,17.4966,75.6633
319.31,132.62,191.336,0.293,17.8491,75.7386
319.512,208.76,191.336,0.292,18.146,75.7754
319.76,168.812,191.336,0.278,17.819,75.856
320.011,123.966,191.336,0.277,17.82,75.9297
320.26,136.011,191.336,0.285,17.8233,75.991
320.463,163.268,191.336,0.293,17.8152,76.0365
320.711,173.001,191.336,0.303,17.506,76.0959
320.96,172.475,191.336,0.32,17.7946,76.1594
321.211,139.971,191.336,0.345,17.5117,76.226
321.462,131.219,191.336,0.369,17.827,76.2771
321.71,132.825,191.336,0.394,17.8246,76.3569
321.962,127.257,191.336,0.434,17.8215,76.4192
322.21,177.048,191.336,0.447,17.1979,76.491
322.461,123.705,191.336,0.472,17.8163,76.5633
322.711,132.26,191.336,0.483,17.8199,76.6304
322.961,119.886,191.336,0.499,17.4996,76.7008
323.211,144.158,191.336,0.517,17.5058,76.7709
323.46,124.018,191.336,0.556,18.1513,76.8467
323.711,131.981,191.336,0.561,18.1647,76.9179
323.961,123.932,191.336,0.542,18.1526,76.9797
324.21,144.13,191.336,0.549,18.1522,77.0419
324.461,111.963,191.336,0.565,18.4927,77.0896
324.711,131.998,191.336,0.575,18.1478,77.1319
324.96,120.014,191.336,0.59,18.8488,77.1706
325.211,131.893,191.336,0.593,18.8492,77.182
325.461,120.016,191.348,0.596,18.8479,77.1827
325.71,136.111,191.348,0.597,19.2204,77.184
325.961,123.962,191.348,0.598,19.2186,77.1853
326.211,143.979,191.348,0.598,19.2177,77.1863
326.461,139.801,191.348,0.605,19.2148,77.1874
326.811,160.077,191.348,0.611,18.8392,77.19
327.06,140.149,191.348,0.612,18.1485,77.1916
327.311,143.909,191.348,0.614,18.4841,77.1935
327.561,136.062,191.348,0.615,18.4808,77.195
327.811,144.021,191.348,0.616,18.1392,77.1972
328.061,140.001,191.348,0.617,18.1423,77.1988
328.261,144.336,191.348,0.618,17.8184,77.2
328.51,140.536,191.348,0.62,17.819,77.2021
328.761,135.963,191.348,0.619,17.8225,77.2038
329.011,155.869,191.348,0.611,17.8198,77.2231
329.261,132.117,191.348,0.56,17.8165,77.2753
329.511,139.963,191.348,0.535,17.502,77.3187
329.76,144.054,191.348,0.501,18.1485,77.38
330.012,183.229,191.348,0.498,18.1332,77.4402
330.261,124.519,191.348,0.504,17.8206,77.5109
330.511,131.931,191.348,0.511,18.1505,77.578
330.761,132.052,191.348,0.55,17.8256,77.648
331.011,132.015,191.348,0.563,17.8044,77.7176
331.261,127.984,191.348,0.523,17.8283,77.7886
331.511,127.998,191.348,0.51,17.8141,77.8596
331.76,140.028,191.348,0.483,18.1497,77.9294
332.011,135.977,191.348,0.456,17.8059,77.9988
332.213,138.503,191.348,0.422,17.8164,78.0596
332.461,169.443,191.348,0.37,17.8101,78.1292
332.711,136.016,191.348,0.342,17.5,78.1936
332.912,188.353,191.348,0.318,17.8279,78.2349
333.161,136.934,191.348,0.286,17.1947,78.2977
333.411,127.737,191.348,0.275,17.5042,78.39
333.66,140.337,191.348,0.271,17.4977,78.4563
333.911,131.992,191.348,0.273,17.5017,78.515
334.16,184.06,191.348,0.289,17.1846,78.5805
334.411,123.91,191.348,0.297,17.1915,78.6409
334.661,156.015,191.348,0.302,17.5006,78.699
334.91,180.086,191.348,0.309,17.5092,78.7532
335.112,138.845,191.348,0.317,17.5018,78.7989
335.36,132.898,191.348,0.323,18.1494,78.867
335.562,134.113,191.348,0.326,18.1468,78.9065
335.811,176.816,191.348,0.327,18.4993,78.9944
336.06,184.13,191.348,0.328,18.4765,79.0666
336.261,129.61,191.348,0.33,18.1483,79.1106
336.51,132.299,191.348,0.335,18.4935,79.1951
336.762,135.14,191.348,0.341,18.1526,79.2659
337.011,168.902,191.348,0.347,18.0802,79.3419
337.26,132.16,191.348,0.355,17.824,79.4148
337.511,123.918,191.348,0.361,17.8086,79.4854
337.761,136.034,191.348,0.375,17.8198,79.5617
338.011,136.004,191.348,0.389,17.82,79.631
338.26,128.019,191.348,0.427,17.501,79.707
338.51,144.024,191.348,0.463,17.5373,79.7791
338.761,123.895,191.348,0.465,17.8304,79.8489
339.01,136.166,191.348,0.461,18.1472,79.9257
339.261,127.812,191.348,0.45,18.1434,79.9952
339.461,174.405,191.348,0.433,18.1542,80.0426
339.711,152.451,191.348,0.437,18.4946,80.1313
339.912,118.985,191.348,0.448,18.8468,80.175
340.161,144.74,191.348,0.462,18.4897,80.2635
340.362,119.666,191.348,0.482,18.8463,80.3043
340.611,140.461,191.348,0.499,18.4872,80.3949
340.86,132.209,191.348,0.505,18.8486,80.4667
341.111,175.846,191.348,0.508,18.4631,80.5252
341.36,132.116,191.348,0.461,18.4944,80.6136
341.611,135.586,191.348,0.441,18.488,80.684
341.861,116.268,191.348,0.419,18.1481,80.7602
342.111,143.589,191.348,0.407,18.1755,80.8308
342.361,119.96,191.348,0.41,18.1493,80.8863
342.611,148.04,191.348,0.413,17.8128,80.9773
342.861,116.377,191.348,0.417,17.8171,81.0482
343.11,136.06,191.348,0.418,17.8176,81.1086
343.36,132.046,191.348,0.419,18.1532,81.1972
343.611,131.804,191.348,0.419,18.4858,81.2678
343.863,154.387,191.348,0.419,18.1492,81.3289
344.11,149.701,191.348,0.419,17.8235,81.4169
344.362,135.441,191.348,0.419,17.4979,81.4868
344.611,132.149,191.348,0.419,17.4919,81.5626
344.861,120.257,191.348,0.419,17.5021,81.6302
345.111,139.834,191.348,0.42,17.4988,81.6918
345.36,124.248,191.348,0.425,17.8214,81.7792
345.611,167.476,191.348,0.428,18.1442,81.8365
345.86,136.432,191.348,0.43,17.8221,81.9235
346.113,134.664,191.348,0.431,17.829,81.9984
346.361,128.875,191.348,0.432,17.503,82.0678
346.611,132.374,191.348,0.434,17.8187,82.1432
346.86,132.049,191.348,0.439,18.5035,82.2096
347.112,135.38,191.348,0.443,18.1532,82.2833
347.314,123.734,191.348,0.444,18.4907,82.341
347.561,137.706,191.348,0.445,18.8495,82.4077
347.811,131.601,191.348,0.449,18.8538,82.483
348.061,128.356,191.348,0.452,18.8485,82.5564
348.311,123.937,191.348,0.458,18.8501,82.6116
348.56,140.18,191.348,0.462,18.8481,82.6926
348.811,127.723,191.348,0.478,19.2232,82.7479
349.06,124.268,191.348,0.497,18.8491,82.7982
349.311,139.931,191.348,0.51,18.8494,82.8416
349.513,163.028,191.348,0.513,18.4906,82.8629
349.761,137.34,191.348,0.519,18.4938,82.8768
350.011,159.769,191.348,0.522,18.4968,82.8779
350.26,140.248,191.348,0.525,17.8279,82.8793
350.462,138.872,191.348,0.53,17.8027,82.8802
350.71,132.854,191.348,0.531,17.8185,82.8827
350.96,111.994,191.348,0.531,17.8241,82.884
351.21,132.002,191.348,0.533,17.8207,82.8853
351.46,120.01,191.348,0.523,17.82,82.8871
351.661,169.488,191.348,0.521,18.1492,82.8878
351.91,148.414,191.348,0.521,17.8116,82.8884
352.112,124.154,191.348,0.522,17.8281,82.8896
352.361,132.633,191.348,0.522,18.1485,82.8909
352.611,151.577,191.348,0.523,18.1541,82.8935
352.861,124.277,191.348,0.512,18.8467,82.8956
353.111,147.675,191.348,0.513,18.8651,82.8967
353.361,136.389,191.348,0.513,18.8538,82.8984
353.564,191.934,191.348,0.512,19.2048,82.8997
353.811,174.24,191.348,0.509,18.4821,82.9015
354.061,127.985,191.355,0.51,18.4509,82.9037
354.311,139.744,191.355,0.51,18.468,82.9059
354.56,136.272,191.355,0.511,18.4743,82.9077
354.812,143.119,191.355,0.513,18.8214,82.9097
355.06,144.893,191.355,0.516,18.8188,82.9125
355.31,144.008,191.355,0.522,18.8252,82.9155
355.562,190.674,191.355,0.521,18.8002,82.9168
355.811,144.814,191.355,0.521,18.1282,82.9195
356.061,192.231,191.355,0.524,18.1289,82.9222
356.311,151.863,191.355,0.524,17.8037,82.9496
356.56,136.131,191.355,0.507,18.1277,83.017
356.811,139.542,191.355,0.485,18.4896,83.0776
357.06,132.442,191.355,0.455,18.4898,83.1524
357.31,136.026,191.355,0.423,18.8454,83.2255
357.561,131.847,191.355,0.412,18.8379,83.2964
357.813,158.467,191.355,0.413,18.8433,83.3584
358.061,153.573,191.355,0.415,18.845,83.4405
358.311,132.026,191.355,0.416,18.846,83.5145
358.56,124.016,191.355,0.417,19.2128,83.5897
358.811,143.88,191.355,0.386,19.5987,83.6449
359.061,128.103,191.355,0.394,19.5983,83.7351
359.311,143.989,191.355,0.404,19.5975,83.8063
359.512,193.794,191.355,0.409,19.1727,83.85
359.761,120.601,191.355,0.414,19.2189,83.935
359.961,134.586,191.355,0.416,18.8441,83.9746
360.21,140.381,191.355,0.417,18.8459,84.0597
360.411,169.175,191.355,0.418,18.8469,84.1124
360.66,144.545,191.355,0.418,18.4885,84.1813
360.911,135.735,191.355,0.418,18.8443,84.2539
361.113,143.534,191.355,0.419,18.4888,84.3075
361.361,125.263,191.355,0.419,18.4884,84.3755
361.611,147.82,191.355,0.419,18.486,84.4288
361.863,126.795,191.355,0.423,18.1491,84.5162
362.111,189.82,191.355,0.434,18.1482,84.5881
362.361,124.044,191.355,0.442,18.1486,84.6588
362.611,139.877,191.355,0.457,18.4896,84.7353
362.862,131.61,191.355,0.447,18.4909,84.8052
363.111,136.397,191.355,0.433,18.5139,84.8757
363.361,136.071,191.355,0.419,18.8497,84.9486
363.611,135.919,191.355,0.372,19.2177,85.0042
363.86,128.234,191.355,0.36,19.2167,85.09
364.112,139.115,190.836,0.346,19.214,85.1527
364.361,124.783,190.836,0.331,19.2117,85.2135
364.611,151.972,190.836,0.327,19.5977,85.2797
364.862,127.48,190.836,0.322,19.5998,85.3407
365.111,152.513,190.836,0.323,19.6005,85.3923
365.361,176.061,190.836,0.325,19.2168,85.4644
365.562,134.387,190.836,0.326,19.2155,85.5082
365.81,148.657,190.836,0.33,18.847,85.5672
366.061,127.974,190.836,0.32,18.8386,85.6223
366.31,152.009,190.836,0.3,18.8531,85.6836
366.561,127.986,190.836,0.303,18.4895,85.7565
366.811,131.922,190.836,0.313,18.8445,85.8198
367.061,132.085,190.836,0.32,18.8457,85.8904
367.31,136.016,190.836,0.33,18.8459,85.9642
367.513,187.269,190.836,0.335,18.819,86.0086
367.761,182.108,190.836,0.343,18.1457,86.0917
368.01,128.003,190.836,0.358,18.4869,86.1601
368.261,135.996,190.836,0.37,18.4892,86.2363
368.462,128.828,190.836,0.38,18.8422,86.2908
368.711,144.9,190.836,0.396,18.8329,86.3636
368.961,120.121,190.84,0.409,18.4921,86.4379
369.211,139.79,190.84,0.437,18.8461,86.5091
369.461,168.155,190.84,0.451,18.8164,86.5818
369.71,140.111,190.84,0.492,18.493,86.6543
369.913,133.549,190.84,0.528,18.4916,86.7101
370.16,129.116,190.84,0.55,18.1733,86.787
370.411,119.979,190.84,0.553,18.8432,86.8562
370.612,144.089,190.84,0.552,18.8491,86.9158
370.861,116.595,190.84,0.554,18.8482,86.9841
371.112,146.88,190.84,0.558,18.4974,87.0566
371.36,120.934,190.84,0.56,18.164,87.1333
371.611,135.845,190.84,0.567,18.4892,87.1882
371.861,124.125,190.84,0.571,18.1514,87.2793
372.111,132.002,190.84,0.573,18.1637,87.3527
372.311,169.409,190.84,0.574,18.1496,87.4091
372.56,132.381,190.84,0.576,18.1555,87.4793
372.811,143.982,190.84,0.577,17.8187,87.5477
373.061,119.987,190.84,0.576,18.1482,87.6195
373.311,136.021,190.84,0.576,18.1522,87.6933
373.561,128.005,190.84,0.576,17.816,87.7629
373.811,175.792,190.84,0.576,18.1099,87.8386
374.013,133.478,190.84,0.522,18.1511,87.8908
374.261,165.553,190.84,0.484,18.4983,87.9507
374.461,124.592,190.84,0.447,18.8494,87.9885
374.71,140.528,190.84,0.384,19.2219,88.0326
374.961,123.951,190.84,0.355,19.2181,88.0726
375.21,128.035,190.84,0.341,19.6122,88.0829
375.461,183.975,190.84,0.34,19.5978,88.0835
375.662,144.115,190.84,0.34,19.218,88.0838
375.911,132.386,190.84,0.338,19.6021,88.0851
376.162,135.608,190.84,0.337,19.2173,88.0861
376.412,128.104,190.84,0.328,19.2196,88.0871
376.66,144.601,190.84,0.327,19.2188,88.0891
376.911,139.889,190.84,0.327,19.2466,88.0905
377.112,159.093,190.84,0.327,18.8481,88.0917
377.361,201.066,190.84,0.326,18.1497,88.0935
377.561,134.551,190.84,0.318,18.1464,88.0945
377.811,192.406,190.84,0.317,18.1486,88.0961
378.061,128.071,190.84,0.316,17.4962,88.0969
378.312,143.131,190.84,0.313,17.5014,88.0979
378.561,140.859,190.84,0.304,17.2014,88.0991
378.861,166.631,190.848,0.304,17.8057,88.1005
379.112,155.312,190.848,0.299,17.4954,88.1067
379.361,124.573,190.848,0.312,17.1892,88.1559
379.61,132.088,190.848,0.41,17.1928,88.2141
379.861,123.922,190.848,0.47,17.2063,88.2987
380.111,147.962,190.848,0.562,17.1935,88.3737
380.361,123.646,190.848,0.571,17.5021,88.43
380.611,148.366,190.848,0.566,18.1401,88.5204
380.861,120.061,190.848,0.564,18.4914,88.5905
381.112,194.584,190.848,0.559,18.448,88.6643
381.36,120.931,190.848,0.555,18.1573,88.7373
381.563,178.025,190.848,0.552,17.8246,88.776
381.811,181.534,190.848,0.55,17.4935,88.8653
382.061,128.016,190.848,0.553,17.4953,88.9349
382.262,128.808,190.848,0.557,17.8228,88.9969
382.511,197.174,190.848,0.56,17.7336,89.0653
382.761,120.179,190.848,0.566,17.4985,89.1375
383.011,143.732,191.309,0.575,17.4955,89.2104
383.261,124.221,191.309,0.58,17.497,89.2797
383.511,175.753,191.309,0.581,17.1685,89.3423
383.76,136.209,191.309,0.586,17.1958,89.431
384.011,135.989,191.312,0.595,17.4946,89.4985
384.261,155.511,191.312,0.568,17.4984,89.5716
384.463,173.426,191.312,0.536,17.5132,89.6123
384.711,165.735,191.312,0.509,17.4976,89.6965
384.961,131.999,191.312,0.498,17.4977,89.7732
385.162,143.85,191.312,0.496,17.4934,89.8137
385.411,185.148,191.312,0.476,18.1463,89.903
385.661,131.521,191.312,0.471,18.496,89.969
385.91,124.482,191.312,0.469,18.4899,90.0309
386.16,152,191.312,0.465,18.8504,90.1172
386.361,124.607,191.312,0.46,18.8465,90.1561
386.611,152.297,191.312,0.405,18.8548,90.2365
386.862,123.537,191.312,0.367,19.2385,90.3039
387.111,140.086,191.312,0.317,19.9957,90.3772
387.361,128.332,191.312,0.303,19.6049,90.4472
387.611,184.177,191.312,0.279,19.6009,90.5142
387.86,128.023,191.312,0.279,19.2235,90.5784
388.065,171.29,191.312,0.278,19.2297,90.6084
388.311,158.711,191.312,0.306,18.8457,90.6749
388.56,132.031,191.312,0.335,18.8362,90.7425
388.761,139.583,191.312,0.368,18.4894,90.7797
389.011,136.303,191.312,0.357,18.1422,90.8648
389.261,139.982,191.312,0.357,18.1513,90.9221
389.511,148.015,191.312,0.36,18.1474,90.9767
389.761,140.022,191.312,0.362,18.1471,91.0337
389.962,139.24,191.312,0.358,18.1484,91.0643
390.211,156.686,191.312,0.359,18.5123,91.1379
390.461,115.978,191.312,0.343,18.843,91.2054
390.71,144.039,191.312,0.344,18.8562,91.2728
390.96,131.992,191.312,0.354,19.2123,91.344
391.163,236.8,191.312,0.359,19.5594,91.3836
391.411,141.445,191.312,0.376,18.8413,91.4719
391.66,144.137,191.312,0.39,19.2151,91.5431
391.91,127.972,191.312,0.376,19.2055,91.6036
392.16,136.025,191.312,0.357,19.2019,91.6883
392.361,139.465,191.312,0.347,19.2109,91.7266
392.612,139.559,191.312,0.342,19.2176,91.8131
392.86,177.06,191.312,0.341,19.2133,91.8755
393.11,143.99,191.312,0.329,18.8557,91.9416
393.365,133.553,191.312,0.326,18.8375,92.0171
393.611,178.632,191.312,0.306,18.4897,92.077
393.861,128.448,191.312,0.306,19.2129,92.1454
394.065,136.999,191.312,0.306,19.2194,92.1987
394.31,191.375,191.312,0.306,18.8456,92.2689
394.56,128.005,191.312,0.307,18.8409,92.3428
394.811,143.58,191.312,0.314,18.8561,92.4125
395.062,127.841,191.312,0.316,18.8477,92.4798
395.262,154.365,191.312,0.322,18.848,92.5259
395.511,145.029,191.312,0.305,19.218,92.587
395.712,153.696,191.312,0.278,19.2258,92.6424
395.961,156.985,191.312,0.258,18.8572,92.7096
396.21,140.141,191.312,0.248,19.2206,92.7839
396.412,139.112,191.312,0.253,19.2087,92.825
396.614,227.753,191.312,0.267,18.8053,92.8949
396.86,129.703,191.312,0.291,19.2217,92.9548
397.111,151.892,191.312,0.317,18.8458,93.0099
397.312,163.51,191.312,0.322,18.8477,93.0416
397.56,161.328,191.312,0.325,18.1482,93.1068
397.765,151.139,191.312,0.327,18.1503,93.1514
398.011,171.013,191.312,0.329,18.1477,93.2035
398.261,136.303,191.312,0.329,18.1528,93.2627
398.511,151.943,191.312,0.327,18.5112,93.3246
398.761,132.046,191.312,0.313,18.4901,93.3797
399.011,131.947,191.312,0.312,18.1484,93.4641
399.261,132.02,191.312,0.326,17.8202,93.5249
399.511,155.631,191.312,0.351,18.1484,93.5792
399.761,164.434,191.312,0.367,18.4847,93.6623
399.965,205.36,191.312,0.392,18.4895,93.7144
400.21,150.738,191.312,0.445,18.4884,93.7895
400.461,115.87,191.312,0.486,18.4917,93.8579
400.71,184.204,191.312,0.539,18.1512,93.9287
400.961,123.926,191.312,0.605,18.148,94.005
401.211,139.781,191.312,0.648,18.1492,94.0611
401.461,120.249,191.312,0.694,18.1529,94.1462
401.711,139.992,191.312,0.759,18.844,94.2157
401.912,153.824,191.312,0.765,18.8471,94.2724
402.161,164.998,191.312,0.712,18.1479,94.3468
402.41,128.033,191.312,0.632,18.1535,94.4165
402.661,183.888,191.312,0.575,18.1481,94.4717
402.91,132.085,191.312,0.499,18.1477,94.5618
403.161,131.958,191.312,0.445,18.1606,94.6358
403.41,172.039,191.312,0.376,18.1482,94.7103
403.612,184.069,191.312,0.342,18.1451,94.7513
403.862,139.923,191.312,0.306,17.821,94.8398
404.066,190.765,191.312,0.276,17.498,94.8787
404.311,151.36,191.312,0.249,17.1953,94.9661
404.562,135.08,191.312,0.247,17.1917,95.0418
404.811,165.04,191.312,0.254,16.8929,95.1083
405.06,120.081,191.312,0.28,17.1892,95.1768
405.261,144.473,191.312,0.284,17.1971,95.2161
405.51,136.461,191.312,0.307,17.1902,95.3047
405.761,159.867,191.312,0.309,17.4863,95.3784
406.011,136.04,191.312,0.325,17.501,95.4283
406.262,127.243,191.312,0.355,17.5004,95.5084
406.51,144.908,191.312,0.392,17.8171,95.5616
406.761,127.924,191.312,0.436,18.157,95.6459
406.962,119.104,191.312,0.456,18.1467,95.707
407.211,185.149,191.312,0.509,17.815,95.7761
407.461,115.636,191.312,0.556,18.1495,95.8525
407.711,151.987,191.312,0.592,18.493,95.9081
407.961,160.515,191.312,0.646,18.4991,95.9951
408.161,129.547,191.312,0.677,18.493,96.0571
408.412,139.724,191.312,0.707,18.8531,96.1183
408.661,128.46,191.312,0.756,18.8499,96.1891
408.863,128.523,191.312,0.78,19.2261,96.2417
409.111,169.665,191.312,0.831,18.8505,96.2999
409.362,131.271,191.312,0.834,18.8498,96.3671
409.611,176.827,191.312,0.814,19.2155,96.4376
409.862,115.681,191.312,0.71,19.2209,96.5084
410.111,140.577,191.312,0.755,18.8454,96.5686
410.361,131.747,191.312,0.799,18.8484,96.638
410.611,139.792,191.312,0.855,18.8483,96.7126
410.861,164.325,191.312,0.959,18.8295,96.7831
411.111,128.202,191.312,1.04,18.1476,96.8486
411.361,115.957,191.312,1.128,18.1506,96.9059
411.613,146.873,191.312,1.156,18.1443,96.9429
411.86,161.328,191.312,1.194,17.8169,96.9951
412.111,127.934,191.312,1.231,18.8468,97.024
412.361,124.03,191.312,1.251,17.8128,97.0251
412.561,134.463,191.312,1.254,18.1369,97.0255
412.811,148.478,191.312,1.24,18.4689,97.0264
413.061,139.745,191.332,1.093,18.4743,97.027
413.311,148.287,191.434,1.281,18.1392,97.0278
413.561,135.801,191.434,1.279,17.8217,97.0288
413.811,148.105,191.434,1.279,18.4859,97.0305
414.061,135.701,191.434,1.278,18.4731,97.0321
414.31,160.49,191.434,1.276,18.4828,97.0339
414.561,139.861,191.434,1.276,18.48,97.0348
414.811,155.841,191.434,1.279,19.2226,97.0359
415.012,149.543,191.434,1.284,19.2174,97.0366
415.261,152.507,191.434,1.284,18.84,97.0431
415.462,208.978,191.434,1.295,18.4229,97.0692
415.711,160.792,191.434,1.296,18.8493,97.1175
415.911,174.215,191.434,1.296,18.8456,97.1517
416.16,164.616,191.434,1.277,18.8527,97.2133
416.411,143.958,191.434,1.255,18.8441,97.2766
416.667,148.216,191.434,1.206,18.8602,97.3487
416.913,195.361,191.434,1.174,18.1579,97.4086
417.162,160.343,191.445,1.136,17.8193,97.4594
417.41,177.161,191.445,1.109,17.4923,97.55
417.661,175.941,191.445,1.071,16.8777,97.6054
417.911,132.001,191.445,1.042,17.1972,97.6939
418.161,143.946,191.445,0.996,16.8984,97.767
418.411,167.998,191.453,0.967,17.2321,97.8323
418.661,139.64,191.453,0.927,16.9012,97.9071
418.911,132.405,191.453,0.895,17.1949,97.9643
419.161,139.939,191.453,0.858,16.901,98.0517
419.413,146.834,191.461,0.83,16.8959,98.124
419.661,169.393,191.461,0.796,16.611,98.1918
419.911,124.029,191.461,0.764,16.6246,98.2573
420.112,178.305,191.461,0.741,16.8964,98.3007
420.361,144.994,191.492,0.7,17.1894,98.3881
420.611,140.093,191.492,0.681,17.5007,98.4614
420.861,131.631,191.555,0.64,17.5032,98.5281
421.111,136.379,191.555,0.625,17.8384,98.6045
421.361,127.932,191.559,0.603,18.1479,98.6731
421.611,147.758,191.559,0.581,18.1402,98.7253
421.861,124.287,191.559,0.569,18.4895,98.8144
422.061,124.415,191.559,0.549,18.4915,98.8557
422.313,158.717,191.559,0.524,18.8455,98.944
422.561,189.683,191.559,0.492,18.8394,99.0006
422.765,235.432,191.559,0.482,18.8254,99.0748
423.011,158.432,191.559,0.469,18.1394,99.1496
423.261,124.078,190.973,0.474,17.8199,99.2196
423.51,140.374,190.977,0.486,17.487,99.2936
423.76,143.99,190.977,0.519,17.4939,99.3639
424.011,163.555,190.977,0.546,17.1855,99.4235
424.261,148.388,190.977,0.595,16.8917,99.5136
424.51,144.024,190.977,0.627,16.8906,99.5819
424.761,179.946,190.977,0.693,16.6054,99.6538
425.011,147.681,190.977,0.73,16.6027,99.7226
425.212,163.889,190.977,0.719,16.8919,99.7779
425.462,148.043,190.977,0.651,16.9166,99.8515
425.711,145.054,190.977,0.614,17.8107,99.9191
425.96,124.031,190.977,0.557,17.8155,99.9904
426.21,140.018,190.977,0.521,18.1509,100.066
426.461,135.921,190.984,0.471,18.1502,100.116
426.71,148.091,190.984,0.446,18.5495,100.197
426.961,123.976,190.984,0.395,18.8462,100.262
427.211,139.942,190.984,0.365,18.4957,100.336
427.413,143.563,190.984,0.328,18.8498,100.398
427.661,181.397,190.984,0.28,18.8221,100.468
427.91,124.123,190.984,0.263,17.505,100.53
428.112,183.936,190.984,0.259,17.559,100.581
428.361,140.446,190.984,0.262,17.5103,100.651
428.61,164.211,190.984,0.267,17.4978,100.713
428.861,131.839,190.984,0.279,17.509,100.77
429.111,147.582,190.984,0.292,17.5041,100.832
429.361,140.22,190.984,0.303,17.5073,100.892
429.611,160.204,190.984,0.307,17.4937,100.948
429.861,132.085,190.984,0.316,17.5015,101.014
430.111,143.943,190.984,0.322,17.5036,101.072
430.366,164.789,190.984,0.335,17.5214,101.12
430.611,174.903,190.984,0.334,17.8195,101.195
430.862,151.658,190.984,0.33,17.8216,101.243
431.111,168.873,190.984,0.331,17.8208,101.32
431.36,132.176,190.984,0.332,17.8241,101.386
431.611,151.628,190.984,0.334,17.8181,101.43
431.861,139.751,190.984,0.334,17.8256,101.498
432.064,147.9,190.984,0.308,17.493,101.528
432.312,221.81,190.984,0.293,17.1931,101.59
432.562,152.34,190.984,0.302,16.9001,101.661
432.81,192.997,190.984,0.309,16.8286,101.733
433.061,127.708,190.984,0.328,16.8848,101.806
433.31,132.256,190.984,0.347,17.4991,101.87
433.56,140.014,190.984,0.37,17.8134,101.941
433.811,131.73,190.984,0.376,18.165,102.013
434.061,135.959,190.984,0.385,17.8176,102.08
434.31,132.296,190.984,0.393,17.8196,102.151
434.562,143.287,190.984,0.407,17.8074,102.217
434.811,136.61,190.984,0.403,17.8179,102.29
435.012,129.097,190.984,0.392,18.1546,102.35
435.261,136.299,190.984,0.385,18.1499,102.403
435.51,136.541,190.984,0.37,18.2212,102.486
435.712,178.96,190.984,0.37,18.1301,102.541
435.961,132.554,190.984,0.369,17.8183,102.615
436.162,144.173,190.984,0.369,17.819,102.668
436.41,132.685,190.984,0.369,17.5002,102.744
436.612,134.259,190.984,0.367,17.4995,102.784
436.861,128.182,190.984,0.36,17.5008,102.871
437.111,196.318,190.984,0.358,17.7828,102.944
437.361,123.848,190.984,0.357,17.8187,103.015
437.611,148.107,190.984,0.359,17.8173,103.091
437.861,124.096,190.984,0.363,17.819,103.167
438.062,164.095,190.984,0.365,17.8195,103.208
438.31,156.857,190.984,0.367,17.82,103.295
438.561,131.973,190.984,0.368,18.1471,103.364
438.768,173.144,190.984,0.368,17.8182,103.411
439.011,165.104,190.984,0.368,17.5,103.48
439.261,123.827,190.984,0.368,17.4985,103.566
439.511,144.227,190.984,0.368,17.8124,103.639
439.761,131.797,190.984,0.375,17.8177,103.707
440.011,143.932,190.984,0.378,17.4991,103.783
440.265,134.13,190.984,0.38,17.8176,103.856
440.511,170.552,190.984,0.381,17.1936,103.922
440.761,144.091,190.984,0.378,17.4981,103.992
441.011,132.128,190.984,0.369,17.8166,104.068
441.213,182.66,190.984,0.367,17.8167,104.106
441.46,141.478,190.984,0.358,18.1456,104.192
441.711,135.964,190.984,0.356,18.1498,104.262
441.96,136.044,190.984,0.346,18.1425,104.336
442.211,139.954,190.984,0.344,18.1451,104.407
442.46,124.051,190.984,0.342,17.8162,104.462
442.71,147.977,190.984,0.342,18.1443,104.549
442.961,135.92,191.043,0.342,17.8127,104.619
443.211,136.055,191.043,0.341,18.1545,104.695
443.462,134.948,191.043,0.34,18.1476,104.756
443.711,181.413,191.043,0.337,17.8174,104.832
443.96,128.011,191.043,0.327,17.4998,104.902
444.211,139.986,191.043,0.32,17.4984,104.978
444.461,119.995,191.043,0.292,17.8188,105.029
444.711,151.888,191.043,0.278,17.8221,105.113
444.912,144.149,191.043,0.281,17.8197,105.155
445.161,164.89,191.102,0.279,17.8217,105.243
445.411,128.015,191.102,0.277,17.831,105.314
445.661,131.995,191.102,0.268,18.1657,105.382
445.91,132.083,191.102,0.264,18.1625,105.439
446.161,143.913,191.105,0.262,18.1581,105.51
446.41,136.023,191.105,0.27,18.1613,105.576
446.661,143.738,191.105,0.284,18.5006,105.642
446.862,153.907,191.105,0.294,18.1614,105.672
447.111,185.324,191.105,0.303,17.8316,105.74
447.361,128.006,191.105,0.333,17.8311,105.792
447.611,151.899,191.105,0.351,17.8257,105.849
447.861,140.109,191.105,0.366,18.1459,105.906
448.111,151.708,191.105,0.379,17.8181,105.962
448.36,128.28,191.105,0.386,17.819,106.026
448.611,143.665,191.105,0.39,17.8238,106.096
448.861,164.287,191.105,0.391,17.8204,106.162
449.061,139.502,191.105,0.388,17.8122,106.224
449.311,136.428,191.105,0.377,17.8231,106.293
449.561,123.98,191.105,0.369,17.8188,106.351
449.811,140.029,191.105,0.369,18.1481,106.412
450.061,131.781,191.105,0.372,17.8263,106.472
450.311,132.201,191.105,0.377,17.823,106.558
450.561,127.983,191.105,0.386,17.8212,106.622
450.81,144.075,191.105,0.39,18.146,106.694
451.011,129.613,191.105,0.391,18.1349,106.734
451.261,136.166,191.105,0.392,18.1459,106.826
451.462,144.393,191.105,0.392,18.4888,106.886
451.711,164.71,191.109,0.392,17.832,106.957
451.96,132.011,191.109,0.392,17.8156,107.031
452.21,132.016,191.109,0.392,17.5,107.106
452.46,123.991,191.109,0.392,17.4989,107.178
452.711,147.857,191.109,0.392,17.4999,107.252
452.961,116.081,191.109,0.393,17.5003,107.322
453.211,151.69,191.109,0.393,17.5002,107.4
453.461,156.297,191.109,0.393,17.485,107.476
453.71,148.051,191.109,0.393,17.1908,107.546
453.961,151.452,191.109,0.392,17.1942,107.62
454.211,152.541,191.109,0.392,16.8963,107.696
454.411,129.627,191.109,0.392,16.9113,107.751
454.619,134.583,191.109,0.392,17.1956,107.809
454.861,173.982,191.109,0.392,17.1849,107.864
455.111,139.811,191.109,0.392,17.5052,107.954
455.312,174.229,191.109,0.39,17.4976,107.997
455.561,184.873,191.109,0.386,17.1563,108.079
455.81,132.069,191.109,0.384,16.8964,108.14
456.012,139.169,191.109,0.374,16.8857,108.197
456.261,136.617,191.109,0.325,16.6094,108.269
456.461,124.586,191.109,0.296,16.8854,108.309
456.711,136.321,191.109,0.291,16.6106,108.394
456.961,123.996,191.109,0.263,16.6562,108.466
457.211,135.954,191.109,0.256,16.6092,108.535
457.461,123.901,191.109,0.262,17.1881,108.61
457.711,140.182,191.109,0.265,17.5074,108.681
457.961,127.523,191.109,0.274,17.5016,108.755
458.211,172.24,191.109,0.282,17.8051,108.828
458.461,128.329,191.109,0.291,18.144,108.884
458.711,179.826,191.109,0.299,18.4896,108.973
458.961,128.111,191.109,0.315,18.8479,109.042
459.21,140.038,191.109,0.32,18.491,109.114
459.465,125.755,191.109,0.335,18.8435,109.19
459.711,175.104,191.109,0.361,18.4794,109.241
459.912,114.168,191.109,0.372,18.5027,109.302
460.161,140.818,191.109,0.38,18.4918,109.366
460.411,131.985,191.109,0.402,18.1508,109.442
460.661,136.008,191.109,0.45,17.8191,109.515
460.912,131.291,191.109,0.493,17.821,109.568
461.161,124.645,191.109,0.501,17.8209,109.655
461.412,159.332,191.109,0.5,17.4947,109.731
461.661,140.413,191.109,0.5,17.503,109.785
461.911,120.157,191.109,0.5,17.8203,109.869
462.161,139.826,191.109,0.499,17.8218,109.94
462.412,170.946,191.109,0.496,17.5348,110.002
462.661,173.3,191.109,0.491,17.1855,110.089
462.911,123.912,191.109,0.488,17.1998,110.159
463.161,128.103,191.109,0.488,17.2056,110.233
463.411,183.747,191.109,0.487,17.164,110.31
463.661,123.904,191.109,0.487,17.5027,110.366
463.911,132.17,191.109,0.481,17.8245,110.444
464.161,127.869,191.109,0.478,17.8301,110.497
464.411,120.21,191.109,0.476,17.503,110.547
464.661,128.02,191.109,0.476,17.196,110.588
464.911,123.989,191.109,0.478,17.1956,110.611
465.16,136.04,191.109,0.48,17.1954,110.613
465.411,119.877,191.109,0.473,18.1514,110.614
465.663,206.398,191.109,0.473,18.1224,110.614
465.911,157.331,191.109,0.471,17.8201,110.615
466.161,135.735,191.109,0.47,17.8538,110.616
466.412,131.52,191.109,0.466,17.502,110.618
466.661,201.129,191.109,0.46,17.5018,110.62
466.91,128.021,191.109,0.459,18.1381,110.621
467.161,207.982,191.109,0.459,17.4737,110.624
467.411,127.996,191.109,0.46,17.4741,110.625
467.611,149.469,191.109,0.462,17.4737,110.626
467.861,188.265,191.109,0.462,17.4735,110.628
468.111,148.184,191.109,0.46,17.4729,110.63
468.361,128.019,191.109,0.464,17.4738,110.634
468.611,164.018,191.109,0.483,17.7971,110.675
468.861,131.927,191.109,0.498,17.7906,110.717
469.111,147.715,191.113,0.518,17.7851,110.783
469.361,144.306,191.113,0.527,17.7897,110.848
469.61,132.111,191.113,0.532,17.4816,110.913
469.812,143.798,191.113,0.534,18.4906,110.974
470.061,124.732,191.113,0.529,18.1438,111.046
470.311,139.94,191.113,0.523,18.4909,111.119
470.513,138.604,191.113,0.518,18.1689,111.163
470.76,129.15,191.113,0.517,18.1511,111.252
471.011,147.991,191.113,0.515,18.1481,111.323
471.261,123.858,191.113,0.513,17.8183,111.4
471.511,135.688,191.113,0.508,18.1474,111.474
471.761,136.44,191.113,0.505,18.4963,111.545
472.01,132.068,191.113,0.502,18.4895,111.607
472.261,139.941,191.113,0.501,17.8184,111.698
472.511,135.941,191.113,0.47,17.8173,111.769
472.712,149.142,191.113,0.451,17.4998,111.816
472.961,168.506,191.113,0.401,17.5014,111.904
473.211,188.388,191.566,0.365,18.1478,111.974
473.461,127.778,191.57,0.346,17.8182,112.051
473.711,180.242,191.574,0.341,17.4831,112.12
473.961,167.817,191.574,0.336,17.8014,112.195
474.211,136.211,191.574,0.333,17.8184,112.263
474.462,119.326,191.574,0.331,17.5007,112.338
474.711,148.853,191.574,0.328,17.1927,112.408
474.961,131.869,191.574,0.329,17.1924,112.465
475.21,180.184,191.574,0.331,17.1894,112.554
475.461,119.995,191.574,0.334,17.1926,112.63
475.711,135.766,191.574,0.305,17.8178,112.698
475.961,128.21,191.574,0.293,17.5,112.765
476.211,152.01,191.574,0.289,17.4995,112.829
476.461,120.002,191.574,0.307,17.8352,112.9
476.71,148.01,191.574,0.336,17.5153,112.97
476.961,119.588,191.574,0.372,17.4994,113.037
477.21,152.522,191.574,0.435,17.8183,113.113
477.461,115.808,191.574,0.479,18.1475,113.186
477.71,140.286,191.574,0.476,18.1496,113.241
477.961,183.908,191.574,0.47,18.8124,113.328
478.21,148.015,191.574,0.457,18.846,113.399
478.461,115.999,191.574,0.452,18.4897,113.472
478.711,155.973,191.574,0.441,18.4894,113.543
478.961,119.978,191.574,0.433,18.8448,113.612
479.211,143.491,191.574,0.419,18.4886,113.687
479.461,128.251,191.574,0.406,18.4891,113.759
479.711,144.267,191.574,0.392,18.4883,113.81
479.913,162.662,191.574,0.392,18.1467,113.87
480.162,153.045,191.574,0.392,17.8165,113.941
480.411,184.88,191.574,0.392,17.8158,114.027
480.661,131.997,191.574,0.392,17.8155,114.101
480.911,123.979,191.574,0.388,17.4981,114.173
481.112,163.863,191.574,0.385,17.4962,114.233
481.361,160.89,191.574,0.378,17.498,114.307
481.611,136.029,191.574,0.369,17.8095,114.376
481.861,131.999,191.574,0.36,18.1452,114.443
482.111,139.994,191.574,0.342,17.8198,114.519
482.361,132.004,191.574,0.342,17.8177,114.593
482.563,128.709,191.574,0.342,18.1473,114.649
482.81,133.098,191.574,0.339,18.4902,114.724
483.011,144.39,191.574,0.334,18.1469,114.78
483.261,124.077,191.051,0.331,18.148,114.841
483.512,147.587,191.051,0.331,18.1483,114.928
483.761,124.498,191.051,0.334,18.1497,114.996
484.011,132.165,191.051,0.335,18.145,115.057
484.216,185.26,191.051,0.331,18.1472,115.113
484.461,138.842,191.051,0.33,17.8136,115.202
484.711,143.603,191.051,0.328,18.1501,115.278
484.961,120.185,191.051,0.328,17.8194,115.325
485.214,165.871,191.051,0.325,17.8177,115.383
485.46,219.117,191.051,0.321,17.7557,115.453
485.713,146.597,191.051,0.318,17.1922,115.516
485.962,132.672,191.051,0.313,17.5019,115.572
486.211,184.778,191.051,0.31,17.4841,115.625
486.462,135.367,191.051,0.309,17.4966,115.682
486.711,152.69,191.051,0.31,17.8202,115.738
486.961,131.989,191.051,0.31,17.5015,115.792
487.211,147.648,191.051,0.305,17.5007,115.855
487.461,127.987,191.051,0.312,17.5017,115.926
487.711,136.197,191.051,0.317,17.8186,115.981
487.961,123.961,191.051,0.317,18.1999,116.062
488.211,144.262,191.051,0.318,18.4955,116.129
488.461,123.898,191.051,0.318,18.4908,116.203
488.711,144.114,191.051,0.318,18.4924,116.276
488.96,120.013,191.051,0.327,18.4917,116.344
489.21,136.001,191.051,0.341,18.4911,116.419
489.411,203.993,191.051,0.347,18.8466,116.474
489.661,128.48,191.051,0.352,18.4931,116.546
489.911,136.018,191.051,0.361,18.8458,116.619
490.161,131.999,191.051,0.364,18.4907,116.688
490.41,128.011,191.051,0.366,18.49,116.763
490.612,188.877,191.051,0.367,18.4912,116.818
490.862,128.025,191.051,0.367,17.8169,116.879
491.11,144.713,191.051,0.368,17.8173,116.954
491.361,119.908,191.051,0.368,17.818,117.035
491.612,183.058,191.051,0.368,17.7938,117.107
491.861,132.688,191.051,0.368,17.4997,117.181
492.111,135.796,191.051,0.368,17.5008,117.25
492.361,131.909,191.051,0.368,17.5029,117.318
492.611,140.203,191.051,0.368,17.4994,117.372
492.861,120.125,191.051,0.368,17.4996,117.461
493.111,151.704,191.051,0.368,17.1921,117.528
493.361,120.006,191.051,0.368,17.193,117.583
493.612,147.136,191.051,0.368,17.8189,117.672
493.861,120.83,191.051,0.372,18.1485,117.747
494.11,132.202,191.051,0.378,18.1481,117.802
494.36,127.925,191.051,0.379,18.4903,117.89
494.611,143.883,191.051,0.381,18.4908,117.96
494.861,127.788,191.051,0.381,18.1469,118.036
495.111,136.279,191.051,0.382,18.1479,118.108
495.361,115.891,191.051,0.382,18.4901,118.177
495.61,152.232,191.051,0.386,18.4909,118.252
495.861,119.89,191.051,0.388,18.8455,118.322
496.111,148.099,191.051,0.39,18.4894,118.399
496.36,116.007,191.051,0.391,18.1532,118.473
496.561,124.534,191.051,0.391,18.147,118.527
496.763,148.903,191.051,0.391,17.8149,118.587
497.011,217.9,191.051,0.397,17.8025,118.643
497.261,131.896,191.051,0.4,17.4989,118.733
497.511,135.956,191.051,0.406,17.8169,118.801
497.761,124.135,191.051,0.411,17.8178,118.87
498.01,144.038,191.051,0.408,17.8184,118.946
498.261,119.983,191.051,0.407,17.8185,119.008
498.462,139.19,191.051,0.407,17.497,119.065
498.711,180.488,191.051,0.393,17.5,119.127
498.961,155.983,191.051,0.385,17.1942,119.195
499.212,191.139,191.051,0.375,17.5,119.28
499.462,132.346,191.051,0.369,17.5025,119.356
499.711,172.637,191.051,0.361,17.1934,119.41
499.961,123.777,191.051,0.343,17.5003,119.494
500.211,147.94,191.051,0.328,17.5006,119.56
500.461,160.404,191.051,0.323,17.5012,119.634
500.711,136.002,191.051,0.296,17.1986,119.702
500.961,123.985,191.051,0.31,17.1954,119.761
501.21,144.033,191.051,0.302,17.1961,119.82
501.461,179.951,191.051,0.303,17.1682,119.873
501.711,159.983,191.051,0.294,17.5266,119.926
501.96,116.033,191.051,0.285,17.1968,120.014
502.211,139.979,191.051,0.295,17.1937,120.082
502.461,123.763,191.051,0.305,17.5024,120.147
502.715,149.477,191.051,0.33,17.5058,120.209
502.961,166.886,191.051,0.359,17.5029,120.272
503.211,180.274,191.051,0.381,17.4691,120.332
503.461,124.009,191.051,0.405,18.1502,120.391
503.711,171.956,191.051,0.432,18.1365,120.452
503.96,116.043,191.051,0.44,17.8211,120.535
504.211,143.918,191.051,0.453,18.1505,120.606
504.461,119.985,191.051,0.459,18.151,120.68
504.71,136.091,191.051,0.486,18.4948,120.747
504.961,123.901,191.051,0.501,18.1483,120.802
505.211,136.025,191.051,0.525,18.1508,120.888
505.461,108.06,191.051,0.554,18.4943,120.96
505.661,149.27,191.051,0.572,18.1513,121.01
505.911,128.466,191.641,0.592,18.1477,121.065
506.161,119.902,191.641,0.601,18.1516,121.102
506.41,128.169,191.641,0.61,17.826,121.151
506.661,127.974,191.641,0.62,18.4935,121.167
506.911,119.98,191.047,0.617,18.1511,121.168
507.161,136.018,191.047,0.618,18.1506,121.169
507.362,124.023,191.047,0.62,18.1502,121.169
507.61,148.95,191.047,0.623,18.15,121.17
507.861,171.99,191.047,0.624,18.4762,121.171
508.062,138.915,191.047,0.629,17.8195,121.172
508.31,193.235,191.047,0.634,17.8134,121.174
508.561,123.493,191.047,0.635,17.8101,121.175
508.81,140.583,191.047,0.637,17.494,121.176
509.061,131.844,191.047,0.636,17.4927,121.178
509.262,159.225,191.047,0.639,17.8121,121.18
509.511,140.673,191.047,0.642,18.1408,121.181
509.761,139.517,191.047,0.642,17.8146,121.183
510.01,152.58,191.047,0.642,17.492,121.187
510.261,135.698,191.047,0.643,17.4932,121.188
510.51,152.398,191.047,0.642,17.4887,121.191
510.712,148.827,191.047,0.642,17.8114,121.197
510.961,128.728,191.047,0.614,17.1902,121.239
511.211,155.996,191.047,0.566,17.8173,121.296
511.462,127.358,191.047,0.55,18.1474,121.349
511.71,184.969,191.047,0.533,18.1033,121.417
511.961,127.967,191.047,0.532,17.8179,121.49
512.211,135.915,191.047,0.544,17.8177,121.56
512.461,127.885,191.047,0.555,17.8191,121.631
512.711,152.235,191.047,0.537,17.821,121.703
512.96,116.026,191.047,0.514,17.8183,121.772
513.211,135.933,191.047,0.497,17.8181,121.848
513.461,135.533,191.047,0.484,17.8179,121.916
513.71,136.545,191.047,0.448,17.8173,121.978
513.961,119.977,191.047,0.419,17.8193,122.065
514.162,149.105,191.047,0.383,17.8222,122.115
514.41,140.693,191.047,0.343,17.8625,122.182
514.661,139.841,191.047,0.324,17.818,122.246
514.911,124.129,191.047,0.284,17.8193,122.32
515.161,128.002,191.047,0.275,17.8189,122.389
515.411,135.99,191.047,0.268,17.8177,122.451
515.612,163.859,191.047,0.272,17.8184,122.491
515.861,180.953,191.047,0.281,17.5006,122.551
516.111,183.878,191.047,0.29,17.434,122.621
516.361,132.048,191.047,0.298,17.4937,122.694
516.611,152.088,191.047,0.309,17.5,122.748
516.862,131.239,191.047,0.317,17.5013,122.808
517.11,144.895,191.047,0.327,17.5015,122.875
517.361,123.943,191.047,0.334,17.1966,122.933
517.61,144.041,191.047,0.339,17.1922,123.021
517.813,177.821,191.047,0.34,17.1933,123.062
518.062,128.682,191.047,0.342,17.1914,123.152
518.31,128.59,191.047,0.347,17.1926,123.227
518.561,135.95,191.047,0.353,16.9002,123.298
518.765,210.105,191.047,0.354,17.4841,123.358
519.011,162.975,191.047,0.357,17.2021,123.428
519.261,123.853,191.047,0.364,17.5096,123.505
519.462,129.198,191.047,0.375,17.4997,123.56
519.71,144.982,191.047,0.392,17.4999,123.621
519.961,119.835,191.047,0.435,17.4996,123.708
520.211,136.172,191.047,0.456,17.4999,123.779
520.46,128.012,191.047,0.456,17.5011,123.854
520.71,136.023,191.047,0.456,17.5184,123.928
520.961,127.849,191.047,0.453,17.1942,123.987
521.211,135.752,191.047,0.451,16.8972,124.075
521.462,123.591,191.047,0.455,17.2036,124.146
521.711,152.925,191.047,0.467,17.5222,124.221
521.961,120.002,191.047,0.484,17.5021,124.295
522.161,174.332,191.047,0.486,17.1936,124.339
522.41,140.44,191.047,0.492,16.8963,124.425
522.661,131.583,191.047,0.495,17.1929,124.496
522.912,167.56,191.047,0.496,17.1918,124.572
523.161,132.367,191.047,0.465,16.6101,124.645
523.414,162.153,191.047,0.445,16.8957,124.702
523.663,152.903,191.047,0.421,17.1936,124.792
523.911,161.305,191.047,0.419,17.1927,124.866
524.161,140.032,191.047,0.42,17.1929,124.924
524.411,163.843,191.047,0.42,16.8969,125.01
524.611,134.581,191.047,0.42,16.8992,125.052
524.861,132.462,191.047,0.42,16.6107,125.142
525.111,131.824,191.047,0.42,17.2117,125.216
525.362,127.646,191.047,0.42,17.1957,125.274
525.611,144.515,191.047,0.42,17.1921,125.356
525.86,120.084,191.047,0.42,17.5012,125.425
526.111,143.904,191.047,0.417,17.502,125.495
526.361,127.879,191.047,0.412,17.8306,125.565
526.611,144.185,191.047,0.412,17.5453,125.633
526.861,120.035,191.047,0.417,17.82,125.706
527.065,151.629,191.047,0.418,17.8212,125.745
527.311,150.667,191.047,0.418,18.4936,125.834
527.514,162.326,191.047,0.419,18.4936,125.876
527.763,152.279,191.047,0.419,18.152,125.961
528.012,124.844,191.047,0.419,17.8208,126.034
528.261,132.305,191.047,0.426,17.8204,126.105
528.512,131.663,191.047,0.431,17.8196,126.181
528.761,128.612,191.047,0.439,18.152,126.251
529.01,128.042,191.047,0.445,18.1513,126.305
529.212,153.668,191.047,0.449,18.1514,126.378
529.461,148.731,191.047,0.461,18.1624,126.432
529.711,140.004,191.047,0.462,17.8206,126.523
529.913,168.478,191.047,0.459,18.1598,126.575
530.161,137.131,191.047,0.458,17.8215,126.646
530.41,128.13,191.047,0.46,18.1518,126.708
530.661,135.8,191.047,0.474,18.4937,126.757
530.91,120.178,191.047,0.479,18.8492,126.802
531.161,131.69,191.047,0.483,18.8494,126.839
531.411,120.253,191.047,0.488,18.8487,126.844
531.661,143.975,191.047,0.49,18.8494,126.845
531.911,124.026,191.047,0.491,18.86,126.846
532.161,123.992,191.047,0.486,19.2177,126.847
532.411,132.013,191.047,0.494,19.2205,126.848
532.663,130.679,191.047,0.487,19.6013,126.849
532.913,199.966,191.047,0.492,19.2136,126.849
533.161,169.455,191.047,0.489,18.492,126.851
533.411,132.164,191.047,0.481,18.4913,126.852
533.661,140.06,191.047,0.48,18.1483,126.853
533.861,174.275,191.047,0.477,18.1429,126.855
534.111,184.609,191.047,0.479,17.8187,126.857
534.362,135.364,191.555,0.478,17.184,126.859
534.611,148.705,191.555,0.481,17.184,126.86
534.812,188.7,191.555,0.483,17.1856,126.862
535.061,144.575,191.555,0.481,17.1849,126.864
535.311,148.213,191.555,0.484,16.888,126.866
535.561,139.661,191.555,0.483,16.6016,126.868
535.763,148.573,191.555,0.485,16.6243,126.869
536.011,189.584,191.555,0.488,16.8882,126.871
536.263,147.078,191.555,0.487,17.184,126.883
536.511,145.03,191.555,0.492,17.1842,126.935
536.763,182.099,191.555,0.483,17.1881,126.99
537.011,198.222,191.555,0.479,17.1834,127.032
537.26,180.053,191.555,0.45,17.4827,127.11
537.511,131.905,191.555,0.435,17.1933,127.18
537.712,134.399,191.555,0.43,17.5292,127.232
537.96,132.571,191.555,0.425,17.8178,127.294
538.211,143.716,191.555,0.429,17.8168,127.36
538.412,194.091,191.555,0.437,17.8173,127.422
538.663,139.398,191.555,0.457,17.8328,127.488
538.911,173.736,191.555,0.463,17.7822,127.541
539.16,144.073,191.555,0.46,18.147,127.625
539.361,119.358,191.555,0.459,18.1446,127.669
539.611,152.129,191.555,0.458,18.4883,127.757
539.861,124.164,191.555,0.457,18.8514,127.827
540.11,136.302,191.555,0.457,19.2127,127.903
540.361,139.479,191.555,0.456,19.2136,127.973
540.611,159.976,191.555,0.455,19.2146,128.026
540.86,152.521,191.555,0.45,18.842,128.113
541.111,139.767,191.555,0.448,19.2158,128.176
541.361,132.004,191.555,0.448,19.215,128.237
541.611,144.186,191.555,0.447,19.2178,128.307
541.862,194.777,191.555,0.445,19.214,128.371
542.111,148.747,191.555,0.44,18.8511,128.457
542.361,131.747,191.555,0.42,18.8476,128.53
542.61,188.766,191.555,0.406,18.4048,128.586
542.861,119.812,191.555,0.392,18.4896,128.675
543.111,144.085,191.555,0.383,18.4913,128.749
543.361,120.018,191.555,0.369,18.8707,128.817
543.611,155.556,191.555,0.348,18.8413,128.891
543.861,120.337,191.555,0.321,19.2165,128.962
544.11,136.065,191.555,0.308,19.2186,129.034
544.361,179.839,191.555,0.309,18.8451,129.099
544.561,149.423,191.555,0.308,19.2268,129.136
544.764,177.314,191.555,0.308,19.2186,129.183
545.011,154.428,191.555,0.31,18.8474,129.255
545.262,167.287,191.555,0.318,19.2163,129.319
545.512,155.894,191.555,0.325,18.8481,129.366
545.761,176.528,191.555,0.345,18.4914,129.435
546.011,136.219,191.555,0.332,18.4918,129.493
546.262,143.281,191.555,0.288,18.4914,129.546
546.511,144.725,191.555,0.271,18.1466,129.602
546.761,136.056,191.555,0.273,17.8204,129.66
547.01,188.036,191.555,0.282,17.7919,129.708
547.26,128.033,191.555,0.315,17.5003,129.795
547.461,139.529,191.555,0.334,17.5037,129.825
547.711,152.229,191.555,0.359,17.8187,129.896
547.961,131.835,191.555,0.365,17.5001,129.962
548.211,132.27,191.555,0.368,17.8169,130.03
548.461,127.951,191.555,0.372,18.1484,130.098
548.661,149.365,191.555,0.378,18.1482,130.149
548.91,128.496,191.555,0.386,17.8186,130.225
549.113,143.095,191.555,0.394,18.1472,130.281
549.361,157.255,191.555,0.422,17.5013,130.342
549.611,140.329,191.555,0.44,17.8176,130.43
549.812,148.644,191.555,0.452,17.2192,130.469
550.061,153.161,191.555,0.483,17.4992,130.558
550.265,151.821,191.555,0.505,17.5016,130.6
550.51,162.744,191.555,0.55,17.1947,130.675
550.761,167.963,191.555,0.548,17.1753,130.764
550.961,134.512,191.555,0.544,16.899,130.819
551.21,132.416,191.555,0.55,16.8992,130.896
551.461,159.854,191.555,0.555,16.6119,130.951
551.71,148.123,191.555,0.557,16.3388,131.044
551.96,120.029,191.555,0.559,16.6133,131.117
552.21,179.98,191.555,0.561,16.6263,131.173
552.46,124.002,191.555,0.567,16.8997,131.265
552.711,135.856,191.555,0.57,17.1962,131.32
552.913,143.602,191.555,0.572,17.5032,131.379
553.161,157.346,191.555,0.574,16.9003,131.466
553.411,123.963,191.555,0.574,17.1967,131.521
553.664,169.833,191.555,0.575,17.821,131.607
553.911,141.541,191.555,0.575,17.5031,131.678
554.16,140.337,191.555,0.577,17.8437,131.752
554.41,124.01,191.555,0.535,18.1514,131.826
554.611,129.336,191.555,0.498,18.1512,131.861
554.86,128.512,191.555,0.42,18.1634,131.928
555.111,139.874,191.555,0.383,18.1513,131.973
555.361,164.108,191.555,0.341,18.1507,132.011
555.615,173.244,191.555,0.324,18.493,132.028
555.861,141.958,191.555,0.324,18.8486,132.03
556.111,132.199,191.555,0.322,18.493,132.031
556.361,132.072,191.555,0.319,18.4926,132.032
556.611,184.029,191.555,0.319,18.4924,132.033
556.861,131.985,191.555,0.318,18.4917,132.034
557.111,140.014,191.555,0.318,18.4911,132.036
557.361,135.959,191.555,0.305,18.8468,132.038
557.611,144.007,191.555,0.305,18.4893,132.039
557.861,135.514,191.555,0.299,18.1483,132.04
558.066,229.394,191.555,0.292,18.1601,132.042
558.311,172.035,191.555,0.284,17.8185,132.043
558.511,149.569,191.555,0.285,17.8177,132.044
558.76,140.411,191.555,0.286,18.1504,132.045
