time,cpu,memory,obstacle_distance,cmd_vel_frequency,distance_travelled
0.23828,0,115.766,inf,50.7766,0
0.487951,92.1215,115.766,inf,50.1844,0
0.737711,104.1,115.77,inf,50.091,0
0.987721,87.9965,115.77,inf,50.1496,0
1.24027,95.0316,115.77,inf,49.9612,0
1.48769,92.9573,115.836,inf,48.8226,0
1.73802,103.865,115.918,0.497,47.7723,0.0108037
1.98766,96.1367,115.918,0.543,47.7107,0.0744487
2.23771,95.9818,115.918,0.595,47.9071,0.136963
2.48773,115.991,115.918,0.638,50.0753,0.212913
2.73773,95.9999,115.918,0.702,50.0167,0.279898
2.98766,96.0285,115.918,0.736,49.9967,0.339017
3.1882,94.7409,115.918,0.763,49.8109,0.390156
3.43776,92.1629,115.918,0.772,50.0329,0.447436
3.68767,100.036,115.918,0.754,49.9947,0.511289
3.93771,87.987,115.918,0.727,50.0377,0.572405
4.18769,88.0069,115.918,0.727,49.9888,0.638207
4.43769,99.9996,115.918,0.725,50.021,0.709923
4.68764,92.0176,115.918,0.746,49.9563,0.778282
4.93775,83.9646,115.918,0.788,50.031,0.855673
5.18767,92.0302,115.918,0.806,49.9739,0.926457
5.43771,83.9842,115.918,0.833,49.9323,0.99222
5.68765,84.0208,115.918,0.835,49.9774,1.06247
5.93773,83.9744,115.918,0.823,50.0119,1.13362
6.18767,104.026,115.918,0.804,49.8368,1.20666
6.4377,87.9877,115.918,0.779,49.985,1.28248
6.68769,84.0038,115.918,0.77,49.9758,1.34666
6.93772,83.9908,115.918,0.75,50.0024,1.4104
7.18765,88.0248,115.918,0.725,50.0269,1.47605
7.4377,87.9809,115.918,0.702,50.046,1.53989
7.68767,84.0091,115.918,0.651,49.9463,1.60727
7.93771,91.985,115.918,0.587,49.9952,1.66706
8.18767,88.0163,115.918,0.544,49.9658,1.73704
8.4377,95.986,115.918,0.492,49.9897,1.80644
8.68765,88.0195,115.918,0.455,49.9582,1.87547
8.9377,87.9805,115.918,0.415,50.0005,1.94521
9.18768,84.0076,115.918,0.398,49.9708,2.01606
9.4377,83.9946,115.918,0.379,49.9635,2.07517
9.68765,88.0149,115.918,0.352,49.97,2.13724
9.93769,87.9872,115.918,0.328,50.007,2.19523
10.1877,92.0083,115.918,0.314,50.0056,2.25957
10.4377,99.9693,115.941,0.303,49.9148,2.32922
10.6877,84.0298,115.941,0.298,49.9789,2.39259
10.9381,87.8396,115.941,0.327,49.9811,2.46123
11.1877,84.1557,115.941,0.357,49.9972,2.53839
11.4377,87.9815,115.941,0.387,50.0192,2.60142
11.6877,92.019,115.941,0.418,49.9245,2.66589
11.9377,87.9844,115.941,0.453,50.0433,2.72318
12.1877,91.9935,115.941,0.476,49.9578,2.77766
12.4377,96.0062,115.941,0.507,49.9018,2.83268
12.6877,92.0151,115.941,0.487,49.9944,2.88623
12.9377,91.9796,115.941,0.442,49.9675,2.94194
13.1877,92.0022,115.941,0.415,50.0018,3.00425
13.4377,99.9934,115.941,0.391,49.9531,3.05972
13.6877,88.0252,115.941,0.378,49.9504,3.12367
13.9377,91.9744,115.941,0.364,50.0228,3.1864
14.1877,88.0008,115.941,0.364,49.958,3.25349
14.4377,88.0062,115.941,0.364,49.9978,3.32378
14.6877,88.0165,115.941,0.364,50.0023,3.39258
14.9377,83.9796,115.941,0.364,49.98,3.4672
15.1877,96.0246,115.941,0.369,50.029,3.54411
15.4377,95.9745,115.941,0.376,49.981,3.61342
15.6876,84.0228,115.941,0.382,49.9572,3.68976
15.9377,83.9732,115.941,0.388,50.0128,3.76487
16.1877,84.0253,115.941,0.394,50.0058,3.83331
16.4377,79.9815,115.941,0.398,50.0073,3.90428
16.6877,84.0162,115.941,0.399,49.987,3.97701
16.9377,79.9817,115.941,0.4,49.9937,4.04647
17.1877,88.0145,115.941,0.398,49.9518,4.12611
17.4378,91.9671,115.941,0.395,49.9838,4.19379
17.6877,88.0171,115.941,0.374,49.9096,4.26736
17.9377,88.0025,115.941,0.321,49.9366,4.33596
18.1877,80.0137,115.941,0.299,49.9674,4.4097
18.4377,87.9867,115.941,0.271,49.9671,4.48416
18.6877,88.0175,115.941,0.273,49.9576,4.5531
18.9377,87.9777,115.941,0.29,49.9096,4.62828
19.1877,88.0114,115.941,0.306,49.9858,4.70268
19.4378,91.9764,115.941,0.351,49.9524,4.76685
19.6877,100.018,115.941,0.388,49.9514,4.83444
19.9377,95.9935,115.945,0.444,49.9278,4.89394
20.1877,100.024,115.945,0.473,49.9546,4.95116
20.4377,91.983,115.945,0.514,50.014,5.01059
20.6877,100.023,115.945,0.545,50.0114,5.06416
20.9377,95.9721,115.949,0.566,50.0177,5.11951
21.1877,100.01,116.145,0.545,50.0026,5.17648
21.4379,115.917,116.145,0.506,49.9719,5.23082
21.6877,104.076,116.145,0.488,49.9391,5.29408
21.9377,95.982,116.145,0.464,49.9928,5.35169
22.1876,92.0367,116.145,0.462,49.9612,5.41247
22.4377,103.958,116.145,0.487,49.9997,5.47392
22.6877,104.037,116.145,0.507,49.9541,5.54066
22.9381,107.829,116.145,0.557,49.9945,5.61251
23.1877,104.168,116.145,0.586,50.0446,5.6819
23.4377,91.9683,116.145,0.596,49.9949,5.7491
23.6877,92.0323,116.145,0.611,49.9994,5.81931
23.9377,99.9696,116.145,0.628,50.1026,5.89102
24.1877,92.007,116.145,0.638,49.9599,5.95839
24.4377,91.9966,116.145,0.654,50.0508,6.02217
24.6877,112.022,116.145,0.675,50.0137,6.07944
24.9378,99.9621,116.145,0.704,49.963,6.1369
25.1877,104.024,116.145,0.74,49.9412,6.19862
25.4377,92.0005,116.145,0.783,49.9947,6.25325
25.6876,96.0242,116.145,0.82,49.9662,6.31752
25.9377,95.9638,116.145,0.826,49.9876,6.37527
26.1877,96.0244,116.145,0.785,49.9629,6.43668
26.4377,103.977,116.145,0.748,49.9744,6.49889
26.6876,100.036,116.145,0.727,49.9628,6.55999
26.9377,103.969,116.145,0.708,49.9529,6.62243
27.1877,108.023,116.145,0.692,49.9912,6.69172
27.4377,99.9751,116.145,0.68,49.9575,6.75452
27.6877,92.0239,116.145,0.671,49.9962,6.82578
27.9377,99.9804,116.145,0.671,49.9828,6.89677
28.1877,104.015,116.145,0.668,49.9772,6.96911
28.4377,95.9733,116.145,0.668,49.9704,7.04442
28.6877,104.034,116.145,0.678,49.9789,7.11217
28.9377,87.9753,116.145,0.685,50.0179,7.18418
29.1877,108.003,116.145,0.701,50.0405,7.25698
29.4377,108.007,116.145,0.723,49.9937,7.32627
29.6877,108.008,116.145,0.752,49.9179,7.40228
29.9377,103.993,116.145,0.787,49.9701,7.47171
30.1877,100,116.145,0.802,49.9448,7.53422
30.4377,95.9922,116.145,0.785,49.994,7.59966
30.6877,100.024,116.145,0.785,49.9551,7.6577
30.9377,103.981,116.145,0.8,49.995,7.71998
31.1877,112.015,116.145,0.818,49.9813,7.78788
31.4377,111.981,116.145,0.85,49.9951,7.84813
31.6877,104.022,116.145,0.888,50.0213,7.91088
31.9377,95.9836,116.145,0.947,49.999,7.97352
32.1877,104.021,116.145,0.981,49.9544,8.03613
32.4377,95.9823,116.145,0.995,49.9789,8.09764
32.6876,112.022,116.145,0.985,49.9616,8.1566
32.9377,95.9754,116.145,0.983,50.0164,8.22104
33.1877,112.014,116.145,0.991,49.9626,8.29058
33.4378,95.9608,116.145,1.018,50.0396,8.36141
33.6876,96.0579,116.145,1.027,49.9927,8.43081
33.9377,103.967,116.145,1.02,49.9663,8.49533
34.1877,100.01,116.145,1.025,49.9862,8.5659
34.4378,107.964,116.145,1.036,50.0367,8.63856
34.6877,104.044,116.145,1.044,49.9896,8.7072
34.9377,107.968,116.145,1.072,50.0785,8.78136
35.1877,104.021,116.145,1.081,49.9777,8.85894
35.4377,95.9904,116.145,1.111,49.9893,8.92758
35.6877,104.023,116.145,1.128,49.9625,9.00099
35.9377,99.974,116.145,1.145,50.0158,9.0706
36.1876,116.037,116.145,1.154,49.9886,9.1458
36.4378,99.9534,116.145,1.173,50.0161,9.21678
36.6877,104.036,116.145,1.194,49.9835,9.28794
36.9377,103.979,116.145,1.216,49.9948,9.35999
37.1878,91.972,116.145,1.161,50.0508,9.43564
37.4377,104.037,116.145,1.067,50.0232,9.50148
37.6877,104.021,116.145,1.009,49.9987,9.57562
37.9377,99.9633,116.145,0.946,49.9853,9.64338
38.1877,112.042,116.145,0.892,49.9729,9.71202
38.4377,107.978,116.145,0.822,49.8959,9.78108
38.6877,96.0135,116.145,0.759,49.9768,9.84131
38.9377,99.9891,116.145,0.692,50.0001,9.91051
39.1877,96.0067,116.145,0.634,50.0101,9.96824
39.4377,103.979,116.145,0.598,50.0054,9.99498
39.6877,88.0287,116.145,0.598,50.0007,9.99649
39.9377,103.965,116.145,0.595,50.011,9.99737
40.1877,108.031,116.145,0.588,49.9738,9.99954
40.5377,97.1302,116.145,0.598,49.9591,10.0028
40.7876,96.0276,116.148,0.588,49.9856,10.004
41.0377,99.9597,116.148,0.592,49.9993,10.0041
41.2877,112.015,116.148,0.592,49.9719,10.0041
41.5377,107.99,116.148,0.593,49.9823,10.0041
41.7877,100.024,116.148,0.596,49.9922,10.0041
42.0377,99.9835,116.148,0.594,49.9632,10.0041
42.2877,100.012,116.148,0.595,50.0288,10.0042
42.5378,103.969,116.305,0.587,49.9795,10.0042
42.7877,96.0199,116.305,0.597,49.9708,10.005
43.0377,104.004,116.305,0.583,49.9783,10.0077
43.2877,103.994,116.305,0.592,49.9714,10.0131
43.5377,111.991,116.305,0.578,49.9983,10.0186
43.7877,100.022,116.305,0.576,49.9015,10.0261
44.0377,95.9863,116.305,0.576,49.9837,10.0322
44.2877,100.022,116.305,0.569,49.9856,10.0374
44.5377,103.976,116.305,0.559,49.9998,10.0416
44.7877,96.018,116.305,0.564,49.9956,10.0473
45.0377,103.983,116.305,0.584,50.0074,10.0713
45.2877,108.011,116.305,0.629,49.983,10.1366
45.5377,115.988,116.305,0.709,49.894,10.1969
45.7383,99.6948,116.305,0.755,50.0148,10.2533
45.9877,100.266,116.305,0.821,49.9819,10.3258
46.2377,99.9849,116.305,0.907,50.011,10.3904
46.4877,100.007,116.305,0.963,50.028,10.4617
46.7377,103.972,116.305,1.052,50.0198,10.5247
46.9877,96.019,116.305,1.104,50.0142,10.5924
47.2377,111.993,116.305,1.171,49.9841,10.6644
47.4877,116.023,116.305,1.206,49.957,10.7346
47.7377,95.969,116.305,1.204,50.0906,10.8081
47.9877,100.025,116.305,1.205,50.0414,10.8794
48.2378,99.9698,116.305,1.205,49.9963,10.9523
48.4878,99.9724,116.305,1.203,49.9862,11.0279
48.7377,120.053,116.305,1.198,49.972,11.0885
48.9877,100.019,116.305,1.186,49.9889,11.1563
49.2377,107.979,116.305,1.163,50.008,11.2317
49.4877,96.0212,116.305,1.125,50.0289,11.299
49.7377,107.963,116.305,1.097,49.9941,11.3675
49.9877,96.0337,116.305,1.07,50.0017,11.4444
50.2377,99.9626,116.305,1.047,49.9984,11.5157
50.4877,100.032,116.305,1.03,50.0548,11.5905
50.7377,107.979,116.305,1.007,50.0203,11.6607
50.9877,112.022,116.355,0.998,49.9753,11.7366
51.2377,115.986,116.355,0.992,49.9588,11.8108
51.4876,104.021,116.355,0.992,50.0021,11.8723
51.7377,99.9789,116.355,1.005,49.9945,11.9327
51.9877,104.002,116.355,1.02,49.9935,11.9965
52.2378,107.957,116.355,0.978,50.0235,12.0578
52.4877,112.053,116.355,0.939,49.9696,12.1272
52.7378,119.953,116.355,0.891,50.0159,12.1927
52.9877,100.049,116.355,0.852,50.0331,12.2558
53.2377,103.977,116.355,0.818,49.9641,12.3278
53.4877,100.023,116.355,0.791,50.0377,12.397
53.7377,103.977,116.355,0.77,50.0339,12.4689
53.9877,103.99,116.355,0.764,48.9001,12.5374
54.2377,116.008,116.355,0.764,49.9735,12.5965
54.4877,115.983,116.355,0.77,50.0433,12.6641
54.7377,104.004,116.355,0.782,49.9343,12.7322
54.9876,92.0335,116.355,0.778,50.2907,12.7968
55.2377,99.9842,116.355,0.75,50.0146,12.8575
55.4877,100.012,116.355,0.742,49.9974,12.9303
55.7377,95.9802,116.355,0.739,49.9936,12.9925
55.9877,104.016,116.355,0.744,49.9755,13.0674
56.2377,99.9732,116.355,0.762,49.9905,13.1342
56.4877,112.01,116.355,0.761,49.9163,13.21
56.7377,107.989,116.355,0.76,49.9983,13.2797
56.9877,100.03,116.355,0.763,49.9306,13.3521
57.2377,103.968,116.355,0.767,49.9573,13.4285
57.4877,96.0258,116.355,0.771,50.0141,13.4929
57.7378,103.937,116.355,0.786,50.054,13.5565
57.9877,108.069,116.355,0.803,49.9913,13.6148
58.2378,107.959,116.355,0.827,49.915,13.6776
58.4878,95.9825,116.355,0.858,50.0069,13.739
58.7377,108.046,116.355,0.828,49.9763,13.7966
58.9878,95.9628,116.355,0.787,49.9408,13.855
59.2377,104.037,116.355,0.729,49.9776,13.9163
59.4877,95.9982,116.355,0.704,50.085,13.9746
59.7378,99.9849,116.355,0.663,50.024,14.0351
59.9877,108.018,116.355,0.64,50.0003,14.095
60.2377,99.9902,116.355,0.621,49.9682,14.1622
60.4876,96.0383,116.355,0.6,49.984,14.2294
60.7377,91.9655,116.355,0.598,49.9916,14.2971
60.9876,100.04,116.355,0.597,49.9773,14.3696
61.2377,99.9591,116.355,0.584,49.9623,14.4439
61.4877,96.0277,116.355,0.535,49.976,14.5126
61.7393,115.236,116.355,0.505,50.025,14.5808
61.9877,92.6154,116.355,0.486,49.985,14.6434
62.2377,99.9672,116.355,0.481,50.023,14.7089
62.4876,100.041,116.355,0.496,49.9542,14.777
62.7377,99.9755,116.355,0.511,50.0732,14.8403
62.9876,100.027,116.355,0.547,50.0333,14.8961
63.2377,99.9566,116.355,0.576,49.9783,14.954
63.4877,120.014,116.355,0.562,49.9115,15.0123
63.738,103.895,116.355,0.545,50.0116,15.0687
63.9876,100.134,116.355,0.513,49.9748,15.1268
64.2378,99.9259,116.355,0.488,49.9803,15.1816
64.4876,92.0666,116.355,0.445,50.043,15.2461
64.7377,95.9548,116.355,0.414,50.0043,15.3118
64.9876,92.0439,116.355,0.368,49.9589,15.3774
65.2377,95.96,116.355,0.334,49.9999,15.4504
65.4877,100.03,116.355,0.3,49.9466,15.5208
65.7378,103.952,116.355,0.289,49.9925,15.5907
65.9876,92.0473,116.355,0.295,49.9851,15.6599
66.2377,87.9658,116.355,0.303,49.9922,15.7367
66.4876,88.0399,116.355,0.331,50.0458,15.8083
66.7377,87.9748,116.355,0.375,50.0067,15.8727
66.9876,88.0206,116.355,0.382,49.9938,15.947
67.238,91.8571,116.355,0.387,50.0347,16.0223
67.4876,80.1292,116.355,0.391,49.9896,16.088
67.7377,99.9578,116.355,0.393,50.0103,16.1576
67.9877,84.0222,116.355,0.4,49.9742,16.2282
68.2377,87.9792,116.355,0.405,50.0355,16.3055
68.4877,88.0112,116.355,0.405,50.056,16.3821
68.7377,83.9923,116.355,0.404,50.0155,16.4527
68.9877,84.0163,116.355,0.404,49.9974,16.523
69.2378,103.965,116.355,0.404,49.9624,16.5977
69.4877,92.0297,116.355,0.401,49.9925,16.6646
69.7379,83.9381,116.355,0.397,49.9971,16.733
69.9877,88.0629,116.355,0.394,49.9816,16.7995
70.2378,91.9582,116.355,0.396,49.9965,16.8713
70.4877,88.0401,116.355,0.401,50.0014,16.9425
70.7378,91.9654,116.355,0.407,49.9736,17.0105
70.9877,96.0248,116.355,0.422,49.9642,17.0749
71.2379,91.9439,116.355,0.434,49.9968,17.1466
71.4877,96.0694,116.355,0.44,50.0261,17.2144
71.7377,95.9893,116.355,0.445,50.0206,17.2852
71.9877,96.0093,116.355,0.451,49.9756,17.3515
72.2378,91.97,116.355,0.45,49.988,17.4203
72.4877,92.0307,116.355,0.447,50.0536,17.4915
72.7378,87.9621,116.355,0.444,50.0288,17.5602
72.9877,96.0422,116.355,0.431,49.9813,17.6334
73.2378,91.9716,116.355,0.417,49.9826,17.7061
73.4877,88.0279,116.355,0.404,49.9965,17.7712
73.7378,87.9661,116.355,0.404,50.0042,17.8411
73.9877,96.0312,116.355,0.402,49.9354,17.9079
74.2377,99.9827,116.355,0.4,50.0462,17.9763
74.4877,88.0166,116.355,0.402,49.9531,18.0507
74.7377,87.9919,116.355,0.402,49.9667,18.1222
74.9877,92.0076,116.355,0.403,50.0641,18.1923
75.2377,83.9835,116.355,0.405,49.998,18.2626
75.4877,84.0153,116.355,0.412,49.99,18.3294
75.7378,91.9766,116.355,0.414,50.0175,18.4007
75.9877,96.0279,116.355,0.416,49.9086,18.4723
76.2378,87.9693,116.355,0.422,49.9983,18.5457
76.4877,92.0334,116.355,0.426,50.001,18.6176
76.7378,87.9747,116.355,0.428,50.0102,18.6883
76.9877,88.0311,116.355,0.43,50.0268,18.7631
77.2377,83.9789,116.355,0.43,49.9968,18.8395
77.4877,100.019,116.355,0.43,50.0328,18.9094
77.7378,91.9592,116.355,0.431,49.9951,18.9806
77.9877,88.0386,116.355,0.429,49.9796,19.0534
78.2377,87.9839,116.355,0.43,49.9747,19.1308
78.4877,88.0175,116.355,0.431,50.0045,19.2056
78.7377,95.9843,116.355,0.431,49.9836,19.2737
78.9877,92.0123,116.355,0.43,49.9858,19.3453
79.2377,103.994,116.355,0.424,49.9537,19.4129
79.4877,88.0059,116.355,0.424,49.9751,19.4827
79.7377,91.9867,116.355,0.426,49.9997,19.546
79.9877,92.0118,116.355,0.43,49.9893,19.6074
80.2378,95.9585,116.355,0.433,50.0006,19.671
80.4877,88.0488,116.355,0.441,49.9683,19.7309
80.7378,103.951,116.355,0.446,50.0226,19.7876
80.9877,100.035,116.355,0.456,50.0519,19.8492
81.2377,91.9897,116.355,0.457,50.0786,19.9072
81.4877,92.0134,116.355,0.463,49.9984,19.9711
81.7377,95.9876,116.355,0.465,49.9655,20.0353
81.9878,91.9815,116.355,0.473,49.9805,20.0996
82.2377,100.019,116.355,0.477,49.949,20.1682
82.4877,92.0103,116.355,0.459,50.0452,20.2382
82.7378,107.969,116.355,0.454,50.0135,20.3013
82.9877,84.0269,116.355,0.473,50.6359,20.375
83.2378,83.9624,116.355,0.478,50.0081,20.4526
83.4877,92.0422,116.355,0.473,50.0254,20.5218
83.7378,87.9716,116.355,0.471,50.0152,20.5972
83.9877,84.0211,116.355,0.469,49.9629,20.669
84.2377,83.9903,116.355,0.469,50.0067,20.7474
84.4877,88.0111,116.355,0.463,50.0542,20.8223
84.7377,91.9799,116.355,0.461,49.9544,20.8891
84.9877,100.024,116.355,0.46,49.9723,20.9637
85.2378,87.9711,116.355,0.459,49.9862,21.0422
85.4877,84.0219,116.355,0.459,49.9939,21.1134
85.7377,95.9987,116.355,0.459,50.0252,21.1869
85.9877,84.0047,116.355,0.461,50.0565,21.2581
86.2377,87.9893,116.355,0.462,50.0394,21.3365
86.4877,84.0118,116.355,0.464,50.0202,21.414
86.7377,91.9783,116.355,0.463,50.0229,21.4862
86.9877,80.0219,116.355,0.461,50.0158,21.5618
87.2377,83.9762,116.355,0.463,49.9927,21.6407
87.4877,96.0164,116.355,0.464,49.9502,21.7124
87.7377,87.9906,116.355,0.466,50.0059,21.7834
87.9877,88.0215,116.355,0.467,50.0037,21.8516
88.2378,87.9651,116.355,0.468,49.9984,21.9298
88.4877,84.0351,116.355,0.468,50.0665,22.0071
88.7377,87.9813,116.355,0.468,50.0633,22.0763
88.9877,80.0103,116.355,0.468,49.9896,22.1466
89.2377,91.981,116.355,0.468,49.9899,22.2199
89.4877,88.0095,116.355,0.435,49.986,22.2973
89.7379,91.9434,116.355,0.393,50.0179,22.3686
89.9877,92.0738,116.355,0.353,50.0164,22.4381
90.2378,95.9463,116.355,0.323,49.9979,22.5157
90.4877,96.0505,116.355,0.291,49.9769,22.5947
90.7377,87.9772,116.355,0.29,50.004,22.6645
90.9877,88.0177,116.355,0.288,50.036,22.7329
91.2377,95.9789,116.355,0.29,50.0295,22.7989
91.4877,92.0298,116.355,0.299,49.982,22.8677
91.7377,95.9715,116.355,0.309,50.0124,22.9325
91.9877,88.0276,116.355,0.329,49.9784,23.0006
92.2377,99.9724,116.355,0.359,49.9924,23.0769
92.4877,96.0218,116.355,0.38,50.0249,23.1495
92.7378,103.957,116.355,0.4,50.0431,23.2158
92.9877,100.042,116.355,0.422,49.9107,23.2869
93.2377,91.9818,116.355,0.433,49.9653,23.353
93.4876,92.0243,116.355,0.453,49.9941,23.4254
93.7377,91.9637,116.355,0.465,50.0603,23.495
93.9877,92.0329,116.355,0.492,50.0054,23.5589
94.2377,91.9732,116.355,0.512,50.0171,23.6319
94.4877,88.0203,116.355,0.552,49.9833,23.7076
94.7377,107.974,116.355,0.549,50.0209,23.7764
94.9877,92.0307,116.355,0.535,49.9541,23.8467
95.2379,83.9087,116.355,0.535,49.9942,23.9141
95.4877,88.0773,116.355,0.53,49.9878,23.9877
95.7377,87.9848,116.355,0.529,50.051,24.0603
95.9877,84.0276,116.355,0.529,49.9337,24.1321
96.2377,91.969,116.355,0.527,50.0297,24.2077
96.4877,88.0201,116.355,0.527,49.9963,24.2823
96.7377,83.9909,116.355,0.526,50.0081,24.353
96.9877,88.0203,116.355,0.527,50.0129,24.4293
97.2377,91.9787,116.355,0.527,50.0201,24.5027
97.4877,96.0053,116.355,0.527,49.9735,24.5761
97.7377,91.9866,116.355,0.527,49.9816,24.6389
97.9877,84.026,116.355,0.528,49.951,24.678
98.2377,95.9753,116.355,0.53,50.0123,24.6817
98.4877,88.0126,116.355,0.525,50.0529,24.6836
98.7377,87.9974,116.355,0.516,50.0639,24.6854
98.9877,84.0092,116.355,0.513,49.9859,24.6865
99.2377,99.9727,116.355,0.512,49.9428,24.688
99.4877,100.021,116.453,0.512,50.0332,24.6891
99.7377,87.9788,116.453,0.512,49.9768,24.6903
99.9877,88.0275,116.453,0.512,49.9869,24.6914
100.238,91.9763,116.453,0.512,50.0062,24.6928
100.488,88.0256,116.453,0.512,49.9969,24.6946
100.738,91.9811,116.453,0.517,49.9975,24.715
100.988,92.02,116.453,0.546,49.9986,24.7666
101.238,99.9525,116.453,0.55,49.9858,24.824
101.488,92.0442,116.453,0.536,49.9332,24.8808
101.738,87.972,116.453,0.539,50.056,24.9436
101.988,88.0362,116.453,0.543,49.9671,25.0103
102.238,95.9635,116.453,0.548,50.0935,25.0889
102.488,84.0134,116.453,0.558,49.9939,25.1632
102.738,91.9755,116.453,0.558,49.9988,25.2304
102.988,84.0299,116.453,0.553,49.9809,25.3077
103.238,95.9649,116.453,0.552,50.0003,25.3787
103.488,96.0202,116.453,0.54,49.9522,25.456
103.738,91.9833,116.453,0.541,49.9969,25.5266
103.988,92.0429,116.453,0.543,50.0105,25.5913
104.238,87.9702,116.453,0.548,49.9963,25.6615
104.488,92.0106,116.453,0.557,50.18,25.7342
104.738,91.9905,116.453,0.544,49.9724,25.8055
104.988,100.03,116.453,0.513,49.9614,25.8813
105.238,95.9723,116.453,0.512,49.9726,25.9558
105.488,100.023,116.453,0.509,49.9484,26.0221
105.738,99.9652,116.453,0.51,50.0204,26.0898
105.988,88.0365,116.453,0.513,50.0214,26.1525
106.238,91.9695,116.453,0.513,50.0125,26.2161
106.488,88.0114,116.453,0.5,50.0128,26.2816
106.738,95.9981,116.453,0.475,49.983,26.3455
106.988,96.0098,116.453,0.418,50.0047,26.4144
107.238,99.9787,116.453,0.381,49.9784,26.4793
107.488,100.02,116.453,0.346,49.9083,26.5508
107.738,95.9738,116.453,0.332,50.0145,26.6213
107.988,88.0296,116.453,0.325,50.0724,26.6855
108.238,95.9646,116.453,0.321,50.0091,26.7539
108.488,100.026,116.453,0.318,49.9901,26.8245
108.738,95.9859,116.453,0.314,50.0008,26.8906
108.988,92.0172,116.453,0.345,50.026,26.9613
109.238,87.9826,116.453,0.37,49.9587,27.0314
109.488,84.0189,116.453,0.407,50.1114,27.11
109.738,91.9785,116.453,0.443,49.9978,27.1838
109.988,88.0213,116.453,0.482,49.9904,27.2537
110.238,87.9611,116.453,0.482,49.9953,27.3306
110.488,92.0203,116.453,0.482,49.9932,27.4013
110.738,88.0038,116.453,0.482,50.0121,27.4805
110.988,88.0142,116.453,0.482,49.982,27.5574
111.238,87.9732,116.453,0.47,49.9899,27.6272
111.488,88.0329,116.453,0.471,49.9405,27.6981
111.738,87.9616,116.453,0.474,50.0046,27.7734
111.988,92.0361,116.453,0.479,49.9835,27.8438
112.238,87.9767,116.453,0.48,49.988,27.914
112.488,84.0106,116.453,0.482,49.9609,27.989
112.738,95.9819,116.453,0.483,50.0841,28.061
112.988,96.0334,116.453,0.483,50.0128,28.1339
113.238,91.9671,116.453,0.483,50.0036,28.2091
113.488,88.033,116.453,0.483,49.9555,28.2767
113.738,87.9777,116.453,0.483,50.0153,28.3499
113.988,88.0252,116.453,0.479,50.0127,28.4175
114.238,83.941,116.453,0.472,49.9981,28.4898
114.488,88.0336,116.453,0.469,50.0215,28.5565
114.738,92.0068,116.453,0.468,49.9662,28.6321
114.988,96.0124,116.453,0.477,49.987,28.7032
115.238,99.9854,116.453,0.476,49.9887,28.7713
115.488,84.0008,116.453,0.474,49.9605,28.8408
115.74,87.1056,116.453,0.471,49.9895,28.9114
115.988,92.9521,116.453,0.471,50.0899,28.9773
116.238,91.9944,116.453,0.456,49.9946,29.0492
116.488,88.0147,116.453,0.447,49.9599,29.1194
116.738,91.9841,116.453,0.441,50.0765,29.1901
116.988,96.0258,116.453,0.457,49.9927,29.265
117.238,95.9258,116.453,0.474,50.1051,29.3319
117.488,100.062,116.453,0.469,49.9509,29.4047
117.738,87.994,116.453,0.469,49.9786,29.4756
117.988,92.0228,116.453,0.494,49.9576,29.5382
118.238,99.9126,116.453,0.497,50.0896,29.6034
118.488,84.0746,116.453,0.513,49.9816,29.6607
118.738,115.906,116.453,0.533,49.9979,29.7184
118.988,96.0764,116.453,0.551,49.9315,29.7746
119.238,95.9664,116.453,0.509,49.9391,29.8318
119.488,96.0146,116.453,0.482,49.9718,29.8848
119.738,99.9738,116.453,0.433,50.1395,29.9422
119.988,96.0443,116.453,0.406,49.9669,29.9981
120.238,87.9894,116.453,0.391,50.0592,30.0598
120.488,95.9583,116.453,0.393,49.9755,30.1246
120.738,92.0421,116.453,0.399,50.04,30.187
120.988,92.0098,116.453,0.407,50.0177,30.2514
121.238,107.963,116.453,0.42,50.0134,30.3272
121.488,92.0285,116.453,0.438,49.9657,30.3979
121.738,95.9834,116.453,0.452,49.9915,30.4704
121.988,96.0195,116.453,0.46,49.9545,30.5395
122.238,87.9796,116.453,0.444,50.0718,30.6106
122.488,88.0197,116.453,0.45,49.9852,30.6815
122.738,95.9816,116.453,0.453,50.1117,30.7512
122.988,91.9948,116.453,0.451,49.9621,30.8235
123.238,87.9962,116.453,0.448,50.023,30.8902
123.488,88.0129,116.453,0.447,49.9594,30.9634
123.738,87.9059,116.453,0.446,50.0156,31.0345
123.988,80.0828,116.453,0.446,50.0239,31.1062
124.238,87.9954,116.453,0.446,50.0042,31.1825
124.488,88.0246,116.453,0.446,49.9782,31.2541
124.738,87.9752,116.453,0.444,50.0668,31.33
124.988,84.0217,116.453,0.443,50.0361,31.4041
125.238,107.946,116.453,0.44,50.0538,31.4741
125.488,88.0483,116.453,0.443,49.9783,31.5451
125.738,87.9765,116.453,0.443,49.9931,31.6201
125.988,88.0223,116.453,0.444,49.9984,31.6937
126.238,83.9788,116.453,0.445,50.0723,31.7698
126.488,92.0232,116.453,0.445,49.9368,31.8398
126.738,91.9785,116.453,0.445,50.0034,31.9057
126.988,84.0165,116.453,0.445,49.9537,31.9752
127.238,103.971,116.453,0.45,49.9559,32.0453
127.488,96.0211,116.453,0.456,49.9923,32.1184
127.738,99.9745,116.453,0.468,50.0081,32.1849
127.988,88.0132,116.453,0.475,49.9742,32.2509
128.238,95.999,116.453,0.487,50.0866,32.324
128.488,92.0152,116.453,0.491,49.9918,32.3979
128.738,91.9844,116.453,0.493,50.0087,32.4686
128.988,96.0165,116.453,0.468,50.0251,32.54
129.238,91.9662,116.453,0.455,49.9727,32.609
129.488,99.9658,116.453,0.447,49.931,32.6846
129.738,100.038,116.453,0.45,50.0087,32.7572
129.988,92.0173,116.453,0.452,49.961,32.8249
130.238,87.9884,116.453,0.456,49.9969,32.8985
130.488,96.031,116.453,0.46,50.1177,32.9713
130.738,87.9786,116.453,0.442,49.979,33.0395
130.988,88.0159,116.453,0.421,50.0025,33.1145
131.238,95.9785,116.453,0.404,50.0511,33.1861
131.488,96.0275,116.453,0.393,50.0335,33.2636
131.738,87.959,116.453,0.393,50.0247,33.3366
131.988,88.0375,116.453,0.393,49.986,33.4047
132.238,91.9642,116.453,0.393,50.0106,33.4781
132.488,80.0214,116.453,0.393,50.0075,33.554
132.738,99.987,116.453,0.389,50.1298,33.6269
132.988,88.0284,116.453,0.387,49.9835,33.6991
133.238,95.9772,116.453,0.377,50.0784,33.7676
133.488,91.9995,116.453,0.342,49.9609,33.8406
133.738,91.9948,116.453,0.305,50.0274,33.9157
133.988,88.0177,116.453,0.289,50.0407,33.9885
134.238,91.8684,116.453,0.277,49.8099,34.0613
134.488,108.111,116.453,0.296,49.9937,34.1392
134.738,111.749,116.453,0.315,49.9466,34.2092
134.988,96.2509,116.453,0.347,49.9816,34.2751
135.238,91.9727,116.453,0.396,50.2758,34.3389
135.488,100.024,116.453,0.436,50.085,34.3993
135.738,95.9823,116.453,0.501,50.1213,34.4603
135.988,104.035,116.453,0.555,49.9341,34.5187
136.238,103.975,116.453,0.596,49.9948,34.5831
136.488,104.02,116.453,0.61,49.9458,34.6354
136.738,99.9753,116.453,0.563,49.9945,34.6936
136.988,108.026,116.453,0.533,50.0441,34.7493
137.238,107.983,116.453,0.498,49.9752,34.8049
137.488,107.999,116.453,0.49,49.8983,34.8642
137.738,95.9946,116.453,0.482,49.9388,34.9264
137.988,96.0267,116.453,0.475,49.9534,34.9887
138.238,119.921,116.453,0.477,48.8269,35.0619
138.488,100.067,116.453,0.479,47.8722,35.1375
138.738,91.977,116.453,0.487,47.8249,35.2034
138.988,96.0199,116.453,0.492,47.8478,35.2749
139.238,87.9701,116.453,0.5,48.9806,35.3452
139.44,103.957,116.453,0.504,49.9476,35.4038
139.688,104.871,116.453,0.507,50.0339,35.4713
139.938,91.9565,116.453,0.515,50.0699,35.5477
140.188,100.055,116.453,0.522,50.0084,35.6143
140.438,91.9722,116.453,0.546,50.2047,35.6801
140.688,88.0235,116.453,0.56,50.1002,35.7395
140.938,87.9837,116.453,0.588,50.1277,35.7933
141.188,92.0215,116.453,0.608,50.0191,35.8135
141.438,87.9633,116.453,0.611,49.9822,35.8165
141.688,100.039,116.453,0.616,50.0082,35.8191
141.938,91.9627,116.453,0.624,50.0829,35.8211
142.188,96.0442,116.453,0.627,50.0153,35.8225
142.438,87.9662,116.453,0.63,50.0618,35.8234
142.688,88.0338,116.453,0.628,50.0538,35.8247
142.938,87.9695,116.453,0.629,50.0317,35.8266
143.188,92.0283,116.453,0.632,49.99,35.8295
143.438,91.9526,116.453,0.632,50.0131,35.8312
143.688,96.0525,116.453,0.61,50.0177,35.8586
143.938,95.9522,116.453,0.552,50.0813,35.917
144.188,92.0423,116.453,0.516,50.039,35.9761
144.438,87.9708,116.453,0.489,50.0424,36.029
144.688,88.033,116.453,0.479,50.0797,36.0987
144.938,91.9697,116.453,0.482,49.9852,36.1704
145.188,92.0297,116.453,0.487,50.0023,36.2414
145.438,107.97,116.453,0.498,50.0053,36.3161
145.688,88.0272,116.453,0.503,50.067,36.3817
145.938,91.9312,116.453,0.514,50.0804,36.4536
146.188,92.0621,116.453,0.515,50.0183,36.5283
146.438,99.9508,116.453,0.518,50.001,36.602
146.688,88.041,116.453,0.52,50.0203,36.6776
146.938,95.9684,116.453,0.523,50.0083,36.7475
147.188,104.049,116.453,0.526,50.0339,36.8131
147.438,99.9551,116.453,0.53,50.0539,36.8714
147.688,99.9932,116.453,0.538,50.0022,36.9209
147.938,99.9985,116.453,0.556,50.0374,36.9774
148.188,100.043,116.453,0.575,49.9808,37.0311
148.438,99.9674,116.465,0.62,50.0492,37.0825
148.688,104.038,116.465,0.584,49.9912,37.1359
148.938,91.956,116.465,0.514,50.0036,37.1913
149.188,104.033,116.465,0.466,50.0276,37.2499
149.438,107.996,116.465,0.394,50.0282,37.3192
149.688,104.016,116.465,0.347,50.0073,37.3844
149.938,91.9646,116.465,0.293,50.0125,37.4492
150.188,96.0367,116.465,0.26,50.006,37.5185
150.438,91.9613,116.465,0.228,50.0713,37.5882
150.688,104.044,116.465,0.225,49.9453,37.663
150.938,91.9715,116.465,0.244,49.9735,37.7365
151.188,100.027,116.465,0.265,50.0044,37.8079
151.438,103.965,116.465,0.307,49.9852,37.8823
151.688,88.0387,116.465,0.353,50.0157,37.954
151.938,91.9335,116.465,0.381,50.0784,38.0267
152.188,84.0561,116.465,0.383,49.9487,38.0965
152.438,91.9659,116.465,0.383,50.0429,38.168
152.688,88.0305,116.465,0.383,50.0036,38.2465
152.938,87.9631,116.465,0.383,50.0302,38.3111
153.188,92.0429,116.465,0.386,49.9972,38.3806
153.438,95.9826,116.465,0.389,50.044,38.4564
153.688,88.0124,116.465,0.39,50.0036,38.5284
153.938,79.9329,116.465,0.39,50.056,38.6041
154.188,92.0691,116.465,0.39,50.0067,38.6772
154.438,87.9874,116.465,0.39,50.0565,38.7464
154.688,96.0339,116.465,0.39,49.9831,38.8203
154.938,99.9521,116.465,0.391,50.0188,38.8873
155.188,92.0271,116.465,0.392,49.9308,38.9498
155.438,95.9735,116.465,0.4,50.0489,39.0245
155.688,92.0362,116.465,0.408,49.9412,39.0928
155.938,83.9788,116.465,0.421,50.1226,39.163
156.188,96.0283,116.465,0.428,49.9993,39.2294
156.438,91.9584,116.465,0.438,50.0609,39.3005
156.688,112.047,116.465,0.441,49.9227,39.3777
156.938,95.9622,116.465,0.444,50.0386,39.4448
157.188,92.0353,116.465,0.444,49.9507,39.5096
157.438,83.9537,116.465,0.445,50.0135,39.5827
157.688,120.034,116.465,0.44,47.8415,39.6509
157.938,88.0221,116.465,0.419,47.8612,39.7277
158.188,95.9775,116.465,0.419,47.8262,39.7966
158.438,100.012,116.465,0.405,47.8277,39.8593
158.688,95.7032,116.465,0.405,50.0042,39.9343
158.938,112.349,116.465,0.405,50.052,40.0066
159.188,95.993,116.465,0.405,50.0249,40.0736
159.438,84.0089,116.465,0.405,50.1182,40.1457
159.688,87.9523,116.465,0.405,50.5312,40.2158
159.938,88.051,116.465,0.407,50.0046,40.2922
160.188,103.977,116.465,0.411,49.9919,40.3628
160.438,84.0102,116.465,0.415,50.0153,40.4328
160.688,87.9917,116.465,0.417,50.042,40.5087
160.938,84.0145,116.465,0.418,50.0554,40.5797
161.188,87.9848,116.465,0.42,50.0409,40.6524
161.438,84.0074,116.465,0.427,50.0673,40.7278
161.688,87.9998,116.465,0.429,49.9886,40.7967
161.938,84.0114,116.465,0.431,50.0501,40.874
162.188,87.9825,116.465,0.431,50.0139,40.9439
162.438,87.9974,116.465,0.432,50.0016,41.0166
162.688,96.0139,116.465,0.431,49.9964,41.092
162.938,84.0053,116.465,0.431,50.0308,41.1629
163.188,83.9889,116.465,0.432,49.9795,41.2361
163.438,88.0056,116.465,0.432,50.0401,41.3086
163.688,91.99,116.465,0.432,50.0094,41.3744
163.938,84.0048,116.465,0.416,50.0046,41.4519
164.188,91.9931,116.465,0.423,49.9929,41.5245
164.438,96.0098,116.465,0.425,50.0059,41.5912
164.688,111.881,116.465,0.433,49.9214,41.6564
164.938,100.117,116.465,0.436,49.9738,41.6948
165.188,95.9844,116.465,0.442,49.986,41.6985
165.438,88.0082,116.465,0.436,50.0298,41.6998
165.688,99.9782,116.465,0.431,50.091,41.7011
165.938,115.952,116.465,0.424,49.1082,41.7033
166.19,103.053,116.465,0.425,48.0272,41.7047
166.438,108.982,116.465,0.421,48.0227,41.7057
166.688,96.0653,116.465,0.419,48.0024,41.7071
166.938,92.0183,116.465,0.421,49.653,41.708
167.188,91.9751,116.465,0.42,50.1106,41.7099
167.438,107.901,116.465,0.422,49.5782,41.7134
167.688,124.12,116.465,0.428,49.9817,41.7191
167.938,100.026,116.465,0.433,49.9887,41.7231
168.188,99.9742,116.465,0.447,50.0626,41.7616
168.438,100.013,116.465,0.455,51.1711,41.8159
168.688,91.9904,116.465,0.455,50.0033,41.8798
168.938,88.0207,116.465,0.456,50.1198,41.9431
169.188,91.9736,116.465,0.454,50.0503,42.003
169.438,92.0076,116.465,0.447,50.0487,42.0727
169.688,95.9963,116.465,0.435,50.0209,42.1365
169.938,88.0095,116.465,0.433,50.0278,42.2091
170.188,91.9897,116.465,0.433,49.9934,42.2838
170.438,96.0139,116.465,0.433,50.0412,42.3562
170.688,83.9877,116.465,0.433,49.9407,42.4304
170.889,84.4473,116.465,0.433,49.9946,42.4848
171.138,88.4376,116.465,0.433,50.004,42.5627
171.388,92.0324,116.465,0.433,49.9237,42.6383
171.638,84.0089,116.465,0.433,50.0119,42.7056
171.888,83.9853,116.465,0.433,49.9996,42.7775
172.138,83.9932,116.465,0.433,50.0166,42.8483
172.388,83.9786,116.465,0.435,49.9098,42.9202
172.638,84.0493,116.465,0.435,50.0002,42.9921
172.888,87.9769,116.465,0.434,49.972,43.0583
173.138,92.0151,116.465,0.432,49.9875,43.129
173.388,87.8852,116.465,0.419,50.019,43.2035
173.638,100.112,116.465,0.405,49.9741,43.2711
173.888,87.9744,116.465,0.392,49.9462,43.3453
174.138,84.0362,116.465,0.392,50.017,43.4131
174.388,84.0099,116.465,0.391,49.9822,43.4782
174.638,88.0016,116.465,0.391,50.0399,43.5451
174.888,91.8376,116.465,0.393,49.9756,43.6132
175.138,92.1554,116.465,0.4,50.0498,43.6908
175.388,87.99,116.465,0.409,49.9997,43.7668
175.638,100.018,116.465,0.42,49.9891,43.8316
175.888,103.991,116.465,0.446,50.076,43.8955
176.138,91.988,116.465,0.456,49.9814,43.947
176.388,111.778,116.465,0.472,49.2569,44.0021
176.638,100.232,116.465,0.486,50.0549,44.059
176.888,99.9703,116.465,0.494,49.9881,44.1089
177.138,104.013,116.465,0.491,50.0447,44.1636
177.388,103.953,116.465,0.434,51.3528,44.2183
177.638,96.0344,116.465,0.391,49.9924,44.2727
177.888,95.995,116.465,0.329,50.0641,44.335
178.138,96.0091,116.465,0.305,50.044,44.3949
178.388,91.9898,116.465,0.27,50.1039,44.4565
178.638,92.0192,116.465,0.247,50.067,44.5281
178.888,103.975,116.465,0.252,50.0113,44.5956
179.138,100.025,116.465,0.267,50.0011,44.666
179.388,91.9886,116.465,0.292,50.0456,44.7333
179.638,96.0112,116.465,0.312,49.9918,44.7951
179.888,87.9887,116.465,0.36,50.0476,44.8652
180.138,88.0178,116.465,0.393,49.9733,44.9326
180.388,91.9789,116.465,0.45,50.0097,45.0069
180.638,96.017,116.465,0.476,50.0004,45.0812
180.888,95.971,116.465,0.518,49.9874,45.1459
181.138,100.022,116.465,0.557,49.9996,45.2172
181.388,95.9828,116.465,0.616,49.9937,45.2843
181.638,88.0096,116.465,0.645,50.0226,45.3546
181.888,99.9524,116.465,0.695,49.9898,45.4282
182.138,88.0513,116.465,0.713,50.0738,45.4919
182.388,95.9817,116.465,0.756,50.0199,45.5559
182.638,95.9871,116.465,0.779,50.0053,45.6206
182.888,100.013,116.465,0.817,50.0433,45.6781
183.138,88.0198,116.465,0.834,50.082,45.7446
183.388,91.9816,116.465,0.857,49.9906,45.8141
183.638,92.0134,116.465,0.857,50.0574,45.8848
183.888,87.9869,116.465,0.855,50.0267,45.9611
184.138,88.0096,116.465,0.852,50.0022,46.0296
184.388,95.9884,116.465,0.835,50.0034,46.1019
184.638,96.0071,116.465,0.833,50.0309,46.175
184.888,95.9831,116.465,0.832,50.0274,46.2432
185.138,84.0267,116.465,0.832,50.0206,46.3207
185.388,87.9835,116.465,0.829,50.0075,46.3876
185.638,88.0019,116.465,0.827,50.0655,46.4479
185.888,91.9819,116.465,0.812,50.0339,46.5092
186.138,88.0321,116.465,0.792,50.0364,46.5626
186.388,95.9792,116.465,0.768,50.0114,46.6255
186.638,92.0183,116.465,0.729,50.0103,46.6908
186.888,91.9824,116.465,0.679,49.973,46.7566
187.138,103.993,116.465,0.641,50.041,46.8306
187.388,99.9753,116.465,0.576,50.0249,46.9023
187.638,92.0461,116.465,0.534,49.973,46.9664
187.888,95.9837,116.465,0.484,50.0162,47.0333
188.138,88.016,116.465,0.433,50.1473,47.092
188.388,91.9833,116.465,0.411,50.0518,47.1244
188.638,88.0168,116.465,0.41,50.025,47.1259
188.888,91.9754,116.465,0.405,50.0414,47.1268
189.138,88.0262,116.465,0.405,49.9991,47.1284
189.388,95.9733,116.465,0.392,49.9803,47.1305
189.638,96.0269,116.465,0.391,50.0601,47.1322
189.888,87.9769,116.465,0.39,49.9564,47.1337
190.089,94.2117,116.465,0.388,49.9738,47.1351
190.338,120.811,116.465,0.382,47.6075,47.1374
190.588,88.0101,116.465,0.381,47.6591,47.1385
190.838,87.9821,116.465,0.373,47.6508,47.1407
191.088,88.0191,116.465,0.369,47.6488,47.1429
191.338,83.9881,116.465,0.37,49.9738,47.1446
191.588,92.011,116.465,0.405,49.9268,47.1821
191.838,87.993,116.465,0.442,49.9898,47.2445
192.088,96.006,116.465,0.462,49.9681,47.2999
192.338,95.9292,116.465,0.484,49.9644,47.3626
192.588,96.0739,116.465,0.537,49.9941,47.4251
192.838,91.9892,116.465,0.574,50.0146,47.4966
193.088,87.9995,116.465,0.637,50.0768,47.5738
193.338,91.9709,116.465,0.678,50.0206,47.641
193.588,88.0361,116.465,0.721,49.9578,47.7071
193.838,91.9891,116.465,0.758,50.0425,47.7721
194.088,96.0236,116.465,0.79,49.9564,47.831
194.338,91.9816,116.465,0.809,49.9573,47.8945
194.588,88.0081,116.465,0.826,50.0002,47.9578
194.838,87.9921,116.465,0.833,49.9808,48.0214
195.088,92.0045,116.465,0.842,50.0366,48.0923
195.338,99.991,116.465,0.844,49.9705,48.1581
195.588,88.0123,116.465,0.839,49.9792,48.233
195.838,87.9878,116.465,0.832,49.9804,48.3104
196.088,96.0064,116.465,0.829,49.9731,48.374
196.338,87.9918,116.465,0.828,50.0133,48.4465
196.588,107.931,116.465,0.814,49.0941,48.5136
196.838,96.0634,116.465,0.785,47.8799,48.5841
197.088,96.0187,116.465,0.763,47.8558,48.6614
197.338,95.9449,116.465,0.754,47.9059,48.727
197.588,104.048,116.465,0.736,48.6533,48.7886
197.838,87.982,116.465,0.728,49.9688,48.8545
198.088,92.032,116.465,0.706,49.9919,48.9137
198.338,91.9718,116.465,0.666,50.009,48.9795
198.588,96.022,116.465,0.6,50.0037,49.0421
198.838,87.9771,116.465,0.556,50.0248,49.1071
199.088,96.0249,116.465,0.51,49.9735,49.1764
199.338,87.9803,116.465,0.474,49.9794,49.2445
199.588,100.018,116.465,0.434,49.991,49.317
199.838,95.9955,116.465,0.419,50.0024,49.3852
200.088,100.015,116.465,0.37,49.8868,49.4473
200.338,91.9759,116.465,0.342,49.9926,49.5146
200.588,100.025,116.465,0.31,49.9264,49.5775
200.838,91.9738,116.465,0.29,49.9753,49.6422
201.088,96.0205,116.465,0.263,49.9699,49.7111
201.338,91.9687,116.465,0.261,49.9962,49.7764
201.588,100.055,116.465,0.281,49.9922,49.844
201.838,103.943,116.465,0.291,49.9298,49.9154
202.088,84.0339,116.465,0.336,49.9739,49.992
202.338,95.9551,116.465,0.358,49.9793,50.0557
202.588,96.0452,116.465,0.395,49.9833,50.1114
202.838,87.9722,116.465,0.423,50.0004,50.1717
203.088,92.0354,116.465,0.457,49.9899,50.2304
203.338,95.9578,116.465,0.481,49.9972,50.282
203.588,92.0348,116.465,0.456,49.9673,50.3388
203.838,95.9782,116.465,0.433,49.9875,50.3978
204.088,104.014,116.465,0.405,49.9714,50.4518
204.338,99.8939,116.465,0.392,50.0055,50.5133
204.588,104.104,116.465,0.392,49.924,50.5755
204.838,91.9851,116.465,0.392,49.9178,50.6466
205.088,92.0409,116.465,0.398,49.9782,50.7183
205.338,83.9679,116.465,0.403,50.1826,50.7897
205.588,92.0235,116.465,0.411,49.9948,50.8589
205.838,87.9839,116.465,0.414,50.0248,50.9286
206.088,96.0184,116.465,0.41,49.9303,50.999
206.338,91.9733,116.465,0.408,49.9568,51.0761
206.588,88.0201,116.465,0.406,49.9958,51.1453
206.838,99.85,116.465,0.406,49.9548,51.2119
207.088,88.1447,116.465,0.404,49.9338,51.2846
207.338,79.966,116.465,0.403,50.055,51.357
207.588,88.0343,116.465,0.402,49.9617,51.4301
207.838,87.963,116.465,0.398,49.9996,51.5038
208.088,84.0331,116.465,0.375,49.9714,51.5743
208.338,95.9662,116.465,0.34,49.9541,51.6503
208.588,96.0372,116.465,0.3,49.9357,51.7242
208.838,99.827,116.465,0.28,49.9986,51.7916
209.088,92.1564,116.465,0.274,49.9415,51.8668
209.338,95.9599,116.465,0.286,50.0107,51.9383
209.588,92.0299,116.465,0.309,49.91,52.01
209.838,95.9845,116.465,0.332,50.1098,52.086
210.088,92.0206,116.465,0.389,49.9682,52.15
210.338,91.977,116.465,0.427,50.0029,52.2152
210.588,100.03,116.465,0.478,50.0254,52.2701
210.838,115.975,116.465,0.504,49.989,52.3303
211.088,100.016,116.465,0.547,49.9924,52.3889
211.338,107.979,116.465,0.568,49.921,52.4401
211.588,104.008,116.465,0.547,49.9402,52.4981
211.838,95.9998,116.465,0.517,50.0025,52.5514
212.039,119.516,116.465,0.497,49.6024,52.5981
212.288,116.386,116.465,0.46,47.9793,52.6601
212.538,99.9513,116.465,0.452,47.9625,52.7169
212.788,112.06,116.465,0.468,47.9252,52.781
213.038,103.964,116.465,0.488,48.3863,52.8441
213.288,96.0217,116.465,0.527,50.0039,52.9046
213.538,99.9926,116.465,0.564,50.0424,52.9821
213.788,100.021,116.465,0.594,50.0406,53.0502
214.038,95.9838,116.465,0.603,50.033,53.1203
214.288,96.0074,116.465,0.623,50.0407,53.1944
214.538,99.9874,116.465,0.631,49.9966,53.2628
214.788,100.018,116.465,0.644,50.0063,53.3297
215.038,107.978,116.465,0.655,50.0003,53.3873
215.288,96.0168,116.465,0.685,49.9479,53.4486
215.538,95.9789,116.465,0.704,50,53.5084
215.788,104.035,116.465,0.756,49.9685,53.5641
216.038,124.007,116.465,0.79,47.7945,53.6249
216.288,107.967,116.465,0.85,47.7678,53.6913
216.538,96.0176,116.465,0.823,47.7006,53.7476
216.788,107.941,116.465,0.778,47.7049,53.808
217.038,108.061,116.465,0.755,50.0735,53.874
217.288,107.973,116.465,0.72,50.0313,53.9367
217.538,100.022,116.465,0.712,50.0471,54.0059
217.788,103.953,116.465,0.691,49.987,54.0703
218.038,96.0403,116.465,0.686,50.0355,54.1377
218.288,123.974,116.465,0.678,50.0109,54.2118
218.538,112.025,116.465,0.675,49.9628,54.2836
218.788,107.95,116.465,0.671,50.0272,54.3523
219.038,104.055,116.465,0.676,50.0926,54.4297
219.288,95.9814,116.465,0.682,50.0201,54.4999
219.538,96.0091,116.465,0.694,50.0503,54.5718
219.788,103.983,116.465,0.719,50.0015,54.6381
220.038,112.013,116.465,0.742,50.0301,54.711
220.288,115.986,116.465,0.779,49.9872,54.7843
220.538,107.988,116.465,0.806,50.0376,54.8495
220.788,108.018,116.465,0.791,50.0063,54.9129
221.038,104.017,116.465,0.789,50.0774,54.9779
221.288,103.982,116.465,0.792,50.0176,55.0366
221.538,104.003,116.465,0.811,50.0545,55.1046
221.788,111.995,116.465,0.841,49.9836,55.1691
222.038,104.027,116.465,0.865,49.9675,55.235
222.288,107.927,116.465,0.916,49.5809,55.2999
222.538,140.087,116.465,0.952,50.0006,55.3576
222.788,115.921,116.465,1.004,50.0067,55.4182
223.038,108.02,116.465,0.99,50.0164,55.4819
223.288,108.03,116.465,0.983,50.7941,55.5402
223.538,100.01,116.465,0.987,50.0446,55.6096
223.788,99.991,116.465,1.01,50.0133,55.6811
224.038,108.003,116.465,1.019,50.0571,55.744
224.288,100,116.465,1.021,50.0191,55.8192
224.538,107.98,116.465,1.024,50.0019,55.8866
224.788,108.004,116.465,1.032,50.0197,55.9569
225.038,104.03,116.465,1.04,50.007,56.0342
225.288,107.98,116.465,1.061,49.9944,56.1026
225.538,104.017,116.465,1.07,50.0296,56.1804
225.788,99.985,116.465,1.1,50.0022,56.2518
225.989,109.559,116.465,1.115,49.9983,56.3091
226.238,104.304,116.465,1.128,50.0359,56.3781
226.488,104.016,116.465,1.146,50.0254,56.4556
226.738,111.837,116.465,1.161,49.9908,56.5331
226.988,112.169,116.465,1.177,50.0465,56.6037
227.238,100.045,116.465,1.202,50.0154,56.6744
227.488,99.9618,116.465,1.219,49.9398,56.7489
227.738,96.0363,116.465,1.108,50.117,56.8175
227.988,103.961,116.465,1.044,50.035,56.8923
228.238,104.035,116.465,0.969,49.9887,56.9655
228.488,115.956,116.465,0.928,49.9961,57.0343
228.738,108.032,116.465,0.848,49.9466,57.1029
228.988,103.967,116.465,0.799,50.0274,57.1639
229.238,100.043,116.465,0.722,50.0364,57.2286
229.488,103.964,116.465,0.674,50.0188,57.294
229.738,140.012,116.465,0.612,47.9721,57.3255
229.988,107.831,116.465,0.617,48.0021,57.3268
230.238,108.15,116.465,0.618,47.879,57.3275
230.488,104.001,116.465,0.624,47.9638,57.33
230.788,103.331,116.465,0.618,49.9949,57.3333
231.038,100.025,116.465,0.617,50.0175,57.3349
231.288,111.93,116.465,0.625,50.0019,57.3356
231.538,152.104,116.465,0.618,47.7011,57.3372
231.788,104.004,116.465,0.605,47.7618,57.3387
232.038,99.9579,116.465,0.603,47.766,57.3404
232.288,96.041,116.465,0.596,47.7643,57.3436
232.538,107.967,116.465,0.593,49.9923,57.3467
232.788,112.027,116.465,0.593,50.0394,57.3479
233.038,103.938,116.465,0.59,49.9506,57.3495
233.288,148.097,116.465,0.59,47.8933,57.3613
233.538,103.978,116.465,0.654,47.9715,57.4157
233.788,108.019,116.465,0.701,47.9157,57.4728
234.038,104.008,116.465,0.783,47.9778,57.5445
234.288,107.995,116.465,0.842,50.0301,57.6152
234.538,111.974,116.465,0.922,49.9764,57.676
234.788,100.02,116.465,0.966,49.9523,57.7394
235.038,111.976,116.465,1.062,49.98,57.8094
235.288,128.011,116.465,1.117,48.556,57.8725
235.538,107.997,116.465,1.182,48.0516,57.9413
235.788,104.018,116.465,1.2,47.9615,58.0094
236.038,103.996,116.465,1.196,48.0238,58.0843
236.288,135.901,116.465,1.195,48.1198,58.1543
236.538,112.01,116.465,1.194,47.8877,58.2207
236.788,112.025,116.465,1.188,47.7511,58.2897
237.038,108.036,116.465,1.172,47.7439,58.3539
237.288,108.009,116.465,1.159,49.0161,58.426
237.538,103.931,116.465,1.141,50.0003,58.4994
237.788,104.069,116.465,1.124,49.9704,58.5651
238.038,107.951,116.465,1.094,50.0337,58.6343
238.288,112.055,116.465,1.074,50.0816,58.7104
238.538,115.947,116.465,1.042,49.9993,58.7831
238.788,116.053,116.465,1.02,49.9773,58.8583
239.038,103.923,116.465,0.991,50.0303,58.9304
239.288,108.071,116.465,0.978,49.9757,59.0033
239.538,111.989,116.465,0.966,49.9711,59.0775
239.788,108.019,116.465,0.969,49.9636,59.1457
240.038,115.953,116.465,0.959,50.0561,59.2162
240.288,104.039,116.465,0.951,49.9311,59.2798
240.538,131.989,116.465,0.936,47.6113,59.339
240.788,99.9745,116.465,0.929,47.6938,59.3992
241.038,104.038,116.465,0.906,47.6415,59.4544
241.288,99.9614,116.465,0.894,47.6822,59.5151
241.538,104.024,116.465,0.856,50.0302,59.581
241.788,107.986,116.465,0.843,49.9983,59.6442
242.038,143.935,116.465,0.817,49.0701,59.7201
242.288,124.052,116.465,0.789,47.6407,59.7985
242.538,111.985,116.465,0.766,47.6726,59.8703
242.788,104.047,116.465,0.762,47.7638,59.9443
243.038,107.969,116.465,0.752,48.6359,60.0105
243.288,135.989,116.465,0.754,48.8118,60.0767
243.538,104.019,116.465,0.753,47.9642,60.1444
243.788,103.985,116.465,0.75,47.9534,60.2091
244.038,120.016,116.465,0.745,47.9369,60.2812
244.288,124.018,116.465,0.75,46.7086,60.3506
244.538,111.815,116.465,0.754,47.8872,60.4197
244.788,104.177,116.465,0.756,47.9104,60.494
245.038,107.951,116.465,0.765,47.9463,60.564
245.288,100.042,116.465,0.771,49.9661,60.6352
245.538,95.9545,116.465,0.778,49.9876,60.7128
245.788,100.059,116.465,0.784,49.985,60.7758
246.038,107.78,116.465,0.804,49.929,60.8372
246.288,100.207,116.465,0.818,49.9844,60.8992
246.538,111.911,116.465,0.841,49.9992,60.9559
246.788,116.08,116.465,0.833,49.9838,61.018
247.038,103.965,116.465,0.766,50.042,61.0804
247.288,96.031,116.465,0.728,49.9725,61.1341
247.538,95.9467,116.465,0.679,50.0125,61.1977
247.788,104.063,116.465,0.642,49.9782,61.2598
248.038,103.965,116.465,0.6,50.011,61.3253
248.288,108.032,116.465,0.578,50.0017,61.3932
248.538,107.972,116.465,0.539,49.9788,61.4552
248.788,104.032,116.465,0.525,49.9868,61.5244
249.038,99.9612,116.465,0.513,49.9846,61.5916
249.288,104.043,116.465,0.499,49.9496,61.6623
249.538,115.92,116.465,0.497,48.6893,61.7285
249.788,128.058,116.465,0.47,47.6727,61.7927
250.038,96.0104,116.465,0.431,47.8055,61.8597
250.288,139.968,116.465,0.421,45.886,61.9314
250.538,108.013,116.465,0.417,46.4908,61.9975
250.788,111.979,116.465,0.429,47.9685,62.0629
251.038,100.034,116.465,0.461,47.9749,62.1286
251.288,127.734,116.465,0.486,47.9802,62.1933
251.49,133.764,116.465,0.516,46.8401,62.246
251.738,117.121,116.465,0.573,46.0492,62.303
251.938,114.608,116.465,0.598,46.0389,62.3504
252.188,132.347,116.465,0.576,44.3686,62.4041
252.438,103.983,116.465,0.534,46.0146,62.462
252.688,96.0201,116.465,0.506,48.0078,62.5252
252.938,99.9693,116.465,0.456,48.6555,62.5857
253.188,100.022,116.465,0.42,50.0521,62.6517
253.438,107.986,116.465,0.37,49.9583,62.7147
253.688,99.9702,116.465,0.34,49.9582,62.789
253.938,107.983,116.465,0.307,49.9472,62.8657
254.188,127.981,116.465,0.291,48.4647,62.9301
254.438,120.106,116.465,0.293,47.9961,63.0008
254.688,91.9972,116.465,0.304,47.9871,63.0791
254.938,95.9773,116.465,0.338,47.935,63.1488
255.188,92.0227,116.465,0.369,50.5281,63.2171
255.438,91.9832,116.465,0.384,49.9778,63.2835
255.688,96.0184,116.465,0.388,49.9609,63.3604
255.938,91.9819,116.465,0.398,50.0049,63.4336
256.188,88.0187,116.465,0.402,50.0312,63.501
256.438,95.9674,116.465,0.404,49.9955,63.5748
256.688,84.0234,116.465,0.405,49.9561,63.6529
256.938,91.987,116.465,0.405,50.0457,63.7236
257.188,87.9959,116.465,0.405,49.989,63.7938
257.438,88.0016,116.465,0.405,50.0046,63.8588
257.688,92.0176,116.465,0.405,49.9232,63.9383
257.938,99.9817,116.465,0.405,49.9438,64.0167
258.188,92.0101,116.465,0.403,49.9775,64.0772
258.438,91.9884,116.465,0.403,49.9503,64.1468
258.688,92.0231,116.465,0.404,50.041,64.2158
258.938,95.979,116.465,0.409,50.0089,64.2861
259.188,92.0198,116.465,0.414,49.9957,64.3554
259.438,123.912,116.465,0.424,49.5365,64.4188
259.688,112.08,116.465,0.435,47.9523,64.4954
259.938,99.965,116.465,0.442,48.0007,64.5677
260.188,96.0304,116.465,0.446,47.9223,64.6321
260.438,91.974,116.465,0.447,48.4595,64.6986
260.688,96.019,116.465,0.447,50.0012,64.7717
260.938,91.9875,116.465,0.447,49.9338,64.8436
261.188,96.0127,116.465,0.447,49.9777,64.9143
261.438,103.981,116.465,0.447,49.9329,64.9887
261.688,96.0004,116.465,0.447,49.8297,65.056
261.938,91.9965,116.465,0.447,49.9674,65.1322
262.188,88.0247,116.465,0.447,49.9544,65.2035
262.438,87.9798,116.465,0.449,49.9965,65.2756
262.688,88.0235,116.465,0.452,49.998,65.3486
262.938,119.971,116.465,0.454,47.9719,65.4169
263.188,88.018,116.465,0.455,47.9462,65.4906
263.438,87.9689,116.465,0.462,47.9757,65.5622
263.688,96.0263,116.465,0.465,47.9552,65.6385
263.938,83.9814,116.465,0.468,49.9992,65.7112
264.188,96.0173,116.465,0.465,49.9562,65.7761
264.438,91.9851,116.465,0.46,49.9973,65.8476
264.688,88.0212,116.465,0.455,49.9942,65.9197
264.938,83.9319,116.465,0.45,50.0291,65.9865
265.188,88.0668,116.465,0.449,50.0052,66.0553
265.438,91.9964,116.465,0.447,50.023,66.1232
265.688,92.0128,116.465,0.447,49.9373,66.1928
265.938,87.9786,116.465,0.447,49.9846,66.2646
266.188,92.0225,116.465,0.447,50.0364,66.3346
266.438,83.9487,116.465,0.447,50.0333,66.4067
266.688,88.0557,116.465,0.447,50.0231,66.4791
266.938,91.9746,116.465,0.452,49.9866,66.5447
267.188,91.9662,116.465,0.458,50.0681,66.6165
267.438,128.011,116.465,0.449,48.0042,66.6872
267.688,100.058,116.465,0.448,47.9561,66.76
267.938,91.9379,116.465,0.44,47.959,66.8285
268.188,96.0607,116.465,0.439,47.9567,66.8918
268.438,87.972,116.465,0.439,50.0472,66.9564
268.688,92.0326,116.465,0.441,50.0097,67.0211
268.938,123.989,116.465,0.441,47.7814,67.0782
269.188,95.9852,116.465,0.443,47.8587,67.1372
269.438,108.018,116.465,0.45,47.7758,67.1941
269.688,99.9625,116.465,0.453,47.789,67.2555
269.938,96.0367,116.465,0.458,50.0166,67.3225
270.188,91.9868,116.465,0.461,49.976,67.3839
270.438,96.0152,116.465,0.466,49.9489,67.4517
270.688,83.9826,116.465,0.469,50.117,67.5199
270.938,92.017,116.465,0.462,49.9707,67.5853
271.188,91.9889,116.465,0.465,50.0107,67.6556
271.438,92.0124,116.465,0.472,50.0232,67.728
271.688,99.9797,116.465,0.469,50.0046,67.8026
271.938,84.0173,116.465,0.463,50.0815,67.8753
272.188,115.929,116.465,0.461,49.0177,67.9446
272.438,92.0566,116.465,0.459,47.9641,68.0187
272.688,91.9816,116.465,0.458,48.0146,68.0973
272.938,84.0202,116.465,0.457,47.9998,68.1615
273.188,87.9798,116.465,0.457,48.9038,68.2361
273.438,96.03,116.465,0.456,49.9922,68.3074
273.688,95.9059,116.465,0.456,49.9691,68.3843
273.938,92.0718,116.465,0.456,49.9921,68.4595
274.188,87.9895,116.465,0.456,50.0234,68.5296
274.438,88.0213,116.465,0.456,50.1592,68.6049
274.688,91.8891,116.465,0.456,50.1809,68.683
274.938,88.1054,116.465,0.457,49.994,68.7532
275.188,116.025,116.465,0.457,48.6904,68.8288
275.438,91.9549,116.465,0.457,47.9657,68.9012
275.688,84.0046,116.465,0.457,48.0468,68.9794
275.938,92.0184,116.465,0.457,47.9879,69.0563
276.188,119.987,116.465,0.457,46.9716,69.124
276.438,92.0051,116.465,0.459,48.0127,69.1954
276.688,100.009,116.465,0.465,48.0987,69.2719
276.938,91.9926,116.465,0.467,48.035,69.3449
277.188,84.0021,116.465,0.469,50.0122,69.4147
277.438,88.0008,116.465,0.469,50.012,69.4827
277.688,91.8327,116.465,0.469,50.0323,69.5615
277.938,88.1654,116.465,0.44,49.9777,69.6384
278.188,95.9849,116.465,0.382,50.0401,69.7071
278.438,96.0067,116.465,0.357,50.0008,69.7765
278.688,95.7748,116.465,0.324,50.0227,69.8543
278.938,96.2303,116.465,0.292,49.9838,69.9284
279.188,91.9794,116.465,0.281,50.0051,70.0019
279.438,84.0199,116.465,0.285,50.0172,70.0649
279.688,95.962,116.465,0.293,50.1139,70.1399
279.938,96.049,116.465,0.301,49.9452,70.2111
280.188,99.9598,116.465,0.316,49.9968,70.276
280.438,92.0249,116.465,0.344,49.9958,70.3452
280.688,111.976,116.465,0.371,50.0286,70.4223
280.938,99.9479,116.465,0.382,50.0539,70.4894
281.188,127.995,116.465,0.412,48.0075,70.5615
281.438,84.0647,116.465,0.423,48.0016,70.6271
281.688,103.973,116.465,0.443,48.0005,70.7005
281.938,92.023,116.465,0.452,48.007,70.7704
282.188,95.9901,116.465,0.476,50.1238,70.8359
282.438,100.01,116.465,0.492,49.9969,70.9027
282.688,95.963,116.465,0.521,50.0032,70.9694
282.938,92.0358,116.465,0.551,49.9799,71.0425
283.188,91.9862,116.465,0.538,49.9521,71.1112
283.438,96.0157,116.465,0.534,49.9648,71.1796
283.688,91.9834,116.465,0.522,50.0095,71.2555
283.938,92.017,116.465,0.519,50.0164,71.3269
284.188,87.9904,116.465,0.518,49.9871,71.3961
284.438,88.0146,116.465,0.517,50.0379,71.4717
284.688,95.9836,116.465,0.517,50.0031,71.5445
284.938,99.956,116.465,0.516,50.0169,71.6217
285.188,124.052,116.465,0.518,47.9721,71.6923
285.438,88.0133,116.465,0.522,47.9502,71.7646
285.688,91.9837,116.465,0.523,48.0209,71.8429
285.938,84.0135,116.465,0.524,47.9453,71.9187
286.188,87.9877,116.465,0.524,50.0097,71.9794
286.438,92.0184,116.465,0.525,50.0008,72.0265
286.688,87.9779,116.465,0.525,49.9792,72.0322
286.938,96.0136,116.465,0.524,49.9676,72.0323
287.188,87.8695,116.465,0.524,50.0257,72.0324
287.438,96.1475,116.465,0.524,49.9683,72.0324
287.688,87.9474,116.465,0.524,50.0196,72.0324
287.938,88.0551,116.465,0.524,50.0563,72.0324
288.188,87.9712,116.465,0.524,50.0527,72.0324
288.438,84.0214,116.465,0.524,50.048,72.0324
288.688,91.9464,116.465,0.524,50.0457,72.0324
288.938,92.0648,116.465,0.524,49.9709,72.0324
289.188,87.9755,116.465,0.524,50.0127,72.0325
289.438,96.0162,116.465,0.524,49.989,72.0326
289.688,87.9908,116.465,0.524,50.0487,72.0327
289.938,96.0072,116.465,0.524,50.0144,72.0328
290.188,115.976,116.465,0.524,49.987,72.0329
290.438,88.0239,116.465,0.524,50.0345,72.0329
290.688,83.9739,116.465,0.524,50.1112,72.0329
290.938,88.0228,116.465,0.524,50.2143,72.0329
291.188,87.8955,116.465,0.525,50.0081,72.0334
291.438,84.1136,116.465,0.516,50.0322,72.0378
291.638,114.668,116.465,0.515,49.6082,72.041
291.888,108.22,116.465,0.514,49.9735,72.0442
292.138,88.0068,116.465,0.513,49.976,72.0476
292.388,103.977,116.465,0.511,49.9807,72.0501
292.589,79.4055,116.465,0.513,50.1622,72.0509
292.838,92.5824,116.465,0.513,49.9983,72.0515
293.088,95.8982,116.465,0.513,50.0546,72.0526
293.338,92.1016,116.465,0.513,49.9384,72.0544
293.588,91.9746,116.465,0.514,49.964,72.0569
293.838,96.0293,116.465,0.523,50.0952,72.0998
294.088,87.9709,116.465,0.548,50.0901,72.1542
294.338,88.0198,116.465,0.553,50.0665,72.2156
294.588,91.8826,116.465,0.552,50.017,72.2766
294.838,92.1264,116.465,0.551,49.9646,72.3447
295.088,87.9733,116.465,0.557,50.0251,72.4154
295.338,96.0263,116.465,0.56,49.9856,72.4951
295.588,103.966,116.465,0.563,50.0082,72.5692
295.838,88.0326,116.465,0.558,50.0159,72.6388
296.088,91.9655,116.465,0.554,50.0255,72.7152
296.338,88.0283,116.465,0.552,50.0597,72.7941
296.588,87.9796,116.465,0.544,50.0272,72.8638
296.838,96.0273,116.465,0.541,49.9919,72.9383
297.088,95.9709,116.465,0.54,50.0141,73.0044
297.338,96.029,116.465,0.543,49.9892,73.0787
297.588,95.9702,116.465,0.517,50.0071,73.1516
297.838,92.0317,116.465,0.496,50.0166,73.2226
298.088,87.9715,116.465,0.474,50.0061,73.2936
298.338,136.028,116.465,0.47,47.9256,73.3666
298.588,91.9848,116.465,0.46,47.9438,73.4367
298.838,96.0214,116.465,0.46,47.9557,73.5053
299.088,107.841,116.465,0.46,47.9664,73.5695
299.338,100.041,116.465,0.458,49.9991,73.6386
299.588,96.0794,116.465,0.439,49.9634,73.7042
299.838,96.0339,116.465,0.424,50.0236,73.7707
300.088,91.9663,116.465,0.397,50.0741,73.8423
300.338,119.981,116.465,0.374,48.4912,73.9119
300.588,88.0268,116.465,0.344,47.921,73.9903
300.839,115.238,116.465,0.324,47.9499,74.0664
301.088,120.788,116.465,0.295,45.7906,74.1342
301.338,92.0246,116.465,0.281,46.6489,74.2037
301.588,95.9735,116.465,0.287,47.5083,74.2725
301.838,92.014,116.465,0.304,47.6049,74.34
302.088,91.9855,116.465,0.332,49.9399,74.4124
302.338,92.0217,116.465,0.367,50.0261,74.4872
302.588,123.927,116.465,0.425,48.2898,74.5586
302.838,96.0505,116.465,0.429,47.7824,74.6287
303.088,87.989,116.465,0.43,47.8071,74.6959
303.338,88.0118,116.465,0.431,47.7788,74.7728
303.588,87.9657,116.465,0.432,50.0464,74.8485
303.838,96.0406,116.465,0.433,49.9705,74.9196
304.088,79.9755,116.465,0.433,50.0189,74.9937
304.338,96.0235,116.465,0.433,49.9929,75.0665
304.588,103.981,116.465,0.433,50.0069,75.1401
304.838,88.0252,116.465,0.433,49.954,75.2149
305.088,111.913,116.465,0.43,49.2965,75.2836
305.338,96.0078,116.465,0.431,47.9785,75.3584
305.588,120.079,116.465,0.432,45.9343,75.4321
305.838,111.925,116.465,0.432,44.1257,75.5042
306.088,100.051,116.465,0.43,44.1356,75.5799
306.338,87.9526,116.465,0.427,45.8227,75.6487
306.588,96.0643,116.465,0.422,47.8617,75.7157
306.838,91.9764,116.465,0.42,49.9702,75.7875
307.088,100.021,116.465,0.393,49.9746,75.8575
307.338,87.9881,116.465,0.392,50.0183,75.9312
307.588,96.0166,116.465,0.377,49.9983,76.0032
307.838,91.8088,116.465,0.369,50.0835,76.0741
308.088,100.194,116.465,0.363,50.0003,76.1393
308.338,95.9967,116.465,0.357,50.0169,76.2093
308.588,92.0163,116.465,0.356,50.012,76.287
308.838,83.9825,116.465,0.356,50.0047,76.3604
309.088,88.0208,116.465,0.355,50.0818,76.4301
309.338,91.9357,116.465,0.355,50.036,76.5086
309.588,92.0662,116.465,0.355,49.9998,76.5795
309.838,87.9738,116.465,0.355,50.071,76.6418
310.088,92.0264,116.465,0.35,50.0381,76.7101
310.338,95.9835,116.465,0.345,49.9679,76.775
310.588,104.015,116.465,0.346,49.9828,76.8449
310.838,99.915,116.465,0.355,50.0082,76.9093
311.088,100.084,116.465,0.359,49.9083,76.964
311.338,99.9828,116.465,0.365,50.1393,77.0264
311.588,96.0095,116.465,0.38,50.0983,77.0863
311.838,95.9936,116.465,0.395,50.1496,77.1428
312.088,100.027,116.465,0.417,50.012,77.2035
312.338,111.972,116.465,0.43,48.4431,77.2599
312.588,95.996,116.465,0.446,47.7077,77.3213
312.838,112.006,116.465,0.456,47.659,77.3833
313.088,91.9897,116.465,0.457,47.6675,77.4469
313.338,95.825,116.465,0.457,49.1939,77.5164
313.588,108.202,116.465,0.457,48.0931,77.5888
313.838,88.0004,116.465,0.457,48.0525,77.6599
314.088,92.0029,116.465,0.457,48.0766,77.7342
314.338,88.0121,116.465,0.461,47.9958,77.8103
314.588,95.9638,116.465,0.466,50.0089,77.882
314.838,96.0272,116.465,0.468,49.967,77.9579
315.088,83.9909,116.465,0.466,49.9588,78.029
315.338,92.0231,116.465,0.462,49.9905,78.0987
315.588,83.9825,116.465,0.459,50.0957,78.1696
315.838,95.8927,116.465,0.455,49.5512,78.2404
316.088,104.127,116.465,0.45,47.8509,78.3186
316.338,96.0029,116.465,0.448,47.8538,78.388
316.588,91.9947,116.465,0.447,47.8505,78.4648
316.838,88.007,116.465,0.447,48.288,78.5408
317.088,87.9939,116.465,0.447,50.0184,78.6136
317.338,96.0078,116.465,0.446,50.1286,78.69
317.588,79.9972,116.465,0.446,50.0716,78.7652
317.838,99.9866,116.465,0.447,49.9873,78.8378
318.088,80.0078,116.465,0.447,50.0702,78.916
318.338,92.009,116.465,0.447,50.0091,78.9808
318.588,107.969,116.465,0.447,50.036,79.0463
318.838,96.0287,116.465,0.448,49.985,79.1179
319.088,91.9917,116.465,0.452,50.006,79.1952
319.338,100.011,116.465,0.46,49.9802,79.2625
319.588,87.982,116.465,0.469,50.0626,79.3258
319.838,91.9844,116.465,0.475,50.0054,79.3887
320.088,92.0168,116.465,0.485,50.0487,79.4613
320.338,96.0164,116.465,0.489,49.9981,79.5327
320.588,103.988,116.465,0.491,50.0494,79.604
320.838,95.9853,116.465,0.469,49.9894,79.677
321.088,96.0138,116.465,0.449,50.0228,79.7473
321.338,92.0095,116.465,0.441,49.997,79.8247
321.588,91.9926,116.465,0.446,49.9992,79.8975
321.838,92.0071,116.465,0.448,50.0051,79.966
322.088,87.991,116.465,0.453,50.0196,80.0381
322.338,92.0043,116.465,0.455,49.9933,80.1065
322.588,99.9937,116.465,0.431,50.0493,80.175
322.838,100.018,116.465,0.409,50.0003,80.2479
323.088,87.9871,116.465,0.389,50.0147,80.3183
323.338,88.011,116.465,0.388,50.0206,80.3952
323.588,83.9909,116.465,0.39,50.2064,80.4672
323.838,107.894,116.465,0.391,49.4283,80.5348
324.088,104.101,116.465,0.388,50.0215,80.6093
324.338,92.0089,116.465,0.386,49.9936,80.6824
324.588,79.9951,116.465,0.385,50.0435,80.7611
324.838,91.9918,116.465,0.381,50.8329,80.834
325.088,88.0063,116.465,0.375,50.0462,80.8999
325.338,103.986,116.465,0.346,49.983,80.9766
325.588,96.0072,116.465,0.308,49.9437,81.0528
325.838,88.012,116.465,0.293,50.0121,81.1239
326.088,91.9891,116.465,0.289,50.0718,81.2018
326.338,95.9967,116.465,0.296,50.0093,81.2737
326.588,91.9882,116.465,0.32,50.0194,81.3441
326.839,103.648,116.465,0.363,50.0124,81.4098
327.088,100.365,116.465,0.4,49.9984,81.4698
327.339,103.373,116.465,0.439,49.9956,81.5328
327.588,104.63,116.465,0.505,50.0794,81.5934
327.838,103.689,116.465,0.555,49.9877,81.6506
328.088,92.2789,116.465,0.603,50.033,81.7112
328.338,108.013,116.465,0.598,49.9642,81.7643
328.588,139.932,116.465,0.565,47.6176,81.8223
328.838,100.019,116.465,0.528,47.6286,81.879
329.088,112.03,116.465,0.51,47.6167,81.9362
329.338,103.953,116.465,0.486,47.6963,81.9983
329.588,104.054,116.465,0.484,50.042,82.0625
329.838,115.982,116.465,0.484,47.7773,82.1249
330.088,131.989,116.465,0.481,46.5303,82.194
330.338,87.9652,116.465,0.483,45.8306,82.2628
330.588,104.043,116.465,0.488,45.7133,82.3302
330.838,83.9835,116.465,0.495,47.8279,82.4025
331.088,92.0184,116.465,0.501,49.677,82.4744
331.338,92.0093,116.465,0.507,50.01,82.548
331.588,91.9932,116.465,0.508,50.088,82.6218
331.838,95.999,116.465,0.517,49.9949,82.6901
332.088,132.006,116.465,0.526,50.04,82.7573
332.338,88.0081,116.465,0.553,50.0053,82.8268
332.538,79.743,116.465,0.566,49.9964,82.8712
332.788,96.236,116.465,0.585,49.9631,82.9217
333.038,95.9239,116.465,0.604,50.0149,82.9333
333.288,84.0711,116.465,0.609,49.9842,82.9364
333.538,95.972,116.465,0.616,50.0006,82.9394
333.788,100.023,116.465,0.619,50.0284,82.9409
334.038,91.9752,116.465,0.621,50.0054,82.9422
334.288,88.0279,116.465,0.621,50.0268,82.9436
334.538,91.9958,116.465,0.625,50.031,82.9444
334.788,83.9978,116.465,0.627,50.0118,82.9465
335.038,95.7212,116.465,0.626,49.9924,82.9482
335.288,92.2651,116.465,0.627,50.0238,82.9499
335.538,103.99,116.465,0.61,50.0374,82.9615
335.788,84.015,116.465,0.576,50.0053,83.0143
336.038,99.9885,116.465,0.54,49.9176,83.0714
336.288,92.0116,116.465,0.516,50.0194,83.1313
336.538,95.9638,116.465,0.506,50.0584,83.1985
336.788,84.0253,116.465,0.513,49.9831,83.2688
337.038,91.972,116.465,0.526,50.0156,83.3341
337.288,115.977,116.465,0.538,49.1839,83.4075
337.538,119.982,116.465,0.557,48.0284,83.4781
337.788,88.061,116.465,0.565,47.9671,83.5452
338.038,95.9848,116.465,0.563,47.9744,83.6125
338.288,92.0183,116.465,0.563,48.7855,83.6814
338.538,99.9919,116.465,0.563,50.0313,83.7582
338.788,92.0049,116.465,0.562,50.016,83.8291
339.038,95.977,116.465,0.562,49.9972,83.8957
339.288,100.035,116.465,0.566,50.0346,83.9593
339.538,99.9953,116.465,0.576,50.0544,84.0078
339.788,107.986,116.465,0.583,50.0482,84.0671
340.038,115.997,116.465,0.578,49.9009,84.1224
340.288,100.029,116.465,0.576,50.0118,84.1717
340.538,103.942,116.465,0.548,49.9675,84.2277
340.788,107.971,116.465,0.503,49.1459,84.2836
341.038,112.038,116.465,0.442,48.0033,84.3355
341.288,104.036,116.465,0.405,47.9769,84.3951
341.538,103.971,116.465,0.35,48.033,84.4596
341.788,100.032,116.465,0.322,48.8102,84.5263
342.038,99.9829,116.465,0.294,50.0123,84.5973
342.288,92.0141,116.465,0.285,50.019,84.6655
342.538,127.984,116.465,0.298,48.0062,84.7398
342.788,96.0182,116.465,0.308,47.9587,84.809
343.038,87.9774,116.465,0.334,48.0275,84.8757
343.288,112.023,116.465,0.348,47.9069,84.9422
343.538,91.9852,116.465,0.361,49.9619,85.0089
343.788,88.0163,116.465,0.373,49.9799,85.0862
344.038,127.973,116.465,0.393,49.9768,85.1565
344.288,84.0164,116.465,0.384,49.9975,85.2226
344.538,91.9823,116.465,0.384,50.0335,85.2902
344.788,88.0165,116.465,0.384,50.1386,85.356
345.038,87.9879,116.465,0.383,50.0112,85.417
345.288,104.011,116.465,0.383,49.9371,85.4868
345.538,91.9879,116.465,0.383,49.936,85.5587
345.788,96.0051,116.465,0.385,49.9271,85.6341
346.038,83.9962,116.465,0.389,50.0132,85.7037
346.288,92.0157,116.465,0.39,49.9989,85.7695
346.538,91.9812,116.465,0.391,49.999,85.8399
346.788,88.0165,116.465,0.391,50.0314,85.9103
347.038,95.9794,116.465,0.397,49.9476,85.9792
347.288,96.0112,116.465,0.401,49.9931,86.0542
347.538,99.9926,116.465,0.411,49.9897,86.121
347.788,99.9995,116.465,0.419,49.975,86.1952
348.038,103.994,116.465,0.434,49.9726,86.2653
348.288,96.0181,116.465,0.44,50.0168,86.3343
348.538,91.9872,116.465,0.444,50.0097,86.4077
348.788,92.0192,116.465,0.447,50.0593,86.474
349.038,95.9813,116.465,0.448,49.9941,86.541
349.288,95.999,116.465,0.448,49.9705,86.6144
349.538,95.9989,116.465,0.443,49.9585,86.6816
349.788,107.893,116.465,0.434,49.5658,86.7569
350.038,144.137,116.465,0.42,49.8799,86.831
350.288,88.0245,116.465,0.41,50.0203,86.8956
350.538,95.9745,116.465,0.406,49.9408,86.9693
350.788,91.9665,116.465,0.403,50.7403,87.0358
351.038,112.045,116.465,0.404,47.8828,87.1023
351.288,88.0126,116.465,0.405,47.9145,87.178
351.538,87.9858,116.465,0.406,47.9931,87.2498
351.788,108.028,116.465,0.41,47.8015,87.327
352.038,83.9676,116.465,0.415,50.0016,87.3916
352.288,92.0254,116.465,0.417,49.9458,87.4569
352.538,87.9851,116.465,0.42,49.9426,87.5323
352.788,120.034,116.465,0.424,47.9354,87.6073
353.038,87.9742,116.465,0.429,47.9186,87.6754
353.288,84.0177,116.465,0.431,47.9506,87.7474
353.538,87.9607,116.465,0.432,47.9221,87.8191
353.788,100.051,116.465,0.433,49.9635,87.8954
354.038,87.9625,116.465,0.433,50.0137,87.969
354.288,88.031,116.465,0.433,49.9887,88.0367
354.538,83.9812,116.465,0.434,50.0136,88.1148
354.788,83.9713,116.465,0.432,50.0556,88.1911
355.038,120.05,116.465,0.433,50.0141,88.2624
355.288,88.0242,116.465,0.433,50.0109,88.3347
355.538,91.9367,116.465,0.433,49.9793,88.4008
355.788,96.0564,116.465,0.428,50.7305,88.4754
356.038,99.9164,116.465,0.423,49.9741,88.5495
356.288,96.0836,116.465,0.425,50.0119,88.6185
356.538,95.8851,116.465,0.433,50.0568,88.6832
356.788,92.1037,116.465,0.434,50.0368,88.7223
357.038,95.9832,116.465,0.444,50.063,88.7261
357.239,99.2145,116.465,0.434,50.0363,88.7273
357.488,92.6075,116.465,0.43,50.0076,88.7283
357.738,91.8454,116.465,0.424,50.0107,88.73
357.988,96.1597,116.465,0.423,50.0103,88.7317
358.338,102.769,116.465,0.422,50.0144,88.7331
358.588,96.1166,116.465,0.429,50.0085,88.7345
358.838,87.9318,116.465,0.421,50.0364,88.7362
359.088,96.0742,116.465,0.42,49.9824,88.7385
359.338,95.965,116.465,0.425,50.0478,88.7407
359.588,100.029,116.465,0.426,49.9706,88.7429
359.838,103.956,116.465,0.439,50.0809,88.7625
360.088,108.058,116.465,0.447,49.9836,88.8186
360.338,91.9287,116.465,0.456,49.997,88.8724
360.588,100.074,116.465,0.454,50.0551,88.9307
360.838,91.8979,116.465,0.454,50.097,88.9928
361.088,92.0982,116.465,0.455,50.0331,89.0609
361.338,95.983,116.465,0.456,50.0556,89.1337
361.54,113.577,116.465,0.456,49.0082,89.1891
361.788,88.8875,116.465,0.456,47.9567,89.2661
362.038,88.0159,116.465,0.456,47.8866,89.3409
362.288,99.975,116.465,0.437,47.9502,89.4115
362.538,92.0069,116.465,0.447,49.2391,89.4873
362.788,96.0064,116.465,0.451,49.9867,89.5628
363.038,84.0052,116.465,0.453,50.0545,89.6355
363.288,83.9911,116.465,0.455,50.0133,89.7094
363.538,92.0145,116.465,0.455,50.0439,89.779
363.788,87.9871,116.465,0.454,50.0357,89.8562
364.038,84.0034,116.465,0.451,49.9725,89.9325
364.288,87.9907,116.465,0.449,50.0088,90.0024
364.538,84.0254,116.465,0.448,50.0015,90.0774
364.788,91.9724,116.465,0.447,50.0196,90.1474
365.038,96.0089,116.465,0.446,50.0716,90.2222
365.288,91.9949,116.465,0.445,49.9762,90.2946
365.538,80.0123,116.465,0.444,50.0533,90.3676
365.788,91.9879,116.465,0.445,50.0031,90.4389
366.038,92.0125,116.465,0.446,50.0548,90.5126
366.288,131.974,116.465,0.447,50.0131,90.5851
366.538,88.022,116.465,0.447,50.0559,90.6577
366.788,111.981,116.465,0.447,49.9729,90.7239
367.038,88.0095,116.465,0.447,50.0269,90.7958
367.288,91.9854,116.465,0.447,50.0113,90.8638
367.538,88.0024,116.465,0.45,49.9726,90.9201
367.788,99.9965,116.465,0.459,50.0615,90.982
368.038,92.0198,116.465,0.487,49.9803,91.0396
368.288,95.9827,116.465,0.506,49.9835,91.0956
368.538,96.0191,116.465,0.5,50.0528,91.1536
368.788,115.984,116.465,0.492,49.9963,91.2063
369.038,95.9987,116.465,0.427,49.9613,91.2637
369.288,99.9919,116.465,0.385,49.9526,91.3247
369.538,92.0126,116.465,0.326,50.0346,91.3828
369.788,91.9934,116.465,0.303,50.0943,91.4483
370.038,96.0117,116.465,0.265,50.0209,91.5162
370.288,95.9846,116.465,0.249,50.0029,91.5862
370.538,92.0171,116.465,0.257,49.9285,91.6649
370.788,99.9787,116.465,0.268,50.0559,91.7371
371.038,115.927,116.465,0.285,49.4352,91.8031
371.288,112.073,116.465,0.303,47.9348,91.8733
371.538,92.0177,116.465,0.327,47.9438,91.9362
371.788,123.806,116.465,0.36,46.8456,92.0032
372.038,96.1555,116.465,0.397,46.1025,92.0634
372.288,91.9695,116.465,0.424,48.0015,92.1279
372.538,92.0362,116.465,0.486,47.994,92.2012
372.788,99.9521,116.465,0.524,49.0738,92.2685
373.038,96.0314,116.465,0.589,49.9971,92.3423
373.288,95.9883,116.465,0.639,50.0322,92.4168
373.538,100.005,116.465,0.699,49.9127,92.477
373.788,103.961,116.465,0.736,50.0893,92.5382
373.989,99.4305,116.465,0.769,49.9987,92.5811
374.238,96.4732,116.465,0.818,50.0275,92.6385
374.488,87.9921,116.465,0.834,50.0082,92.6977
374.738,96.0318,116.465,0.857,49.9896,92.7501
374.988,87.9898,116.465,0.871,50.0936,92.8112
375.238,92.0073,116.465,0.867,50.0634,92.8739
375.488,91.957,116.465,0.856,50.0105,92.9491
375.689,99.3101,116.465,0.856,50.0619,93.0049
375.938,96.5807,116.465,0.842,50.0273,93.0693
376.188,87.9995,116.465,0.833,49.9695,93.1371
376.438,107.999,116.465,0.829,50.0501,93.2064
376.688,119.967,116.465,0.819,47.9561,93.2738
376.938,88.0223,116.465,0.821,47.9182,93.3483
377.188,91.9943,116.465,0.819,47.9934,93.4205
377.438,91.9973,116.465,0.817,47.9031,93.4869
377.688,91.9878,116.465,0.805,50.0266,93.5487
377.938,92.0246,116.465,0.792,50.0011,93.6042
378.188,95.9681,116.465,0.77,49.9892,93.6654
378.438,92.0318,116.465,0.742,49.9968,93.725
378.688,99.9717,116.465,0.696,49.9928,93.7922
378.938,119.955,116.465,0.653,49.0878,93.8604
379.188,108.042,116.465,0.6,47.9867,93.9315
379.438,100.017,116.465,0.563,47.9894,94.0022
379.688,87.9486,116.465,0.498,48.0503,94.072
379.938,92.0687,116.465,0.456,49.1337,94.1345
380.188,87.9309,116.465,0.419,50.0468,94.1832
380.438,96.0632,116.465,0.415,49.9967,94.1943
380.688,95.9891,116.465,0.412,50.0968,94.1956
380.938,96.0167,116.465,0.406,49.9155,94.1966
381.188,87.9841,116.465,0.404,49.9828,94.1981
381.438,96.0187,116.465,0.392,50.0009,94.2001
381.688,104.009,116.465,0.392,49.5073,94.2011
381.938,99.9706,116.465,0.389,47.8204,94.2029
382.188,84.0012,116.465,0.383,47.7353,94.2053
382.438,127.949,116.465,0.383,45.777,94.2072
382.688,88.0473,116.465,0.37,45.7383,94.2089
383.038,97.1305,116.465,0.37,47.8372,94.2113
383.288,92.0097,116.465,0.374,48.0262,94.2183
383.538,87.992,116.465,0.414,50.0444,94.2627
383.788,92.0073,116.465,0.443,50.0215,94.3254
384.038,87.9901,116.465,0.467,50.0074,94.3865
384.288,100.015,116.465,0.506,50.0104,94.4502
384.538,99.9534,116.465,0.54,50.0119,94.5241
384.79,122.849,116.465,0.58,49.1672,94.5944
385.038,100.998,116.465,0.636,47.5331,94.6697
385.288,83.9867,116.465,0.694,47.5458,94.7415
385.538,96.0194,116.465,0.719,47.523,94.8092
385.788,87.9565,116.465,0.763,48.3222,94.8745
386.038,100.062,116.465,0.779,50.0218,94.9331
386.288,91.94,116.465,0.809,50.0221,94.9961
386.538,104.052,116.465,0.823,49.9639,95.0628
386.788,87.981,116.465,0.833,50.0248,95.1299
387.038,88.0263,116.465,0.837,50.0257,95.197
387.288,91.9725,116.465,0.842,50.1396,95.2705
387.538,92.0221,116.465,0.841,50.0236,95.3427
387.788,87.9648,116.465,0.83,49.9919,95.4188
388.038,132.059,116.465,0.831,49.9931,95.4814
388.288,99.9571,116.465,0.823,50.0368,95.549
388.538,96.0384,116.465,0.799,49.941,95.6205
388.788,87.9517,116.465,0.769,49.9985,95.6924
389.038,92.0541,116.465,0.761,50.1273,95.7629
389.288,91.9695,116.465,0.754,50.0577,95.831
389.538,92.0271,116.465,0.73,49.9729,95.8896
389.788,111.936,116.465,0.714,48.0051,95.9541
390.038,92.0536,116.465,0.682,48.0211,96.0182
390.288,91.9434,116.465,0.616,47.9694,96.0767
390.538,96.0681,116.465,0.578,48.0222,96.1411
390.788,99.9596,116.465,0.523,49.9924,96.2048
391.038,100.035,116.465,0.502,50.0166,96.2764
391.288,87.977,116.465,0.458,49.9979,96.3535
391.538,99.9556,116.465,0.421,49.9808,96.4208
391.788,92.0386,116.465,0.37,50.055,96.4864
392.038,96.0227,116.465,0.33,50.0214,96.5455
392.288,87.9769,116.465,0.293,50.0084,96.6099
392.538,92.0303,116.465,0.277,50.0257,96.6794
392.788,103.94,116.465,0.242,50.0174,96.7442
393.038,92.0442,116.465,0.227,49.9903,96.8157
393.288,95.9735,116.465,0.223,49.9404,96.8855
393.538,88.032,116.465,0.242,49.9827,96.9466
393.788,87.9586,116.465,0.269,50.1591,97.0166
394.038,96.0378,116.465,0.292,50.0286,97.0764
394.288,127.959,116.465,0.333,48.7076,97.1388
394.538,100.008,116.465,0.355,47.9306,97.2044
394.788,92.0086,116.465,0.398,47.9563,97.2602
395.038,103.993,116.465,0.425,47.9503,97.3186
395.288,100.01,116.465,0.456,49.6922,97.3783
395.538,103.992,116.465,0.457,50.0561,97.4328
395.788,95.9987,116.465,0.434,50.0511,97.4904
396.038,91.9994,116.465,0.416,50.0243,97.5485
396.288,92.0095,116.465,0.393,49.987,97.6099
396.538,95.975,116.465,0.392,49.9909,97.6736
396.788,88.0185,116.465,0.394,50.0089,97.7338
397.038,95.9951,116.465,0.399,50.0098,97.8059
397.288,95.9665,116.465,0.411,50.1002,97.8735
397.538,96.0284,116.465,0.415,50.0322,97.9313
397.788,84.0107,116.465,0.418,50.0202,98.0043
398.038,87.9929,116.465,0.412,50.0264,98.0767
398.288,88.0062,116.465,0.407,50.0814,98.1503
398.538,87.9921,116.465,0.407,50.1061,98.226
398.788,87.9846,116.465,0.407,50.1042,98.2965
399.038,92.0198,116.465,0.405,50.0115,98.3704
399.288,84.0011,116.465,0.399,50.0488,98.4483
399.538,95.9967,116.465,0.397,50.0033,98.5188
399.788,95.9804,116.465,0.374,50.0126,98.5929
400.038,92.0195,116.465,0.336,49.984,98.6665
400.288,92.0122,116.465,0.302,50.0375,98.7397
400.538,91.9924,116.465,0.281,50.0041,98.8169
400.788,84.0046,116.465,0.277,50.0809,98.8861
401.038,91.9881,116.465,0.282,50.0364,98.9582
401.288,92.0145,116.465,0.314,50.0126,99.0339
401.538,99.9902,116.465,0.344,50.0402,99.1048
401.788,99.9799,116.465,0.395,49.986,99.1762
402.038,104.02,116.465,0.433,49.9687,99.236
402.288,96.0107,116.465,0.478,50.073,99.2932
402.538,111.987,116.465,0.508,50.0187,99.3531
402.788,96.0028,116.465,0.551,50.0218,99.4047
403.038,103.997,116.465,0.566,50.0017,99.4591
403.288,100.016,116.465,0.545,50.0178,99.5156
403.538,99.9773,116.465,0.511,49.9917,99.5661
403.788,104.009,116.465,0.484,50.11,99.6239
404.038,119.995,116.465,0.462,50.0107,99.6855
404.288,108.009,116.465,0.456,49.9973,99.7474
404.538,111.973,116.465,0.467,49.9738,99.8149
404.788,100.031,116.465,0.498,50.0466,99.8793
405.038,103.99,116.465,0.526,49.9498,99.9484
405.288,91.9988,116.465,0.576,50.1985,100.024
405.538,99.9952,116.465,0.582,50.0574,100.093
405.788,104.007,116.465,0.598,49.9707,100.165
406.038,111.995,116.465,0.617,49.9521,100.238
406.288,104.014,116.465,0.629,49.9618,100.311
406.538,103.964,116.465,0.641,49.9979,100.378
406.788,100.026,116.465,0.669,49.9613,100.434
407.038,107.969,116.465,0.69,49.2719,100.492
407.288,108.05,116.465,0.731,47.8673,100.552
407.538,99.9759,116.465,0.762,47.9037,100.613
407.788,108.022,116.465,0.823,47.8479,100.674
407.988,129.461,116.465,0.853,46.8551,100.715
408.238,108.322,116.465,0.817,47.8946,100.779
408.488,108.044,116.465,0.776,47.8739,100.845
408.738,99.965,116.465,0.752,47.8753,100.904
408.988,115.905,116.465,0.718,47.6985,100.965
409.238,104.11,116.465,0.711,47.6374,101.026
409.488,99.9643,116.465,0.7,47.6394,101.098
409.738,112.037,116.465,0.688,47.7462,101.17
409.988,111.978,116.465,0.675,48.5077,101.242
410.238,116.031,116.465,0.674,50.0481,101.314
410.488,95.9856,116.465,0.672,50.13,101.39
410.738,112.026,116.465,0.675,50.0322,101.462
410.988,123.995,116.465,0.684,48.3449,101.538
411.238,139.957,116.465,0.7,46.065,101.606
411.488,104.005,116.465,0.724,45.6149,101.675
411.738,116.038,116.465,0.744,45.7594,101.751
411.988,143.697,116.465,0.787,43.3447,101.818
412.238,120.241,116.465,0.813,44.8473,101.886
412.488,103.937,116.465,0.791,46.1047,101.954
412.738,104.05,116.465,0.779,46.1777,102.012
412.988,119.882,116.465,0.792,47.7385,102.076
413.238,144.159,116.465,0.813,46.0658,102.137
413.488,95.976,116.465,0.842,46.0545,102.2
413.738,108.028,116.465,0.872,46.0508,102.267
413.988,111.964,116.465,0.929,46.1981,102.329
414.238,104.046,116.465,0.965,50.0009,102.391
414.489,115.319,116.465,1.01,49.9778,102.455
414.738,104.603,116.465,0.994,50.0006,102.514
414.938,139.421,116.465,0.995,49.3935,102.566
415.188,108.348,116.465,0.995,47.7832,102.63
415.438,107.986,116.465,1.009,47.8604,102.704
415.688,100.018,116.465,1.032,47.7829,102.779
415.938,119.928,116.465,1.022,47.9041,102.845
416.188,132.082,116.465,1.028,47.7084,102.918
416.438,103.963,116.465,1.034,47.7204,102.989
416.688,116.027,116.465,1.048,47.6915,103.063
416.938,99.9048,116.465,1.06,47.7899,103.137
417.188,104.114,116.465,1.084,49.9719,103.208
417.438,99.9503,116.465,1.104,50.0984,103.283
417.688,111.877,116.465,1.123,49.3737,103.356
417.938,132.007,116.465,1.133,47.9759,103.427
418.188,112.05,116.465,1.154,48.0291,103.503
418.438,108.038,116.465,1.166,47.9223,103.573
418.688,104.025,116.465,1.183,48.2869,103.646
418.938,100.046,116.465,1.2,50.0841,103.72
419.188,103.972,116.465,1.19,50.0005,103.789
419.438,124.059,116.465,1.079,47.9812,103.861
419.688,107.962,116.465,1.014,48.0822,103.938
419.938,104.031,116.465,0.955,48.0399,104.008
420.188,103.965,116.465,0.905,48.0019,104.082
420.438,112.039,116.465,0.848,49.9978,104.144
420.688,111.934,116.465,0.765,47.9215,104.206
420.938,104.065,116.465,0.697,47.8701,104.274
421.188,95.811,116.465,0.651,47.9239,104.325
421.438,100.197,116.465,0.631,47.8669,104.337
421.688,103.937,116.465,0.628,49.9947,104.338
421.938,104.063,116.465,0.636,50.0042,104.339
422.188,139.935,116.465,0.633,47.9925,104.342
422.438,104.038,116.465,0.63,48.0591,104.344
422.688,103.945,116.465,0.637,48.0227,104.346
422.938,100.053,116.465,0.637,47.9898,104.347
423.188,107.926,116.465,0.626,49.9909,104.348
423.438,116.013,116.465,0.621,50.0256,104.351
423.688,104.038,116.465,0.623,49.9495,104.352
423.938,120.001,116.465,0.609,47.6381,104.355
424.188,100.011,116.465,0.605,47.6336,104.358
424.438,99.9666,116.465,0.594,47.5857,104.359
424.688,131.844,116.465,0.601,46.9184,104.361
424.938,108.16,116.465,0.6,47.6749,104.362
425.188,119.971,116.465,0.624,47.6217,104.391
425.438,112.034,116.465,0.692,47.653,104.45
425.688,103.983,116.465,0.744,48.315,104.52
425.938,104.012,116.465,0.827,50.0493,104.589
426.188,107.939,116.465,0.883,50.0004,104.654
426.438,120.05,116.465,0.959,47.601,104.715
426.688,140.025,116.465,1.016,45.8323,104.78
426.938,151.721,116.465,1.105,44.2792,104.85
427.188,100.19,116.465,1.156,44.0064,104.914
427.438,107.98,116.465,1.2,46.0397,104.983
427.688,108.028,116.465,1.196,47.7917,105.052
427.938,99.9753,116.465,1.197,50.0581,105.129
428.188,104.015,116.465,1.197,50.0047,105.201
428.438,103.981,116.465,1.198,50.0546,105.269
428.688,100.01,116.465,1.196,49.9987,105.338
428.938,135.994,116.465,1.191,47.8357,105.417
429.188,115.985,116.465,1.173,47.8627,105.478
429.44,134.951,116.465,1.137,46.9285,105.546
429.688,128.949,116.465,1.112,45.468,105.62
429.938,124.062,116.465,1.082,45.0907,105.684
430.188,104.022,116.465,1.06,45.6595,105.759
430.438,99.9775,116.465,1.045,45.9973,105.829
430.688,112.02,116.465,1.037,47.9772,105.904
430.938,103.987,116.465,1.029,49.9593,105.983
431.188,120.011,116.465,1.016,50.0053,106.055
431.438,111.982,116.465,1.009,50.0003,106.129
431.688,128.036,116.465,0.991,47.7166,106.198
431.938,107.914,116.465,0.971,47.7234,106.271
432.188,108.087,116.465,0.957,47.7201,106.341
432.438,95.9127,116.465,0.935,47.6815,106.402
432.688,116.078,116.465,0.922,49.9863,106.467
432.938,99.9272,116.465,0.887,49.9521,106.534
433.188,116.098,116.465,0.856,49.9973,106.601
433.438,139.999,116.465,0.827,47.8762,106.664
433.688,147.974,116.465,0.821,45.7656,106.738
433.938,120.013,116.465,0.816,45.7456,106.806
434.188,104.015,116.465,0.813,45.6615,106.882
434.438,107.997,116.465,0.795,47.6026,106.949
434.688,99.9636,116.465,0.789,50.0026,107.015
434.938,108.024,116.465,0.778,50.0523,107.078
435.188,116.002,116.465,0.774,50.02,107.141
435.438,111.995,116.465,0.755,49.9956,107.208
435.688,104.012,116.465,0.754,50.0187,107.283
435.938,107.991,116.465,0.743,49.9878,107.354
436.188,96.0151,116.465,0.743,50.026,107.429
436.438,103.98,116.465,0.745,50.0853,107.496
436.688,104.021,116.465,0.75,50.0303,107.568
436.938,115.91,116.465,0.76,49.9865,107.647
437.188,152.196,116.465,0.767,47.7455,107.713
437.438,99.9218,116.465,0.784,47.6819,107.78
437.688,104.033,116.465,0.798,47.7936,107.842
437.938,103.912,116.465,0.829,47.7022,107.904
438.188,124.051,116.465,0.843,47.7684,107.965
438.438,104.032,116.465,0.844,47.745,108.026
438.688,111.972,116.465,0.807,47.7844,108.08
438.938,100.018,116.465,0.746,47.8259,108.133
439.188,111.905,116.465,0.716,49.9842,108.193
439.438,112.116,116.465,0.667,50.0248,108.253
439.688,107.975,116.465,0.644,50.0359,108.32
439.938,140.028,116.465,0.607,48.6755,108.382
440.188,95.9827,116.465,0.589,47.7664,108.452
440.438,103.813,116.465,0.566,47.7192,108.518
440.688,104.192,116.465,0.554,47.8395,108.586
440.938,135.98,116.465,0.538,47.9827,108.657
441.188,100.027,116.465,0.531,47.9341,108.718
441.438,99.9831,116.465,0.484,47.9136,108.78
441.688,100.013,116.465,0.469,47.95,108.839
441.938,103.985,116.465,0.457,48.9223,108.912
442.188,108.016,116.465,0.461,50.0194,108.985
442.438,127.915,116.465,0.483,49.2655,109.054
442.688,128.082,116.465,0.501,47.8791,109.121
442.938,123.853,116.465,0.534,47.4449,109.185
443.188,120.127,116.465,0.563,45.9328,109.241
443.438,103.991,116.465,0.599,45.9113,109.295
443.688,99.9702,116.465,0.577,47.7704,109.352
443.938,100.017,116.465,0.54,48.2913,109.407
444.189,139.561,116.465,0.515,48.0384,109.468
444.438,104.352,116.465,0.473,48.0213,109.527
444.688,107.988,116.465,0.443,48.0354,109.589
444.938,104.021,116.465,0.39,48.018,109.654
445.188,91.9761,116.465,0.356,49.9948,109.729
445.438,100.025,116.465,0.309,50.0479,109.803
445.688,95.9697,116.465,0.295,50.0197,109.869
445.938,92.0219,116.465,0.295,50.0067,109.941
446.188,96.0098,116.465,0.301,50.0101,110.018
446.438,91.9971,116.465,0.33,50.0733,110.088
446.688,104.007,116.465,0.36,50.0209,110.156
446.938,87.9808,116.465,0.378,50.0266,110.228
447.139,114.515,116.465,0.385,49.5524,110.282
447.388,104.381,116.465,0.389,50.0244,110.357
447.638,115.998,116.465,0.398,47.7117,110.424
447.888,87.9824,116.465,0.402,47.7178,110.497
448.138,88.0112,116.465,0.406,48.1516,110.576
448.388,95.9668,116.465,0.406,47.7434,110.648
448.638,96.0426,116.465,0.406,50.02,110.717
448.888,95.959,116.465,0.406,50.0691,110.787
449.138,88.0382,116.465,0.406,50.0233,110.866
449.388,115.969,116.465,0.406,48.8492,110.945
449.638,84.0101,116.465,0.406,47.8617,111.015
449.888,92.0093,116.465,0.406,47.9037,111.077
450.138,96.0263,116.465,0.408,47.8218,111.145
450.388,87.9722,116.465,0.413,49.5204,111.221
450.638,103.937,116.465,0.422,50.0171,111.294
450.888,95.9785,116.465,0.432,49.9774,111.362
451.138,92.0738,116.465,0.443,50.0111,111.433
451.388,88.0053,116.465,0.449,50.008,111.508
451.638,92.0477,116.465,0.453,49.9917,111.577
451.888,91.9581,116.465,0.454,49.9713,111.646
452.138,96.0054,116.465,0.456,50.0317,111.712
452.338,99.6874,116.465,0.456,49.9823,111.767
452.588,88.1939,116.465,0.456,50.0347,111.843
452.838,115.936,116.465,0.456,49.0114,111.912
453.088,100.064,116.465,0.456,49.9661,111.984
453.338,100.013,116.465,0.456,49.9265,112.045
453.588,84.0009,116.465,0.456,49.989,112.12
453.838,115.976,116.465,0.459,48.9676,112.196
454.088,92.0084,116.465,0.46,47.9795,112.266
454.338,99.9838,116.465,0.46,47.9914,112.341
454.588,96.0169,116.465,0.464,47.9695,112.412
454.838,91.9865,116.465,0.467,49.942,112.483
455.088,84.0108,116.465,0.469,49.9936,112.556
455.338,87.9956,116.465,0.465,50.0479,112.628
455.588,84.0042,116.465,0.461,50.0303,112.695
455.838,91.9928,116.465,0.458,49.9518,112.772
456.088,88.0192,116.465,0.457,49.9889,112.844
456.338,87.9784,116.465,0.457,49.9902,112.917
456.588,88.0214,116.465,0.457,50.0846,112.993
456.838,99.9752,116.465,0.456,49.972,113.064
457.088,92.0268,116.465,0.455,50.0397,113.138
457.338,87.9726,116.465,0.454,49.9557,113.207
457.588,92.015,116.465,0.452,50.0059,113.283
457.838,87.9867,116.465,0.453,50.0018,113.357
458.088,120.026,116.465,0.452,48.9229,113.427
458.338,83.9851,116.465,0.451,48.0027,113.499
458.588,100.01,116.465,0.453,47.9688,113.569
458.838,99.9938,116.465,0.456,48.0013,113.637
459.088,99.9844,116.465,0.458,48.9701,113.707
459.338,100.013,116.465,0.456,49.9327,113.775
459.588,96.0122,116.465,0.457,49.9552,113.834
459.838,99.9828,116.465,0.452,49.982,113.9
460.088,100.019,116.465,0.451,50.018,113.959
460.338,95.9903,116.465,0.447,49.9993,114.023
460.588,96.005,116.465,0.446,50.0869,114.081
460.838,91.9891,116.465,0.446,50.0009,114.145
461.089,123.296,116.465,0.446,49.6592,114.206
461.338,136.784,116.465,0.448,49.9568,114.272
461.588,119.997,116.465,0.45,47.7773,114.333
461.838,95.9864,116.465,0.454,47.9011,114.4
462.088,96.0391,116.465,0.455,48.1954,114.466
462.338,87.9689,116.465,0.464,47.9084,114.54
462.588,132.026,116.465,0.467,47.4858,114.611
462.838,91.9837,116.465,0.469,47.9585,114.679
463.088,96.0195,116.465,0.469,47.9724,114.753
463.338,87.9794,116.465,0.469,47.9609,114.822
463.588,92.037,116.465,0.463,50.0211,114.898
463.838,83.9626,116.465,0.461,50.029,114.973
464.088,88.0259,116.465,0.459,50.0115,115.045
464.338,95.9739,116.465,0.458,50.0321,115.121
464.59,106.958,116.465,0.458,49.2943,115.197
464.838,109.097,116.465,0.457,47.9622,115.266
465.088,91.9988,116.465,0.457,47.9128,115.341
465.338,87.9975,116.465,0.457,47.9648,115.413
465.588,87.9989,116.465,0.457,48.3469,115.488
465.838,107.932,116.465,0.457,49.3471,115.559
466.088,92.05,116.465,0.457,47.7969,115.629
466.338,84.0156,116.465,0.457,47.7546,115.705
466.588,87.9735,116.465,0.457,47.7382,115.782
466.838,100.023,116.465,0.457,48.7581,115.854
467.088,91.9653,116.465,0.457,50.0306,115.931
467.338,88.0424,116.465,0.457,49.9972,116.003
467.588,91.969,116.465,0.457,50.1074,116.079
467.838,84.0185,116.465,0.457,50.1087,116.153
468.088,87.9407,116.465,0.457,50.0363,116.226
468.338,84.0644,116.465,0.457,49.9864,116.304
468.588,87.9768,116.465,0.457,49.9886,116.383
468.838,96.0229,116.465,0.457,49.9444,116.453
469.088,83.9812,116.465,0.457,50.0216,116.528
469.338,88.0133,116.465,0.456,50.0015,116.6
469.588,91.9751,116.465,0.394,50.0301,116.674
469.79,93.8965,116.465,0.36,50.0077,116.735
470.038,92.8972,116.465,0.339,49.9842,116.805
470.288,91.8219,116.465,0.299,50.0325,116.88
470.538,124.249,116.465,0.281,48.2913,116.952
470.788,87.9984,116.465,0.281,47.843,117.024
471.038,95.9851,116.465,0.283,47.874,117.091
471.288,92.0131,116.465,0.288,47.8463,117.155
471.538,99.9839,116.465,0.298,49.5427,117.224
471.788,95.9821,116.465,0.316,49.9887,117.292
472.038,99.999,116.465,0.336,50.0331,117.361
472.288,100.029,116.465,0.374,50.0895,117.434
472.538,99.9932,116.465,0.385,50.0066,117.503
472.788,92.0021,116.465,0.415,50.0392,117.574
473.038,115.989,116.465,0.424,48.0571,117.643
473.288,96.0156,116.465,0.445,48.019,117.711
473.538,87.9873,116.465,0.458,48.1133,117.783
473.788,96.0064,116.465,0.483,47.956,117.851
474.038,99.9977,116.465,0.495,49.9483,117.917
474.288,99.997,116.465,0.536,49.9754,117.99
474.538,96.0095,116.465,0.548,50.0008,118.068
474.788,123.965,116.465,0.533,49.3207,118.138
475.038,104.02,116.465,0.529,49.9905,118.209
475.288,92.0145,116.465,0.522,49.9498,118.275
475.538,95.9821,116.465,0.519,49.9837,118.349
475.788,87.9954,116.465,0.517,50.7148,118.424
476.038,92.0068,116.465,0.516,50.0076,118.497
476.288,88.0081,116.465,0.516,50.025,118.572
476.538,107.985,116.465,0.516,50.067,118.643
476.788,88.0081,116.465,0.516,49.9685,118.72
477.038,91.9796,116.465,0.516,49.9838,118.795
477.288,88.0182,116.465,0.517,49.9503,118.867
477.538,91.9986,116.465,0.516,50.0638,118.939
477.788,92.0071,116.465,0.516,49.96,118.999
478.038,91.9923,116.465,0.516,50.0158,119.019
478.288,96.0125,116.465,0.514,50.0068,119.022
478.538,95.9858,116.465,0.514,50.0091,119.024
478.788,100.013,116.465,0.512,49.9665,119.025
479.038,87.9891,116.465,0.507,49.9874,119.026
479.388,85.7278,116.465,0.504,49.9641,119.029
479.638,99.9416,116.465,0.502,50.0025,119.031
479.888,132.062,116.465,0.505,50.0155,119.032
480.138,91.9944,116.465,0.502,49.9915,119.033
480.388,88.0029,116.465,0.502,49.9693,119.035
480.638,87.9948,116.465,0.506,50.1107,119.041
480.888,92.0088,116.465,0.524,49.9219,119.087
481.138,95.9905,116.465,0.535,49.9996,119.149
481.388,100.007,116.465,0.552,49.9709,119.211
481.638,111.997,116.465,0.559,48.4619,119.272
481.888,88.0048,116.465,0.565,47.9933,119.342
482.138,95.99,116.465,0.559,48.0016,119.414
482.388,83.9952,116.465,0.553,47.9778,119.49
482.638,99.8742,116.465,0.547,49.9292,119.565
482.888,88.1206,116.465,0.541,49.9456,119.635
483.138,91.9949,116.465,0.54,50.0036,119.713
483.388,104.009,116.465,0.539,50.0044,119.792
483.638,95.9956,116.465,0.538,50.1074,119.86
483.888,88.0126,116.465,0.54,50.0201,119.928
484.138,127.944,116.465,0.543,48.0019,119.994
484.388,96.0353,116.465,0.554,47.9717,120.068
484.638,99.99,116.465,0.539,48.0239,120.142
484.888,91.994,116.465,0.508,47.9995,120.214
485.138,100.002,116.465,0.506,50.063,120.289
485.388,132.016,116.465,0.501,48.6121,120.354
485.638,87.9506,116.465,0.502,48.0079,120.427
485.888,100.067,116.465,0.506,47.885,120.495
486.138,95.9738,116.465,0.508,47.9861,120.557
486.388,108.01,116.465,0.501,49.8658,120.623
486.638,107.988,116.465,0.473,49.945,120.69
486.888,92.0235,116.465,0.412,49.9762,120.754
487.138,91.9581,116.465,0.379,49.939,120.821
487.388,96.055,116.465,0.347,50.0437,120.895
487.638,99.9589,116.465,0.334,49.9464,120.964
487.888,100.028,116.465,0.325,49.9752,121.032
488.138,95.9666,116.465,0.326,50.0658,121.096
488.388,112.043,116.465,0.315,49.9034,121.166
488.638,91.7839,116.465,0.317,49.9962,121.233
488.888,92.2135,116.465,0.337,50.0124,121.297
489.138,87.9486,116.465,0.361,49.9571,121.369
489.388,92.0628,116.465,0.408,49.992,121.442
489.638,103.941,116.465,0.443,50.0632,121.518
489.888,95.9717,116.465,0.483,50.021,121.593
490.138,100.072,116.465,0.483,47.7875,121.662
490.388,91.9902,116.465,0.484,47.7759,121.735
490.638,84.0075,116.465,0.484,47.7825,121.812
490.888,91.9892,116.465,0.484,47.7618,121.884
491.138,84.0167,116.465,0.473,50.0592,121.957
491.388,91.981,116.465,0.474,50.0003,122.028
491.638,88.001,116.465,0.48,49.9657,122.1
491.888,91.9982,116.465,0.475,49.9992,122.175
492.138,96.0166,116.465,0.472,50.0882,122.245
492.388,99.9953,116.465,0.471,50.001,122.318
492.638,76.0083,116.465,0.471,50.0477,122.39
492.888,95.9778,116.465,0.471,49.9735,122.462
493.138,120.003,116.465,0.471,47.9051,122.536
493.388,88.0002,116.465,0.471,47.9381,122.604
493.638,100.003,116.465,0.471,47.9497,122.679
493.888,95.8588,116.465,0.469,47.9678,122.756
494.138,112.19,116.465,0.467,47.5193,122.825
494.388,87.9558,116.465,0.461,47.9717,122.899
494.638,92.0294,116.465,0.459,47.9256,122.971
494.888,87.9827,116.465,0.457,47.9771,123.043
495.138,84.028,116.465,0.457,50.0323,123.12
495.388,87.9684,116.465,0.457,50.0321,123.192
495.638,112.016,116.465,0.457,47.9802,123.259
495.888,88.0065,116.465,0.457,47.9813,123.336
496.138,88.0024,116.465,0.457,47.9664,123.409
496.388,95.9983,116.465,0.457,47.9284,123.485
496.638,96.0184,116.465,0.456,50.0275,123.555
496.888,107.99,116.465,0.456,47.8728,123.628
497.138,95.9742,116.465,0.455,47.8918,123.704
497.388,92.0322,116.465,0.458,47.9008,123.772
497.638,91.9551,116.465,0.47,47.9024,123.839
497.888,92.0353,116.465,0.482,50.0313,123.899
498.138,99.9005,116.465,0.5,49.9978,123.955
498.388,128.039,116.465,0.516,48.9257,124.014
498.638,104.057,116.465,0.522,47.9575,124.073
498.888,99.9996,116.465,0.533,47.8715,124.128
499.138,95.9567,116.465,0.503,48.0088,124.187
499.388,96.0633,116.465,0.454,49.4032,124.246
499.638,91.9467,116.465,0.422,49.9954,124.307
499.888,92.0574,116.465,0.397,50.0102,124.37
500.138,103.936,116.465,0.394,50.0189,124.433
500.388,136.091,116.465,0.394,47.94,124.491
500.638,99.9588,116.465,0.394,47.9415,124.555
500.888,104.007,116.465,0.401,47.9362,124.621
501.138,96.0074,116.465,0.41,48.0047,124.692
501.388,92.0031,116.465,0.423,49.9789,124.769
501.638,103.937,116.465,0.441,49.1049,124.838
501.888,104.056,116.465,0.456,47.6426,124.907
502.138,84.0096,116.465,0.463,47.6466,124.974
502.388,95.9886,116.465,0.459,47.6579,125.049
502.638,92.0137,116.465,0.458,48.5392,125.123
502.888,91.989,116.465,0.457,50.0154,125.191
503.138,91.9992,116.465,0.454,50.1253,125.26
503.388,92.0014,116.465,0.452,50.0012,125.333
503.638,83.9869,116.465,0.45,50.0035,125.404
503.888,88.0123,116.465,0.451,50.0049,125.475
504.138,88.0005,116.465,0.45,50.082,125.541
504.388,91.9996,116.465,0.448,49.9998,125.617
504.638,84.0087,116.465,0.448,50.0594,125.688
504.888,95.9901,116.465,0.448,50.0024,125.762
505.138,95.9975,116.465,0.448,50.0113,125.834
505.388,87.9975,116.465,0.448,49.9982,125.913
505.638,88.0039,116.465,0.448,50.0828,125.986
505.888,88.0019,116.465,0.448,50.0093,126.062
506.138,88.0019,116.465,0.448,50.0666,126.126
506.388,91.9991,116.465,0.448,50.0102,126.194
506.638,92.0021,116.465,0.448,50.0906,126.261
506.888,99.9936,116.465,0.452,49.9813,126.332
507.138,91.9017,116.465,0.459,50.0125,126.407
507.388,96.1058,116.465,0.47,49.9976,126.477
507.638,99.9093,116.465,0.475,50.1111,126.544
507.888,96.0822,116.465,0.49,50.0414,126.615
508.138,87.8812,116.465,0.493,49.9693,126.685
508.388,96.1341,116.465,0.487,49.9995,126.757
508.638,88.0094,116.465,0.456,50.0263,126.833
508.888,95.9892,116.465,0.449,49.9874,126.905
509.138,88.0193,116.465,0.441,50.0241,126.983
509.388,103.981,116.465,0.447,49.9845,127.051
509.638,103.951,116.465,0.451,49.0919,127.122
509.888,104.058,116.465,0.454,47.6366,127.193
510.138,99.9999,116.465,0.456,47.5961,127.261
510.388,88.0111,116.465,0.434,47.6748,127.334
510.638,91.8762,116.465,0.405,48.0884,127.408
510.888,92.1186,116.465,0.398,50.0352,127.479
511.138,91.9692,116.465,0.393,50.0146,127.554
511.388,84.0146,116.465,0.393,49.9921,127.622
511.638,91.9705,116.465,0.393,50.0353,127.698
511.888,92.0192,116.465,0.39,50.041,127.772
512.138,88.0071,116.465,0.388,49.9735,127.842
512.388,96.014,116.465,0.387,49.9711,127.918
512.638,87.8448,116.465,0.379,49.9638,127.985
512.888,92.1672,116.465,0.375,50.0087,128.049
513.138,87.9594,116.465,0.343,49.951,128.122
513.388,92.0427,116.465,0.315,49.9638,128.193
513.638,87.9599,116.465,0.302,50.0018,128.265
513.888,96.0335,116.465,0.291,50.029,128.337
514.138,103.858,116.465,0.306,50.0223,128.407
514.388,96.1133,116.465,0.321,50.0212,128.483
514.638,104.001,116.465,0.362,49.8987,128.549
514.888,92.0309,116.465,0.392,50.0116,128.611
515.138,99.7875,116.465,0.451,50.0212,128.675
515.388,100.206,116.465,0.492,50.0251,128.733
515.638,103.919,116.465,0.565,49.9547,128.797
515.888,104.084,116.465,0.586,50.0447,128.857
516.138,103.981,116.465,0.607,49.99,128.912
516.388,108.017,116.465,0.578,50.0078,128.973
516.638,119.95,116.465,0.534,49.9792,129.024
516.888,124.021,116.465,0.509,47.8927,129.082
517.138,103.985,116.465,0.488,47.8944,129.137
517.388,96.0373,116.465,0.485,47.8703,129.195
517.638,99.9757,116.465,0.485,47.8807,129.264
517.888,92.0047,116.465,0.485,49.9738,129.337
518.138,99.9962,116.465,0.484,49.9896,129.41
518.388,92.016,116.465,0.488,49.9688,129.482
518.638,99.9375,116.465,0.495,49.9791,129.552
518.888,100.037,116.465,0.5,49.982,129.625
519.138,92.0122,116.465,0.504,49.9562,129.702
519.389,111.587,116.465,0.505,49.1233,129.77
519.638,92.3244,116.465,0.509,48.0051,129.845
519.888,88.0314,116.465,0.521,48.0125,129.915
520.138,87.938,116.465,0.547,48.0249,129.977
520.388,96.0604,116.465,0.573,49.132,130.037
520.638,95.9517,116.465,0.592,49.9588,130.082
520.889,103.569,116.465,0.602,49.6022,130.09
521.138,120.517,116.465,0.611,47.8638,130.092
521.388,92.0463,116.465,0.615,47.8161,130.094
521.638,95.8621,116.465,0.618,47.8354,130.097
521.888,88.1217,116.465,0.619,48.2226,130.098
522.138,87.9767,116.465,0.621,50.0335,130.099
522.388,119.948,116.465,0.622,48.9629,130.101
522.638,136.032,116.465,0.628,47.6989,130.103
522.888,88.0262,116.465,0.626,47.7413,130.104
523.138,91.9531,116.465,0.625,47.7316,130.106
523.388,92.0457,116.465,0.617,48.6986,130.116
523.638,88,116.465,0.574,50.0722,130.169
523.888,88.0101,116.465,0.55,49.9508,130.228
524.138,87.9676,116.465,0.522,50.0009,130.289
524.388,88.0233,116.465,0.52,49.9643,130.363
524.638,96.0099,116.465,0.521,50.0563,130.428
524.888,87.9898,116.465,0.529,50.0044,130.496
525.138,95.9814,116.465,0.539,50.0264,130.569
525.388,96.0225,116.465,0.549,49.9963,130.636
525.638,91.9727,116.465,0.557,49.9482,130.709
525.888,92.023,116.465,0.562,49.9978,130.778
526.138,92.0082,116.465,0.562,50.0456,130.849
526.388,91.9943,116.465,0.564,49.9744,130.926
526.638,95.9857,116.465,0.569,50.0482,130.996
526.888,99.9968,116.465,0.572,50.0114,131.066
527.138,100.022,116.465,0.575,50.0512,131.131
527.388,115.99,116.465,0.58,49.9988,131.189
527.638,103.878,116.465,0.597,49.966,131.243
527.888,128.156,116.465,0.606,47.8429,131.295
528.138,100.029,116.465,0.605,47.9231,131.346
528.388,91.9611,116.465,0.563,47.8545,131.398
528.638,108.029,116.465,0.495,47.8628,131.455
528.888,103.97,116.465,0.449,50.0152,131.505
529.138,96.0304,116.465,0.381,50.0012,131.568
529.388,111.797,116.465,0.344,50.0341,131.626
529.638,104.192,116.465,0.292,50.0958,131.693
529.888,91.9625,116.465,0.261,50.0316,131.763
530.138,100.038,116.465,0.241,50.0048,131.836
530.388,95.9699,116.465,0.237,50.1143,131.914
530.638,111.771,116.465,0.255,49.5807,131.989
530.888,112.255,116.465,0.281,47.9272,132.061
531.138,103.987,116.465,0.325,47.9087,132.135
531.388,100.022,116.465,0.364,47.9045,132.209
531.638,95.9802,116.465,0.388,48.2818,132.282
531.888,84.0157,116.465,0.39,49.9878,132.353
532.138,91.9853,116.465,0.391,50.0969,132.425
532.388,99.9436,116.465,0.392,49.3357,132.503
532.638,104.066,116.465,0.392,47.8089,132.571
532.888,84.0189,116.465,0.392,47.7458,132.637
533.138,95.8713,116.465,0.392,47.7069,132.711
533.388,96.1083,116.465,0.392,48.3939,132.779
533.638,95.9831,116.465,0.392,49.994,132.852
533.888,84.0281,116.465,0.392,50.0409,132.919
534.138,87.9849,116.465,0.396,50.0935,132.989
534.388,92.0239,116.465,0.4,49.9866,133.064
534.638,87.9615,116.465,0.403,50.006,133.133
534.888,92.0276,116.465,0.409,50.0358,133.202
535.138,99.8435,116.465,0.416,49.9955,133.279
535.388,92.1464,116.465,0.424,50.0079,133.343
535.638,95.9739,116.465,0.436,50.0375,133.413
535.888,100.025,116.465,0.442,49.9684,133.486
536.138,95.9398,116.465,0.449,50.1063,133.554
536.388,108.068,116.465,0.453,50.0409,133.623
536.638,95.9212,116.465,0.455,49.9961,133.687
536.888,92.0589,116.465,0.455,50.0612,133.749
537.138,91.9999,116.465,0.453,50.019,133.821
537.388,92.0274,116.465,0.448,49.9969,133.89
537.638,91.9636,116.465,0.42,50.0745,133.967
537.888,96.0333,116.465,0.42,50.0285,134.034
538.138,107.955,116.465,0.41,50.0324,134.099
538.388,92.04,116.465,0.406,50.0225,134.167
538.638,91.9672,116.465,0.406,50.0252,134.239
538.888,92.0271,116.465,0.406,49.9973,134.308
539.138,95.7603,116.465,0.406,50.038,134.383
539.388,92.2249,116.465,0.406,49.9977,134.45
539.638,91.9891,116.465,0.408,50.0338,134.523
539.888,88.0107,116.465,0.413,50.0352,134.591
540.138,103.99,116.465,0.417,50.072,134.656
540.388,88.0107,116.465,0.419,50.0185,134.73
540.638,91.9357,116.465,0.426,49.9695,134.801
540.888,88.0648,116.465,0.429,50.0367,134.872
541.138,87.9317,116.465,0.432,49.9863,134.945
541.388,92.0789,116.465,0.434,50.0477,135.018
541.638,115.969,116.465,0.436,50.0663,135.096
541.888,88.0168,116.465,0.436,49.9936,135.167
542.138,95.9822,116.465,0.436,50.0744,135.237
542.388,100.016,116.465,0.437,49.9477,135.311
542.638,83.9709,116.465,0.437,49.9489,135.388
542.888,88.0307,116.465,0.439,50.0278,135.456
543.138,95.9708,116.465,0.442,49.9984,135.528
543.388,96.0293,116.465,0.441,49.9721,135.594
543.638,91.9726,116.465,0.416,50.1339,135.667
543.888,96.0295,116.465,0.432,49.987,135.743
544.138,95.9626,116.465,0.436,50.032,135.808
544.388,100.032,116.465,0.438,50.0238,135.873
544.638,103.954,116.465,0.444,49.9804,135.911
544.888,112.068,116.465,0.449,50.0377,135.914
545.138,95.9499,116.465,0.438,50.0024,135.916
545.388,92.0413,116.465,0.437,50.0301,135.917
545.638,91.9336,116.465,0.433,50.0776,135.919
545.888,96.0679,116.465,0.429,50.06,135.921
546.138,115.995,116.465,0.426,48.4166,135.922
546.388,99.9467,116.465,0.428,47.8254,135.923
546.638,140.038,116.465,0.429,45.9296,135.924
546.888,96.0068,116.465,0.424,45.9706,135.926
547.138,99.9499,116.465,0.43,46.9719,135.93
547.388,104.046,116.465,0.433,45.7723,135.935
547.638,96.0127,116.465,0.436,47.6362,135.938
547.888,107.946,116.465,0.451,46.9629,135.977
548.138,123.881,116.465,0.456,45.8288,136.029
548.388,96.1548,116.465,0.47,47.8985,136.087
548.638,123.948,116.465,0.466,46.1091,136.148
548.888,100.045,116.465,0.457,46.0667,136.219
549.138,95.9774,116.465,0.451,48.0304,136.293
549.388,88.0196,116.465,0.435,48.0398,136.356
549.638,95.9244,116.465,0.435,50.0221,136.427
549.888,96.0726,116.465,0.434,50.0345,136.501
550.138,91.8955,116.465,0.434,50.0054,136.573
550.388,84.096,116.465,0.434,50.0221,136.645
550.638,91.8278,116.465,0.431,50.0951,136.714
550.888,88.1693,116.465,0.427,50.0879,136.787
551.138,87.8291,116.465,0.423,50.025,136.864
551.388,84.1602,116.465,0.425,49.9998,136.934
551.638,87.9808,116.465,0.429,50.0523,137.007
551.888,96.0154,116.465,0.431,50.0098,137.082
552.138,99.9779,116.465,0.432,50.0571,137.154
552.388,88.0303,116.465,0.433,49.979,137.228
552.638,83.9762,116.465,0.433,50.0789,137.291
552.888,88.0252,116.465,0.433,50.0346,137.361
553.138,115.908,116.465,0.427,49.0639,137.434
553.388,84.0646,116.465,0.42,47.9864,137.504
553.638,91.9813,116.465,0.409,48.0298,137.578
553.888,88.0099,116.465,0.393,47.9969,137.647
554.138,95.9334,116.465,0.393,48.9213,137.71
554.388,84.0575,116.465,0.393,49.977,137.777
554.638,99.9313,116.465,0.399,49.5747,137.846
554.888,96.0709,116.465,0.402,47.8473,137.916
555.138,96.0032,116.465,0.406,47.7738,137.99
555.388,91.972,116.465,0.42,47.8234,138.056
555.638,88.0228,116.465,0.437,48.1743,138.119
555.888,95.9778,116.465,0.446,49.9591,138.177
556.138,92.0044,116.465,0.476,50.0165,138.229
556.388,140.022,116.465,0.489,48.0301,138.285
556.638,95.9859,116.465,0.492,48.0171,138.336
556.888,107.888,116.465,0.484,47.6608,138.389
557.138,104.128,116.465,0.419,46.2021,138.444
557.388,92.0114,116.465,0.356,47.4766,138.498
557.638,91.9788,116.465,0.317,48.0032,138.558
557.888,100.007,116.465,0.277,48.1008,138.616
558.138,88.0037,116.465,0.257,50.0021,138.681
558.388,104.001,116.465,0.24,49.9905,138.744
558.638,103.993,116.465,0.247,50.0992,138.809
558.888,119.992,116.465,0.271,47.8231,138.879
559.138,88.0122,116.465,0.297,47.821,138.954
559.388,91.9921,116.465,0.329,47.8183,139.019
559.638,112.011,116.465,0.374,46.9049,139.098
559.888,91.9803,116.465,0.421,48.0426,139.171
560.138,100.015,116.465,0.447,48.0238,139.239
560.388,95.9733,116.465,0.488,48.0646,139.313
560.638,100.035,116.465,0.508,48.9548,139.383
560.888,95.9859,116.465,0.554,50.023,139.455
561.138,92.0143,116.465,0.573,50.0669,139.53
561.388,95.984,116.465,0.626,50.0914,139.601
561.638,92.0141,116.465,0.658,49.9984,139.679
561.888,87.9911,116.465,0.712,50.0213,139.751
562.138,96.007,116.465,0.745,49.9891,139.812
562.388,95.9601,116.465,0.791,49.9785,139.875
562.638,103.974,116.465,0.818,50.0165,139.936
562.888,95.9941,116.465,0.849,49.9914,139.996
563.138,88.0651,116.465,0.858,49.9881,140.066
563.388,91.9896,116.465,0.843,50.0633,140.139
563.638,92.0159,116.465,0.842,49.9653,140.214
563.888,91.9826,116.465,0.839,50.06,140.287
564.138,96.0129,116.465,0.836,50.0088,140.355
564.388,87.9948,116.465,0.832,50.0124,140.43
564.638,92.0083,116.465,0.828,50.0291,140.502
564.888,111.967,116.465,0.823,50.008,140.572
565.138,88.0248,116.465,0.824,49.9994,140.634
565.388,91.9859,116.465,0.806,50.0192,140.692
565.638,92.0108,116.465,0.793,49.9831,140.752
565.888,91.9932,116.465,0.757,49.9989,140.817
566.138,96.0095,116.465,0.729,50.01,140.876
566.388,95.9887,116.465,0.679,50.0061,140.945
566.638,92.011,116.465,0.642,49.991,141.013
566.888,91.9818,116.465,0.577,49.9679,141.087
567.138,92.0154,116.465,0.522,50.0719,141.161
567.389,99.4969,116.465,0.463,50.0303,141.227
567.638,104.514,116.465,0.423,50.001,141.288
567.888,88.0019,116.465,0.404,50.0326,141.319
568.138,92.0099,116.465,0.401,49.9904,141.321
568.388,87.9878,116.465,0.393,50.0533,141.322
568.638,124.03,116.465,0.393,48.0217,141.323
568.838,119.564,116.465,0.393,46.6015,141.324
569.088,92.2507,116.465,0.384,45.8053,141.325
569.338,87.9552,116.465,0.383,45.7916,141.327
569.588,103.94,116.465,0.383,46.8335,141.329
569.838,88.08,116.465,0.367,49.047,141.331
570.088,96.01,116.465,0.369,49.9976,141.333
570.338,83.955,116.465,0.369,50.0411,141.335
