time,cpu,memory,obstacle_distance,cmd_vel_frequency,distance_travelled
0.249597,0,114.312,0.258,50.9636,0
0.499546,84.0174,114.312,0.261,50.4407,0
0.749557,87.9958,114.312,0.291,50.3398,0.0539976
0.999569,95.9954,114.316,0.373,50.0471,0.112469
1.24955,92.0054,114.316,0.422,49.9353,0.174708
1.49953,92.0108,114.316,0.487,49.9993,0.23748
1.74951,88.0038,114.316,0.528,50.0229,0.299062
1.99953,95.9924,114.316,0.587,49.9773,0.36712
2.24952,92.0069,114.316,0.63,50.0724,0.439081
2.49953,91.9942,114.316,0.693,49.8788,0.510487
2.74952,92.0031,114.316,0.732,50.0091,0.579433
2.99954,111.99,114.316,0.78,49.9548,0.638389
3.24952,88.0081,114.316,0.81,49.9936,0.698256
3.49954,79.9928,114.316,0.845,48.0327,0.762157
3.74946,84.0281,114.316,0.86,48.032,0.821411
3.99953,83.9754,114.316,0.873,48.078,0.885941
4.2495,84.0128,114.316,0.882,48.0169,0.952725
4.49953,87.9872,114.316,0.887,50.0126,1.02409
4.74946,80.0236,114.316,0.886,50.0031,1.10069
4.99953,79.9767,114.316,0.883,50.0178,1.1647
5.24947,84.02,114.316,0.884,50.023,1.22392
5.49953,83.9793,114.316,0.891,49.9888,1.28742
5.74948,96.0225,114.316,0.901,49.9096,1.35472
5.99956,87.9698,114.316,0.898,49.8293,1.42896
6.24947,84.0321,114.316,0.89,49.997,1.50358
6.49954,79.9775,114.316,0.887,50.0091,1.57436
6.74946,84.0246,114.316,0.879,49.9987,1.6369
6.99953,83.9758,114.316,0.871,50.0742,1.70011
7.24946,76.0223,114.316,0.808,49.9971,1.75733
7.49953,83.9782,114.316,0.785,49.9857,1.81759
7.74946,84.0209,114.316,0.721,49.9907,1.87087
7.99954,83.9757,114.316,0.666,50.0122,1.93154
8.24946,100.029,114.316,0.603,49.9741,1.99289
8.49952,83.9816,114.316,0.554,49.931,2.05379
8.74947,84.0166,114.316,0.502,49.9918,2.12419
8.99954,87.9756,114.316,0.474,49.9223,2.19768
9.24947,88.0242,114.316,0.439,50.1308,2.26799
9.49952,79.983,114.316,0.412,49.9974,2.3367
9.74947,84.0178,114.316,0.394,49.9907,2.39165
9.99953,87.9772,114.316,0.391,50.0411,2.4509
10.2495,100.005,114.316,0.371,49.9259,2.50816
10.4995,79.9961,114.316,0.356,49.9422,2.56587
10.7495,84.0137,114.316,0.331,50.0023,2.62986
10.9995,83.9855,114.316,0.319,50.0038,2.69406
11.2495,84.0055,114.316,0.311,50.0067,2.75872
11.4995,79.9961,114.316,0.309,50.0028,2.82876
11.7495,88.018,114.316,0.319,49.9968,2.89947
11.9996,87.975,114.316,0.333,49.9318,2.97024
12.2495,84.0145,114.316,0.376,49.9679,3.03296
12.4995,99.9921,114.316,0.411,49.8823,3.08817
12.7496,87.9814,114.316,0.467,49.9879,3.14366
12.9995,92.0203,114.316,0.485,49.9019,3.19776
13.2495,88.0118,114.316,0.503,49.9654,3.24843
13.4995,91.9851,114.316,0.501,49.9804,3.30881
13.7496,91.9896,114.316,0.46,50.0017,3.36563
13.9995,84.011,114.316,0.45,49.999,3.42737
14.2495,88.0114,114.316,0.423,50.0358,3.49116
14.4996,87.9801,114.316,0.422,49.9365,3.55776
14.7495,88.0178,114.316,0.411,49.9648,3.63121
14.9995,87.991,114.316,0.41,49.9684,3.7023
15.2495,88.0013,114.316,0.41,49.9372,3.77012
15.4997,95.9313,114.316,0.409,49.9778,3.84641
15.7495,88.0659,114.316,0.414,49.9972,3.91891
15.9995,83.9946,114.316,0.418,49.9767,3.9912
16.2495,80.0154,114.316,0.402,49.9724,4.05942
16.4995,83.9838,114.316,0.387,50.0007,4.12556
16.7495,84.0058,114.316,0.373,49.9529,4.20156
16.9995,83.9951,114.316,0.369,49.9637,4.27344
17.2495,76.0065,114.316,0.364,49.9656,4.34147
17.4995,79.9914,114.316,0.358,49.9984,4.41774
17.7495,88.009,114.316,0.334,49.9815,4.48913
17.9995,91.9897,114.316,0.334,49.8727,4.56424
18.2495,84.0178,114.316,0.333,49.9737,4.6359
18.4995,79.9823,114.316,0.329,49.9758,4.70614
18.7495,84.0062,114.316,0.326,49.9506,4.78581
18.9995,87.9953,114.316,0.322,50.0903,4.85847
19.2495,88.0165,114.316,0.319,49.9536,4.92612
19.4995,83.9844,114.316,0.326,49.9192,5.00498
19.7495,92.0076,114.316,0.348,50.0064,5.07162
19.9995,87.9936,114.316,0.365,49.9983,5.14086
20.2496,87.9849,114.316,0.406,49.9936,5.20785
20.4995,96.0149,114.316,0.435,49.8754,5.26623
20.7495,92.0186,114.316,0.474,49.9829,5.32302
20.9996,83.9664,114.316,0.499,49.9851,5.37652
21.2495,92.025,114.367,0.538,50.0483,5.43067
21.4995,91.9952,114.371,0.555,50.0154,5.48936
21.7495,99.9982,114.371,0.571,49.9992,5.53878
21.9995,88.0018,114.371,0.551,50.0196,5.59901
22.2495,96.0071,114.598,0.516,49.9984,5.6601
22.4995,95.9938,114.598,0.501,49.9965,5.723
22.7495,104.002,114.598,0.488,49.955,5.78737
22.9995,99.9931,114.598,0.497,49.9952,5.85235
23.2495,92.0072,114.598,0.532,49.9752,5.91901
23.4995,87.9974,114.598,0.554,49.984,5.99685
23.7495,96.0107,114.598,0.58,50.0528,6.06922
23.9995,87.9901,114.598,0.588,50.0467,6.14252
24.2495,88.0039,114.598,0.611,50.0148,6.21294
24.4995,91.997,114.598,0.633,49.9862,6.28324
24.7495,92.0025,114.598,0.668,49.9998,6.35543
24.9995,87.9896,114.598,0.696,49.9032,6.42075
25.2495,96.0257,114.598,0.717,49.9901,6.47655
25.4995,95.978,114.598,0.734,49.9965,6.53599
25.7495,95.9969,114.598,0.778,49.9678,6.58936
25.9995,100.004,114.598,0.813,50.0009,6.65132
26.2495,92.0058,114.598,0.825,49.991,6.71129
26.4995,91.9992,114.598,0.834,49.9966,6.76809
26.7495,92.0033,114.598,0.822,50.0806,6.83021
26.9995,91.992,114.598,0.803,50,6.89439
27.2495,95.9944,114.598,0.769,49.9965,6.95576
27.4995,88.005,114.598,0.755,50.0202,7.01961
27.7495,92.0132,114.598,0.739,49.9994,7.08575
27.9995,95.9877,114.598,0.73,50.0142,7.15456
28.2495,104.003,114.598,0.72,49.9846,7.22679
28.4995,91.9977,114.598,0.72,49.8383,7.29654
28.7495,96.0128,114.598,0.719,49.9987,7.37098
28.9995,83.9864,114.598,0.722,50.0058,7.44123
29.2495,96.0066,114.598,0.727,50.014,7.51147
29.4995,91.9928,114.598,0.739,49.9841,7.58704
29.7495,92.0194,114.598,0.776,49.9967,7.65607
29.9995,99.9822,114.598,0.789,49.972,7.72897
30.2495,96.0075,114.598,0.731,50.0362,7.7973
30.4995,99.9896,114.598,0.688,49.9705,7.86121
30.7495,92.0094,114.598,0.633,50.0055,7.92969
30.9995,91.9905,114.598,0.611,50.0118,7.99317
31.2495,92.0211,114.598,0.578,50.008,8.05506
31.4995,91.9847,114.598,0.576,49.9892,8.12055
31.7495,96.0073,114.598,0.584,50.0188,8.18588
31.9995,99.99,114.598,0.6,50.0053,8.25477
32.2495,92.0055,114.598,0.629,50.0085,8.3173
32.4995,103.993,114.598,0.667,49.9964,8.37944
32.7496,99.9876,114.598,0.716,49.9764,8.4422
32.9995,92.0118,114.598,0.751,49.9979,8.49808
33.2495,88.0141,114.598,0.821,50.0053,8.56046
33.4995,83.985,114.598,0.861,47.8976,8.62937
33.7495,96.0164,114.598,0.918,47.9577,8.69694
33.9995,99.9822,114.598,0.933,47.876,8.77019
34.2495,84.0213,114.598,0.799,47.9337,8.84319
34.4995,103.976,114.598,0.82,49.9705,8.90663
34.7495,100.01,114.598,0.753,50.0377,8.98094
34.9995,99.9868,114.598,0.794,49.9615,9.05308
35.2495,100.027,114.598,0.839,50.0189,9.12183
35.4995,87.979,114.598,0.838,49.9685,9.19609
35.7497,91.9474,114.598,0.883,50.0195,9.26534
35.9996,96.0252,114.598,0.888,49.9442,9.33654
36.2495,96.0465,114.598,0.996,49.9842,9.40976
36.4995,95.9832,114.598,1.034,49.9632,9.48126
36.7495,92.0198,114.598,1.121,50.0042,9.5569
36.9995,95.9766,114.598,1.127,49.9933,9.6302
37.2495,100.02,114.598,1.153,50.0198,9.69855
37.4997,103.906,114.598,1.165,49.9471,9.77361
37.7495,100.085,114.598,1.181,49.9865,9.84383
37.9996,91.9805,114.598,1.206,49.9283,9.9227
38.2495,96.0253,114.598,1.307,50.0265,9.99629
38.4995,87.9828,114.598,1.355,49.9916,10.0653
38.7495,96.0256,114.598,1.382,50.0084,10.1367
38.9995,91.9766,114.598,1.395,49.9605,10.2002
39.2495,96.0004,114.598,1.39,49.9864,10.2629
39.4996,95.9709,114.598,1.387,49.962,10.3241
39.7495,112.059,114.598,1.388,50.0564,10.3643
39.9995,87.9762,114.598,1.387,49.9992,10.3704
40.2495,88.0179,114.598,1.389,50.0229,10.3716
40.4995,95.9834,114.598,1.395,49.9772,10.3739
40.8495,97.1545,114.598,1.407,49.98,10.3769
41.0996,103.97,114.754,1.405,49.9752,10.3782
41.3495,96.0308,114.754,1.406,50.0137,10.3797
41.5995,91.9823,114.754,1.399,49.9627,10.3835
41.8495,96.0196,114.754,1.399,50.0215,10.3885
42.0996,95.9727,114.754,1.398,49.988,10.3945
42.3495,96.0245,114.754,1.401,49.9893,10.4008
42.5996,91.9747,114.754,1.409,49.9507,10.406
42.8495,120.034,114.754,1.394,49.9727,10.4177
43.0996,91.9684,114.754,1.377,49.916,10.4697
43.3495,92.0265,114.754,1.355,50.0221,10.5235
43.5995,87.9882,114.754,1.35,49.9869,10.5826
43.8495,92.0217,114.754,1.351,50.0078,10.6374
44.0995,99.9758,114.754,1.356,49.9486,10.6958
44.3495,96.0158,114.754,1.367,50.0014,10.7681
44.5996,91.9794,114.754,1.378,49.9625,10.8398
44.8495,100.022,114.754,1.392,50.062,10.916
45.0995,103.982,114.754,1.366,50.0439,10.9928
45.3495,96.0209,114.754,1.343,50.0106,11.0642
45.5996,91.957,114.754,1.327,49.9462,11.1409
45.8495,100.048,114.754,1.299,50.0044,11.2143
46.0996,95.9664,114.754,1.281,49.9456,11.2837
46.3495,100.032,114.754,1.255,49.9895,11.358
46.5999,103.844,114.754,1.197,49.9956,11.4284
46.8495,100.15,114.754,1.146,49.9797,11.5006
47.0995,95.9838,114.754,1.113,49.9426,11.5774
47.3495,88.0154,114.754,1.068,49.9962,11.6522
47.5996,99.967,114.754,1.045,50.0314,11.72
47.8495,92.0291,114.754,1.016,50.0109,11.7916
48.0996,99.9741,114.754,1.003,50.0076,11.8635
48.3495,92.0284,114.754,0.989,50.0116,11.9382
48.5996,95.9613,114.754,0.983,49.94,12.0063
48.8495,104.041,114.754,0.99,50.0643,12.0739
49.0996,99.9685,114.754,0.986,49.9797,12.1428
49.3496,104.005,114.754,0.93,49.961,12.2059
49.5996,95.9916,114.754,0.901,49.9829,12.2735
49.8495,92.0292,114.754,0.852,50.0124,12.343
50.0996,99.9699,114.754,0.827,49.964,12.4083
50.3495,92.0331,114.754,0.789,49.9893,12.4872
50.5995,95.9812,114.754,0.773,49.9636,12.5579
50.8495,100.018,114.754,0.749,49.9943,12.6337
51.0995,99.9738,114.754,0.739,49.982,12.7071
51.3496,107.99,114.754,0.736,49.9552,12.7801
51.5996,96.0056,114.754,0.739,49.9841,12.858
51.8495,104.031,114.754,0.751,49.9816,12.9326
52.0995,91.9772,114.754,0.768,49.9694,12.9978
52.3495,88.0209,114.754,0.798,50.0037,13.0626
52.5999,95.8527,114.754,0.762,49.9773,13.1215
52.8495,92.146,114.754,0.733,50.0013,13.1841
53.0997,107.923,114.754,0.722,49.9468,13.2476
53.3496,100.04,114.754,0.711,49.9561,13.3099
53.5995,92.003,114.754,0.713,49.929,13.3823
53.8495,92.0215,114.754,0.723,49.997,13.4559
54.0995,99.9917,114.754,0.739,49.9708,13.5252
54.3495,88.0075,114.754,0.752,49.9919,13.6033
54.6,95.7874,114.754,0.763,49.9858,13.668
54.8495,92.2018,114.754,0.777,49.9789,13.7359
55.0997,95.91,114.754,0.791,50.0201,13.8009
55.3495,104.099,114.754,0.799,49.9831,13.8618
55.5996,91.957,114.754,0.8,50.0951,13.9255
55.8496,100.01,114.754,0.799,49.9837,13.9886
56.0995,92.017,114.754,0.786,49.935,14.047
56.3495,96.0168,114.754,0.782,49.9976,14.1076
56.5995,95.9809,114.754,0.767,49.9805,14.1656
56.8495,96.0234,114.754,0.741,49.984,14.2256
57.0995,95.9808,114.754,0.701,49.99,14.2886
57.3495,92.0151,114.754,0.678,49.9975,14.3482
57.5996,95.9698,114.754,0.651,49.9825,14.4153
57.8495,100.032,114.754,0.637,50.0026,14.4768
58.0997,103.921,114.754,0.619,50.0075,14.542
58.3495,96.0841,114.754,0.594,50.0131,14.6186
58.5996,91.9577,114.754,0.573,50.0393,14.6869
58.8495,96.0332,114.754,0.561,50.0085,14.7562
59.0999,87.8383,114.754,0.533,50.0022,14.8265
59.3495,92.1688,114.754,0.514,49.9836,14.8925
59.5996,103.974,114.754,0.512,49.9647,14.9667
59.8496,99.9975,114.754,0.52,49.9746,15.0366
60.0996,100,114.754,0.543,50.0124,15.0956
60.3495,92.0326,114.754,0.561,49.9966,15.1601
60.5996,95.9548,114.754,0.584,49.978,15.2177
60.8495,96.0407,114.754,0.586,50.0094,15.2734
61.0996,87.9729,114.754,0.569,49.9743,15.3301
61.3495,96.028,114.754,0.552,49.9905,15.3831
61.5996,91.9663,114.754,0.51,49.9763,15.4416
61.8495,96.0324,114.754,0.468,49.9969,15.4965
62.0997,95.9398,114.754,0.409,49.9446,15.5538
62.3495,96.0541,114.754,0.381,49.9509,15.6192
62.5996,87.9844,114.754,0.343,49.9362,15.6882
62.8495,88.0263,114.754,0.32,49.9869,15.7631
63.0996,91.9563,114.754,0.309,50.0592,15.8308
63.3495,84.0343,114.754,0.308,50.0058,15.9024
63.5996,87.9653,114.754,0.318,49.9798,15.9754
63.8495,92.0396,114.754,0.323,50.0049,16.0456
64.0996,91.9583,114.754,0.331,50.0075,16.1121
64.3495,84.0362,114.754,0.334,49.9981,16.1861
64.5996,83.9574,114.754,0.343,49.9726,16.2549
64.8495,84.045,114.754,0.353,50.1285,16.3264
65.0996,83.9715,114.754,0.36,50.0468,16.3975
65.3495,80.0251,114.754,0.366,50.0094,16.4671
65.5996,83.9753,114.754,0.372,49.9996,16.5448
65.8495,88.0218,114.754,0.375,49.9976,16.6199
66.0996,87.9808,114.754,0.39,49.9853,16.687
66.3495,80.0228,114.754,0.403,49.9841,16.7578
66.5995,79.9811,114.754,0.445,49.985,16.831
66.8495,84.0213,114.754,0.444,50.0125,16.9071
67.0996,83.9698,114.754,0.443,49.9793,16.9801
67.3495,80.0281,114.754,0.443,49.9796,17.0492
67.5995,83.981,114.754,0.443,49.9903,17.1219
67.8495,84.0192,114.754,0.447,49.9931,17.1901
68.0995,103.973,114.754,0.452,49.9815,17.2577
68.3495,80.0196,114.754,0.456,49.9919,17.3334
68.5996,87.9735,114.754,0.466,49.9498,17.4024
68.8495,88.0236,114.754,0.473,50.0051,17.4753
69.0998,87.889,114.754,0.485,50.0365,17.5481
69.3495,84.1068,114.754,0.488,50.0065,17.6136
69.5996,83.9634,114.754,0.491,49.9836,17.6832
69.8495,88.0409,114.754,0.469,49.9934,17.7556
70.0996,87.9479,114.754,0.454,49.9632,17.8277
70.3495,92.0543,114.754,0.443,49.9492,17.8971
70.5996,83.9753,114.754,0.446,49.9785,17.9672
70.8495,84.0263,114.754,0.454,49.9935,18.0355
71.0995,103.974,114.754,0.461,50.0184,18.1106
71.3495,80.0272,114.754,0.458,49.9953,18.1754
71.5996,83.9649,114.754,0.454,49.9643,18.2491
71.8495,84.0281,114.754,0.452,50.0015,18.321
72.0996,87.972,114.754,0.453,49.934,18.3918
72.3495,80.0227,114.754,0.454,49.9988,18.4686
72.5996,87.9744,114.754,0.455,49.96,18.537
72.8495,84.0266,114.754,0.456,49.9858,18.6136
73.0995,91.9812,114.754,0.46,49.9882,18.6916
73.3495,80.0112,114.754,0.463,50.0088,18.7614
73.5996,83.9759,114.754,0.464,49.9837,18.836
73.8495,80.0291,114.754,0.466,50.0075,18.9076
74.0996,79.971,114.754,0.465,49.9648,18.9811
74.3495,84.0302,114.754,0.463,49.9971,19.0589
74.5995,75.9795,114.754,0.462,49.9834,19.1299
74.8495,84.0231,114.754,0.462,49.993,19.2049
75.0996,91.9728,114.754,0.462,49.9902,19.2828
75.3495,84.0249,114.754,0.459,49.9831,19.3557
75.5995,83.9789,114.754,0.458,49.9736,19.4311
75.8495,80.0163,114.754,0.458,50.0088,19.5043
76.0996,87.9683,114.754,0.456,49.9621,19.5708
76.3495,84.0368,114.754,0.458,50.001,19.6448
76.5996,91.9555,114.754,0.462,49.9338,19.713
76.8495,84.0358,114.754,0.463,49.9916,19.7829
77.0996,87.9752,114.754,0.472,49.9301,19.8464
77.3495,88.0213,114.754,0.478,49.9932,19.9064
77.5996,103.972,114.754,0.482,49.9348,19.9707
77.8495,92.0299,114.754,0.487,49.9762,20.0282
78.0996,87.9703,114.754,0.501,49.8541,20.0875
78.3495,88.0331,114.754,0.515,50.0013,20.1467
78.5996,87.9721,114.754,0.514,49.9337,20.2013
78.8495,84.0217,114.754,0.493,50.0017,20.2621
79.0996,91.9487,114.754,0.466,49.9345,20.3279
79.3495,88.0511,114.754,0.462,49.9588,20.3924
79.5996,83.9734,114.754,0.443,49.9653,20.462
79.8495,88.0269,114.754,0.434,50.001,20.5283
80.0995,91.9849,114.754,0.417,49.9995,20.5977
80.3495,80.0119,114.754,0.42,49.9868,20.668
80.5995,83.9844,114.754,0.437,49.9824,20.7408
80.8495,84.0156,114.754,0.459,49.9697,20.8144
81.1,83.8184,114.754,0.48,49.9689,20.8878
81.3495,76.1626,114.754,0.483,50.0163,20.9533
81.6,83.8456,114.754,0.484,49.9515,21.0305
81.8495,88.1683,114.754,0.485,49.9647,21.1022
82.0996,79.9691,114.754,0.46,49.9673,21.1745
82.3495,84.0275,114.754,0.457,49.9957,21.2473
82.5996,79.9669,114.754,0.446,50.0308,21.3181
82.8495,92.0391,114.754,0.452,49.9924,21.3952
83.0996,91.9736,114.754,0.458,49.9551,21.4722
83.3495,80.0192,114.754,0.461,50,21.5422
83.5996,79.9761,114.754,0.462,49.9941,21.6187
83.8495,80.0317,114.754,0.463,50.0753,21.69
84.0996,83.9542,114.754,0.464,49.9858,21.7648
84.3495,84.0457,114.754,0.463,49.9731,21.8414
84.5996,83.9697,114.754,0.462,49.9526,21.9123
84.8495,84.0313,114.754,0.46,49.9766,21.9867
85.0996,79.9755,114.754,0.461,49.9845,22.0641
85.3495,92.0264,114.754,0.46,50.0044,22.1316
85.5998,87.8714,114.754,0.453,49.9921,22.2076
85.8496,84.0989,114.754,0.459,49.9967,22.2808
86.0995,80.0028,114.754,0.479,49.9753,22.3592
86.3495,80.015,114.754,0.484,50.0113,22.4333
86.5995,79.9836,114.754,0.485,50.0064,22.5037
86.8495,84.0185,114.754,0.485,50.0031,22.58
87.0996,83.9716,114.754,0.468,49.9702,22.6529
87.3495,80.032,114.754,0.43,50.0044,22.7184
87.5998,87.8809,114.754,0.367,49.9441,22.7915
87.8495,88.1171,114.754,0.342,49.9948,22.8656
88.0995,87.9847,114.754,0.313,49.9957,22.9387
88.3495,84.015,114.754,0.309,50.0142,23.0131
88.5996,83.9728,114.754,0.319,50.0151,23.0807
88.8495,84.0249,114.754,0.328,49.9675,23.1499
89.0996,87.9776,114.754,0.338,49.943,23.2189
89.3495,84.0279,114.754,0.352,49.9757,23.2802
89.5996,87.9692,114.754,0.372,49.9515,23.3522
89.8495,92.029,114.754,0.394,49.988,23.4255
90.0996,103.969,114.754,0.433,49.9629,23.4926
90.3495,92.0177,114.754,0.45,49.9606,23.5655
90.5996,83.9639,114.754,0.47,49.9703,23.6337
90.8495,84.0426,114.754,0.48,49.9999,23.7004
91.0996,83.9758,114.754,0.495,49.99,23.7688
91.3495,88.0238,114.754,0.502,50.008,23.8319
91.5996,83.9692,114.754,0.518,49.9992,23.9047
91.8495,84.033,114.754,0.531,49.9763,23.9713
92.0996,87.975,114.754,0.53,49.9521,24.0471
92.3495,88.0294,114.754,0.53,49.9786,24.1188
92.5996,79.9708,114.754,0.533,49.9911,24.1864
92.8495,92.0283,114.754,0.536,49.9974,24.2579
93.0996,91.9669,114.754,0.541,49.9791,24.3353
93.3495,84.0299,114.754,0.544,50.0035,24.4082
93.5996,79.9717,114.754,0.55,49.9927,24.4846
93.8495,80.0276,114.754,0.555,50.1202,24.5525
94.0996,83.9577,114.754,0.557,49.9715,24.6285
94.3495,84.0425,114.754,0.558,49.9883,24.7084
94.5996,87.958,114.754,0.559,49.9728,24.7812
94.8495,80.0398,114.754,0.559,49.9928,24.8566
95.0996,83.9746,114.754,0.56,49.9727,24.9288
95.3495,84.022,114.754,0.56,50.0113,24.9838
95.5996,83.976,114.754,0.56,49.9864,25.0146
95.8495,92.0266,114.754,0.56,50.0138,25.0163
96.0996,91.9732,114.754,0.562,49.9682,25.018
96.3495,88.0195,114.754,0.561,49.9895,25.0192
96.5996,87.9809,114.754,0.555,49.9628,25.0201
96.8495,76.0228,114.754,0.549,50.0454,25.0215
97.0996,91.9565,114.754,0.548,49.977,25.0233
97.3495,80.0387,114.754,0.549,50.0189,25.024
97.5995,79.9829,114.754,0.549,49.9857,25.0253
97.8495,84.0241,114.754,0.549,50.0224,25.0265
98.0996,87.9471,114.754,0.554,49.9846,25.0278
98.3495,84.0525,114.754,0.559,50.0384,25.0435
98.5997,91.9136,114.754,0.533,49.9689,25.0965
98.8495,84.0699,114.754,0.528,49.974,25.155
99.0996,87.9761,114.754,0.51,49.9875,25.22
99.3495,76.0183,114.754,0.509,49.9982,25.2786
99.5996,83.9628,114.754,0.51,50.0061,25.348
99.8495,80.0386,114.754,0.51,50.0176,25.42
100.1,87.9488,114.754,0.513,49.9791,25.4906
100.349,84.0473,114.754,0.518,49.999,25.5629
100.6,83.9814,114.754,0.523,49.9848,25.6357
100.849,84.0222,114.754,0.525,50.0053,25.7121
101.1,91.9699,114.754,0.53,50.0155,25.7877
101.349,80.0322,114.754,0.531,49.9642,25.8522
101.6,87.9665,114.754,0.532,49.9691,25.9213
101.849,76.0235,114.754,0.53,49.9718,25.9865
102.1,87.9511,114.754,0.523,49.9735,26.0584
102.349,88.0489,114.754,0.525,49.9945,26.1365
102.6,83.975,114.754,0.528,49.9623,26.2077
102.849,92.0253,114.754,0.543,49.9875,26.2786
103.1,83.9743,114.754,0.536,49.9919,26.3472
103.349,88.0265,114.754,0.542,50.0145,26.4157
103.6,83.9498,114.754,0.548,49.958,26.485
103.849,84.0581,114.754,0.507,50.0063,26.549
104.1,95.9637,114.754,0.446,49.973,26.6169
104.349,88.027,114.754,0.416,49.9768,26.681
104.6,79.8747,114.754,0.351,49.9799,26.7483
104.849,84.1319,114.754,0.318,50.0034,26.8182
105.1,87.9589,114.754,0.285,50.0549,26.8962
105.349,92.0444,114.754,0.267,49.986,26.9675
105.6,87.8607,114.754,0.268,50.0139,27.0372
105.85,92.1319,114.754,0.274,49.99,27.1012
106.1,91.9843,114.754,0.282,49.9903,27.168
106.35,79.9821,114.754,0.306,50.0129,27.2439
106.6,88.0159,114.754,0.341,50.0271,27.3113
106.849,80.0353,114.754,0.383,50.0149,27.3807
107.1,83.9505,114.754,0.429,49.9747,27.4572
107.349,84.0496,114.754,0.475,49.9844,27.5288
107.6,83.9594,114.754,0.473,49.9687,27.6039
107.849,88.0406,114.754,0.471,49.9961,27.6739
108.1,91.7754,114.754,0.468,49.9855,27.7483
108.349,84.2089,114.754,0.444,49.9784,27.8273
108.6,79.9719,114.754,0.432,49.9951,27.8943
108.849,80.0272,114.754,0.431,50.0619,27.9643
109.1,83.9597,114.754,0.435,50.0487,28.0419
109.349,80.0379,114.754,0.44,49.9905,28.1135
109.6,83.9665,114.754,0.442,49.9821,28.1884
109.85,76.0104,114.754,0.443,50.0146,28.2538
110.1,83.9942,114.754,0.444,49.9927,28.328
110.349,80.0277,114.754,0.444,49.9989,28.4043
110.6,79.961,114.754,0.445,49.9773,28.4749
110.849,92.0417,114.754,0.445,50.0146,28.5434
111.1,87.9684,114.754,0.445,49.9776,28.612
111.35,80.0183,114.754,0.445,49.9957,28.6816
111.6,83.9786,114.754,0.422,49.9749,28.7574
111.849,84.0314,114.754,0.408,50.0426,28.8311
112.1,83.9601,114.754,0.415,49.9732,28.9038
112.35,80.0255,114.754,0.424,49.995,28.9779
112.6,83.9781,114.754,0.436,49.9876,29.0488
112.85,84.0206,114.754,0.433,49.9807,29.1223
113.1,79.9504,114.754,0.433,49.9835,29.1998
113.35,84.055,114.754,0.431,49.9803,29.266
113.6,79.9757,114.754,0.407,49.9739,29.337
113.85,92.0247,114.754,0.39,49.9838,29.4076
114.1,91.8394,114.754,0.384,50.001,29.4832
114.35,84.1515,114.754,0.39,49.9847,29.5591
114.6,87.9823,114.754,0.396,49.9641,29.6268
114.85,84.0146,114.754,0.401,50.0665,29.7011
115.1,83.9826,114.754,0.402,50.0199,29.7713
115.35,88.0196,114.754,0.409,49.9673,29.8386
115.6,79.9854,114.754,0.413,49.9755,29.9013
115.85,92.0157,114.754,0.429,49.9778,29.9565
116.1,99.9427,114.754,0.442,49.983,30.0145
116.35,92.0469,114.754,0.485,49.9955,30.0772
116.6,91.9757,114.754,0.51,49.9712,30.1359
116.85,84.0288,114.805,0.46,49.9858,30.1947
117.1,87.9755,114.805,0.441,50.0976,30.2473
117.35,88.0247,114.805,0.384,49.9639,30.3074
117.601,87.4995,114.805,0.363,49.9764,30.3676
117.85,92.5232,114.805,0.34,49.9448,30.4247
118.1,87.9813,114.805,0.333,49.9991,30.4878
118.35,88.0225,114.805,0.344,49.9633,30.5521
118.6,95.7845,114.805,0.354,50.025,30.6177
118.85,92.2044,114.805,0.37,49.9017,30.6869
119.1,87.9866,114.805,0.387,49.9577,30.7651
119.35,84.0119,114.805,0.407,49.9792,30.8318
119.6,83.9828,114.805,0.417,50.0726,30.9043
119.849,84.0248,114.805,0.427,49.972,30.9694
120.1,83.9742,114.805,0.435,49.9881,31.0372
120.35,84.022,114.805,0.441,49.9732,31.1135
120.6,83.9495,114.805,0.441,49.9934,31.1842
120.85,88.0487,114.805,0.443,49.9972,31.2594
121.1,83.9776,114.805,0.443,49.9775,31.3248
121.35,88.0296,114.805,0.444,49.956,31.3964
121.6,75.9648,114.805,0.444,50.0292,31.4734
121.85,80.0326,114.805,0.444,50.05,31.5455
122.1,83.983,114.805,0.444,50.0144,31.6198
122.35,80.0183,114.805,0.445,50.0132,31.6909
122.6,79.983,114.805,0.445,49.9905,31.759
122.85,88.0176,114.805,0.445,50.0078,31.8323
123.1,87.9906,114.805,0.446,49.984,31.9031
123.35,80.0084,114.805,0.45,49.9784,31.9687
123.6,83.8989,114.805,0.453,49.9834,32.0426
123.849,80.102,114.805,0.454,50.0215,32.1141
124.1,83.9655,114.805,0.455,49.9789,32.1866
124.35,80.027,114.805,0.454,50.0073,32.2556
124.6,83.9852,114.805,0.438,49.975,32.3194
124.85,84.0164,114.805,0.436,49.9857,32.3923
125.1,83.9569,114.805,0.444,49.9977,32.4639
125.35,88.0437,114.805,0.451,49.9806,32.5339
125.6,95.979,114.805,0.469,50.0069,32.6046
125.849,84.0241,114.805,0.509,50.0029,32.6708
126.1,87.9754,114.805,0.516,49.9904,32.7397
126.35,84.0149,114.805,0.471,49.9983,32.8106
126.6,83.953,114.805,0.443,49.9946,32.8786
126.85,84.0439,114.805,0.417,49.9914,32.9486
127.1,83.9921,114.805,0.405,49.99,33.0226
127.35,84.0148,114.805,0.4,49.9964,33.0979
127.6,83.9763,114.805,0.404,50.0034,33.1692
127.85,88.0215,114.805,0.411,49.9971,33.234
128.1,87.8574,114.805,0.413,49.978,33.3033
128.349,84.145,114.805,0.418,49.974,33.3744
128.6,83.9643,114.805,0.399,49.9493,33.4414
128.85,88.0338,114.805,0.368,50.0734,33.5084
129.1,83.8658,114.805,0.359,50.0273,33.5792
129.35,84.1359,114.805,0.355,49.9738,33.6538
129.6,83.9687,114.805,0.355,50.0046,33.7303
129.85,80.0288,114.805,0.352,49.9834,33.8029
130.1,83.9707,114.805,0.35,50.0441,33.8698
130.349,92.0354,114.805,0.345,50.0136,33.9472
130.6,79.9805,114.805,0.343,49.9966,34.0199
130.85,84.0132,114.805,0.335,49.9954,34.0913
131.1,83.9338,114.805,0.332,49.9932,34.1611
131.35,80.0665,114.805,0.327,49.9926,34.2407
131.6,83.9648,114.805,0.323,49.9766,34.3156
131.85,84.035,114.805,0.322,49.9941,34.3851
132.1,87.965,114.805,0.329,49.9707,34.4616
132.35,88.0374,114.805,0.347,49.9723,34.5377
132.6,83.9773,114.805,0.369,49.9873,34.6023
132.85,92.0196,114.805,0.405,49.9879,34.6582
133.1,99.9865,114.805,0.441,49.9973,34.7154
133.35,92.0148,114.805,0.486,49.9847,34.7785
133.6,95.9811,114.805,0.507,50.0358,34.8358
133.849,92.0245,114.805,0.535,49.9987,34.892
134.1,91.9547,114.805,0.552,49.9753,34.952
134.349,88.0431,114.805,0.576,49.9667,35.0122
134.6,91.969,114.805,0.584,49.9611,35.0679
134.849,96.0406,114.805,0.55,50.0031,35.1207
135.1,103.963,114.805,0.534,49.9903,35.1762
135.349,96.036,114.805,0.521,49.9407,35.2351
135.6,87.9707,114.805,0.52,49.9078,35.3039
135.849,92.0205,114.805,0.516,50.0071,35.3703
136.1,83.9821,114.805,0.518,49.9526,35.4393
136.349,84.0318,114.805,0.526,49.9912,35.513
136.6,87.9503,114.805,0.533,50.0408,35.583
136.849,88.0376,114.805,0.539,49.9623,35.6519
137.1,79.9689,114.805,0.542,50.0002,35.7216
137.35,88.0277,114.805,0.551,50.0262,35.7971
137.6,83.99,114.805,0.561,50.0075,35.8718
137.849,88.0131,114.805,0.581,49.9327,35.9344
138.1,87.9768,114.805,0.581,49.9741,35.9936
138.349,80.0257,114.805,0.586,50.0054,36.0537
138.6,83.9504,114.805,0.591,49.9858,36.0956
138.849,84.0471,114.805,0.598,50.0202,36.1007
139.1,83.9682,114.805,0.598,49.9921,36.1029
139.349,84.0304,114.805,0.587,50.0086,36.1055
139.649,86.6668,114.805,0.586,50.0204,36.1078
139.9,83.9399,114.805,0.587,49.9711,36.1087
140.149,84.0602,114.805,0.587,49.9937,36.1097
140.4,91.9645,114.805,0.589,49.9747,36.1112
140.649,84.0388,114.805,0.588,49.9454,36.1132
140.9,79.9599,114.805,0.588,50.0034,36.1153
141.149,84.0453,114.805,0.591,50.0765,36.1173
141.4,83.9621,114.805,0.598,49.9746,36.1381
141.649,80.0299,114.805,0.604,50.0131,36.1954
141.9,83.9767,114.805,0.594,50.0006,36.2547
142.149,84.0218,114.805,0.557,50.0111,36.3259
142.4,83.9726,114.805,0.541,49.9726,36.4002
142.65,88.0258,114.805,0.53,50.0104,36.4652
142.9,87.977,114.805,0.529,49.9849,36.5371
143.149,84.0264,114.805,0.537,50.0014,36.6137
143.4,83.9591,114.805,0.546,49.9818,36.6828
143.649,80.0377,114.805,0.554,50.0787,36.7553
143.9,83.9606,114.805,0.557,49.9867,36.8241
144.149,84.042,114.805,0.558,50.0124,36.9016
144.4,83.9535,114.805,0.56,49.9832,36.9768
144.649,92.0487,114.805,0.563,49.9833,37.0437
144.9,87.9366,114.805,0.567,49.9408,37.1082
145.149,96.0655,114.805,0.574,49.9867,37.1668
145.4,95.9729,114.805,0.583,49.9875,37.2235
145.65,100,114.805,0.588,49.964,37.2797
145.9,95.9457,114.805,0.586,49.9798,37.3344
146.149,92.0821,114.805,0.575,49.9804,37.3869
146.4,87.9679,114.805,0.548,49.9641,37.4457
146.65,92.0052,114.805,0.483,50.0088,37.4984
146.9,91.9814,114.805,0.439,50.025,37.5554
147.149,92.0444,114.805,0.379,49.9807,37.6163
147.4,87.9493,114.805,0.345,49.9924,37.6762
147.649,92.061,114.805,0.303,49.9943,37.7466
147.9,83.947,114.805,0.281,50.0021,37.8147
148.149,96.0533,114.805,0.275,50.0001,37.8843
148.4,95.9538,114.805,0.28,49.9976,37.9629
148.649,84.0405,114.805,0.301,49.9637,38.035
148.9,83.9802,114.805,0.319,49.986,38.1047
149.149,84.0217,114.805,0.368,49.9857,38.1773
149.4,79.9469,114.805,0.369,50.0195,38.2479
149.649,80.0502,114.805,0.371,50.009,38.3236
149.9,79.9679,114.805,0.376,49.9833,38.391
150.149,84.0351,114.805,0.38,49.9901,38.4647
150.4,79.9701,114.805,0.383,49.9976,38.5408
150.649,88.0427,114.805,0.388,50.0055,38.6134
150.9,87.9654,114.805,0.393,49.9936,38.6858
151.149,84.0239,114.805,0.411,49.9956,38.7626
151.4,83.9595,114.805,0.429,49.9805,38.8331
151.649,80.0405,114.805,0.432,50.0652,38.9094
151.9,83.952,114.805,0.432,50.0286,38.9792
152.149,80.0415,114.805,0.432,49.9922,39.0531
152.4,83.8863,114.805,0.434,49.9539,39.1269
152.649,88.121,114.805,0.44,49.9895,39.1965
152.9,83.9604,114.805,0.443,49.9877,39.2676
153.149,84.0454,114.805,0.448,49.9914,39.3367
153.4,83.9458,114.805,0.455,50.03,39.3999
153.649,100.058,114.805,0.465,49.9812,39.4725
153.9,87.9577,114.805,0.473,49.9449,39.5399
154.149,84.0422,114.805,0.486,50.0007,39.6137
154.4,83.9769,114.805,0.49,49.9882,39.6841
154.649,80.0216,114.805,0.494,50.0154,39.7487
154.9,87.9307,114.805,0.476,49.9779,39.8204
155.149,88.0715,114.805,0.451,49.9728,39.8895
155.4,87.9734,114.805,0.448,49.9411,39.9676
155.649,84.0251,114.805,0.453,49.99,40.0403
155.9,95.9777,114.805,0.46,49.9677,40.108
156.149,88.0201,114.805,0.456,49.9118,40.1831
156.4,79.9785,114.805,0.453,50.0051,40.254
156.649,80.0236,114.805,0.449,49.9863,40.3159
156.9,79.9199,114.805,0.448,50.039,40.3882
157.149,80.0791,114.805,0.447,50.0087,40.459
157.4,83.8815,114.805,0.449,49.9797,40.5388
157.649,84.1219,114.805,0.453,49.9439,40.6058
157.9,83.872,114.805,0.454,49.9722,40.6737
158.149,84.1245,114.805,0.461,49.9803,40.7484
158.4,83.9642,114.805,0.464,50.0067,40.8249
158.649,88.036,114.805,0.467,49.9925,40.8946
158.9,83.843,114.805,0.468,50.0459,40.9663
159.149,88.1632,114.805,0.466,50.0161,41.0433
159.4,83.8366,114.805,0.461,50.0295,41.1142
159.649,84.1682,114.805,0.459,49.9818,41.1883
159.9,79.9732,114.805,0.461,50.0029,41.2584
160.149,80.0272,114.805,0.461,50.0342,41.3338
160.4,83.951,114.805,0.457,50.0731,41.4107
160.649,80.0445,114.805,0.456,49.9941,41.4814
160.9,83.973,114.805,0.456,50.0003,41.5547
161.149,88.0279,114.805,0.456,49.9875,41.6243
161.4,83.9559,114.805,0.461,50.0056,41.6987
161.649,84.0452,114.805,0.465,49.9671,41.7698
161.9,87.9585,114.805,0.467,49.9992,41.837
162.149,96.0483,114.805,0.476,49.9912,41.9097
162.4,91.9251,114.805,0.496,50.0089,41.9683
162.649,88.0719,114.805,0.498,49.9375,41.9942
162.9,87.9692,114.805,0.497,50.0047,41.9954
163.15,88.0183,114.805,0.497,49.9621,41.9965
163.4,79.9403,114.805,0.493,50.0744,41.9985
163.649,92.0779,114.805,0.49,49.9439,42.0004
163.9,83.9426,114.805,0.488,50.0036,42.0018
164.149,104.073,114.805,0.488,49.9059,42.0039
164.4,83.9616,114.805,0.487,49.9956,42.0057
164.649,88.0377,114.805,0.489,49.9958,42.0063
164.9,87.9602,114.805,0.485,49.9804,42.0097
165.149,88.0444,114.805,0.49,49.9842,42.0143
165.4,83.8356,114.805,0.49,49.951,42.0184
165.649,92.1762,114.805,0.497,49.9408,42.0231
165.9,87.9671,114.805,0.504,49.9935,42.0507
166.149,88.0382,114.805,0.485,49.987,42.1087
166.4,103.896,114.805,0.45,50.0182,42.1691
166.649,92.0873,114.805,0.447,49.9355,42.2304
166.9,79.8758,114.805,0.446,49.9498,42.298
167.149,88.1405,114.805,0.446,50.0125,42.373
167.4,83.9689,114.805,0.446,50.0273,42.4431
167.65,84.0181,114.805,0.446,50.0094,42.514
167.9,87.9799,114.805,0.446,50.0234,42.5867
168.149,84.0333,114.805,0.446,50.0013,42.6635
168.4,95.9595,114.805,0.446,49.987,42.7386
168.649,80.0329,114.805,0.446,50.0103,42.8049
168.9,79.9494,114.805,0.446,49.9594,42.8794
169.149,88.0505,114.805,0.446,49.9829,42.9529
169.4,79.9745,114.805,0.446,49.947,43.0249
169.65,84.0245,114.805,0.446,49.9922,43.0963
169.9,79.9617,114.805,0.446,49.9711,43.1657
170.149,80.041,114.805,0.446,50.0109,43.2401
170.4,79.9771,114.805,0.446,50.006,43.3108
170.65,84.0151,114.805,0.441,49.9949,43.3771
170.9,79.9717,114.805,0.42,49.958,43.4481
171.15,92.0386,114.805,0.419,49.9855,43.5173
171.4,83.8493,114.805,0.405,49.9884,43.5893
171.649,84.1555,114.805,0.393,49.9801,43.6569
171.9,79.9637,114.805,0.392,50.0096,43.7252
172.149,84.037,114.805,0.392,50.0224,43.7978
172.4,79.9584,114.805,0.392,50.0508,43.8649
172.649,84.0461,114.805,0.391,49.9983,43.9346
172.9,79.9356,114.805,0.388,49.9823,44.0081
173.149,84.0719,114.805,0.388,49.9688,44.0779
173.4,83.9103,114.805,0.395,50.002,44.1443
173.649,84.0828,114.805,0.403,49.9576,44.2037
173.9,87.9482,114.805,0.417,49.9808,44.2578
174.149,88.0554,114.805,0.424,49.9909,44.3142
174.4,95.917,114.805,0.435,49.9939,44.369
174.649,92.0845,114.805,0.439,49.9848,44.4219
174.9,87.9675,114.805,0.433,49.9709,44.4726
175.149,88.0249,114.805,0.415,49.994,44.5257
175.4,87.9601,114.805,0.358,49.986,44.5871
175.649,88.0427,114.805,0.327,50.0186,44.6468
175.9,87.9339,114.805,0.297,49.9823,44.706
176.149,88.062,114.805,0.287,49.9621,44.7772
176.4,87.9505,114.805,0.294,49.9928,44.8546
176.65,84.0376,114.805,0.304,49.9956,44.9268
176.9,103.902,114.805,0.32,49.9936,45.0015
177.149,84.0929,114.805,0.344,49.9568,45.0684
177.4,83.9714,114.805,0.37,49.9739,45.1462
177.649,84.0251,114.805,0.394,49.9961,45.2166
177.9,91.9734,114.805,0.424,50.0064,45.2802
178.149,84.0301,114.805,0.443,49.958,45.3437
178.4,83.9524,114.805,0.493,49.975,45.4115
178.649,84.0463,114.805,0.526,49.9948,45.4767
178.9,87.9547,114.805,0.589,49.9322,45.5493
179.149,96.0438,114.805,0.632,49.976,45.6193
179.4,91.9248,114.805,0.7,49.9536,45.6944
179.649,88.0718,114.805,0.742,49.9949,45.7538
179.9,83.9537,114.805,0.795,49.9812,45.8085
180.15,92.0442,114.805,0.826,50.0185,45.866
180.4,83.9745,114.805,0.86,49.9992,45.9205
180.649,84.0353,114.805,0.884,49.9604,45.9783
180.9,83.9598,114.805,0.902,49.9655,46.04
181.149,88.0509,114.805,0.913,50.0165,46.1036
181.4,91.9578,114.805,0.93,49.9879,46.1793
181.649,88.0319,114.805,0.917,49.9629,46.2488
181.9,83.9533,114.805,0.905,49.9282,46.3154
182.149,84.0476,114.805,0.891,49.9711,46.3865
182.4,83.9724,114.805,0.87,49.9602,46.4591
182.65,88.0168,114.805,0.869,50.0033,46.5286
182.9,83.9797,114.805,0.869,49.9549,46.6011
183.149,80.0282,114.805,0.869,50.0015,46.6713
183.4,83.968,114.805,0.868,49.9478,46.7401
183.649,96.0456,114.805,0.856,49.9925,46.7997
183.9,87.9623,114.805,0.843,49.9679,46.8545
184.149,84.0317,114.805,0.793,49.9933,46.9171
184.4,83.971,114.805,0.728,49.9709,46.9804
184.649,88.028,114.805,0.678,50.0843,47.0501
184.9,83.9543,114.805,0.62,49.9643,47.1168
185.149,80.0427,114.805,0.576,49.9967,47.1874
185.4,83.9739,114.805,0.511,49.9692,47.2599
185.65,84.0153,114.805,0.47,49.9929,47.3266
185.9,87.9655,114.805,0.419,49.9403,47.3852
186.149,100.053,114.805,0.392,49.9755,47.4225
186.4,87.9417,114.805,0.387,49.9669,47.4246
186.65,84.0446,114.805,0.388,49.9695,47.4255
186.9,79.9576,114.805,0.383,49.9943,47.427
187.149,80.0505,114.805,0.38,50.0021,47.4287
187.4,83.9245,114.805,0.369,49.9918,47.4299
187.649,84.0782,114.805,0.366,49.9608,47.4315
187.9,83.9379,114.805,0.364,49.9728,47.4325
188.149,84.0612,114.805,0.354,49.9674,47.4339
188.4,79.956,114.805,0.353,49.9596,47.435
188.65,100.043,114.805,0.346,49.9981,47.4367
188.9,79.982,114.805,0.346,49.9855,47.4388
189.149,84.0281,114.805,0.348,49.9821,47.4595
189.4,83.9368,114.805,0.423,50.0092,47.5231
189.649,84.0675,114.805,0.473,49.9935,47.583
189.9,79.9538,114.805,0.513,49.9676,47.6405
190.149,88.0496,114.805,0.535,49.9592,47.7043
190.4,83.9619,114.805,0.578,49.9994,47.7714
190.649,88.0388,114.805,0.616,49.9942,47.8376
190.9,91.9325,114.805,0.679,49.9962,47.9103
191.149,88.0651,114.805,0.716,49.9887,47.9791
191.4,87.97,114.805,0.763,49.9457,48.0466
191.65,84.0169,114.805,0.797,50.0011,48.1102
191.9,83.9802,114.805,0.832,50.0669,48.1678
192.1,89.7814,114.805,0.854,50.0916,48.2186
192.349,88.2111,114.805,0.866,49.9683,48.2768
192.6,83.9399,114.805,0.882,50.0211,48.3429
192.849,84.0515,114.805,0.887,50.0016,48.4127
193.1,95.9722,114.805,0.888,49.9844,48.4815
193.349,84.0272,114.805,0.887,49.992,48.5603
193.6,83.9626,114.805,0.873,49.9755,48.6335
193.849,80.0348,114.805,0.876,49.9769,48.6991
194.1,83.973,114.805,0.867,49.978,48.7673
194.349,84.0332,114.805,0.843,49.9649,48.838
194.6,83.9501,114.805,0.813,49.9833,48.9153
194.849,80.0475,114.805,0.792,50.0211,48.9862
195.1,87.9553,114.805,0.776,49.9771,49.0532
195.349,80.0348,114.805,0.765,49.9917,49.1192
195.6,83.9701,114.805,0.743,49.9823,49.1781
195.849,104.039,114.805,0.718,49.949,49.2458
196.1,87.9734,114.805,0.653,49.9519,49.3109
196.349,76.0195,114.805,0.612,49.9544,49.3724
196.6,87.9678,114.805,0.55,50.0079,49.4429
196.849,80.0323,114.805,0.512,49.9795,49.5137
197.1,91.8306,114.805,0.46,49.9643,49.585
197.349,88.1622,114.805,0.435,49.9751,49.6557
197.6,91.8422,114.805,0.401,49.9908,49.7214
197.849,84.1533,114.805,0.384,49.9461,49.7865
198.1,87.939,114.805,0.365,49.968,49.8521
198.301,84.2542,114.805,0.346,49.9299,49.9015
198.549,88.679,114.805,0.33,49.9407,49.9701
198.8,87.9703,114.805,0.317,49.9506,50.034
199.049,88.0312,114.805,0.313,49.9959,50.1039
199.3,83.9276,114.805,0.325,50.0169,50.1724
199.549,88.0799,114.805,0.35,49.9873,50.2445
199.8,79.9551,114.805,0.373,49.9878,50.3107
200.049,84.0434,114.805,0.396,49.9876,50.3741
200.3,83.9716,114.805,0.429,49.9432,50.4297
200.549,92.0329,114.805,0.445,50.0302,50.4864
200.8,87.939,114.805,0.472,50.0063,50.5422
201.049,92.0619,114.805,0.488,50.024,50.5953
201.3,99.9637,114.805,0.484,50.0018,50.6513
201.549,88.035,114.805,0.457,50.0025,50.706
201.8,87.9702,114.805,0.45,49.9888,50.7676
202.049,84.0266,114.805,0.434,50.0059,50.8299
202.3,87.9384,114.805,0.436,49.9788,50.8953
202.549,84.0541,114.805,0.44,49.975,50.9709
202.8,95.9148,114.805,0.444,49.9527,51.0368
203.049,92.0856,114.805,0.449,49.9807,51.1138
203.3,79.9645,114.805,0.453,50.0086,51.1849
203.549,80.0327,114.805,0.433,50.0313,51.2496
203.8,91.961,114.805,0.397,50.0073,51.3218
204.05,84.0341,114.805,0.388,50.0301,51.3942
204.3,83.8226,114.805,0.376,49.9413,51.4661
204.549,84.1859,114.805,0.374,49.9877,51.5419
204.8,83.9574,114.805,0.372,50.0434,51.6093
205.049,80.0375,114.805,0.37,50.0216,51.6862
205.3,83.9735,114.805,0.363,50.052,51.761
205.549,80.0266,114.805,0.351,50.0186,51.8298
205.8,91.9773,114.805,0.347,49.9995,51.9031
206.049,84.0173,114.805,0.342,50.0099,51.979
206.3,79.9637,114.805,0.333,49.9651,52.0512
206.549,88.0431,114.805,0.33,49.9783,52.1219
206.8,83.9463,114.805,0.315,49.9796,52.1876
207.049,80.0502,114.805,0.318,49.9866,52.2643
207.3,83.9688,114.805,0.347,49.995,52.3421
207.55,92.0293,114.805,0.371,50.0128,52.41
207.8,95.9704,114.805,0.413,49.9961,52.4776
208.049,88.039,114.805,0.433,49.9944,52.5355
208.3,91.9609,114.805,0.474,49.9551,52.5923
208.549,88.0315,114.805,0.499,50.0111,52.651
208.8,91.9535,114.805,0.541,49.9659,52.7038
209.049,88.0437,114.805,0.559,50.0165,52.7627
209.3,91.9534,114.805,0.569,49.9442,52.8187
209.55,92.0309,114.805,0.557,50.0138,52.8709
209.8,103.917,114.805,0.52,50.0002,52.9281
210.05,92.0532,114.805,0.505,49.9978,52.9868
210.3,104,114.805,0.499,49.8689,53.0464
210.549,88.0389,114.805,0.501,50.0137,53.1164
210.8,87.9675,114.805,0.541,50.0074,53.1833
211.049,88.0252,114.805,0.569,50.0359,53.2605
211.3,91.9163,114.805,0.575,50.0026,53.3363
211.549,92.0901,114.805,0.59,49.9303,53.4052
211.8,83.9662,114.805,0.617,49.9637,53.4771
212.05,96.0273,114.805,0.635,49.9982,53.5472
212.3,99.9747,114.805,0.681,49.9674,53.6136
212.549,92.0312,114.805,0.694,50.0119,53.6789
212.8,91.9469,114.805,0.716,49.9606,53.7347
213.05,96.0325,114.805,0.759,49.9916,53.7939
213.3,95.9383,114.805,0.782,49.9441,53.8519
213.549,84.0772,114.805,0.827,49.9917,53.9093
213.8,95.9598,114.805,0.835,49.9965,53.9736
214.049,92.044,114.805,0.847,49.9732,54.034
214.3,91.9617,114.805,0.831,50.0115,54.0926
214.549,108.038,114.805,0.787,49.9931,54.1531
214.8,91.9792,114.805,0.767,49.9359,54.2147
215.049,88.0261,114.805,0.746,50.0212,54.282
215.3,87.9576,114.805,0.736,49.983,54.3482
215.549,92.0441,114.805,0.729,50.0041,54.4167
215.8,87.9504,114.805,0.727,49.9892,54.4938
216.049,92.051,114.805,0.723,49.9237,54.57
216.3,95.9045,114.805,0.721,49.9572,54.6395
216.549,92.0921,114.805,0.728,49.9975,54.7123
216.8,103.907,114.805,0.734,49.9296,54.7776
217.05,88.0518,114.805,0.754,49.986,54.8526
217.3,99.9247,114.805,0.77,49.8375,54.9226
217.549,92.0969,114.805,0.78,49.9908,54.9928
217.8,91.9243,114.805,0.74,50.0197,55.0671
218.05,92.0598,114.805,0.678,49.995,55.1273
218.3,91.9603,114.805,0.638,49.974,55.1924
218.55,100.032,114.805,0.608,49.9758,55.258
218.8,99.9881,114.805,0.596,49.9889,55.3182
219.05,104.022,114.805,0.584,50.0139,55.3888
219.3,99.9878,114.805,0.593,49.9932,55.4568
219.55,100.003,114.805,0.613,49.9475,55.5203
219.8,91.9915,114.805,0.634,50.0157,55.5843
220.049,100.025,114.805,0.688,49.9161,55.6469
220.3,91.9623,114.805,0.725,49.9351,55.7057
220.549,104.048,114.805,0.773,49.9993,55.7679
220.8,111.917,114.805,0.822,49.8435,55.8274
221.049,92.0661,114.805,0.888,50.0077,55.8954
221.3,91.9724,114.805,0.947,49.9661,55.9699
221.55,92.018,114.805,0.966,50.0132,56.0382
221.8,87.9801,114.805,0.983,50.0166,56.1109
222.05,100.029,114.805,1.008,49.9163,56.1833
222.301,107.365,114.805,1.027,49.9583,56.2546
222.55,100.565,114.805,1.066,49.9954,56.3315
222.8,99.9605,114.805,1.086,49.8289,56.4003
223.05,96.0599,114.809,1.128,49.9512,56.4733
223.3,91.9497,114.809,1.148,49.9882,56.5452
223.55,92.053,114.809,1.164,50.0333,56.6171
223.8,91.9665,114.809,1.176,50.0145,56.6939
224.049,96.0423,114.809,1.191,50.0001,56.7697
224.3,95.9602,114.809,1.202,49.9941,56.8382
224.55,92.0322,114.809,1.231,49.9513,56.9131
224.8,103.968,114.809,1.25,49.988,56.9844
225.05,99.9789,114.809,1.285,49.9348,57.063
225.3,96.0313,114.809,1.298,49.9069,57.1346
225.55,92.0146,114.809,1.329,49.9697,57.2056
225.8,99.9315,114.809,1.349,49.9434,57.2816
226.049,96.0785,114.809,1.375,50.0497,57.3541
226.3,95.9088,114.809,1.388,49.9697,57.4186
226.55,96.0792,114.809,1.401,49.9821,57.4865
226.8,95.9869,114.809,1.394,49.9743,57.5486
227.049,92.0242,114.809,1.392,49.958,57.6096
227.3,91.9313,114.809,1.393,49.9974,57.6371
227.55,108.067,114.809,1.393,49.9757,57.6382
227.8,95.9312,114.809,1.394,49.8611,57.6401
228.05,92.0689,114.809,1.404,49.9875,57.6426
228.3,95.9812,114.809,1.41,49.9878,57.6444
228.55,100.021,114.809,1.413,50.0009,57.6455
228.8,91.9764,114.809,1.412,49.998,57.6462
229.05,96.0207,114.809,1.407,49.9654,57.6492
229.3,91.9862,114.809,1.404,49.9497,57.6539
229.55,108.007,114.809,1.402,49.9631,57.6599
229.8,91.9966,114.809,1.404,49.9462,57.6661
230.05,104.006,114.809,1.411,49.9425,57.6722
230.3,87.9863,114.809,1.41,49.9255,57.6774
230.55,96.0177,114.809,1.387,50.0496,57.706
230.8,95.9903,114.809,1.369,49.9625,57.7617
231.05,111.952,114.809,1.358,49.9676,57.8238
231.3,96.0025,114.809,1.354,49.9673,57.8844
231.55,92.0515,114.809,1.355,49.9591,57.9455
231.8,95.9321,114.809,1.36,49.9405,58.0162
232.05,96.0578,114.809,1.367,49.9856,58.0859
232.3,95.9947,114.809,1.376,49.989,58.1494
232.549,96.0215,114.809,1.396,49.9521,58.2161
232.8,91.9777,114.809,1.388,49.9515,58.2892
233.05,100.019,114.809,1.348,49.9642,58.3612
233.3,91.9862,114.809,1.332,49.9675,58.4296
233.55,112.009,114.809,1.3,50.0061,58.4998
233.8,91.9887,114.809,1.282,49.9662,58.5707
234,104.656,114.809,1.231,49.909,58.6239
234.25,92.2459,114.809,1.177,49.9927,58.6996
234.5,91.9944,114.809,1.14,49.9411,58.7748
234.75,96.0112,114.809,1.089,49.9956,58.8447
235,91.9763,114.809,1.055,50.0218,58.9223
235.25,100.028,114.809,1.011,49.9509,58.9969
235.5,99.9866,114.809,0.985,49.9288,59.0691
235.75,96.0114,114.809,0.96,49.9717,59.1472
236,107.988,114.809,0.945,49.8794,59.2185
236.25,92.0162,114.809,0.919,50.02,59.2952
236.5,91.9817,114.809,0.907,49.9641,59.3613
236.749,92.0236,114.809,0.905,50.0015,59.4236
237,95.9813,114.809,0.868,49.9286,59.4924
237.249,92.0253,114.809,0.809,49.9882,59.558
237.5,95.9664,114.809,0.766,49.9496,59.6261
237.75,100.003,114.809,0.712,49.9927,59.7002
238,88.0031,114.809,0.681,49.9525,59.7598
238.25,100.008,114.809,0.635,49.9955,59.8305
238.5,115.786,114.809,0.613,49.9679,59.9028
238.75,92.1775,114.809,0.591,49.927,59.97
239,99.9664,114.809,0.585,49.9513,60.0432
239.25,96.0269,114.809,0.59,49.9903,60.1122
239.5,95.9842,114.809,0.6,50.024,60.1839
239.749,92.0243,114.809,0.622,50.0104,60.2573
240,99.9744,114.809,0.639,49.9688,60.3134
240.25,100.013,114.809,0.685,49.9957,60.3698
240.5,95.9896,114.809,0.703,49.9712,60.4283
240.75,96.0166,114.809,0.671,50.038,60.4897
241,95.9795,114.809,0.65,49.9918,60.5574
241.25,96.0206,114.809,0.651,49.9636,60.6251
241.5,87.9876,114.809,0.652,49.9695,60.6979
241.749,88.0209,114.809,0.672,50.0145,60.7749
242,91.9779,114.809,0.691,50.0215,60.8407
242.25,92.0143,114.809,0.714,49.9855,60.9173
242.5,99.9825,114.809,0.732,49.9492,60.9884
242.749,96.0215,114.809,0.761,49.9882,61.0561
243,103.773,114.809,0.771,49.9418,61.1183
243.25,96.2037,114.809,0.794,49.9715,61.1793
243.5,87.9844,114.809,0.804,49.9656,61.2382
243.75,96.0215,114.809,0.808,50.1034,61.3006
244,95.9787,114.809,0.807,49.9857,61.3569
244.249,92.0247,114.809,0.804,50.0083,61.4156
244.5,91.9818,114.809,0.791,49.9661,61.4686
244.749,104.027,114.809,0.769,50.0205,61.5234
245,103.83,114.809,0.753,49.9987,61.5813
245.25,96.1478,114.809,0.716,50.0131,61.6388
245.5,95.9783,114.809,0.69,49.9245,61.702
245.749,92.0219,114.809,0.646,50.0074,61.7672
246,91.981,114.809,0.622,50.049,61.8329
246.249,96.0203,114.809,0.569,49.9987,61.9073
246.5,87.9787,114.809,0.549,49.9819,61.9801
246.749,92.0317,114.809,0.524,50.0044,62.0443
247,99.9683,114.809,0.514,49.9693,62.1189
247.249,100.021,114.809,0.504,50.0023,62.1872
247.5,99.9801,114.809,0.503,49.9337,62.2538
247.749,96.0214,114.809,0.503,50.0674,62.3195
248,99.9765,114.809,0.501,49.9688,62.3746
248.249,96.0257,114.809,0.493,50.009,62.4401
248.5,95.9422,114.809,0.491,49.9354,62.5044
248.749,100.066,114.809,0.49,50.095,62.5653
249,95.9722,114.809,0.479,49.9514,62.6271
249.249,104.018,114.809,0.46,50.0507,62.686
249.5,95.9796,114.809,0.452,49.9765,62.7442
249.749,96.0255,114.809,0.438,50.0013,62.8032
250,87.9612,114.809,0.407,49.9729,62.8603
250.249,92.046,114.809,0.358,49.9952,62.9247
250.5,87.9753,114.809,0.326,49.9822,62.9915
250.749,88.0216,114.809,0.293,50.0004,63.0559
251,91.9595,114.809,0.284,49.9651,63.1331
251.249,84.037,114.809,0.297,50.0234,63.2045
251.5,99.969,114.809,0.309,49.8762,63.2792
251.749,88.0229,114.809,0.319,50.0497,63.3461
252,91.9799,114.809,0.324,49.9243,63.4144
252.249,84.019,114.809,0.336,50.0105,63.4922
252.5,83.9817,114.809,0.344,49.9489,63.56
252.749,88.0212,114.809,0.357,50.069,63.6295
253,83.9772,114.809,0.364,49.9833,63.7025
253.249,84.0185,114.809,0.369,50.0078,63.774
253.5,87.9806,114.809,0.372,49.9888,63.8497
253.749,88.0306,114.809,0.387,49.9969,63.9212
254,83.9733,114.809,0.404,49.9354,63.9882
254.249,84.0176,114.809,0.444,50.0174,64.0651
254.5,79.9816,114.809,0.454,49.9904,64.1386
254.749,80.0195,114.809,0.451,50.0231,64.206
255,83.9785,114.809,0.45,49.9456,64.2815
255.249,84.0208,114.809,0.451,49.9969,64.3464
255.5,87.9781,114.809,0.454,49.9807,64.4169
255.749,84.0285,114.809,0.457,49.9996,64.4874
256,91.7268,114.809,0.462,49.9519,64.5539
256.25,92.2628,114.809,0.472,50.0498,64.6269
256.5,91.944,114.809,0.481,49.9559,64.6986
256.749,84.0594,114.809,0.491,50.024,64.7692
257,91.9748,114.809,0.495,49.9871,64.8354
257.249,80.026,114.809,0.497,50.0721,64.9016
257.5,87.9685,114.809,0.482,49.9909,64.973
257.749,88.031,114.809,0.451,50.0165,65.0471
258,91.7567,114.809,0.45,49.9245,65.1169
258.25,92.1929,114.809,0.448,49.9965,65.1924
258.5,88.0184,114.809,0.457,49.844,65.2638
258.75,88.0186,114.809,0.458,49.9962,65.3329
259,83.9828,114.809,0.456,49.9756,65.4032
259.249,80.0211,114.809,0.451,50.0421,65.4682
259.5,87.979,114.809,0.45,49.9695,65.5399
259.749,84.0204,114.809,0.45,50.0055,65.6171
260,91.9767,114.809,0.453,49.9808,65.6894
260.25,83.9782,114.809,0.456,50.0574,65.7637
260.5,84.023,114.809,0.459,49.9535,65.8299
260.749,80.0162,114.809,0.466,50.0242,65.9035
261,79.9848,114.809,0.468,49.8994,65.9799
261.249,88.0199,114.809,0.47,50.0077,66.0502
261.5,83.9781,114.809,0.468,49.9639,66.1232
261.749,80.0201,114.809,0.462,50.0046,66.201
262,83.9544,114.809,0.46,49.9774,66.2732
262.249,88.0543,114.809,0.458,49.9508,66.3509
262.5,79.972,114.809,0.458,49.9206,66.4221
262.7,74.7821,114.809,0.458,49.9521,66.4808
262.95,92.207,114.809,0.458,49.9965,66.56
263.2,80.0091,114.809,0.458,49.8925,66.6326
263.45,84.0162,114.809,0.458,49.9933,66.7063
263.7,83.9887,114.809,0.458,49.9955,66.7744
263.949,84.0155,114.809,0.458,49.9975,66.8454
264.2,79.9816,114.809,0.462,49.9925,66.9188
264.449,88.0206,114.809,0.467,50.0261,66.9849
264.7,95.9763,114.809,0.472,49.9681,67.0533
264.949,100.021,114.809,0.482,49.9815,67.1167
265.2,91.9496,114.809,0.486,49.9166,67.176
265.449,88.0506,114.809,0.495,50.0371,67.2383
265.7,91.9823,114.809,0.503,49.9559,67.2961
265.949,88.0196,114.809,0.51,50.0431,67.3516
266.2,95.9788,114.809,0.519,50.0131,67.4137
266.45,91.975,114.809,0.5,50.0028,67.4731
266.7,95.9848,114.809,0.485,50.0017,67.5396
266.949,84.0542,114.809,0.458,50.0065,67.6088
267.2,87.9758,114.809,0.449,49.958,67.6776
267.449,88.0255,114.809,0.426,50.0843,67.7533
267.7,87.9765,114.809,0.418,49.9378,67.8224
267.949,84.0192,114.809,0.388,50.0015,67.8954
268.2,87.9854,114.809,0.392,49.9784,67.972
268.449,76.0116,114.809,0.4,50.0058,68.0404
268.7,91.9836,114.809,0.401,49.9855,68.1115
268.95,92.0036,114.809,0.398,50.0393,68.1842
269.2,79.9976,114.809,0.389,49.9439,68.2483
269.449,84.0214,114.809,0.39,49.9931,68.3186
269.7,87.9696,114.809,0.381,49.9844,68.3815
269.949,76.0231,114.809,0.362,49.9928,68.4539
270.2,87.9765,114.809,0.358,49.9848,68.5305
270.45,91.9504,114.809,0.371,50.0306,68.5971
270.7,88.0408,114.809,0.379,49.9667,68.6639
270.949,84.0308,114.809,0.389,49.9833,68.738
271.2,83.9791,114.809,0.397,49.9398,68.8056
271.401,94.3705,114.809,0.403,49.9471,68.8657
271.65,80.4387,114.809,0.412,50.0032,68.9336
271.9,87.945,114.809,0.416,49.9686,69.0066
272.149,80.0551,114.809,0.419,50.0353,69.075
272.4,79.9637,114.809,0.42,49.9921,69.1436
272.65,88.0254,114.809,0.42,49.9916,69.2208
272.9,87.9543,114.809,0.42,49.904,69.2936
273.15,92.0606,114.809,0.409,50.0035,69.3644
273.4,79.9707,114.809,0.401,50.0092,69.4351
273.649,76.0338,114.809,0.421,50.012,69.5017
273.9,91.9346,114.809,0.434,49.9823,69.5713
274.149,84.056,114.809,0.437,49.9851,69.6448
274.4,83.9426,114.809,0.441,49.9932,69.7088
274.65,92.0344,114.809,0.445,50.0344,69.7779
274.9,91.9749,114.809,0.452,49.8892,69.8479
275.149,84.0509,114.809,0.421,49.9722,69.9166
275.4,87.959,114.809,0.372,49.9879,69.9871
275.65,88.0316,114.809,0.347,50.0337,70.0557
275.9,83.9831,114.809,0.319,49.9812,70.1305
276.149,84.0287,114.809,0.317,49.9962,70.2034
276.4,83.975,114.809,0.323,49.9867,70.2698
276.649,88.0254,114.809,0.326,49.9875,70.3395
276.9,87.9829,114.809,0.334,49.9992,70.4014
277.149,96.0193,114.809,0.346,50.0023,70.4676
277.4,91.9792,114.809,0.377,49.9788,70.5411
277.65,84.0117,114.809,0.402,50.0225,70.6144
277.9,91.9814,114.809,0.43,49.9696,70.6874
278.15,87.9907,114.809,0.447,50.0547,70.7588
278.4,88.0003,114.809,0.468,49.9272,70.8232
278.65,103.97,114.809,0.48,49.9735,70.8947
278.9,92.0361,114.809,0.492,50.0073,70.9638
279.149,88.0192,114.809,0.499,50.0577,71.0307
279.4,83.9844,114.809,0.516,50.0093,71.1008
279.649,84.0217,114.809,0.535,50.0489,71.1679
279.9,87.9768,114.809,0.536,49.9727,71.2447
280.149,88.0251,114.809,0.537,49.9917,71.323
280.4,83.9742,114.809,0.541,49.9438,71.3888
280.649,88.0205,114.809,0.546,50.0012,71.4613
280.9,95.9796,114.809,0.556,49.9495,71.5288
281.149,84.0172,114.809,0.56,49.999,71.6026
281.4,79.9802,114.809,0.563,49.9652,71.6787
281.65,84.0141,114.809,0.564,49.995,71.7495
281.9,83.987,114.809,0.564,49.9649,71.8248
282.149,84.029,114.809,0.564,50.0164,71.9063
282.4,87.9705,114.809,0.565,49.9705,71.9779
282.65,92.0024,114.809,0.564,50.0132,72.0558
282.9,87.9943,114.809,0.564,49.8965,72.1283
283.149,84.0249,114.809,0.563,50.0002,72.1917
283.4,79.9854,114.809,0.563,49.9949,72.2311
283.649,84.0162,114.809,0.563,50.0466,72.2358
283.9,83.9829,114.809,0.566,49.9666,72.2374
284.149,88.0167,114.809,0.566,49.9792,72.2388
284.4,91.9783,114.809,0.554,49.9785,72.2404
284.65,91.9946,114.809,0.554,49.9935,72.2419
284.9,88.0008,114.809,0.553,49.8755,72.2439
285.149,84.0232,114.809,0.553,49.9965,72.2448
285.4,83.981,114.809,0.554,49.9703,72.2456
285.649,80.0192,114.809,0.553,50.0086,72.2469
285.9,91.9831,114.809,0.555,49.9399,72.2481
286.15,91.9931,114.809,0.565,50.0064,72.2719
286.4,88.0002,114.809,0.538,49.9608,72.3248
286.649,84.018,114.809,0.525,50.06,72.3868
286.9,83.9853,114.809,0.513,49.968,72.4481
287.149,80.0159,114.809,0.514,50.0368,72.5156
287.4,83.9837,114.809,0.515,49.9564,72.5866
287.65,84.0087,114.809,0.516,49.9888,72.6155
287.9,91.9893,114.809,0.516,49.9464,72.6165
288.149,92.0189,114.809,0.516,49.9854,72.6166
288.4,83.9819,114.809,0.515,49.9809,72.6168
288.649,84.0181,114.809,0.516,49.977,72.6169
288.9,83.9864,114.809,0.516,49.9532,72.6171
289.149,84.0141,114.809,0.515,50.0479,72.6173
289.4,83.9823,114.809,0.515,49.9654,72.6173
289.649,80.0172,114.809,0.516,50.0132,72.6173
289.9,95.98,114.809,0.516,49.9556,72.6173
290.15,84.0041,114.809,0.516,50.0015,72.6173
290.4,87.9944,114.809,0.516,49.89,72.6173
290.65,84.0106,114.809,0.516,49.986,72.6173
290.9,87.9903,114.809,0.516,49.9589,72.6173
291.149,76.0182,114.809,0.516,50.0384,72.6173
291.4,83.9853,114.809,0.516,49.9259,72.6173
291.649,84.0148,114.809,0.516,50.0177,72.6173
291.9,87.9783,114.809,0.516,49.9594,72.6173
292.149,84.0232,114.809,0.516,50.0015,72.6173
292.4,83.9787,114.809,0.517,49.9473,72.6444
292.649,84.0155,114.809,0.521,49.9721,72.7201
292.9,87.9853,114.809,0.529,49.9573,72.7899
293.149,84.016,114.809,0.533,50.0254,72.8634
293.4,83.9824,114.809,0.537,49.9837,72.941
293.65,80.0045,114.809,0.538,50.0428,73.0126
293.9,91.994,114.809,0.539,49.9533,73.0872
294.149,84.016,114.809,0.539,49.9749,73.1548
294.4,91.9795,114.809,0.539,49.9587,73.2281
294.65,83.997,114.809,0.544,50.0554,73.3023
294.9,88.004,114.809,0.524,49.9174,73.3726
295.149,76.0182,114.809,0.509,49.9667,73.446
295.4,95.976,114.809,0.501,49.9542,73.521
295.649,80.0252,114.809,0.501,49.9997,73.5933
295.9,91.974,114.809,0.501,49.9549,73.6652
296.149,84.0228,114.809,0.502,50.0457,73.7303
296.4,87.9756,114.809,0.502,49.9177,73.8003
296.65,88.0039,114.809,0.47,50.0265,73.8709
296.9,91.9966,114.809,0.401,49.9554,73.9404
297.149,88.0137,114.809,0.365,49.9879,74.001
297.4,91.8341,114.809,0.321,49.9986,74.0651
297.649,88.1686,114.809,0.306,49.968,74.1328
297.9,87.9731,114.809,0.306,49.9251,74.2072
298.149,92.0204,114.809,0.31,50.0533,74.2714
298.4,87.9874,114.809,0.322,49.9894,74.3403
298.65,88.0076,114.809,0.315,50.0301,74.4078
298.9,91.985,114.809,0.34,49.9221,74.4735
299.15,92.0001,114.809,0.363,49.9985,74.5477
299.4,88.0054,114.809,0.397,49.9492,74.6171
299.65,79.9853,114.809,0.431,49.9998,74.6871
299.9,88.0096,114.809,0.472,49.9206,74.7592
300.149,84.019,114.809,0.472,50.0557,74.825
300.4,79.9759,114.809,0.472,49.9324,74.9022
300.649,88.0302,114.809,0.472,50.045,74.9807
300.9,87.9811,114.809,0.472,49.9389,75.0532
301.15,91.9665,114.809,0.472,50.0264,75.1224
301.4,84.0315,114.809,0.472,49.9659,75.1967
301.649,84.016,114.809,0.472,49.9893,75.2675
301.9,75.9861,114.809,0.472,49.9771,75.3414
302.149,88.0127,114.809,0.472,50.0146,75.4185
302.4,87.9842,114.809,0.472,49.9229,75.4889
302.65,83.9727,114.809,0.472,49.978,75.5686
302.9,88.0307,114.809,0.472,49.8674,75.6401
303.149,80.0154,114.809,0.472,49.9907,75.7132
303.4,83.9848,114.809,0.472,49.9509,75.7817
303.649,84.0161,114.809,0.472,50.0471,75.8524
303.9,87.7696,114.809,0.472,49.9669,75.9248
304.149,84.2193,114.809,0.469,49.9685,75.9991
304.4,83.986,114.809,0.462,49.9515,76.0634
304.649,84.012,114.809,0.457,50.0232,76.1349
304.9,87.9814,114.809,0.435,49.9476,76.2068
305.149,84.0262,114.809,0.422,50.0012,76.2767
305.4,83.9615,114.809,0.421,49.9779,76.3441
305.65,84.0055,114.809,0.416,49.9867,76.4119
305.9,88.0122,114.809,0.41,49.9434,76.4843
306.149,84.0143,114.809,0.403,50.0296,76.5616
306.4,83.9842,114.809,0.399,49.9151,76.6284
306.649,88.0167,114.809,0.396,50.0094,76.6996
306.9,91.9851,114.809,0.395,49.9724,76.7718
307.15,79.9898,114.809,0.398,49.9925,76.8485
307.4,88.0108,114.809,0.406,49.9844,76.9214
307.649,88.0178,114.809,0.412,49.9972,76.9775
307.9,87.9807,114.809,0.427,49.9273,77.0368
308.15,88.0126,114.809,0.436,50.0344,77.09
308.4,91.9842,114.809,0.466,49.9276,77.1487
308.65,87.9915,114.809,0.476,49.9805,77.2086
308.9,92.0102,114.809,0.491,49.9805,77.2618
309.149,88.0157,114.809,0.503,50.0463,77.3186
309.4,99.9839,114.809,0.467,49.9967,77.3806
309.649,76.0178,114.809,0.448,49.9972,77.4385
309.9,95.9736,114.809,0.423,49.9383,77.5021
310.149,84.0212,114.809,0.422,50.066,77.5678
310.4,83.9827,114.809,0.421,50.0081,77.6287
310.649,84.0126,114.809,0.418,50.0398,77.701
310.9,83.9835,114.809,0.419,49.9557,77.769
311.149,88.0214,114.809,0.42,50.0137,77.8462
311.4,87.9754,114.809,0.421,49.9718,77.921
311.65,87.9589,114.809,0.425,49.9779,77.991
311.9,88.0445,114.809,0.431,49.9748,78.0636
312.149,84.0201,114.809,0.432,50.0322,78.1413
312.4,79.9878,114.809,0.434,49.9455,78.2141
312.649,80.0135,114.809,0.436,50.0301,78.2884
312.9,83.9839,114.809,0.441,49.9788,78.3549
313.149,80.0115,114.809,0.444,49.9832,78.4263
313.4,87.9858,114.809,0.445,49.975,78.5037
313.65,83.9945,114.809,0.446,49.9908,78.572
313.9,83.9915,114.809,0.446,49.9046,78.6434
314.149,84.0291,114.809,0.446,49.9784,78.7137
314.4,83.9813,114.809,0.447,49.955,78.7913
314.65,84.0048,114.809,0.449,50.0341,78.8655
314.9,80.0004,114.809,0.452,49.9681,78.9357
315.149,88.0213,114.809,0.453,49.9992,79.008
315.4,83.9806,114.809,0.457,49.9604,79.0858
315.649,84.0182,114.809,0.457,49.9816,79.1555
315.9,91.9784,114.809,0.457,49.9648,79.2213
316.15,91.9667,114.809,0.451,50.0352,79.2868
316.4,88.0317,114.809,0.443,49.9769,79.359
316.65,84.006,114.809,0.443,50.0051,79.4376
316.9,87.9928,114.809,0.442,49.9609,79.5068
317.149,88.0167,114.809,0.462,50.0545,79.5744
317.4,83.9879,114.809,0.494,49.9714,79.6476
317.65,87.9997,114.809,0.524,50.0014,79.7157
317.9,95.9963,114.809,0.49,49.9803,79.7903
318.149,80.0187,114.809,0.46,50.0048,79.8555
318.4,91.9777,114.809,0.426,49.9766,79.9252
318.65,91.9884,114.809,0.408,50.0614,80.0033
318.9,92.0131,114.809,0.396,49.9766,80.0748
319.149,84.0157,114.809,0.4,49.9782,80.1473
319.4,83.9647,114.809,0.408,49.9461,80.2132
319.649,84.0342,114.809,0.414,50.0448,80.2795
319.9,91.9756,114.809,0.418,49.954,80.3525
320.149,80.0231,114.809,0.41,50.0222,80.4246
320.4,87.9775,114.809,0.37,49.9921,80.4898
320.65,95.9849,114.809,0.358,50.044,80.5636
320.9,80.0208,114.809,0.345,49.9822,80.6356
321.149,88.0126,114.809,0.345,50.0147,80.7093
321.4,87.9825,114.809,0.345,49.964,80.781
321.649,80.013,114.809,0.345,49.9996,80.8503
321.9,87.985,114.809,0.345,49.9863,80.9251
322.149,84.0174,114.809,0.342,50.0092,81.0034
322.4,91.982,114.809,0.336,49.9904,81.0707
322.65,83.9944,114.809,0.334,50.0506,81.1461
322.9,88.0084,114.809,0.328,49.8117,81.2188
323.149,92.0125,114.809,0.325,49.9912,81.2946
323.4,87.9892,114.809,0.325,49.9699,81.3722
323.65,84.0054,114.809,0.324,50.0701,81.4447
323.9,83.9906,114.809,0.346,49.9555,81.5177
324.149,92.021,114.809,0.362,50.0117,81.5857
324.4,95.9774,114.809,0.397,49.9581,81.6483
324.649,88.0251,114.809,0.426,49.9751,81.7118
324.9,91.9708,114.809,0.483,49.9724,81.7696
325.149,96.0222,114.809,0.497,50.0058,81.8253
325.4,103.89,114.809,0.528,49.9754,81.8894
325.649,100.105,114.809,0.549,50.009,81.9464
325.9,95.9832,114.809,0.574,49.9368,82.004
326.15,88.012,114.809,0.596,50.088,82.0575
326.4,95.9851,114.809,0.563,50.0649,82.1136
326.65,96.0128,114.809,0.538,49.9653,82.172
326.9,91.9902,114.809,0.523,49.9755,82.2305
327.149,92.0216,114.809,0.519,50.0135,82.293
327.4,87.9779,114.809,0.515,49.9826,82.3634
327.65,87.9907,114.809,0.52,49.9973,82.4319
327.9,92.0087,114.809,0.527,49.9524,82.4981
328.15,96.0113,114.809,0.534,50.0009,82.5664
328.4,83.9876,114.809,0.541,49.9704,82.6403
328.649,88.0221,114.809,0.544,49.9979,82.7108
328.9,83.9852,114.809,0.552,49.9743,82.7781
329.149,84.0113,114.809,0.558,50.0359,82.8528
329.4,87.9879,114.809,0.577,49.9804,82.9209
329.649,80.0119,114.809,0.582,50.0035,82.9851
329.9,87.9776,114.809,0.586,49.9744,83.0495
330.149,92.0281,114.809,0.593,49.9868,83.0991
330.4,87.973,114.809,0.603,49.9486,83.1167
330.649,84.0237,114.809,0.603,49.9707,83.1195
330.9,91.9808,114.809,0.602,49.9632,83.1221
331.249,91.4384,114.809,0.601,49.9967,83.1249
331.5,87.9787,114.809,0.601,49.9766,83.1257
331.749,84.035,114.809,0.592,50.011,83.1265
332,83.9734,114.809,0.595,49.9855,83.128
332.249,84.0213,114.809,0.598,49.9828,83.1301
332.5,83.9774,114.809,0.602,49.9714,83.1321
332.749,92.0275,114.809,0.602,49.996,83.1342
333,87.9692,114.809,0.603,49.9722,83.1495
333.25,91.9991,114.809,0.617,49.9915,83.1984
333.5,92.0051,114.809,0.608,49.9773,83.2548
333.749,80.0209,114.809,0.579,49.9895,83.3187
334,87.9718,114.809,0.569,49.9792,83.392
334.249,84.0297,114.809,0.564,50.0465,83.4613
334.5,83.9611,114.809,0.569,50.0182,83.5295
334.749,88.0433,114.809,0.55,50.004,83.5981
335,91.9703,114.809,0.527,49.9697,83.6652
335.25,83.9913,114.809,0.524,49.9921,83.734
335.5,92.0162,114.809,0.526,49.974,83.8076
335.75,88.0065,114.809,0.524,50.0001,83.8754
336,87.9887,114.809,0.523,49.9664,83.9456
336.25,88.0063,114.809,0.517,50.0297,84.023
336.5,83.995,114.809,0.515,49.976,84.085
336.75,92.0067,114.809,0.514,50.0189,84.1478
337,95.9638,114.809,0.518,49.9252,84.2062
337.249,104.05,114.809,0.521,49.9818,84.2702
337.5,99.9811,114.809,0.523,49.9242,84.3219
337.75,96.0035,114.809,0.524,49.985,84.3717
338,91.99,114.809,0.521,49.9781,84.4308
338.25,92.0136,114.809,0.476,50.0579,84.4883
338.5,95.9922,114.809,0.433,50.0097,84.5418
338.749,92.0156,114.809,0.372,50.0293,84.5986
339,87.9863,114.809,0.334,49.9924,84.6624
339.25,92.0079,114.809,0.292,49.9991,84.7255
339.5,95.9927,114.809,0.267,49.9922,84.7916
339.75,92.0056,114.809,0.262,49.9956,84.8582
340,95.9822,114.809,0.27,49.9515,84.9377
340.25,92.019,114.809,0.298,49.9596,85.0142
340.5,87.9931,114.809,0.32,49.9746,85.079
340.75,87.9888,114.809,0.373,50.0211,85.1498
341,84.0085,114.809,0.374,50.0417,85.2265
341.25,84.0062,114.809,0.378,49.9952,85.2982
341.5,75.9958,114.809,0.38,49.9686,85.3689
341.75,84.0078,114.809,0.383,49.979,85.4329
342,87.9866,114.809,0.389,49.9511,85.5096
342.25,96.0055,114.809,0.393,49.9707,85.5865
342.5,83.9984,114.809,0.395,49.8195,85.6588
342.75,84.0118,114.809,0.418,49.9703,85.7283
343,83.9825,114.809,0.429,49.9891,85.7944
343.25,84.0099,114.809,0.435,49.9816,85.8714
343.5,88.004,114.809,0.436,49.9791,85.9448
343.75,84.0014,114.809,0.437,50.012,86.0122
344,83.9812,114.809,0.44,49.9283,86.081
344.25,88.0165,114.809,0.443,49.9868,86.1552
344.5,91.9879,114.809,0.446,49.9562,86.2232
344.75,92.0152,114.809,0.453,49.9437,86.2969
345,99.9283,114.809,0.462,49.9888,86.363
345.25,92.0616,114.809,0.478,49.9531,86.4384
345.5,83.9958,114.809,0.489,49.9992,86.5069
345.75,92.0064,114.809,0.495,50.04,86.5724
346,91.9887,114.809,0.497,50.0102,86.6433
346.25,84.0066,114.809,0.495,50.0059,86.7119
346.5,83.9974,114.809,0.471,49.9614,86.78
346.75,84.0107,114.809,0.452,49.9883,86.8496
347,91.9881,114.809,0.446,49.9618,86.926
347.25,91.9961,114.809,0.451,49.9735,86.9943
347.5,96.0016,114.809,0.459,49.9595,87.059
347.75,76.0111,114.809,0.46,49.9938,87.1326
348,87.9894,114.809,0.459,49.9859,87.2059
348.25,88.0095,114.809,0.454,50.0313,87.2781
348.5,83.9925,114.809,0.45,49.98,87.3419
348.75,80.0066,114.809,0.454,50.0306,87.4148
349,87.9894,114.809,0.456,49.9688,87.4864
349.25,80.0011,114.809,0.458,49.9816,87.5618
349.5,95.9979,114.809,0.46,49.9704,87.6355
349.75,83.991,114.809,0.466,49.9726,87.7026
350,84.0123,114.809,0.469,49.9878,87.7785
350.25,84.0028,114.809,0.471,49.9807,87.8533
350.5,83.9866,114.809,0.47,49.9312,87.9236
350.75,80.0184,114.809,0.468,50.0217,87.9969
351,87.9898,114.809,0.466,49.9649,88.0693
351.249,88.0225,114.809,0.464,49.9827,88.1475
351.5,83.9861,114.809,0.464,50.0181,88.2227
351.75,80.0014,114.809,0.466,49.9804,88.29
352,83.9905,114.809,0.465,49.948,88.3601
352.25,88.0085,114.809,0.46,49.9876,88.4336
352.5,79.9948,114.809,0.46,49.9539,88.4999
352.75,92.0091,114.809,0.459,49.997,88.5701
353,99.9397,114.809,0.459,49.9804,88.6395
353.25,88.0452,114.809,0.463,50.0129,88.7149
353.5,91.9746,114.809,0.467,49.9303,88.7872
353.75,88.0302,114.809,0.475,49.9727,88.8542
354,87.9804,114.809,0.49,49.9789,88.9177
354.25,92.0086,114.809,0.495,49.9866,88.9637
354.5,88.0031,114.809,0.499,50.0048,88.968
354.75,88.0099,114.809,0.497,49.9805,88.9696
355,91.9887,114.809,0.492,50.0009,88.9712
355.25,100.007,114.809,0.489,49.9965,88.9733
355.5,95.9744,114.809,0.489,49.932,88.9744
355.75,92.0299,114.809,0.486,49.9574,88.9761
356,87.9873,114.809,0.494,49.9531,88.9782
356.25,84.0078,114.809,0.493,50.0297,88.979
356.5,87.9959,114.809,0.492,50.0085,88.9801
356.75,92.0057,114.809,0.488,49.962,88.9816
357,95.9897,114.809,0.49,49.9657,88.9831
357.249,92.018,114.809,0.495,49.9957,88.9852
357.5,91.9785,114.809,0.498,49.9567,89.018
357.75,95.9809,114.809,0.481,49.9578,89.0757
358,92.0281,114.809,0.46,49.9795,89.1304
358.25,83.9999,114.809,0.437,50.0014,89.1946
358.5,87.9961,114.809,0.439,50.0263,89.255
358.75,92.0082,114.809,0.438,50.009,89.3247
359,87.9919,114.809,0.437,49.9718,89.3982
359.25,88.0026,114.809,0.439,50.0294,89.4645
359.5,84.0003,114.809,0.442,49.9895,89.542
359.749,84.0112,114.809,0.444,50.0132,89.6133
360,95.9819,114.809,0.445,49.9758,89.6896
360.25,87.9983,114.809,0.445,49.9678,89.7651
360.5,88.0045,114.809,0.445,49.9315,89.8377
360.749,84.0121,114.809,0.445,50.0191,89.9077
361,79.9797,114.809,0.445,49.9739,89.9738
361.25,84.0121,114.809,0.445,50.011,90.0447
361.5,83.9903,114.809,0.445,49.9742,90.1162
361.749,88.0237,114.809,0.445,50.0168,90.1883
362,87.9777,114.809,0.445,49.9941,90.2663
362.25,79.9898,114.809,0.445,50.019,90.3392
362.5,88.0044,114.809,0.445,49.9412,90.4105
362.75,80.0202,114.809,0.446,50.0054,90.4808
363,87.9854,114.809,0.447,49.9766,90.545
363.249,84.028,114.809,0.446,50.0171,90.6161
363.5,83.9754,114.809,0.442,49.9919,90.6886
363.749,84.0225,114.809,0.422,50.0112,90.7579
364,95.9696,114.809,0.418,49.9054,90.8298
364.249,88.021,114.809,0.409,50.0092,90.8959
364.5,79.9852,114.809,0.394,49.9638,90.9672
364.75,84.0088,114.809,0.383,49.998,91.0409
365,87.9911,114.809,0.384,49.9794,91.1051
365.249,84.019,114.809,0.395,50.0005,91.1628
365.5,91.9778,114.809,0.4,49.9693,91.2235
365.749,88.0157,114.809,0.411,50.004,91.2777
366,91.9375,114.809,0.418,49.9504,91.3339
366.25,104.056,114.809,0.427,50.0549,91.3893
366.5,95.9989,114.809,0.425,49.9703,91.4389
366.75,92.0115,114.809,0.42,49.991,91.4925
367,87.9873,114.809,0.383,50.0095,91.5479
367.249,92.0144,114.809,0.334,50.1035,91.6117
367.5,83.9878,114.809,0.309,50.0221,91.6746
367.749,88.0154,114.809,0.291,50.0234,91.7391
368,91.9714,114.809,0.292,49.9555,91.8175
368.249,92.0286,114.809,0.302,49.9914,91.8937
368.5,91.9843,114.809,0.309,49.9762,91.9656
368.75,87.9677,114.809,0.321,50.0551,92.0315
369,92.0291,114.809,0.335,49.987,92.0953
369.249,92.0252,114.809,0.369,49.9831,92.1647
369.5,87.9783,114.809,0.396,49.9422,92.232
369.75,88.0115,114.809,0.431,50.0553,92.2909
370,83.9895,114.809,0.464,50.0238,92.3584
370.249,92.0189,114.809,0.527,50.0122,92.4316
370.5,91.9772,114.809,0.565,49.9723,92.5016
370.75,100.016,114.809,0.631,50.0215,92.5761
371,91.9875,114.809,0.679,49.9463,92.6433
371.249,88.0234,114.809,0.734,50.065,92.7035
371.5,87.9717,114.809,0.767,49.9547,92.761
371.749,92.032,114.809,0.82,50.0313,92.8149
372,83.9767,114.809,0.843,49.978,92.8732
372.25,84.0124,114.809,0.872,49.9985,92.9303
372.5,87.9859,114.809,0.889,49.9843,92.9872
372.75,96.0107,114.809,0.906,50.0001,93.0524
373,95.9855,114.809,0.914,49.8243,93.1217
373.25,88.0178,114.809,0.909,50.0182,93.1952
373.5,83.9879,114.809,0.908,49.9682,93.2641
373.749,84.0166,114.809,0.886,50.0462,93.3303
374,87.9819,114.809,0.872,49.9971,93.4028
374.249,84.0139,114.809,0.871,50.005,93.4753
374.5,87.9893,114.809,0.871,49.9622,93.5447
374.749,84.0132,114.809,0.867,50.0134,93.6199
375,95.9818,114.809,0.866,49.9572,93.6854
375.249,88.0209,114.809,0.865,50.0079,93.7469
375.5,87.9773,114.809,0.858,49.9229,93.8052
375.749,88.0173,114.809,0.82,49.9987,93.8627
376,83.9822,114.809,0.768,49.9607,93.9278
376.249,92.0196,114.809,0.704,50.0017,93.9948
376.5,87.9858,114.809,0.653,49.9689,94.0575
376.749,84.021,114.809,0.602,50.0496,94.1303
377,83.9761,114.809,0.551,49.9681,94.2007
377.249,92.0165,114.809,0.5,49.9801,94.2714
377.5,91.9807,114.809,0.445,49.9726,94.3358
377.749,92.0252,114.809,0.394,50.0298,94.3889
378,91.9767,114.809,0.379,49.9802,94.4128
378.249,84.0185,114.809,0.379,50.0121,94.4142
378.5,83.9801,114.809,0.379,49.9326,94.4153
378.749,80.0239,114.809,0.372,50.0115,94.4164
379,87.9782,114.809,0.372,49.9773,94.4186
379.249,84.0157,114.809,0.359,50.0258,94.4196
379.5,87.9792,114.809,0.355,49.9499,94.4216
379.75,91.992,114.809,0.346,50.024,94.4236
380,88.0119,114.809,0.342,49.9556,94.4248
380.249,88.0163,114.809,0.342,49.998,94.4258
380.5,83.9839,114.809,0.338,49.975,94.4267
380.749,84.0136,114.809,0.335,50.0639,94.429
381,87.9832,114.809,0.335,49.9618,94.4416
381.249,84.0194,114.809,0.398,50.023,94.5015
381.5,83.9755,114.809,0.446,49.9815,94.5623
381.749,84.0235,114.809,0.505,50.012,94.6199
382,91.9806,114.809,0.526,49.9856,94.6832
382.25,91.9902,114.809,0.562,49.9779,94.7439
382.5,84.0108,114.809,0.601,49.9562,94.8104
382.75,88.012,114.809,0.653,50.0177,94.8853
383,83.9909,114.809,0.696,49.9521,94.9527
383.249,88.0118,114.809,0.754,50.0203,95.0231
383.5,83.9859,114.809,0.785,49.9615,95.0864
383.749,80.0146,114.809,0.819,50.0124,95.1448
384,91.986,114.809,0.844,49.9778,95.2071
384.25,91.9705,114.809,0.863,50.0094,95.2682
384.5,88.027,114.809,0.875,49.972,95.3345
384.749,80.0141,114.809,0.886,50.0044,95.4014
385,83.9857,114.809,0.888,49.967,95.4705
385.249,84.0135,114.809,0.887,50.042,95.549
385.5,83.9858,114.809,0.886,49.9689,95.623
385.749,84.0143,114.809,0.88,50.0034,95.6897
386,87.9826,114.809,0.879,49.9715,95.7617
386.249,88.018,114.809,0.844,50.005,95.8301
386.5,87.9838,114.809,0.821,49.9497,95.9071
386.749,92.0194,114.809,0.792,50.0258,95.9808
387,87.9475,114.809,0.784,49.8747,96.0463
387.249,80.0473,114.809,0.767,50.0035,96.1126
387.5,83.9816,114.809,0.757,49.9824,96.1755
387.75,84.0126,114.809,0.72,50.0066,96.2393
388,87.9881,114.809,0.671,49.994,96.3027
388.249,84.0172,114.809,0.606,50.0225,96.3676
388.5,95.9609,114.809,0.568,49.9355,96.431
388.75,96.0065,114.809,0.509,50.0477,96.4998
389,91.8811,114.809,0.485,49.9723,96.5724
389.249,88.1432,114.809,0.434,50.0577,96.6432
389.5,87.9804,114.809,0.412,49.9943,96.7062
389.749,88.0178,114.809,0.386,50.0518,96.7645
390,87.9811,114.809,0.365,50.0132,96.8264
390.249,84.0173,114.809,0.342,50.003,96.8891
390.5,83.9815,114.809,0.324,49.9643,96.9571
390.749,88.0226,114.809,0.306,49.9833,97.0255
391,83.9823,114.809,0.303,49.9729,97.0914
391.249,100.016,114.809,0.314,49.9798,97.163
391.501,91.5617,114.809,0.319,49.9775,97.235
391.749,88.4255,114.809,0.359,49.9928,97.298
392,91.7727,114.809,0.388,49.9383,97.3622
392.249,84.2063,114.809,0.447,50.0208,97.4176
392.5,83.9411,114.809,0.477,50.0107,97.4728
392.749,92.0662,114.809,0.502,49.9955,97.5262
393,87.9569,114.809,0.51,50.0218,97.5789
393.249,92.0461,114.809,0.486,49.9923,97.6377
393.5,95.9326,114.809,0.467,49.985,97.6948
393.75,100.05,114.809,0.445,50.0161,97.7488
394,83.9862,114.809,0.439,49.9912,97.8136
394.249,92.0371,114.809,0.438,49.9992,97.8799
394.5,83.966,114.809,0.438,50.007,97.9543
394.749,84.0381,114.809,0.441,49.9943,98.0274
395,87.9642,114.809,0.444,49.9888,98.0955
395.249,84.0296,114.809,0.448,49.9948,98.167
395.5,95.9563,114.809,0.448,49.9552,98.2388
395.75,92.0313,114.809,0.423,50.0167,98.3037
396,87.9943,114.809,0.393,49.9406,98.38
396.249,76.0107,114.809,0.383,49.9867,98.4544
396.5,83.9862,114.809,0.382,50.0045,98.5309
396.749,88.0138,114.809,0.381,50.0189,98.5939
397,83.9531,114.809,0.377,49.9614,98.66
397.249,84.0491,114.809,0.373,50.0255,98.735
397.5,91.934,114.809,0.365,49.956,98.8112
397.75,84.0335,114.809,0.359,50.0484,98.8803
398,88.0179,114.809,0.35,50.0011,98.9526
398.249,80.0087,114.809,0.347,50.0125,99.0206
398.5,87.9842,114.809,0.334,49.982,99.0975
398.749,88.0218,114.809,0.319,50.0437,99.1697
399,91.9688,114.809,0.318,49.9603,99.2374
399.249,84.0258,114.809,0.328,50.0262,99.3107
399.5,87.9755,114.809,0.355,49.965,99.3859
399.749,100.025,114.809,0.373,50.0209,99.4511
400,95.9861,114.809,0.413,49.9864,99.5193
400.249,92.0133,114.809,0.444,49.9907,99.5772
400.5,91.975,114.809,0.481,49.964,99.6345
400.749,92.0261,114.809,0.509,50.0588,99.6934
401,95.9839,114.809,0.546,49.9326,99.7487
401.249,96.0165,114.809,0.564,49.9888,99.8065
401.5,95.9703,114.809,0.571,49.9568,99.86
401.749,112.036,114.809,0.553,49.9786,99.9161
402,95.9667,114.809,0.511,49.9665,99.9762
402.249,96.03,114.809,0.505,50.0089,100.036
402.5,95.9863,114.809,0.495,49.9867,100.102
402.749,96.0136,114.809,0.512,50.0585,100.169
403,95.9717,114.809,0.544,49.9776,100.237
403.249,100.031,114.809,0.574,50.0374,100.315
403.5,95.9711,114.809,0.589,49.9654,100.391
403.749,100.029,114.809,0.603,50.0189,100.459
404,99.9299,114.809,0.631,49.9593,100.535
404.249,100.072,114.809,0.651,49.9716,100.609
404.5,91.9741,114.809,0.686,49.9637,100.678
404.749,92.0232,114.809,0.698,49.9963,100.739
405,95.9773,114.809,0.726,50.0615,100.795
405.249,96.0259,114.809,0.748,50.0157,100.856
405.5,99.9576,114.809,0.8,49.9455,100.914
405.749,104.037,114.809,0.824,49.9782,100.972
406,103.986,114.809,0.835,49.9691,101.033
406.249,100.015,114.809,0.841,49.9727,101.093
406.5,95.9781,114.809,0.826,49.9639,101.156
406.749,96.0306,114.809,0.798,50.0052,101.214
407,99.9555,114.809,0.773,49.9659,101.276
407.249,88.036,114.809,0.761,50.0177,101.346
407.5,95.976,114.809,0.738,49.9692,101.417
407.749,92.0252,114.809,0.728,49.9926,101.484
408,99.9729,114.809,0.727,49.9729,101.556
408.25,103.994,114.809,0.726,50.0297,101.628
408.5,96.0094,114.809,0.725,49.9576,101.705
408.749,92.0166,114.809,0.728,49.9972,101.78
409,91.9812,114.809,0.746,49.9774,101.848
409.249,96.0203,114.809,0.757,49.994,101.921
409.5,91.98,114.809,0.784,49.9613,101.989
409.749,92.0209,114.809,0.784,49.9935,102.061
410,103.973,114.809,0.716,49.9574,102.133
410.25,92.0157,114.809,0.679,49.9879,102.196
410.5,103.987,114.809,0.627,49.9646,102.262
410.749,100.017,114.809,0.61,50.0308,102.326
411,103.98,114.809,0.585,49.9479,102.388
411.249,92.0211,114.809,0.584,49.9993,102.458
411.5,95.9828,114.809,0.6,49.9613,102.523
411.749,96.0172,114.809,0.613,49.9702,102.584
412,99.9731,114.809,0.65,49.9594,102.652
412.249,100.024,114.809,0.686,50.003,102.713
412.5,103.979,114.809,0.74,49.9809,102.777
412.75,99.9373,114.809,0.771,50.0072,102.836
413,96.0512,114.809,0.842,49.936,102.897
413.249,92.0284,114.809,0.901,50.0001,102.969
413.5,99.9832,114.809,0.956,49.9506,103.045
413.749,88.0173,114.809,0.971,49.9639,103.111
414,91.9604,114.809,0.998,49.989,103.177
414.25,112.006,114.809,1.011,49.9888,103.244
414.5,100.006,114.809,1.046,49.828,103.319
414.749,96.0316,114.809,1.07,50.0028,103.393
415,95.9567,114.809,1.105,49.9719,103.461
415.249,92.0391,114.809,1.123,50.03,103.537
415.5,99.9772,114.809,1.153,49.9415,103.612
415.749,100.024,114.809,1.165,49.9838,103.682
416,95.9812,114.809,1.183,50.001,103.758
416.249,108.019,114.809,1.198,49.9793,103.83
416.5,99.862,114.809,1.212,49.962,103.905
416.749,96.136,114.809,1.228,49.9772,103.969
417,95.7933,114.809,1.261,49.9359,104.038
417.249,92.1946,114.809,1.278,50.0204,104.116
417.5,95.9841,114.809,1.308,49.9921,104.188
417.75,119.963,114.809,1.327,49.9715,104.263
418,99.9543,114.809,1.357,49.8478,104.34
418.249,96.0863,114.809,1.374,49.9835,104.408
418.5,95.9306,114.809,1.395,49.9309,104.479
418.749,96.0701,114.809,1.402,50.0067,104.545
418.999,96.0161,114.809,1.395,49.9731,104.607
419.249,91.989,114.809,1.394,49.9479,104.662
419.5,95.8768,114.809,1.396,49.9483,104.688
419.749,96.1204,114.809,1.396,49.9868,104.691
420,95.9468,114.809,1.398,49.9593,104.693
420.25,104.054,114.809,1.407,49.996,104.695
420.549,106.678,114.809,1.412,49.9295,104.698
420.8,99.9775,114.809,1.41,49.9711,104.699
421.05,91.9917,114.809,1.403,50.0405,104.7
421.3,96.0047,114.809,1.404,49.9662,104.702
421.549,100.017,114.809,1.403,49.9871,104.703
421.8,107.892,114.809,1.403,49.9459,104.705
422.049,100.105,114.809,1.403,49.9376,104.708
422.3,95.9798,114.809,1.407,49.9479,104.71
422.549,100.018,114.809,1.406,49.9813,104.723
422.8,87.9772,114.809,1.385,49.9887,104.778
423.05,100.009,114.809,1.374,49.9519,104.833
423.3,99.9968,114.809,1.368,49.9139,104.9
423.549,96.0204,114.809,1.37,50.0105,104.968
423.8,111.965,114.809,1.372,49.9609,105.034
424.049,96.028,114.809,1.377,49.9919,105.107
424.3,99.9774,114.809,1.387,49.909,105.175
424.549,96.0221,114.809,1.396,49.9928,105.235
424.8,87.9777,114.809,1.383,50.0118,105.306
425.049,96.0247,114.809,1.361,49.9975,105.377
425.3,95.9741,114.809,1.331,49.9438,105.452
425.549,104.025,114.809,1.314,50.0075,105.526
425.8,103.982,114.809,1.285,49.9449,105.596
426.05,104.016,114.809,1.262,49.9911,105.669
426.3,95.9541,114.809,1.194,49.9806,105.736
426.549,92.0485,114.809,1.151,49.9888,105.812
426.8,99.968,114.809,1.1,49.9966,105.89
427.05,100.014,114.809,1.064,50.0123,105.961
427.3,99.9972,114.809,1.021,49.9736,106.037
427.55,107.993,114.809,0.998,50.0048,106.111
427.8,104.003,114.809,0.971,49.963,106.183
428.05,88.0083,114.809,0.949,50.0118,106.26
428.3,95.9938,114.809,0.935,49.9595,106.328
428.55,96.0112,114.809,0.934,50.0431,106.394
428.8,107.979,114.809,0.934,49.9356,106.464
429.049,96.0309,114.809,0.893,50.0142,106.524
429.3,95.9732,114.809,0.842,49.9522,106.591
429.549,104.024,114.809,0.806,49.9914,106.66
429.8,115.961,114.809,0.753,49.949,106.727
430.049,96.0364,114.809,0.719,49.9917,106.8
430.3,95.9757,114.809,0.683,49.9707,106.869
430.55,92.0147,114.809,0.665,50.0153,106.943
430.8,95.9779,114.809,0.637,50.0208,107.021
431.05,104.024,114.809,0.636,49.9942,107.093
431.3,111.985,114.809,0.631,49.9776,107.164
431.55,104.011,114.809,0.639,49.9745,107.238
431.8,99.9377,114.809,0.667,49.9787,107.304
432.049,96.0655,114.809,0.686,50.0046,107.368
432.3,91.9835,114.809,0.733,49.9767,107.426
432.549,96.0272,114.809,0.707,49.9908,107.488
432.8,99.9621,114.809,0.678,49.9757,107.553
433.049,108.03,114.809,0.666,50.0355,107.627
433.3,103.968,114.809,0.654,49.8816,107.698
433.549,92.0285,114.809,0.658,50.0198,107.762
433.8,91.9791,114.809,0.682,49.984,107.828
434.049,92.022,114.809,0.692,50.0065,107.901
434.3,95.9446,114.809,0.723,49.9752,107.971
434.549,92.0549,114.809,0.747,50.0018,108.04
434.8,95.9781,114.809,0.767,49.9812,108.111
435.049,108.025,114.809,0.786,49.8688,108.168
435.3,99.9168,114.809,0.802,49.8554,108.233
435.55,92.0703,114.809,0.815,49.9911,108.292
435.8,95.9685,114.809,0.823,49.9682,108.348
436.049,96.0364,114.809,0.815,50.0056,108.407
436.3,95.9786,114.809,0.807,50.0016,108.459
436.55,108.018,114.809,0.793,49.9883,108.519
436.8,103.983,114.809,0.766,49.9234,108.585
437.049,96.0216,114.809,0.751,49.9883,108.637
437.3,91.9717,114.809,0.72,49.9685,108.697
437.55,96.0258,114.809,0.692,49.9987,108.757
437.8,91.9845,114.809,0.65,49.9719,108.819
438.05,108.018,114.809,0.618,50.0061,108.892
438.3,91.9503,114.809,0.565,49.9758,108.963
438.55,96.0524,114.809,0.542,49.9944,109.034
438.8,91.9805,114.809,0.518,49.9758,109.108
439.049,92.0306,114.809,0.51,50.0922,109.177
439.3,99.9697,114.809,0.511,49.9812,109.243
439.549,88.0196,114.809,0.511,50.0286,109.31
439.8,111.958,114.809,0.51,49.9113,109.368
440.049,108.063,114.809,0.509,50.0629,109.43
440.3,95.9622,114.809,0.506,50.0005,109.488
440.55,96.0111,114.809,0.505,50.0086,109.549
440.8,99.9862,114.809,0.497,50.019,109.611
441.049,92.022,114.809,0.488,50.0258,109.669
441.3,95.9495,114.809,0.466,49.9874,109.733
441.55,92.0369,114.809,0.455,50.0318,109.791
441.8,111.978,114.809,0.438,49.9614,109.851
442.049,104.031,114.809,0.408,49.9271,109.914
442.3,91.9766,114.809,0.357,49.9331,109.976
442.549,84.023,114.809,0.325,50.0351,110.041
442.8,87.9528,114.809,0.293,49.986,110.113
443.049,92.0472,114.809,0.288,50.0235,110.185
443.3,87.9316,114.809,0.296,49.9523,110.263
443.549,84.0667,114.809,0.302,50.0116,110.339
443.8,83.9521,114.809,0.311,49.9646,110.407
444.049,96.0508,114.809,0.319,50.023,110.483
444.3,83.9795,114.809,0.329,50.0104,110.553
444.549,84.0237,114.809,0.336,50.018,110.621
444.8,83.9803,114.809,0.345,50.009,110.695
445.049,88.0201,114.809,0.35,50.1248,110.767
445.3,83.9828,114.809,0.365,49.9556,110.845
445.55,80.0102,114.809,0.37,49.9913,110.919
445.8,79.974,114.809,0.388,49.9483,110.985
446.049,84.0371,114.809,0.409,49.9966,111.056
446.3,75.9759,114.809,0.449,49.9813,111.129
446.55,100.017,114.809,0.448,49.9674,111.204
446.8,87.9839,114.809,0.447,50.0155,111.278
447.049,80.0231,114.809,0.446,49.9465,111.344
447.3,87.9676,114.809,0.448,49.9772,111.419
447.549,84.0272,114.809,0.453,50.0052,111.491
447.8,87.9797,114.809,0.457,49.957,111.558
448.049,88.0243,114.809,0.464,49.985,111.631
448.3,91.9663,114.809,0.476,49.9802,111.698
448.549,88.0319,114.809,0.488,49.9966,111.769
448.8,87.9515,114.809,0.496,49.991,111.844
449.049,100.054,114.809,0.498,49.9871,111.911
449.3,87.975,114.809,0.494,49.9507,111.983
449.549,80.025,114.809,0.474,49.9762,112.051
449.8,87.9496,114.809,0.457,49.9837,112.122
450.049,84.0439,114.809,0.448,49.9967,112.199
450.3,79.9631,114.809,0.452,49.9828,112.268
450.55,84.0368,114.809,0.46,49.9978,112.338
450.8,87.9409,114.809,0.457,49.9614,112.412
451.049,88.0662,114.809,0.451,49.9717,112.478
451.3,83.9704,114.809,0.448,49.9412,112.542
451.549,84.0295,114.809,0.448,49.9941,112.61
451.8,87.9467,114.809,0.448,50.007,112.685
452.05,84.0416,114.809,0.452,49.9816,112.762
452.3,91.9635,114.809,0.456,49.9255,112.832
452.549,76.0393,114.809,0.458,50.0109,112.903
452.8,87.9774,114.809,0.466,49.9855,112.981
453.049,76.0196,114.809,0.468,50.0704,113.052
453.3,87.9481,114.809,0.471,50.0008,113.129
453.549,80.0522,114.809,0.473,49.9943,113.199
453.8,87.974,114.809,0.467,49.9856,113.273
454.049,80.0253,114.809,0.463,49.9908,113.35
454.3,79.9659,114.809,0.461,49.9893,113.422
454.549,92.0389,114.809,0.461,50.0101,113.497
454.8,87.9285,114.809,0.46,49.9858,113.572
455.049,84.0675,114.809,0.46,49.9775,113.644
455.3,83.9633,114.809,0.46,49.967,113.72
455.549,84.0379,114.809,0.46,50.0361,113.79
455.8,87.9417,114.809,0.46,49.9768,113.858
456.049,88.0583,114.809,0.464,49.9946,113.933
456.3,83.9482,114.809,0.468,49.9728,114.002
456.549,88.0524,114.809,0.474,49.9738,114.07
456.8,87.9518,114.809,0.475,49.9986,114.135
457.049,84.0461,114.809,0.483,49.9881,114.196
457.3,91.9593,114.809,0.487,49.9756,114.26
457.549,88.0392,114.809,0.497,49.9979,114.316
457.8,95.9572,114.809,0.506,49.9785,114.373
458.049,96.0449,114.809,0.515,50.0075,114.433
458.3,91.9655,114.809,0.511,49.9726,114.489
458.55,92.0102,114.809,0.491,50.0082,114.551
458.8,87.9918,114.809,0.473,49.932,114.619
459.05,88.0113,114.809,0.46,49.9344,114.683
459.3,87.9142,114.809,0.446,49.9662,114.752
459.549,84.09,114.809,0.445,49.9978,114.821
459.8,87.9769,114.809,0.427,49.9799,114.888
460.05,80.0147,114.809,0.437,50.0033,114.963
460.3,83.9879,114.809,0.455,50.0008,115.036
460.55,80.0129,114.809,0.485,49.9897,115.111
460.8,83.9746,114.809,0.492,49.9741,115.187
461.05,92.0285,114.809,0.493,49.9866,115.254
461.3,91.8234,114.809,0.494,49.9473,115.33
461.55,88.1699,114.809,0.493,49.9712,115.405
461.8,83.9666,114.809,0.471,49.9827,115.472
462.049,88.0407,114.809,0.448,50.0619,115.542
462.3,79.9718,114.809,0.448,50.0223,115.614
462.55,88.0256,114.809,0.455,49.9505,115.693
462.8,79.9814,114.809,0.459,50.0066,115.767
463.05,88.0224,114.809,0.463,49.956,115.836
463.3,75.9791,114.809,0.464,49.9833,115.913
463.55,96.0194,114.809,0.462,49.965,115.989
463.8,91.9928,114.809,0.461,49.9587,116.061
464.05,88.0065,114.809,0.46,49.9687,116.136
464.3,83.9295,114.809,0.46,49.98,116.209
464.55,80.0679,114.809,0.46,50.0381,116.285
464.8,79.9636,114.809,0.46,50.0478,116.36
465.05,84.0426,114.809,0.454,49.9628,116.428
465.3,83.9847,114.809,0.453,49.9925,116.505
465.549,92.0257,114.809,0.469,49.9783,116.578
465.8,83.9799,114.809,0.489,49.9628,116.651
466.05,84.0115,114.809,0.49,49.9617,116.728
466.3,79.9891,114.809,0.491,49.9661,116.796
466.549,84.0173,114.809,0.491,49.9986,116.876
466.8,83.9538,114.809,0.457,49.9566,116.951
467.05,84.0384,114.809,0.387,49.9898,117.021
467.3,79.9885,114.809,0.367,49.9573,117.096
467.55,88.0136,114.809,0.328,49.977,117.173
467.8,83.989,114.809,0.313,49.9909,117.245
468.05,88.0066,114.809,0.318,49.9617,117.318
468.3,87.9861,114.809,0.326,49.9911,117.382
468.55,92.0188,114.809,0.336,49.9398,117.447
468.8,95.9162,114.809,0.348,49.9749,117.517
469.05,96.0839,114.809,0.366,49.9112,117.582
469.3,91.9853,114.809,0.386,49.8837,117.661
469.55,92.0121,114.809,0.428,49.9795,117.731
469.8,87.9814,114.809,0.437,50.0214,117.8
470.05,92.0179,114.809,0.464,50.001,117.87
470.3,87.9703,114.809,0.472,49.9605,117.938
470.55,88.0312,114.809,0.486,50.0223,118.008
470.8,87.9871,114.809,0.496,49.9827,118.081
471.05,88.0158,114.809,0.506,49.9784,118.145
471.3,87.9575,114.809,0.521,49.9633,118.215
471.55,104.052,114.809,0.538,49.9066,118.288
471.8,87.9827,114.809,0.539,49.9674,118.362
472.05,88.0168,114.809,0.539,50.0047,118.434
472.3,83.9672,114.809,0.542,49.9895,118.502
472.55,88.0314,114.809,0.549,50.0191,118.576
472.8,87.994,114.809,0.555,49.9963,118.652
473.05,80.0107,114.809,0.562,49.9868,118.715
473.3,87.9731,114.809,0.564,49.9956,118.79
473.55,84.0202,114.809,0.559,49.9918,118.86
473.8,79.9731,114.809,0.557,49.9588,118.936
474.05,88.0271,114.809,0.555,49.9913,119.015
474.3,83.9915,114.809,0.554,49.9809,119.083
474.55,84.0127,114.809,0.554,49.9997,119.156
474.8,87.9685,114.809,0.553,49.9676,119.23
475.05,88.0339,114.809,0.553,49.9453,119.281
475.3,83.9731,114.809,0.553,49.9741,119.292
475.55,84.028,114.809,0.562,50.0248,119.294
475.8,87.8887,114.809,0.568,50.0376,119.296
476.05,84.1021,114.809,0.568,49.9872,119.298
476.3,87.9692,114.809,0.567,49.948,119.299
476.6,83.3334,114.809,0.558,49.9913,119.301
476.85,88.032,114.809,0.558,50.0258,119.301
477.1,83.9607,114.809,0.56,49.9704,119.303
477.35,84.0402,114.809,0.559,49.9983,119.306
477.6,83.9417,114.809,0.566,49.956,119.311
477.85,92.0631,114.809,0.568,50.0405,119.314
478.1,83.9826,114.809,0.554,49.9778,119.349
478.35,88.019,114.809,0.527,49.9848,119.403
478.6,83.9564,114.809,0.514,49.9532,119.464
478.849,84.0482,114.809,0.512,50.001,119.53
479.1,83.9667,114.809,0.512,49.9611,119.595
479.35,92.0235,114.809,0.513,49.9968,119.672
479.6,91.7945,114.809,0.516,49.9788,119.744
479.85,92.2152,114.809,0.523,49.9493,119.821
480.1,83.9812,114.809,0.527,49.9777,119.898
480.35,84.0175,114.809,0.534,50.0915,119.969
480.6,83.95,114.809,0.536,50.0217,120.044
480.85,88.0514,114.809,0.538,49.9885,120.119
481.1,79.9842,114.809,0.539,49.9809,120.185
481.349,88.0305,114.809,0.539,49.9901,120.256
481.6,91.9489,114.809,0.536,49.9823,120.326
481.849,92.0485,114.809,0.537,49.9324,120.395
482.1,91.9695,114.809,0.54,49.9827,120.47
482.349,96.0393,114.809,0.534,50.0133,120.541
482.6,91.9442,114.809,0.536,49.9699,120.611
482.85,88.0361,114.809,0.54,50.0049,120.681
483.1,95.9807,114.809,0.544,49.942,120.744
483.35,88.0222,114.809,0.525,50.0046,120.812
483.6,83.959,114.809,0.486,49.9678,120.877
483.849,96.049,114.809,0.427,49.9722,120.941
484.1,87.8506,114.809,0.394,49.9675,121.007
484.349,92.1581,114.809,0.337,49.9923,121.073
484.6,87.9674,114.809,0.309,49.9716,121.147
484.849,88.0342,114.809,0.29,50.0296,121.224
485.1,87.9595,114.809,0.282,50.0255,121.287
485.349,96.0523,114.809,0.286,49.9841,121.354
485.6,95.9522,114.809,0.287,49.9856,121.425
485.849,92.039,114.809,0.306,49.9741,121.494
486.1,83.9525,114.809,0.318,49.9957,121.562
486.349,84.0454,114.809,0.363,49.9979,121.626
486.6,87.9716,114.809,0.401,50.0478,121.701
486.849,84.0259,114.809,0.462,50.0229,121.78
487.1,83.9406,114.809,0.478,49.972,121.851
487.35,92.0616,114.809,0.477,50.0216,121.924
487.6,87.9788,114.809,0.472,49.9862,121.996
487.85,88.0227,114.809,0.459,49.9918,122.076
488.1,83.9746,114.809,0.445,49.9714,122.152
488.349,80.0285,114.809,0.426,50.0638,122.226
488.6,83.9662,114.809,0.431,49.9718,122.295
488.849,84.035,114.809,0.439,50.0194,122.371
489.1,83.9222,114.809,0.441,49.9812,122.438
489.349,84.0751,114.809,0.443,49.9675,122.505
489.6,79.9675,114.809,0.444,49.9899,122.578
489.85,92.0328,114.809,0.445,49.9985,122.65
490.1,91.8602,114.809,0.445,49.9901,122.726
490.349,88.1359,114.809,0.445,49.9821,122.793
490.6,83.9801,114.809,0.445,49.9854,122.864
490.849,88.0228,114.809,0.445,50.0534,122.942
491.1,83.973,114.809,0.445,50.017,123.016
491.349,84.0291,114.809,0.442,50.0103,123.085
491.6,83.9698,114.809,0.445,49.9783,123.155
491.85,84.0258,114.809,0.463,50.0411,123.232
492.1,87.9658,114.809,0.478,49.9818,123.31
492.349,88.0371,114.809,0.483,50.0009,123.38
492.6,87.9541,114.809,0.486,49.9959,123.447
492.849,84.0433,114.809,0.491,50.0086,123.521
493.1,83.9773,114.809,0.481,49.9739,123.592
493.349,88.0264,114.809,0.45,50.0796,123.669
493.6,83.8869,114.809,0.447,49.9566,123.741
493.849,84.1142,114.809,0.449,50.0012,123.809
494.1,83.9646,114.809,0.453,49.9735,123.887
494.349,96.0379,114.809,0.457,49.9265,123.958
494.6,83.9563,114.809,0.458,49.9942,124.027
494.85,88.0417,114.809,0.464,50.0042,124.087
495.1,95.9901,114.809,0.473,49.9865,124.145
495.35,92.0029,114.809,0.49,49.9716,124.204
495.6,91.9645,114.809,0.507,49.9579,124.26
495.85,88.0176,114.809,0.554,50.0167,124.32
496.1,91.9943,114.809,0.554,50.0008,124.38
496.349,92.0328,114.809,0.497,50.0003,124.434
496.6,91.8824,114.809,0.461,49.9636,124.492
496.85,92.1153,114.809,0.424,50.0092,124.55
497.1,91.9521,114.809,0.411,49.9865,124.607
497.349,92.0517,114.809,0.403,49.9945,124.674
497.6,87.9614,114.809,0.407,50.0178,124.747
497.849,104.043,114.809,0.412,49.8896,124.815
498.1,87.9492,114.809,0.417,49.9795,124.89
498.349,88.0642,114.809,0.42,49.9893,124.962
498.6,87.962,114.809,0.425,49.9565,125.037
498.85,84.0101,114.809,0.431,50.022,125.114
499.1,88.0012,114.809,0.434,50.0061,125.184
499.349,80.0128,114.809,0.438,50.0164,125.256
499.6,83.9634,114.809,0.44,50.0104,125.333
499.85,92.0362,114.809,0.444,50.0155,125.404
500.1,87.9721,114.809,0.444,49.9629,125.482
500.349,88.0327,114.809,0.445,50.0119,125.549
500.6,75.9712,114.809,0.445,49.9863,125.621
500.849,84.032,114.809,0.445,50.0593,125.7
501.1,83.9648,114.809,0.445,50.0157,125.772
501.349,84.0399,114.809,0.446,49.9749,125.848
501.6,79.9564,114.809,0.447,49.9798,125.923
501.85,88.0395,114.809,0.453,49.9484,125.996
502.1,83.9501,114.809,0.456,49.98,126.072
502.349,80.0501,114.809,0.458,50.0303,126.137
502.6,83.9805,114.809,0.458,49.9799,126.21
502.849,84.0193,114.809,0.459,50.0314,126.288
503.1,95.9517,114.809,0.459,49.9269,126.359
503.349,88.0424,114.809,0.452,49.9636,126.426
503.6,87.957,114.809,0.444,49.9553,126.491
503.849,84.0426,114.809,0.437,50.0057,126.563
504.1,83.9682,114.809,0.437,50.0254,126.638
504.35,91.9952,114.809,0.445,50.0104,126.705
504.6,87.9805,114.809,0.465,50.0017,126.773
504.849,96.071,114.809,0.503,49.9708,126.843
505.1,87.9538,114.809,0.528,49.9939,126.918
505.349,84.0368,114.809,0.477,49.9996,126.985
505.6,95.9715,114.809,0.448,49.9845,127.059
505.849,92.0277,114.809,0.419,49.9889,127.128
506.1,91.9821,114.809,0.41,49.9591,127.206
506.349,92.0225,114.809,0.398,49.9789,127.279
506.6,79.9311,114.809,0.404,49.9892,127.348
506.849,84.0717,114.809,0.412,49.9871,127.418
507.1,91.9667,114.809,0.416,50.0223,127.486
507.349,84.0329,114.809,0.421,49.9999,127.556
507.6,83.9622,114.809,0.405,49.9978,127.63
507.849,88.0367,114.809,0.369,50.0081,127.695
508.1,83.976,114.809,0.361,49.9815,127.768
508.349,100.026,114.809,0.36,49.9505,127.837
508.6,83.9729,114.809,0.359,49.9516,127.91
508.85,80.0224,114.809,0.352,49.9985,127.986
509.1,83.9773,114.809,0.35,49.9609,128.058
509.349,84.0262,114.809,0.348,50.0193,128.134
509.6,83.9276,114.809,0.343,49.9736,128.204
509.849,88.0753,114.809,0.337,49.997,128.28
510.1,87.9418,114.809,0.336,49.9522,128.351
510.349,92.0587,114.809,0.327,49.9854,128.425
510.6,87.9686,114.809,0.324,49.9976,128.499
510.849,92.0372,114.809,0.328,49.9743,128.576
511.1,79.9445,114.809,0.332,49.985,128.646
511.349,96.0658,114.809,0.349,49.9473,128.721
511.601,87.509,114.809,0.364,50.0273,128.79
511.849,92.5173,114.809,0.399,49.9386,128.852
512.1,87.9266,114.809,0.433,49.9736,128.913
512.349,96.0858,114.809,0.483,49.989,128.972
512.6,95.9655,114.809,0.498,49.9949,129.027
512.85,107.984,114.809,0.528,49.9474,129.091
513.1,91.9063,114.809,0.547,49.9779,129.148
513.349,100.15,114.809,0.572,50.0187,129.206
513.6,91.819,114.809,0.589,49.9592,129.261
513.849,96.1874,114.809,0.562,49.9907,129.321
514.1,91.9454,114.809,0.538,50.0024,129.381
514.349,92.054,114.809,0.527,49.9957,129.441
514.6,107.901,114.809,0.517,50.0187,129.504
514.85,88.0639,114.809,0.521,49.8979,129.577
515.1,91.9418,114.809,0.524,49.9272,129.643
515.349,88.0731,114.809,0.53,49.9922,129.713
515.6,87.9809,114.809,0.541,49.9989,129.781
515.849,84.0187,114.809,0.547,50.0016,129.856
516.1,91.9725,114.809,0.553,49.9918,129.926
516.349,88.0247,114.809,0.557,50.0248,129.989
516.6,83.9806,114.809,0.569,50.0235,130.067
516.849,92.0218,114.809,0.578,49.9703,130.141
517.1,83.9532,114.809,0.583,49.9351,130.203
517.349,88.0479,114.809,0.59,49.972,130.267
517.6,87.9382,114.809,0.603,49.9578,130.311
517.849,96.0692,114.809,0.604,49.9487,130.317
518.1,83.9659,114.809,0.603,49.9618,130.32
518.349,84.0321,114.809,0.602,50.0341,130.322
518.6,87.9788,114.809,0.594,50.0212,130.324
518.849,84.0198,114.809,0.597,49.9604,130.325
519.1,83.9658,114.809,0.596,49.9624,130.326
519.349,88.0409,114.809,0.598,49.95,130.328
519.6,79.9749,114.809,0.602,49.9745,130.329
519.85,96.0181,114.809,0.603,50.0008,130.332
520.1,87.9109,114.809,0.603,49.9779,130.336
520.349,88.0969,114.809,0.608,49.9579,130.375
520.6,83.9712,114.809,0.607,49.9605,130.429
520.85,84.0268,114.809,0.58,49.9486,130.486
521.1,79.984,114.809,0.552,50.0337,130.553
521.349,88.0258,114.809,0.546,49.9301,130.627
521.6,83.9688,114.809,0.541,49.9536,130.692
521.849,92.0341,114.809,0.546,49.9645,130.768
522.1,83.9726,114.809,0.555,49.9836,130.843
522.349,88.033,114.809,0.56,50.006,130.912
522.6,87.9196,114.809,0.564,49.9518,130.982
522.85,92.0635,114.809,0.564,49.9674,131.061
523.1,87.9889,114.809,0.564,49.9089,131.128
523.349,88.0222,114.809,0.567,50.0055,131.203
523.6,87.9594,114.809,0.569,50.0937,131.272
523.849,88.0418,114.809,0.57,50.0135,131.336
524.1,87.9752,114.809,0.576,49.9758,131.393
524.349,96.0299,114.809,0.586,49.9322,131.45
524.6,95.9771,114.809,0.601,49.9539,131.506
524.849,96.0168,114.809,0.597,49.9835,131.562
525.1,103.963,114.809,0.592,49.9687,131.608
525.35,100.016,114.809,0.548,49.9878,131.664
525.6,103.992,114.809,0.487,49.8322,131.716
525.85,96.0174,114.809,0.442,49.9306,131.776
526.1,83.9787,114.809,0.38,49.9635,131.84
526.349,96.0345,114.809,0.344,50.0778,131.904
526.6,83.9714,114.809,0.306,50.0262,131.971
526.85,96.0265,114.809,0.283,49.9805,132.046
527.1,91.9714,114.809,0.275,49.9434,132.114
527.349,96.0373,114.809,0.282,49.9174,132.189
527.6,87.9745,114.809,0.305,49.9694,132.261
527.849,88.0263,114.809,0.327,50.0059,132.332
528.1,87.9731,114.809,0.372,49.9952,132.401
528.349,84.0248,114.809,0.373,49.9927,132.47
528.6,87.9735,114.809,0.374,49.9443,132.545
528.849,92.0372,114.809,0.377,49.9785,132.616
529.1,91.9617,114.809,0.38,49.9835,132.684
529.349,84.0262,114.809,0.382,50.0169,132.756
529.6,75.9745,114.809,0.39,49.9828,132.828
529.849,88.0264,114.809,0.393,50.013,132.906
530.1,79.9723,114.809,0.412,50.0254,132.982
530.349,88.0339,114.809,0.426,49.9815,133.051
530.6,83.9781,114.809,0.436,49.95,133.126
530.849,88.0211,114.809,0.436,50.0176,133.204
531.1,87.9632,114.809,0.436,49.9541,133.265
531.349,88.0393,114.809,0.437,49.9999,133.339
531.6,95.7867,114.809,0.441,49.9629,133.409
531.849,92.2069,114.809,0.443,49.9929,133.48
532.1,87.966,114.809,0.448,49.8854,133.549
532.349,88.0347,114.809,0.455,49.9811,133.613
532.6,87.97,114.809,0.467,50.0075,133.681
532.849,88.0273,114.809,0.479,49.9502,133.754
533.1,91.9807,114.809,0.487,49.9631,133.824
533.349,96.0226,114.809,0.492,49.977,133.896
533.6,83.9795,114.809,0.497,49.9887,133.959
533.849,88.0174,114.809,0.478,50.0037,134.032
534.1,95.9737,114.809,0.455,49.9605,134.107
534.349,96.0261,114.809,0.448,49.936,134.176
534.6,79.9481,114.809,0.449,49.9178,134.248
534.849,92.0605,114.809,0.46,49.9782,134.32
535.1,83.9722,114.809,0.465,49.9334,134.394
535.349,92.0326,114.809,0.463,49.9938,134.467
535.6,91.9298,114.809,0.455,49.9979,134.527
535.849,84.0666,114.809,0.452,50.012,134.6
536.1,83.9802,114.809,0.456,49.9718,134.675
536.349,88.0191,114.809,0.458,50.0043,134.748
536.6,83.9793,114.809,0.459,50.0282,134.82
536.849,84.0204,114.809,0.459,49.9937,134.898
537.1,83.9592,114.809,0.464,49.9418,134.971
537.35,88.0373,114.809,0.468,49.9998,135.045
537.6,91.9664,114.809,0.471,49.9497,135.117
537.849,88.0383,114.809,0.473,49.9179,135.192
538.1,79.9704,114.809,0.467,49.9383,135.268
538.35,80.024,114.809,0.462,50.0294,135.339
538.6,83.977,114.809,0.461,49.9556,135.414
538.849,84.0272,114.809,0.46,50.021,135.484
539.1,79.9768,114.809,0.46,49.9426,135.556
539.35,83.958,114.809,0.46,49.9961,135.634
539.6,84.0318,114.809,0.46,49.949,135.705
539.849,96.0443,114.809,0.46,49.9867,135.781
540.1,87.9784,114.809,0.46,49.9806,135.849
540.349,88.0205,114.809,0.46,49.9917,135.921
540.6,87.9704,114.809,0.466,49.9362,135.994
540.849,88.0243,114.809,0.469,49.9984,136.064
541.1,91.9654,114.809,0.481,49.9282,136.132
541.349,84.033,114.809,0.492,50.0018,136.188
541.6,91.9657,114.809,0.497,49.9849,136.216
541.849,92.0383,114.809,0.495,49.9857,136.217
542.1,99.811,114.809,0.491,49.9565,136.219
542.349,92.1699,114.809,0.488,49.9827,136.221
542.6,87.9799,114.809,0.487,49.956,136.223
542.849,88.0222,114.809,0.485,50.0057,136.223
543.2,94.2648,114.809,0.489,49.9518,136.226
543.449,96.0312,114.809,0.488,49.9891,136.227
543.7,83.9646,114.809,0.491,49.9679,136.229
543.949,88.033,114.809,0.486,50.0286,136.233
544.2,91.9784,114.809,0.49,49.9771,136.239
544.449,88.0226,114.809,0.489,49.9904,136.243
544.7,95.9716,114.809,0.493,49.9455,136.258
544.949,96.0295,114.809,0.502,49.9377,136.309
545.2,87.9711,114.809,0.462,49.9179,136.363
545.449,88.026,114.809,0.447,49.9856,136.425
545.7,99.9815,114.809,0.442,49.9927,136.494
545.949,92.0193,114.809,0.441,49.9837,136.558
546.2,91.96,114.809,0.439,49.9566,136.632
546.449,88.0378,114.809,0.438,50.0111,136.7
546.7,83.9748,114.809,0.437,49.9689,136.771
546.949,88.0235,114.809,0.433,49.9874,136.842
547.2,83.9792,114.809,0.41,49.9619,136.91
547.449,88.0265,114.809,0.41,49.9975,136.983
547.7,79.98,114.809,0.396,49.9718,137.058
547.949,96.0205,114.809,0.394,49.9509,137.129
548.2,83.9814,114.809,0.385,49.9562,137.199
548.449,84.0222,114.809,0.384,49.9939,137.275
548.7,79.9785,114.809,0.383,49.9192,137.347
548.949,84.0216,114.809,0.383,49.9853,137.416
549.2,83.9752,114.809,0.383,49.9384,137.485
549.449,88.0311,114.809,0.382,49.9895,137.555
549.7,91.9611,114.809,0.377,49.9492,137.633
549.949,80.0291,114.809,0.374,50.0029,137.703
550.2,87.9782,114.809,0.365,49.9319,137.774
550.45,84.0156,114.809,0.359,50.0114,137.841
550.7,83.9765,114.809,0.348,49.9461,137.916
550.949,84.0351,114.809,0.346,49.988,137.991
551.2,95.8972,114.809,0.346,49.953,138.059
551.449,84.0894,114.809,0.345,49.9547,138.137
551.7,83.9687,114.809,0.345,49.9782,138.215
551.949,84.0267,114.809,0.342,50.0219,138.287
552.2,87.9608,114.809,0.34,50.0391,138.353
552.449,88.0385,114.809,0.348,49.932,138.409
552.7,87.9725,114.809,0.357,49.9455,138.472
552.949,96.0267,114.809,0.363,49.9636,138.528
553.2,91.9803,114.809,0.376,49.9742,138.58
553.449,96.0212,114.809,0.385,49.9942,138.636
553.7,91.9557,114.809,0.395,49.9494,138.692
553.949,96.0484,114.809,0.396,49.991,138.746
554.2,87.9157,114.809,0.361,49.9219,138.802
554.449,88.0815,114.809,0.327,50.0087,138.858
554.7,91.9793,114.809,0.29,49.9406,138.922
554.95,92.0136,114.809,0.28,49.9944,138.986
555.2,99.9808,114.809,0.287,50.0179,139.052
555.449,84.025,114.809,0.294,49.9839,139.119
555.7,87.9716,114.809,0.317,49.9656,139.189
555.949,92.0289,114.809,0.342,49.9973,139.26
556.2,87.9718,114.809,0.382,49.9467,139.336
556.449,84.0336,114.809,0.414,50.0053,139.406
556.7,91.9594,114.809,0.448,49.9749,139.478
556.949,92.0443,114.809,0.479,49.9973,139.552
557.2,91.9,114.809,0.513,49.9625,139.619
557.449,96.0923,114.809,0.541,49.9976,139.694
557.7,79.9814,114.809,0.576,49.9745,139.764
557.95,92.0189,114.809,0.604,49.9554,139.842
558.2,83.9661,114.809,0.648,50.0962,139.914
558.449,92.039,114.809,0.684,49.9867,139.982
558.7,83.9769,114.809,0.738,49.9404,140.05
558.95,84.0213,114.809,0.771,50.0203,140.119
559.2,99.9779,114.809,0.818,49.9673,140.182
559.449,88.0253,114.809,0.847,50.057,140.254
559.7,83.9724,114.809,0.874,49.9417,140.323
559.949,84.0262,114.809,0.878,50.0255,140.398
560.2,91.9708,114.809,0.882,49.9629,140.473
560.45,84.0014,114.809,0.882,49.978,140.545
560.7,84.0088,114.809,0.876,49.9466,140.622
560.95,87.9586,114.809,0.875,50.018,140.696
561.2,88.0277,114.809,0.873,49.9662,140.766
561.449,88.0345,114.809,0.873,50.0024,140.836
561.7,91.9703,114.809,0.863,49.9596,140.895
561.949,88.0243,114.809,0.859,50.0182,140.958
562.2,83.9786,114.809,0.811,49.9686,141.014
562.449,88.0241,114.809,0.769,50.0145,141.075
562.7,91.9598,114.809,0.705,49.9593,141.144
562.95,92.0342,114.809,0.654,49.9918,141.216
563.2,91.9478,114.809,0.59,49.9478,141.287
563.449,96.0586,114.809,0.543,49.9919,141.36
563.7,79.9807,114.809,0.488,49.9824,141.429
563.949,88.0321,114.809,0.446,50.003,141.489
564.2,83.9554,114.809,0.383,49.9779,141.543
564.449,88.0363,114.809,0.382,49.9372,141.553
564.7,95.8719,114.809,0.382,49.9609,141.554
564.949,88.1154,114.809,0.382,49.9573,141.555
565.2,87.9672,114.809,0.373,49.955,141.556
565.449,84.0335,114.809,0.373,50.0042,141.557
565.7,83.9776,114.809,0.371,50.0643,141.559
565.949,80.0309,114.809,0.359,49.9872,141.56
566.2,83.9591,114.809,0.353,49.9284,141.561
566.449,88.0369,114.809,0.345,49.9835,141.562
566.7,83.9615,114.809,0.344,49.9683,141.563
566.95,104.03,114.809,0.344,49.9953,141.564
