time,cpu,memory,obstacle_distance,cmd_vel_frequency,distance_travelled
0.23932,0,172.25,0.241,22.8529,0
0.489429,159.93,172.273,0.241,16.4319,0.000549007
0.739315,172.078,172.277,0.241,16.5109,0.00127311
0.989296,176.013,172.379,0.242,17.3598,0.00186532
1.23951,183.841,173.059,0.242,16.2163,0.00281731
1.48986,215.699,173.066,0.244,15.9146,0.00399399
1.73947,232.366,173.066,0.247,14.241,0.00698397
1.98934,220.115,173.078,0.264,13.9283,0.0450589
2.23939,215.958,173.691,0.298,14.409,0.106696
2.48927,192.088,173.691,0.327,13.7904,0.168873
2.73934,147.959,173.691,0.296,13.6373,0.20982
2.98927,180.051,173.699,0.263,13.8514,0.248739
3.1916,192.758,174.258,0.246,13.9306,0.280159
3.43981,209.493,174.266,0.227,13.7779,0.320881
3.69402,220.295,174.266,0.199,13.8534,0.360876
3.94073,239.146,174.266,0.197,12.8534,0.405528
4.18976,220.854,174.871,0.194,12.538,0.422348
4.43947,172.205,174.871,0.194,12.5641,0.433788
4.68951,155.973,174.871,0.193,12.571,0.483995
4.89119,153.705,174.871,0.193,12.4226,0.525569
5.13936,217.6,174.871,0.194,12.5479,0.595503
5.38932,184.023,175.453,0.207,12.2712,0.664792
5.63939,207.948,175.453,0.224,12.2816,0.736525
5.88982,187.673,175.453,0.239,12.2527,0.805262
6.13934,188.361,175.453,0.247,12.2479,0.844431
6.33988,174.532,176.031,0.253,12.1073,0.907327
6.58935,156.331,176.031,0.262,12.2494,0.976846
6.83932,176.021,176.031,0.268,12.5573,1.05253
7.08933,151.994,176.031,0.274,12.7306,1.12868
7.34434,184.304,176.613,0.28,13.0712,1.19911
7.58927,175.564,176.613,0.288,14.4479,1.27292
7.83926,140.001,176.613,0.293,14.411,1.34423
8.08927,139.998,176.613,0.295,14.411,1.41966
8.33928,139.993,177.031,0.303,14.8643,1.49005
8.5893,123.991,177.031,0.31,15.8043,1.55191
8.83926,148.02,177.031,0.32,16.8871,1.61858
9.08927,131.996,177.031,0.3,18.1752,1.68483
9.33928,139.996,177.609,0.287,18.4864,1.75427
9.58928,124,177.609,0.284,18.1463,1.82639
9.83935,139.962,177.625,0.29,18.4935,1.89504
10.0893,128.027,177.625,0.298,18.2013,1.96774
10.3393,139.997,178.152,0.306,18.2125,2.03961
10.5893,132.014,178.156,0.311,18.8466,2.10949
10.8393,132.003,178.156,0.313,18.8409,2.18684
11.0893,136,178.164,0.314,18.8478,2.2626
11.3394,139.952,178.672,0.315,18.8346,2.3287
11.5893,124.045,178.672,0.317,18.8477,2.40406
11.8393,147.984,178.672,0.323,18.8427,2.47827
12.0893,124.012,178.672,0.328,19.2207,2.54783
12.3395,135.851,179.172,0.308,18.8484,2.62407
12.5894,180.119,179.262,0.288,19.2139,2.68269
12.8393,152.015,179.262,0.288,19.217,2.73594
13.0893,144.045,179.262,0.314,19.2187,2.79191
13.3393,135.993,179.262,0.345,19.2111,2.8471
13.5893,140.012,179.832,0.395,18.8476,2.90487
13.8393,143.991,179.832,0.401,18.8386,2.96283
14.0893,140.004,179.832,0.396,18.8492,3.01825
14.3393,143.983,179.832,0.386,18.4842,3.07454
14.5893,132.017,180.398,0.379,18.4977,3.12681
14.8393,151.959,180.398,0.367,18.4768,3.18309
15.0893,136.037,180.398,0.349,18.8493,3.2435
15.3393,143.987,180.398,0.33,19.2077,3.31187
15.5893,124.003,180.953,0.325,19.214,3.37907
15.8393,143.971,180.961,0.326,19.2118,3.44056
16.0893,120.028,180.961,0.333,19.2233,3.50598
16.3393,143.994,180.961,0.343,18.8252,3.57186
16.5893,127.988,181.477,0.366,18.8373,3.63851
16.8393,144.021,181.477,0.352,19.2014,3.71351
17.0893,124.005,181.477,0.329,19.2218,3.77878
17.3393,143.982,181.477,0.326,19.2052,3.84282
17.5893,128.014,182.02,0.328,19.2153,3.91423
17.8394,143.946,182.02,0.329,19.2179,3.97902
18.0893,124.006,182.02,0.322,18.8451,4.04676
18.3393,140.044,182.02,0.32,18.8408,4.11854
18.5893,136.001,182.578,0.317,19.2179,4.1902
18.8393,139.964,182.578,0.313,19.6085,4.26616
19.0893,128.033,182.578,0.307,19.6065,4.33645
19.3393,135.975,182.578,0.305,19.6012,4.40238
19.5893,136.024,183.121,0.303,19.2272,4.47141
19.8393,131.994,183.121,0.303,19.211,4.53864
20.0893,123.998,183.121,0.311,19.2185,4.60298
20.3393,147.988,183.121,0.32,19.2029,4.6692
20.5893,136.011,183.648,0.302,19.603,4.7315
20.8393,136.009,183.648,0.289,19.6136,4.80247
21.0893,127.989,183.648,0.289,19.6016,4.86522
21.3393,144.001,183.648,0.293,19.6107,4.92585
21.5893,132.012,184.129,0.305,19.2177,4.99432
21.8393,131.988,184.129,0.318,19.2208,5.06387
22.0893,127.989,184.129,0.343,19.2199,5.12218
22.3393,144.012,184.129,0.347,19.2106,5.17766
22.5894,135.948,184.594,0.354,19.2221,5.22607
22.8393,148.035,184.594,0.357,19.2107,5.28307
23.0893,136.018,184.594,0.356,19.2201,5.33782
23.3393,147.98,184.594,0.356,19.2171,5.39448
23.5893,132.029,184.594,0.341,18.8467,5.46158
23.8393,139.964,184.965,0.336,18.8426,5.52998
24.0893,128.033,185.027,0.347,18.4945,5.59784
24.3393,135.968,185.027,0.355,18.8436,5.66984
24.5893,124.011,185.027,0.378,19.2175,5.73202
24.8393,147.987,185.566,0.403,19.195,5.80256
25.0893,124.031,185.566,0.443,19.2168,5.87519
25.3393,127.962,185.566,0.484,19.2111,5.94033
25.5893,136.04,185.566,0.535,18.8457,6.01812
25.8393,131.981,186.102,0.579,18.8464,6.08783
26.0893,128,186.102,0.64,18.8458,6.15977
26.3393,139.999,186.102,0.69,18.8281,6.23652
26.5893,124.012,185.586,0.754,19.2176,6.3059
26.8393,147.986,186.105,0.759,19.1867,6.3831
27.0893,124.008,186.105,0.687,19.2224,6.44903
27.3393,143.98,186.105,0.636,19.2126,6.51448
27.5893,128.026,186.105,0.549,19.2172,6.59145
27.8393,136,186.586,0.498,19.1921,6.65577
28.0893,131.99,186.59,0.431,19.601,6.72348
28.3393,127.998,186.59,0.38,19.5999,6.80006
28.5893,123.991,186.59,0.315,19.6004,6.87223
28.8393,140.007,186.785,0.267,19.6145,6.94661
29.0893,119.997,186.785,0.219,19.6003,7.02117
29.3393,135.988,186.785,0.19,19.6153,7.09154
29.5893,132.011,186.785,0.187,19.6012,7.16002
29.8393,147.974,187.297,0.19,19.5923,7.22195
30.0893,124.029,187.297,0.225,19.6018,7.2931
30.3394,139.957,187.297,0.245,19.6098,7.36481
30.5893,132.055,187.297,0.273,19.6006,7.43523
30.8393,131.987,187.664,0.284,19.9914,7.51201
31.0893,120.002,187.664,0.309,20.002,7.5843
31.3394,143.908,187.664,0.344,19.9863,7.6559
31.5893,120.073,187.664,0.381,19.9958,7.73228
31.8393,140.008,187.664,0.416,19.6005,7.801
32.0893,123.998,187.664,0.458,19.6007,7.86733
32.3394,147.915,187.664,0.509,19.6133,7.93836
32.5893,120.066,187.664,0.545,19.6015,8.00756
32.8395,147.856,187.891,0.576,19.6074,8.08018
33.0893,120.108,188.164,0.621,19.6024,8.1547
33.3396,135.855,188.164,0.678,19.6032,8.22446
33.5893,132.165,188.164,0.714,19.6027,8.30141
33.8393,131.955,188.164,0.766,19.6089,8.37038
34.0893,136.046,188.164,0.799,20.006,8.44135
34.3393,131.995,188.164,0.861,20,8.51559
34.5893,131.996,188.164,0.894,20.0105,8.58626
34.8394,131.959,188.164,0.944,19.9893,8.66336
35.0893,124.028,188.164,0.937,20.0056,8.73652
35.3393,148.013,188.164,0.927,19.9972,8.80735
35.5893,120.006,188.164,0.92,20.0055,8.88415
35.8393,139.998,188.164,0.911,19.9949,8.95522
36.0893,120.005,188.164,0.915,20.0049,9.01741
36.3393,143.965,188.164,0.925,19.9935,9.08031
36.5893,116.026,188.164,0.908,20.0111,9.12781
36.8393,131.98,188.164,0.854,19.9953,9.1717
37.0893,116.005,188.234,0.842,21.3015,9.19539
37.3394,139.965,188.234,0.832,20.1085,9.19679
37.5893,124.008,188.234,0.832,20.1087,9.19802
37.8393,144.004,188.234,0.834,20.1032,9.20024
38.0893,144.029,188.305,0.836,20.1027,9.20265
38.3393,155.972,188.305,0.821,20.1007,9.20573
38.5893,148.031,188.305,0.822,20.1099,9.20904
38.8393,147.968,188.305,0.821,20.1049,9.21308
39.0893,140.021,188.426,0.817,20.1059,9.21536
39.3393,155.979,188.426,0.819,20.105,9.21742
39.5894,139.975,188.426,0.809,19.9955,9.22
39.8393,164.03,188.426,0.807,19.9978,9.22192
40.0893,144.008,188.496,0.801,19.9949,9.22348
40.3393,163.988,188.496,0.806,19.9985,9.22631
40.5893,136.031,188.496,0.839,19.5971,9.26357
40.8393,147.969,188.496,0.91,19.6049,9.32591
41.0893,132.024,188.496,0.962,19.5887,9.39062
41.3393,147.97,188.617,1.003,19.6009,9.45113
41.5893,132.014,188.617,1.018,19.5984,9.52482
41.8393,143.982,188.617,1.041,19.5989,9.59579
42.0893,136.028,188.617,1.049,19.6037,9.66407
42.3393,147.972,188.691,1.083,19.599,9.74012
42.5893,128.028,188.691,1.095,19.6038,9.80449
42.8393,147.969,188.691,1.047,20.0008,9.87634
43.0893,123.995,188.691,1.018,19.9974,9.94721
43.3393,144.009,188.762,0.989,19.9898,10.0147
43.5893,136.016,188.762,0.963,19.6114,10.0847
43.8393,135.981,188.762,0.918,19.5975,10.1506
44.0893,128.013,188.762,0.895,19.5997,10.2246
44.3393,155.982,188.836,0.855,19.5907,10.2958
44.5893,128.012,188.836,0.832,19.5986,10.3653
44.8393,143.99,188.836,0.79,19.5971,10.4385
45.0893,136.02,188.836,0.766,19.5992,10.5138
45.3393,143.975,188.906,0.724,19.5991,10.5799
45.5893,140.033,188.906,0.698,19.6004,10.6555
45.8393,143.969,188.906,0.657,19.607,10.7174
46.0893,128.018,188.906,0.635,19.9995,10.7893
46.3393,143.981,188.98,0.617,19.9967,10.8597
46.5893,124.021,188.98,0.605,19.9989,10.9238
46.8393,147.972,188.98,0.581,19.9994,10.9953
47.0893,128.016,188.98,0.558,20.0116,11.0716
47.3393,155.987,189.488,0.519,19.9873,11.1421
47.5893,128.024,189.488,0.496,19.9975,11.2195
47.8393,143.971,189.488,0.48,20.0088,11.2937
48.0893,128.01,189.488,0.467,20,11.365
48.3393,143.991,189.535,0.478,19.9978,11.4405
48.5894,143.964,189.535,0.486,19.9899,11.5113
48.8393,136.032,189.535,0.519,20.0015,11.5871
49.0893,128.024,189.535,0.546,19.9917,11.6553
49.3393,151.966,189.602,0.596,19.9889,11.7226
49.5893,128.032,189.602,0.629,19.9929,11.7969
49.8393,151.961,189.602,0.69,19.9942,11.8617
50.0893,136.03,189.602,0.727,19.9963,11.9286
50.3393,143.974,189.715,0.702,19.9962,12.0048
50.5893,132.027,189.715,0.674,19.9916,12.0684
50.8393,155.959,189.715,0.615,19.9952,12.1447
51.0893,124.034,189.715,0.575,19.9977,12.2153
51.3393,147.964,189.191,0.523,20.0004,12.2899
51.5893,136.033,189.277,0.494,20.001,12.3595
51.8393,139.968,189.277,0.433,19.9954,12.4282
52.0893,136.006,189.277,0.404,20.0028,12.4974
52.3393,143.992,189.277,0.352,19.9975,12.57
52.5893,132.007,189.363,0.312,20.0013,12.6404
52.8393,147.992,189.363,0.271,20.0064,12.717
53.0893,132.031,189.363,0.26,19.9978,12.7862
53.3393,155.967,189.363,0.261,20.0051,12.8533
53.5893,136.022,189.406,0.269,20.0043,12.9167
53.8393,151.976,189.406,0.283,19.6035,12.9761
54.0893,128.028,189.406,0.299,19.6093,13.0282
54.3393,159.962,189.406,0.31,19.2181,13.0872
54.5893,128.021,189.453,0.313,19.2154,13.144
54.8393,159.974,189.453,0.322,19.21,13.2053
55.0893,124.009,189.453,0.327,19.2213,13.2632
55.3393,155.993,189.453,0.335,19.2192,13.3245
55.5893,132.027,189.5,0.326,19.2088,13.3873
55.8393,143.96,189.5,0.322,19.2188,13.4441
56.0893,132.025,189.5,0.32,18.8482,13.5085
56.3393,155.977,189.5,0.324,19.216,13.5749
56.5893,139.989,189.535,0.324,18.847,13.6277
56.8393,152.013,189.535,0.325,19.2165,13.6849
57.0893,132.024,189.535,0.324,19.2154,13.7406
57.3393,147.972,189.012,0.318,19.2116,13.8032
57.5893,136.009,189.078,0.32,19.2159,13.8783
57.8393,143.992,189.078,0.328,19.1983,13.9485
58.0893,128.025,189.078,0.339,19.2177,14.0178
58.3393,139.973,189.078,0.359,19.2182,14.09
58.5893,132.008,189.137,0.362,19.5999,14.1607
58.8393,143.991,189.137,0.372,19.9808,14.2285
59.0893,124.019,189.137,0.381,20.0141,14.2952
59.3393,155.961,189.137,0.389,19.9977,14.3619
59.5893,128.018,189.172,0.394,19.5997,14.4317
59.8393,143.993,189.176,0.403,19.6016,14.5031
60.0893,131.993,189.176,0.409,19.6012,14.5702
60.3393,156.007,189.176,0.405,19.5828,14.6335
60.5893,127.988,189.238,0.404,19.5997,14.7087
60.8393,136.01,189.238,0.405,19.5975,14.7796
61.0893,131.993,189.238,0.404,19.5991,14.8487
61.3393,140.008,189.238,0.403,19.6083,14.9147
61.5893,124.022,189.238,0.402,19.2178,14.9869
61.8393,143.979,189.27,0.397,19.2042,15.0524
62.0893,124.016,189.27,0.396,19.6002,15.1176
62.3393,139.977,189.27,0.394,19.5945,15.1928
62.5893,140.02,189.27,0.393,19.5995,15.2647
62.8393,143.98,189.27,0.393,19.6096,15.333
63.0893,120.021,189.27,0.393,19.5998,15.3984
63.3393,151.975,189.27,0.387,19.5887,15.4713
63.5893,120.018,189.27,0.384,19.6015,15.5445
63.8393,159.977,189.273,0.381,19.5851,15.6126
64.0893,124.023,189.273,0.38,19.9999,15.6834
64.3393,139.975,189.273,0.384,19.6096,15.7575
64.5893,136.023,189.273,0.388,19.5993,15.8254
64.8393,143.971,189.273,0.388,19.5639,15.9016
65.0893,136.029,189.273,0.386,19.6003,15.9674
65.3393,139.972,189.273,0.382,19.6235,16.0383
65.5893,124.031,189.273,0.381,19.5984,16.1095
65.8393,155.963,189.273,0.378,19.5815,16.1772
66.0893,124.018,189.273,0.371,19.5981,16.2489
66.3393,147.978,189.273,0.365,19.5997,16.3114
66.5893,168.035,189.273,0.364,19.1484,16.3868
66.8393,147.965,189.273,0.359,19.2082,16.4625
67.0893,132.034,189.273,0.356,19.2072,16.5338
67.3393,135.971,189.273,0.349,19.2078,16.6023
67.5893,140.008,189.273,0.343,19.2125,16.6751
67.8393,135.989,189.477,0.338,19.2127,16.7465
68.0893,120.001,189.477,0.334,19.2134,16.821
68.3393,147.993,189.477,0.33,19.2092,16.8908
68.5893,124.027,189.477,0.324,18.8485,16.9619
68.8393,151.975,189.477,0.302,18.8541,17.0352
69.0893,120.019,189.477,0.288,19.2798,17.1061
69.3393,151.979,189.477,0.264,19.5976,17.1755
69.5893,124.017,189.477,0.268,19.6067,17.2435
69.8393,143.966,189.555,0.271,19.6008,17.3094
70.0893,132.029,189.555,0.271,19.2149,17.3846
70.3393,139.984,189.555,0.27,19.2108,17.4602
70.5893,124.024,189.555,0.268,19.2167,17.5296
70.8393,143.969,189.555,0.266,19.211,17.5954
71.0893,128.021,189.555,0.267,19.6031,17.6555
71.3393,151.965,189.555,0.281,19.5961,17.7167
71.5893,136.024,189.555,0.297,19.6037,17.7777
71.8393,151.984,189.555,0.316,19.6025,17.8304
72.0893,132.031,189.555,0.337,19.601,17.8849
72.3393,159.964,189.555,0.355,19.9929,17.9376
72.5893,128.013,189.555,0.372,20.0033,17.9943
72.8393,147.983,189.555,0.391,19.6076,18.051
73.0893,132.01,189.555,0.397,19.6015,18.106
73.3393,151.986,189.555,0.402,19.6112,18.1737
73.5893,132.003,189.555,0.402,19.2167,18.2445
73.8393,136.002,189.555,0.398,19.2082,18.3152
74.0893,136.023,189.941,0.395,19.2111,18.3792
74.3393,139.973,189.941,0.385,19.2128,18.4463
74.5893,136.018,189.941,0.379,19.222,18.502
74.8394,143.963,189.941,0.383,19.2089,18.571
75.0893,120.04,189.941,0.389,19.2115,18.6425
75.3393,143.962,189.941,0.399,18.8403,18.7107
75.5893,124.02,189.941,0.406,19.2163,18.7798
75.8393,139.987,189.941,0.412,18.846,18.8485
76.0893,124,189.941,0.414,19.2172,18.9206
76.3393,147.995,189.941,0.415,19.2137,18.9913
76.5893,128.03,189.941,0.418,18.8457,19.0603
76.8393,131.959,189.941,0.421,18.491,19.1371
77.0893,132.027,189.941,0.423,18.4875,19.2072
77.3393,131.989,189.941,0.426,18.4904,19.281
77.5893,131.993,189.941,0.426,18.4957,19.3566
77.8393,140.002,189.941,0.423,18.4908,19.4209
78.0893,128.016,189.941,0.42,18.8418,19.4918
78.3393,147.984,189.941,0.418,19.2103,19.5632
78.5893,124.014,189.941,0.416,18.8468,19.6404
78.8394,143.962,189.941,0.409,18.8372,19.7115
79.0893,124.04,189.941,0.406,19.2154,19.7797
79.3393,131.976,189.941,0.402,19.5998,19.8529
79.5893,136.017,189.941,0.399,19.2147,19.9283
79.8393,135.978,189.941,0.395,19.2144,19.997
80.0893,140.031,190.293,0.394,19.2162,20.0675
80.3393,135.977,190.391,0.393,19.2133,20.1359
80.5893,127.99,190.391,0.393,18.8463,20.2094
80.8393,148.009,190.391,0.353,18.8038,20.2861
81.0893,120.024,190.391,0.32,19.2151,20.3501
81.3393,151.969,190.391,0.278,18.831,20.4109
81.5893,128.022,190.391,0.268,18.4935,20.4826
81.8393,135.981,190.391,0.251,18.4915,20.5522
82.0893,123.987,190.391,0.253,18.4891,20.6204
82.3393,144.007,190.391,0.26,18.8441,20.6827
82.5893,128.02,190.391,0.268,18.8483,20.7536
82.8393,131.983,190.391,0.28,18.8404,20.8272
83.0893,132.011,190.391,0.286,19.2159,20.895
83.3393,139.992,190.391,0.294,18.8348,20.9665
83.5893,120.001,190.391,0.299,18.8467,21.0339
83.8393,151.993,190.391,0.308,19.2004,21.0916
84.0893,132.002,190.391,0.321,19.5937,21.1606
84.3393,143.997,190.391,0.342,19.2118,21.2343
84.5893,119.997,190.391,0.362,19.2124,21.2988
84.8393,148.008,190.391,0.379,19.2177,21.3601
85.0893,131.996,190.391,0.394,19.2167,21.4258
85.3393,132.004,190.391,0.417,19.216,21.5014
85.5893,132.024,190.391,0.466,19.2179,21.5746
85.8393,131.974,190.391,0.498,19.6113,21.6464
86.0893,123.995,190.391,0.501,19.2182,21.7214
86.3393,148.007,190.391,0.5,19.2178,21.7918
86.5893,123.993,190.391,0.498,18.8474,21.8675
86.8393,144.011,190.391,0.498,19.2119,21.9419
87.0893,119.996,190.391,0.496,19.218,22.0126
87.3393,148.005,190.438,0.492,18.8495,22.0886
87.5893,115.997,190.438,0.488,18.8493,22.1646
87.8393,135.999,190.438,0.481,18.4934,22.2352
88.0893,132.005,190.438,0.474,18.4936,22.3072
88.3393,131.998,190.438,0.473,18.4895,22.3777
88.5893,132.029,190.438,0.472,18.1509,22.4538
88.8393,127.974,190.438,0.471,18.491,22.5212
89.0894,123.973,190.438,0.47,18.8503,22.5754
89.3393,144.029,190.438,0.47,18.485,22.6247
89.5893,124.012,190.438,0.469,18.4931,22.6687
89.8393,143.984,190.438,0.47,18.4938,22.6987
90.0893,124.011,190.438,0.469,18.4955,22.7019
90.3393,155.987,190.438,0.468,18.8409,22.703
90.5893,124.004,190.438,0.463,18.8491,22.7044
90.8393,147.993,190.438,0.462,18.8448,22.7064
91.0893,128.002,190.438,0.46,19.2173,22.7083
91.3393,152.001,190.438,0.46,18.8474,22.7101
91.5893,127.995,190.438,0.457,18.8471,22.7118
91.8393,147.997,190.449,0.456,19.1816,22.7137
92.0893,136.025,190.449,0.455,18.8157,22.7152
92.3394,147.96,190.449,0.458,18.8111,22.7166
92.5893,140.046,190.449,0.46,18.4589,22.7181
92.8393,159.968,190.453,0.462,18.7956,22.7202
93.0893,140.025,190.453,0.463,18.8063,22.7229
93.3393,155.977,190.453,0.464,18.456,22.7345
93.5893,136.028,190.453,0.48,18.4454,22.7869
93.8393,159.965,190.492,0.49,18.1142,22.8416
94.0893,128.019,190.492,0.496,18.4436,22.9084
94.3393,143.98,190.492,0.496,18.1153,22.9795
94.5893,127.996,190.492,0.496,17.8137,23.0577
94.8393,152.001,190.496,0.496,18.157,23.1338
95.0893,120.024,190.496,0.495,18.5032,23.2043
95.3393,143.974,190.496,0.495,18.1289,23.2785
95.5893,136.028,190.496,0.494,18.1531,23.357
95.8393,147.973,190.504,0.493,18.1274,23.4283
96.0893,136.018,190.504,0.494,18.1459,23.4999
96.3393,191.971,190.504,0.488,18.0403,23.5695
96.5893,132.014,190.504,0.489,18.1452,23.6481
96.8393,147.982,190.512,0.489,18.4698,23.7253
97.0893,127.998,190.512,0.491,18.8517,23.7952
97.3393,148.007,190.512,0.471,18.8489,23.8688
97.5893,124.027,190.512,0.414,18.5113,23.9464
97.8393,147.968,190.512,0.385,18.4763,24.0175
98.0893,124.023,190.512,0.364,18.4903,24.0882
98.3393,143.972,190.512,0.356,18.4717,24.1575
98.5893,140.027,190.512,0.356,18.5071,24.2322
98.8393,139.959,190.512,0.356,18.8544,24.3104
99.0893,132.041,190.512,0.356,19.2275,24.3788
99.3393,139.969,190.512,0.356,18.8459,24.4479
99.5893,128.029,190.512,0.358,18.8566,24.5229
99.8393,143.968,190.512,0.361,18.4715,24.5896
100.089,132.023,190.578,0.337,18.1314,24.6605
100.339,143.969,190.578,0.305,18.506,24.7312
100.589,128.024,190.578,0.279,18.1532,24.8071
100.839,135.979,190.578,0.273,18.1486,24.8712
101.089,136.031,190.578,0.282,18.1408,24.9357
101.339,139.969,190.578,0.302,18.1592,25.0073
101.589,132.03,190.578,0.341,18.16,25.0737
101.839,143.964,190.578,0.372,17.7978,25.1374
102.089,128.031,190.578,0.445,17.8338,25.2102
102.339,139.974,190.578,0.489,18.1565,25.2779
102.589,140.018,190.578,0.498,18.1475,25.3507
102.839,135.981,190.578,0.484,18.4772,25.4177
103.089,131.988,190.578,0.467,18.8559,25.4845
103.339,144.007,190.578,0.467,19.2021,25.5614
103.589,132.011,190.578,0.467,19.2231,25.6308
103.839,143.994,190.578,0.463,19.1906,25.6931
104.089,124.022,190.621,0.457,19.2184,25.7642
104.339,139.973,190.621,0.444,19.596,25.8343
104.589,140.024,190.621,0.43,19.5979,25.9038
104.839,131.974,190.621,0.426,19.1932,25.9744
105.089,132.031,190.621,0.422,19.2351,26.0442
105.339,155.952,190.621,0.42,18.8289,26.1164
105.589,124.035,190.621,0.418,18.8435,26.1871
105.839,135.977,190.621,0.417,18.475,26.2614
106.089,140.007,190.621,0.416,18.4905,26.3264
106.339,139.99,190.621,0.416,18.4505,26.3965
106.589,140.011,190.621,0.408,18.1462,26.4725
106.839,139.992,190.621,0.404,18.1247,26.5458
107.089,124.011,190.621,0.397,18.148,26.6167
107.339,151.984,190.621,0.395,18.1519,26.6907
107.589,128.018,190.621,0.386,18.4743,26.766
107.839,139.984,190.621,0.383,18.1486,26.8359
108.089,132.018,190.621,0.38,18.4916,26.9111
108.339,147.976,190.621,0.38,18.8383,26.981
108.589,124.026,190.621,0.372,18.4912,27.055
108.839,143.956,190.621,0.368,18.1423,27.1268
109.089,128.029,190.621,0.367,18.4957,27.1932
109.339,151.979,190.621,0.366,18.141,27.2661
109.589,120.029,190.621,0.368,18.1595,27.3325
109.839,135.968,190.621,0.372,17.8017,27.3956
110.089,147.97,190.621,0.373,17.8202,27.4508
110.339,152.029,190.695,0.372,17.481,27.5091
110.589,140.008,190.695,0.375,17.8281,27.5712
110.839,147.998,190.695,0.372,17.8096,27.6293
111.089,135.997,190.695,0.379,17.8214,27.6798
111.341,166.605,190.746,0.378,17.8095,27.7371
111.589,173.49,190.746,0.374,17.8341,27.7899
111.84,155.543,190.746,0.37,17.8167,27.8464
112.089,172.46,190.746,0.363,17.8327,27.9044
112.339,144.011,190.746,0.351,17.8279,27.9601
112.589,140.027,190.746,0.343,17.8368,28.0274
112.839,135.972,190.746,0.339,17.8062,28.1013
113.089,119.999,190.746,0.335,18.1498,28.166
113.339,152,190.746,0.332,17.8054,28.231
113.589,168.037,190.746,0.328,17.7141,28.3018
113.839,139.973,190.746,0.307,17.5107,28.3718
114.089,127.996,190.746,0.323,17.8314,28.4425
114.339,143.991,190.746,0.33,18.1501,28.5091
114.589,132.032,190.746,0.335,17.8283,28.5868
114.839,135.98,190.746,0.336,18.1555,28.6579
115.089,128,190.746,0.337,18.1502,28.7301
115.339,147.993,190.746,0.338,18.4825,28.8056
115.589,128.016,190.746,0.338,18.8543,28.8812
115.839,143.987,190.746,0.338,19.1952,28.9497
116.089,120.007,190.746,0.338,18.8982,29.0219
116.339,147.988,190.746,0.338,19.2314,29.0926
116.589,140.025,190.746,0.338,18.8607,29.1683
116.839,183.966,190.746,0.338,18.3508,29.2413
117.089,120.006,190.746,0.338,18.8502,29.3101
117.339,151.995,190.746,0.338,18.8425,29.384
117.589,120.015,190.746,0.34,18.853,29.4564
117.839,147.982,190.805,0.346,18.8521,29.5233
118.089,124,190.805,0.349,18.8514,29.5966
118.339,139.996,190.805,0.349,18.8444,29.6651
118.589,136.024,190.805,0.351,18.4882,29.7401
118.839,135.983,190.805,0.352,18.8425,29.8126
119.089,132,190.805,0.358,19.2259,29.8776
119.339,135.997,190.805,0.361,18.8332,29.9498
119.589,132.019,190.805,0.365,19.2078,30.0198
119.839,143.978,190.805,0.37,18.835,30.0913
120.089,120.007,190.805,0.375,18.5216,30.1637
120.339,151.997,190.266,0.377,18.5068,30.2284
120.589,124.003,190.277,0.385,18.1442,30.303
120.839,135.993,190.281,0.388,18.1494,30.3791
121.089,131.999,190.281,0.393,18.4823,30.4504
121.339,135.991,190.281,0.396,18.1428,30.5244
121.589,132.031,190.281,0.399,17.824,30.5992
121.839,131.981,190.289,0.401,17.8027,30.666
122.089,123.993,190.289,0.401,17.8313,30.739
122.339,144.005,190.289,0.401,17.8223,30.8083
122.589,128.017,190.41,0.401,17.8307,30.8746
122.839,135.984,190.41,0.401,18.1475,30.9468
123.089,131.993,190.41,0.402,17.8113,31.0108
123.339,136.006,190.41,0.402,18.1417,31.0819
123.589,140.013,190.41,0.399,18.1467,31.1462
123.839,135.985,190.41,0.396,18.1463,31.2155
124.089,132.006,190.41,0.397,18.1491,31.2832
124.339,135.989,190.41,0.396,18.472,31.3524
124.589,136.031,190.41,0.38,18.1471,31.4237
124.839,171.97,190.41,0.367,18.4726,31.4959
125.089,123.993,190.41,0.354,18.5099,31.5638
125.339,148.011,190.41,0.34,18.1502,31.6354
125.589,128.018,190.41,0.326,18.5032,31.7068
125.839,143.975,190.41,0.327,18.4897,31.7704
126.089,136,190.41,0.322,18.5154,31.8261
126.339,148.003,190.41,0.319,18.5144,31.8821
126.589,135.997,190.41,0.302,18.1507,31.9421
126.839,135.984,190.41,0.294,18.4893,32.0108
127.089,124.024,190.41,0.282,18.1527,32.0791
127.339,143.982,190.41,0.288,18.4862,32.1456
127.589,136.04,190.41,0.302,18.8611,32.207
127.839,131.971,190.41,0.313,18.4811,32.2731
128.089,127.998,190.41,0.349,18.5021,32.3311
128.34,147.895,190.41,0.362,18.1548,32.3884
128.589,192.185,190.41,0.388,17.8267,32.4555
128.839,191.952,190.41,0.405,17.7225,32.5258
129.089,128.027,190.41,0.419,17.5053,32.5924
129.339,135.973,190.41,0.433,17.8071,32.6546
129.589,132.015,190.41,0.45,18.1509,32.7255
129.839,135.986,190.41,0.46,18.1377,32.7923
130.089,116.02,190.41,0.501,17.827,32.866
130.339,139.967,190.41,0.524,17.8164,32.9336
130.589,120.019,190.41,0.555,18.1508,33.009
130.839,135.987,190.41,0.58,18.5075,33.0736
131.089,128.028,190.41,0.583,18.8907,33.1377
131.339,139.967,190.41,0.589,18.8307,33.1881
131.589,120.025,190.41,0.598,19.2202,33.2331
131.839,175.963,190.41,0.602,19.2252,33.2665
132.089,132.012,190.41,0.609,18.8604,33.2723
132.339,131.988,190.41,0.609,18.8482,33.2729
132.589,132.021,190.41,0.61,18.4965,33.2736
132.839,139.915,190.41,0.613,18.8476,33.2744
133.089,132.049,190.41,0.614,18.5033,33.2758
133.339,144.046,190.41,0.622,18.4808,33.2778
133.589,135.994,190.418,0.625,19.6009,33.2799
133.839,131.961,190.418,0.63,18.5113,33.2815
134.089,132.02,190.418,0.628,18.1882,33.2832
134.339,144.006,190.418,0.627,17.8523,33.2838
134.589,143.99,190.418,0.629,17.5256,33.2851
134.839,147.984,190.418,0.631,17.8365,33.2864
135.089,148.044,190.418,0.631,17.8535,33.2883
135.339,147.957,190.418,0.639,17.8362,33.2905
135.589,136.007,190.418,0.639,17.8362,33.2921
135.839,159.994,190.418,0.638,17.8435,33.294
136.089,140.034,190.418,0.633,17.8442,33.2977
136.339,151.941,190.418,0.581,16.9164,33.3407
136.589,144.061,190.418,0.562,17.4985,33.3976
136.839,147.967,190.418,0.529,17.8133,33.4554
137.089,128.012,190.418,0.519,17.8272,33.53
137.339,143.982,190.418,0.519,17.8172,33.6036
137.589,124.02,190.418,0.532,17.8213,33.6699
137.839,159.958,190.418,0.561,17.4913,33.736
138.089,120.025,190.418,0.54,17.2009,33.8052
138.339,139.994,190.418,0.51,17.5011,33.8697
138.589,132.023,190.418,0.5,17.5092,33.9458
138.839,143.973,190.418,0.481,17.1935,34.0047
139.089,132.031,190.418,0.458,17.1929,34.0714
139.339,139.944,190.418,0.413,17.8216,34.1397
139.589,132.037,190.418,0.38,17.8242,34.2037
139.839,139.979,190.418,0.331,17.8123,34.2672
140.089,128.002,190.418,0.306,18.1457,34.33
140.339,152,190.418,0.262,18.1489,34.4
140.589,124.018,190.418,0.249,18.1508,34.4776
140.839,143.962,190.918,0.246,18.4911,34.5388
141.043,181.719,190.918,0.248,17.8204,34.5884
141.289,138.008,190.918,0.255,17.5017,34.6481
141.539,148.003,190.918,0.258,17.5003,34.7094
141.789,136.006,190.922,0.264,17.8146,34.7737
142.039,139.986,190.922,0.279,17.8186,34.8301
142.289,144.038,190.922,0.29,17.8138,34.8938
142.539,139.971,190.922,0.308,17.8197,34.9607
142.789,128.026,190.922,0.312,17.8198,35.0276
143.039,131.97,190.922,0.32,17.5005,35.1009
143.289,144.034,190.922,0.325,17.5064,35.1741
143.539,131.967,190.922,0.332,17.4998,35.2427
143.789,136.02,190.922,0.335,17.8162,35.3185
144.039,139.982,190.922,0.338,18.4916,35.3955
144.289,127.993,190.922,0.339,18.4901,35.4664
144.539,140.006,190.922,0.346,18.1483,35.5408
144.789,136.034,190.922,0.361,18.1479,35.6117
145.042,174.285,190.922,0.377,18.1496,35.6886
145.289,145.432,190.922,0.418,18.1433,35.7626
145.539,127.971,190.922,0.456,18.4951,35.8319
145.789,128,190.922,0.457,18.491,35.9045
146.039,143.996,190.922,0.454,18.8461,35.9735
146.289,132.032,190.922,0.449,19.2182,36.0505
146.539,135.95,190.922,0.438,18.8506,36.1255
146.789,132.025,190.922,0.445,18.8464,36.1931
147.039,135.996,190.922,0.459,18.4913,36.2642
147.289,135.997,190.922,0.48,18.4904,36.3376
147.539,136,190.922,0.494,18.4904,36.407
147.789,132,190.922,0.494,18.1844,36.4822
148.039,143.986,190.922,0.496,18.4824,36.5544
148.289,128.042,190.922,0.484,18.4853,36.6307
148.539,127.971,190.922,0.45,18.146,36.7056
148.789,140.033,190.922,0.43,18.1482,36.7768
149.039,131.959,190.922,0.418,18.1464,36.8545
149.289,132.021,190.922,0.417,18.1417,36.9276
149.539,143.989,190.922,0.419,18.1424,36.9953
149.789,131.996,190.922,0.421,18.1481,37.0712
150.039,140.005,190.922,0.426,18.5082,37.1389
150.289,127.984,190.922,0.428,18.1496,37.2085
150.539,136.016,190.922,0.429,18.1504,37.2798
150.789,132.015,190.402,0.43,18.1583,37.3505
151.039,139.982,190.418,0.428,17.8241,37.428
151.289,136.03,190.418,0.424,18.1498,37.5004
151.539,135.974,190.418,0.42,18.1527,37.5711
151.789,128.013,190.418,0.418,18.1542,37.6483
152.039,139.984,190.418,0.418,18.4958,37.7174
152.289,136.031,190.418,0.417,18.8485,37.7896
152.539,131.969,190.418,0.417,18.4945,37.8586
152.789,136.002,190.418,0.417,18.8477,37.9236
153.039,139.997,190.418,0.417,19.2205,37.9928
153.289,131.991,190.418,0.419,19.2184,38.0637
153.539,132.009,190.418,0.426,19.6031,38.1269
153.789,136.033,190.418,0.434,19.6032,38.2007
154.039,127.973,190.418,0.439,19.6043,38.2744
154.289,128.026,190.418,0.445,19.2142,38.3405
154.539,139.967,190.418,0.454,19.2218,38.4091
154.789,124.03,190.418,0.46,19.2192,38.4736
155.039,139.956,190.418,0.464,19.2283,38.5497
155.289,128.036,190.418,0.461,19.2179,38.6199
155.539,127.972,190.418,0.46,19.2178,38.6878
155.789,140,190.418,0.461,18.8489,38.7526
156.039,132.002,190.418,0.473,18.8492,38.8029
156.289,127.991,190.418,0.482,18.8492,38.8494
156.539,139.999,190.418,0.491,18.4932,38.8874
156.789,124.037,190.418,0.494,18.8577,38.905
157.039,175.962,190.418,0.497,18.4862,38.9064
157.289,128.024,190.418,0.498,18.1479,38.9086
157.539,131.978,190.418,0.499,18.4932,38.9101
157.789,120.02,190.418,0.5,18.4891,38.9125
158.039,123.98,190.418,0.502,18.4932,38.9139
158.289,144.028,190.418,0.503,18.489,38.9146
158.539,135.964,190.418,0.495,18.4909,38.9151
158.789,132.006,190.418,0.497,18.4891,38.9164
159.039,136.003,190.418,0.489,18.1365,38.9178
159.289,135.994,190.418,0.49,18.4783,38.9197
159.539,151.997,190.418,0.483,18.4909,38.9213
159.789,140.036,190.418,0.483,18.8465,38.9234
160.039,143.969,190.418,0.483,18.8457,38.9255
160.289,136.03,190.418,0.484,19.9945,38.9276
160.539,139.97,190.418,0.49,18.4744,38.9298
160.789,136.023,190.418,0.483,18.4781,38.931
161.039,139.976,190.418,0.484,18.4789,38.9331
161.289,144.029,190.418,0.487,18.4817,38.9358
161.539,151.942,190.418,0.494,18.8226,38.9383
161.789,144.032,190.418,0.495,18.4834,38.9415
162.039,147.994,190.418,0.497,18.8163,38.9431
162.289,151.973,190.418,0.497,18.8335,38.973
162.539,144.029,190.418,0.492,18.4779,39.0286
162.789,140.03,190.418,0.487,18.4826,39.0823
163.039,139.969,190.418,0.456,18.4906,39.1436
163.289,144.029,190.418,0.438,18.8479,39.2189
163.539,139.949,190.418,0.424,18.848,39.2883
163.789,132.031,190.418,0.416,18.8464,39.354
164.039,143.986,190.418,0.421,18.8457,39.4153
164.289,144.026,190.418,0.43,19.2138,39.4916
164.539,139.976,190.418,0.445,18.8497,39.5646
164.789,128.004,190.418,0.453,18.8423,39.6234
165.039,143.99,190.418,0.458,19.2055,39.6922
165.289,131.993,190.418,0.462,18.8434,39.7635
165.539,147.985,190.418,0.465,18.8486,39.8314
165.789,132.055,190.418,0.466,18.4878,39.908
166.039,175.954,190.418,0.463,18.4553,39.976
166.289,140.036,190.418,0.461,18.4888,40.0471
166.539,175.971,190.418,0.459,18.1415,40.116
166.789,128.02,190.418,0.459,17.8159,40.1859
167.039,147.971,190.418,0.452,17.4964,40.2582
167.289,127.999,190.418,0.449,17.8173,40.3269
167.539,136.002,190.418,0.446,17.4934,40.3888
167.789,143.972,190.418,0.438,17.4979,40.4564
168.039,132.021,190.418,0.417,17.8186,40.5256
168.289,143.999,190.418,0.403,17.8188,40.6009
168.539,132.002,190.418,0.382,18.1225,40.6759
168.789,132.02,190.418,0.367,18.4977,40.7513
169.039,143.982,190.418,0.353,18.4926,40.817
169.289,132.024,190.418,0.339,19.2165,40.8893
169.539,143.963,190.418,0.316,19.5932,40.9559
169.789,132.038,190.418,0.303,19.2171,41.0277
170.039,139.969,190.418,0.286,19.6006,41.0888
170.289,136.027,190.418,0.279,19.2154,41.1525
170.539,147.965,190.418,0.274,19.2141,41.2167
170.789,144.007,190.418,0.275,19.2177,41.2763
171.039,139.997,190.418,0.29,19.2069,41.3428
171.289,131.983,190.418,0.302,18.8482,41.4082
171.539,152.017,190.895,0.314,18.8578,41.4631
171.789,144.021,190.895,0.323,18.4925,41.5206
172.039,135.98,190.898,0.291,18.4861,41.5745
172.289,180.039,190.898,0.273,18.4992,41.6312
172.539,155.962,190.324,0.275,18.4913,41.6919
172.789,124.028,190.41,0.281,18.8473,41.7572
173.039,127.98,190.41,0.307,18.4942,41.829
173.289,140.016,190.41,0.319,18.489,41.8973
173.539,175.966,190.41,0.337,18.4713,41.9684
173.789,184.019,190.414,0.355,17.9882,42.0438
174.039,131.996,190.414,0.365,18.1444,42.112
174.289,127.991,190.414,0.372,17.8185,42.1862
174.539,144.007,190.414,0.39,18.1492,42.2603
174.789,124.027,190.414,0.406,18.1541,42.3254
175.039,131.973,190.414,0.421,18.2323,42.4022
175.289,136.021,190.414,0.444,18.1455,42.4726
175.539,131.974,190.414,0.473,18.492,42.5441
175.789,132.033,190.414,0.507,18.4908,42.6153
176.039,127.97,190.414,0.559,18.4923,42.6854
176.289,128.024,190.414,0.569,18.9205,42.7617
176.539,143.959,190.414,0.566,19.2078,42.8371
176.789,128.015,190.414,0.572,19.6032,42.9056
177.039,143.997,190.414,0.579,19.6028,42.98
177.289,123.943,190.414,0.583,19.2189,43.0506
177.539,132.063,190.414,0.59,19.6024,43.1218
177.789,140.024,190.414,0.593,19.5908,43.1954
178.039,131.974,190.414,0.597,19.6058,43.2644
178.289,128.025,190.414,0.6,19.2218,43.3385
178.539,139.978,190.414,0.605,19.2171,43.4163
178.789,123.983,190.414,0.608,19.2231,43.4859
179.039,180.024,190.414,0.616,18.4909,43.5603
179.289,132.027,190.414,0.619,18.1484,43.6351
179.539,127.972,190.414,0.621,18.1608,43.7065
179.789,136.013,190.414,0.611,17.8216,43.7726
180.039,139.987,190.414,0.532,18.1591,43.836
180.289,123.989,190.414,0.482,18.1502,43.899
180.539,176.014,190.414,0.419,18.12,43.9472
180.789,128.027,190.414,0.394,18.4936,43.9899
181.039,139.972,190.414,0.351,18.4935,44.02
181.289,136.026,190.414,0.352,18.4922,44.023
181.539,135.976,190.414,0.353,18.892,44.0239
181.789,136.021,190.418,0.353,19.6058,44.0252
182.039,139.977,190.418,0.354,19.5843,44.0269
182.289,136.027,190.418,0.346,20.0054,44.0293
182.539,147.966,190.418,0.339,19.9979,44.0316
182.789,136.011,190.418,0.339,20.0029,44.0337
183.039,135.994,190.418,0.337,19.6365,44.0355
183.289,135.965,190.418,0.333,19.2162,44.0381
183.539,152.039,190.418,0.328,19.2168,44.0397
183.789,140.012,190.418,0.328,18.8442,44.0411
184.039,143.987,190.418,0.325,18.8491,44.0421
184.289,143.983,190.418,0.316,18.4938,44.0437
184.589,143.363,190.457,0.316,19.209,44.046
184.839,151.981,190.457,0.316,18.4382,44.0487
185.089,123.993,190.457,0.351,18.49,44.0853
185.339,148.006,190.457,0.404,18.1342,44.1469
185.589,136.008,190.457,0.45,18.48,44.211
185.839,147.991,190.457,0.546,18.4765,44.288
186.089,123.998,190.457,0.573,18.8303,44.359
186.339,152.001,190.457,0.566,19.2031,44.4251
186.589,127.951,190.457,0.563,19.2011,44.5004
186.839,148.056,190.457,0.561,19.5879,44.5698
187.089,127.998,190.457,0.56,18.8406,44.6462
187.339,132,190.457,0.56,19.2155,44.7161
187.589,139.989,190.457,0.56,19.2152,44.7862
187.839,136.013,190.457,0.56,19.5954,44.8602
188.09,127.893,190.457,0.56,19.5992,44.9353
188.339,152.133,190.457,0.56,19.5868,44.9998
188.589,131.985,190.457,0.565,19.605,45.0741
188.839,144.013,190.465,0.569,19.595,45.1449
189.089,135.989,190.465,0.573,19.2139,45.2154
189.339,140.014,190.465,0.572,19.2139,45.2913
189.589,128.025,190.465,0.579,18.8446,45.3616
189.839,151.965,190.465,0.579,18.7958,45.4349
190.089,128.018,190.465,0.526,19.2131,45.5088
190.339,175.983,190.465,0.503,19.2116,45.5765
190.589,140.004,190.465,0.491,18.8441,45.6488
190.839,139.988,190.469,0.483,18.4871,45.7181
191.089,128.02,190.469,0.475,18.1472,45.7909
191.339,147.984,190.469,0.468,18.126,45.8653
191.589,131.992,190.469,0.466,18.1492,45.9376
191.839,156.006,190.469,0.447,18.4902,46.0131
192.089,120.014,190.469,0.433,18.8451,46.0835
192.339,147.983,190.469,0.429,18.8416,46.1561
192.589,132.017,190.469,0.368,18.8461,46.2307
192.839,143.983,190.469,0.335,18.8458,46.3007
193.091,143.114,190.469,0.3,19.2176,46.3719
193.339,173.068,190.469,0.277,19.2199,46.4385
193.589,136.025,190.469,0.27,19.6008,46.4955
193.839,195.969,190.469,0.282,19.5469,46.5583
194.089,140,190.469,0.312,19.2183,46.6158
194.339,147.998,190.469,0.352,19.2171,46.6807
194.589,140.009,190.469,0.352,19.2169,46.7517
194.839,151.992,190.469,0.352,19.2138,46.8158
195.089,132.023,190.469,0.351,19.2153,46.8707
195.339,151.963,190.469,0.35,19.2172,46.9259
195.589,140.006,190.469,0.34,19.215,46.9774
195.839,160.001,190.469,0.331,19.5967,47.0361
196.089,128.027,190.469,0.331,19.5958,47.0993
196.29,234.378,190.469,0.33,19.5961,47.1593
196.539,152.292,190.469,0.327,18.4958,47.2337
196.789,132.026,190.469,0.332,18.8424,47.2959
197.039,151.969,190.469,0.336,18.8324,47.3552
197.289,140.026,190.469,0.356,18.8383,47.412
197.539,183.971,190.469,0.379,18.7488,47.4832
197.789,140.013,190.469,0.353,18.4858,47.5495
198.039,135.986,190.469,0.343,18.4817,47.6076
198.289,143.994,190.469,0.335,18.4845,47.6763
198.539,144.006,190.469,0.331,18.487,47.7477
198.789,132.021,190.469,0.331,18.489,47.8078
199.039,143.977,190.469,0.327,19.2773,47.8773
199.289,132.026,190.469,0.303,19.2123,47.9443
199.539,131.969,190.469,0.291,19.2181,48.0032
199.789,144.035,190.469,0.292,19.2133,48.0721
200.039,147.971,190.469,0.296,19.3151,48.1383
200.289,132.026,190.469,0.301,19.603,48.2138
200.539,135.966,190.469,0.308,19.592,48.2885
200.789,140.023,190.469,0.313,19.6048,48.3588
201.039,135.979,190.469,0.322,19.6037,48.4184
201.291,206.338,190.469,0.3,19.213,48.4758
201.539,185.494,190.469,0.281,18.8487,48.5317
201.789,132.034,190.469,0.256,19.2168,48.6006
202.039,135.966,190.969,0.25,19.2148,48.6656
202.289,144.035,190.969,0.255,19.2163,48.7415
202.539,135.969,190.969,0.271,19.2173,48.8026
202.789,136.013,190.969,0.305,19.2166,48.8595
203.039,139.988,190.969,0.324,19.2175,48.9169
203.289,148.032,190.969,0.328,19.2112,48.9688
203.539,139.955,190.969,0.333,19.208,49.017
203.789,152.017,190.969,0.337,19.606,49.0738
204.039,192.002,190.969,0.344,19.5925,49.1257
204.289,140.023,190.969,0.347,19.6015,49.1806
204.539,143.972,190.969,0.333,19.6039,49.2503
204.789,128.024,190.969,0.325,19.6036,49.3178
205.039,183.966,190.969,0.335,19.5445,49.3823
205.24,189.381,190.969,0.348,19.6005,49.4315
205.489,136.383,190.969,0.373,19.2134,49.5005
205.739,135.973,190.969,0.39,19.2271,49.5712
205.989,128.027,190.969,0.437,19.2162,49.6423
206.239,155.961,190.969,0.478,19.205,49.7178
206.489,123.971,190.969,0.523,19.2892,49.788
206.739,192.051,190.969,0.564,19.4928,49.8523
206.989,124.032,190.969,0.63,19.2172,49.9279
207.239,143.955,190.969,0.679,19.2124,49.9925
207.49,163.765,190.969,0.741,19.2138,50.0676
207.739,144.205,190.969,0.782,18.8467,50.135
207.989,124.033,190.969,0.696,19.215,50.2109
208.24,159.671,190.969,0.643,18.8453,50.28
208.489,160.339,190.969,0.563,18.4658,50.3534
208.739,135.965,190.969,0.517,18.4943,50.4183
208.989,136.034,190.969,0.443,18.4872,50.4949
209.239,139.943,190.969,0.39,18.4817,50.559
209.489,136.031,190.969,0.322,18.4909,50.6296
209.739,135.995,190.969,0.289,18.4908,50.7045
209.989,124.027,190.969,0.236,18.4897,50.7752
210.239,155.943,190.969,0.218,18.8469,50.8495
210.489,124.045,190.969,0.209,18.853,50.9151
210.742,166.258,190.969,0.222,19.2163,50.9896
210.989,145.524,190.969,0.249,18.9444,51.0674
211.239,143.945,190.969,0.284,19.216,51.1384
211.489,136.046,190.969,0.312,18.8478,51.2096
211.739,135.971,190.969,0.322,18.8512,51.2823
211.989,132.027,190.375,0.362,18.8499,51.3454
212.239,139.974,190.469,0.386,18.4897,51.4214
212.489,132.006,190.469,0.426,18.4925,51.487
212.739,139.994,190.469,0.456,18.4929,51.557
212.989,120.031,190.469,0.49,18.1557,51.6308
213.239,203.954,190.469,0.522,18.152,51.7001
213.489,168.04,190.469,0.559,17.4656,51.7716
213.739,143.961,190.469,0.599,17.8205,51.8445
213.989,128.034,190.469,0.647,17.8214,51.9173
214.239,147.961,190.469,0.68,18.1503,51.9951
214.489,120.03,190.469,0.728,18.4881,52.0649
214.739,139.969,190.469,0.77,18.8478,52.1328
214.989,128.029,190.469,0.818,18.853,52.2008
215.239,139.968,190.469,0.843,18.8473,52.2721
215.489,136.024,190.469,0.89,18.4876,52.3459
215.739,143.971,190.469,0.922,18.849,52.4181
215.989,132.029,190.469,0.936,19.6487,52.4897
216.19,164.042,190.469,0.923,19.6049,52.5513
216.439,152.681,190.469,0.915,19.2158,52.6205
216.689,132,190.469,0.912,19.2152,52.6961
216.939,132.001,190.469,0.912,18.8494,52.7663
217.189,143.993,190.469,0.913,18.8509,52.8274
217.439,131.999,190.523,0.916,18.4929,52.881
217.689,120.007,190.523,0.864,18.4928,52.9233
217.939,135.982,190.594,0.847,19.2149,52.9547
218.189,128.015,190.594,0.837,18.8416,52.9569
218.439,140.003,190.594,0.833,18.8527,52.9577
218.689,139.997,190.594,0.837,18.4875,52.9587
218.939,156.001,190.664,0.835,18.1457,52.9594
219.189,140.002,190.664,0.832,18.1387,52.9601
219.439,148,190.664,0.826,18.1394,52.9617
219.689,151.995,190.664,0.834,18.4865,52.9641
219.939,151.999,190.664,0.826,18.1439,52.9652
220.189,144.001,190.664,0.811,18.4785,52.9665
220.439,200.001,190.664,0.82,18.0678,52.9682
220.689,143.999,190.664,0.8,17.1825,52.9698
220.939,159.999,190.664,0.803,18.1478,52.9711
221.189,148.002,190.715,0.805,18.1489,52.9721
221.439,160.003,190.715,0.808,18.4971,52.9936
221.689,143.999,190.715,0.872,19.2093,53.0466
221.939,147.998,190.715,0.918,19.2128,53.1015
222.14,169.289,190.719,0.97,19.2122,53.1483
222.389,164.595,190.719,0.975,19.2144,53.2185
222.639,131.967,190.719,0.975,19.2188,53.2843
222.889,143.988,190.719,0.987,19.2118,53.3469
223.139,140.008,190.73,1.002,19.5992,53.4215
223.389,136.028,190.73,1.037,19.5944,53.4946
223.639,143.976,190.73,1.069,19.6038,53.5644
223.889,128.027,190.73,1.036,19.6119,53.6391
224.139,135.971,190.73,1.007,19.5988,53.705
224.389,148.034,190.73,0.972,19.6061,53.7719
224.639,135.967,190.73,0.941,19.6041,53.8442
224.889,132.032,190.73,0.906,19.9975,53.9159
225.139,147.965,190.734,0.891,20.0001,53.9836
225.389,144.034,190.734,0.855,20.0004,54.0539
225.639,135.965,190.734,0.831,20.0055,54.1188
225.889,128.008,190.734,0.793,19.9958,54.1886
226.142,173.851,190.77,0.775,20.0049,54.2557
226.389,149.865,190.77,0.741,19.6008,54.3194
226.64,151.752,190.77,0.713,19.6014,54.3926
226.842,162.982,190.77,0.689,19.6009,54.4465
227.089,161.887,190.77,0.65,19.2158,54.5226
227.339,143.998,190.836,0.634,18.8464,54.5959
227.589,128.001,190.836,0.606,18.8454,54.6658
227.839,155.987,190.836,0.592,18.8544,54.7373
228.089,124.008,190.836,0.571,18.8479,54.8034
228.339,156.004,190.836,0.537,18.8425,54.8762
228.589,131.996,190.836,0.499,18.8475,54.9498
228.839,144.001,190.836,0.481,18.9387,55.0135
229.042,182.834,190.836,0.48,19.2155,55.0753
229.289,145.38,190.836,0.48,18.8457,55.1471
229.539,148,190.836,0.483,18.4906,55.2164
229.789,180.001,190.836,0.507,18.4176,55.2936
230.04,139.334,190.836,0.53,18.8379,55.3646
230.289,152.665,190.836,0.568,18.8385,55.4427
230.54,175.719,190.836,0.623,18.8337,55.5139
230.789,148.279,190.836,0.667,18.832,55.5885
231.039,139.964,190.836,0.732,18.4826,55.665
231.29,175.47,190.836,0.731,18.4843,55.7346
231.539,160.43,190.836,0.675,18.1455,55.8103
231.789,136.104,190.836,0.639,18.5105,55.8845
231.99,174.592,190.836,0.597,18.8407,55.9399
232.239,160.291,190.836,0.549,18.4946,56.0101
232.489,148.001,191.328,0.516,18.8218,56.0794
232.739,152.004,191.328,0.47,18.8468,56.1473
232.989,131.998,191.328,0.44,18.8536,56.2209
233.24,143.835,191.328,0.404,18.8487,56.2911
233.443,172.454,191.328,0.367,18.8489,56.3493
233.689,162.106,191.328,0.32,19.217,56.4124
233.939,132.001,191.328,0.286,19.724,56.4827
234.189,131.997,191.328,0.282,19.6034,56.5514
234.439,155.968,191.328,0.279,19.6021,56.6038
234.641,163.747,191.328,0.273,20.0039,56.6554
234.889,173.03,191.328,0.277,19.6043,56.7153
235.139,151.995,191.328,0.29,19.6044,56.7717
235.389,160.065,191.328,0.297,19.6031,56.8328
235.641,139.024,191.328,0.292,19.6033,56.8866
235.889,189.331,191.328,0.307,19.2161,56.9536
236.139,187.895,191.328,0.318,19.1913,57.0138
236.389,156.087,191.328,0.327,18.8489,57.074
236.64,147.723,191.328,0.33,18.8456,57.1342
236.889,148.278,191.328,0.331,18.8477,57.192
237.139,176.077,191.328,0.327,18.8349,57.2555
237.389,143.934,191.328,0.33,18.5242,57.3204
237.639,152.003,191.328,0.333,18.8479,57.372
237.889,195.973,191.328,0.333,18.4243,57.4288
238.139,144.019,191.328,0.312,18.1487,57.4843
238.389,143.993,191.328,0.304,18.1493,57.5483
238.639,148.007,191.328,0.312,18.4912,57.6195
238.889,131.999,191.328,0.319,18.8465,57.6905
239.139,136.004,191.328,0.331,18.848,57.7595
239.389,139.997,191.328,0.356,18.148,57.8271
239.639,139.988,191.328,0.366,18.1451,57.8936
239.89,163.831,191.328,0.373,18.1703,57.9615
240.139,188.194,191.328,0.385,17.7614,58.0265
240.389,132.007,191.328,0.389,17.8183,58.0925
240.639,144.005,191.328,0.393,18.4806,58.1585
240.84,169.414,191.328,0.399,18.488,58.2143
241.089,144.399,191.328,0.408,18.1472,58.2887
241.339,147.999,191.328,0.409,18.138,58.3546
241.59,135.868,191.332,0.406,18.1485,58.4249
241.839,176.162,191.332,0.404,17.8147,58.4995
242.089,136.007,191.332,0.404,18.4892,58.5671
242.339,136.001,190.84,0.399,18.49,58.6391
242.589,135.999,190.84,0.397,19.3369,58.714
242.839,156.003,190.84,0.388,19.2145,58.7805
243.089,120,190.84,0.385,19.2157,58.8529
243.339,143.942,190.84,0.382,19.2159,58.9234
243.589,132.053,190.84,0.385,19.6,58.9977
243.839,143.995,190.84,0.389,19.6117,59.0735
244.089,131.986,190.84,0.391,19.5997,59.1389
244.339,136.019,190.84,0.393,19.9995,59.2087
244.59,143.849,190.84,0.393,19.9942,59.2854
244.839,184.18,190.84,0.393,20.0011,59.3566
245.089,124.01,190.84,0.393,19.9997,59.4256
245.341,159.023,190.84,0.393,19.6012,59.4985
245.589,165.005,190.84,0.394,19.2143,59.5668
245.839,140.006,190.84,0.393,19.2158,59.6411
246.089,123.999,190.84,0.394,19.2147,59.7108
246.339,151.997,190.84,0.394,19.2149,59.7831
246.59,203.528,190.84,0.394,19.2152,59.8544
246.839,156.355,190.84,0.394,18.4888,59.9226
247.089,128.01,190.84,0.389,18.4877,59.9983
247.339,135.997,190.84,0.384,18.4978,60.065
247.589,135.996,190.84,0.382,18.4877,60.13
247.84,143.628,190.84,0.379,18.4594,60.2007
248.089,176.448,190.84,0.371,19.2083,60.2709
248.339,139.962,190.84,0.366,19.2159,60.3387
248.589,124.047,190.84,0.36,19.2128,60.4088
248.839,151.964,190.922,0.352,19.1768,60.4789
249.089,124.029,190.922,0.344,18.8442,60.5566
249.339,147.997,190.922,0.337,19.5993,60.6243
249.589,128.002,190.922,0.334,19.2086,60.6952
249.839,139.871,190.922,0.317,19.2171,60.768
250.089,136.126,190.922,0.303,19.216,60.8391
250.339,143.956,190.922,0.289,18.8455,60.9108
250.589,144.043,190.922,0.277,18.8211,60.9834
250.79,179.511,191,0.279,18.4922,61.0381
251.039,140.31,191,0.277,18.1482,61.1149
251.24,159.435,191,0.269,18.1525,61.1689
251.489,128.362,191,0.267,17.8184,61.2421
251.739,139.959,191,0.263,18.1497,61.3047
251.989,151.976,191,0.259,18.1539,61.3689
252.239,216.053,191,0.261,17.7148,61.4329
252.489,176.036,191,0.268,17.5016,61.4949
252.739,139.964,191,0.302,17.504,61.5657
252.989,140.037,191,0.316,17.8253,61.6271
253.239,155.999,191,0.351,17.8191,61.6791
253.489,131.999,191,0.369,18.15,61.7352
253.739,159.957,191,0.398,18.4765,61.7874
253.989,136.04,191,0.412,18.8388,61.8422
254.239,155.941,191,0.433,18.4865,61.8981
254.489,136.048,191,0.442,18.4905,61.9527
254.739,156.001,191,0.432,18.1476,62.0112
254.989,136.002,191,0.418,18.9224,62.085
255.239,139.999,191,0.398,19.2155,62.1477
255.489,127.997,191,0.395,19.2252,62.2045
255.739,156.004,191,0.383,19.2115,62.2648
255.989,135.999,191,0.387,19.2207,62.3355
256.239,179.998,191,0.391,18.8161,62.4122
256.489,120.002,191,0.393,18.5092,62.4805
256.739,148.002,191,0.394,18.4911,62.5505
256.989,123.944,191,0.394,18.846,62.6282
257.239,148.083,191,0.394,19.2134,62.6968
257.489,127.984,191,0.394,19.2164,62.7694
257.739,144.003,191,0.394,19.1897,62.8393
257.989,131.999,191,0.394,19.2186,62.9143
258.239,143.996,191,0.394,19.2146,62.9894
258.489,124.002,191,0.394,19.2167,63.0564
258.739,152,191,0.391,19.9992,63.1248
258.989,127.998,191,0.387,20.0006,63.1918
259.239,143.941,191,0.383,19.6003,63.2678
259.489,136.059,191,0.382,19.5999,63.3385
259.739,139.999,191,0.381,19.6017,63.4083
259.94,164.408,191,0.38,19.5956,63.4678
260.189,144.414,191,0.38,19.5978,63.5422
260.439,143.968,191,0.38,19.5987,63.611
260.689,120.028,191,0.38,19.6007,63.6867
260.939,143.999,191,0.38,19.6027,63.7536
261.189,127.986,191,0.38,19.2151,63.8258
261.439,144.017,191,0.387,19.2147,63.8994
261.689,171.997,191,0.39,19.2009,63.9659
261.939,144.002,191,0.365,19.2112,64.0403
262.189,143.997,191,0.33,19.2015,64.1015
262.439,144,191,0.292,19.2144,64.1622
262.689,128.003,191,0.285,19.2167,64.2317
262.939,143.922,191,0.273,19.2142,64.3033
263.14,139.471,191,0.275,19.215,64.3545
263.389,172.617,191,0.282,18.7783,64.4166
263.639,136.061,191,0.294,18.846,64.4863
263.889,131.94,191,0.306,18.8451,64.5647
264.139,148.064,191,0.322,18.8454,64.6325
264.389,131.944,191,0.327,19.2163,64.7007
264.639,132,191,0.335,19.2148,64.7709
264.889,139.997,191,0.343,19.2173,64.837
265.139,131.971,191.43,0.361,19.2176,64.9102
265.389,132.03,191.484,0.376,19.2132,64.9795
265.639,140,191.484,0.39,18.8478,65.0529
265.889,124.001,191.484,0.402,19.2867,65.1288
266.139,131.999,190.945,0.428,19.6018,65.2013
266.34,169.263,190.996,0.448,19.6036,65.2605
266.589,168.589,190.996,0.481,19.2173,65.3391
266.839,136.001,190.996,0.528,19.2184,65.411
267.089,132,190.996,0.552,19.218,65.4885
267.339,175.928,190.996,0.559,19.2147,65.5586
267.589,120.039,190.996,0.56,18.8493,65.6336
267.839,151.979,190.996,0.562,18.8396,65.711
268.089,120.019,190.996,0.562,19.2165,65.7816
268.339,136.012,191,0.56,19.2152,65.8565
268.589,131.998,191,0.56,19.219,65.9269
268.839,183.991,191,0.561,19.2091,65.9959
269.089,120.006,191,0.562,19.2418,66.0714
269.339,143.999,191,0.556,18.8462,66.1415
269.589,132.047,191,0.549,18.8492,66.2126
269.839,139.949,191,0.535,18.8494,66.2847
270.089,119.999,191,0.534,19.2195,66.3427
270.339,155.939,191,0.526,19.2184,66.3938
270.589,159.931,191,0.519,19.2185,66.4393
270.839,144.118,191,0.516,19.2163,66.4742
271.089,132.001,191,0.514,19.2189,66.4801
271.339,139.986,191,0.512,19.2281,66.4812
271.589,132.015,191,0.511,19.6027,66.4831
271.84,143.797,191,0.504,19.992,66.4855
272.089,172.216,191,0.502,20.0019,66.4879
272.34,199.843,191,0.498,19.5964,66.49
272.589,136.075,191,0.498,19.6005,66.492
272.839,152.061,191,0.498,19.5996,66.4945
273.189,165.704,191.008,0.498,20.036,66.4971
273.439,148.011,191.008,0.497,18.9451,66.4985
273.69,139.648,191.008,0.497,18.5852,66.5001
273.939,192.488,191.008,0.497,18.2229,66.502
274.19,139.604,191.008,0.497,18.2393,66.5036
274.439,152.426,191.023,0.498,18.2378,66.5053
274.689,135.935,191.023,0.498,17.9094,66.5069
274.94,163.834,191.023,0.5,17.9059,66.5183
275.189,184.293,191.023,0.515,17.9053,66.5708
275.439,163.954,191.023,0.533,17.5806,66.6257
275.689,143.969,191.023,0.54,17.5818,66.6914
275.939,176.014,191.023,0.542,17.5607,66.7596
276.189,136.006,191.023,0.548,18.1466,66.8306
276.439,152.009,191.023,0.554,18.1448,66.8988
276.689,127.982,191.023,0.54,18.4898,66.9734
276.939,148.021,191.023,0.536,18.4931,67.0449
277.189,135.977,191.023,0.535,18.4907,67.1141
277.439,144.026,191.031,0.531,18.8477,67.186
277.689,139.944,191.031,0.529,19.2237,67.2565
277.939,132.054,191.031,0.528,19.5973,67.3308
278.189,127.991,191.031,0.527,19.6005,67.4009
278.439,156.005,191.031,0.526,18.8702,67.4726
278.689,132.002,191.031,0.526,19.5976,67.5485
278.939,152.002,191.031,0.528,19.6017,67.6195
279.189,131.992,191.031,0.531,19.2164,67.6925
279.439,140.008,191.031,0.499,18.8321,67.7666
279.69,159.707,191.031,0.476,18.8414,67.835
279.939,156.284,191.031,0.46,18.4901,67.9057
280.189,131.996,191.031,0.449,18.4951,67.977
280.439,155.991,191.031,0.449,18.4754,68.0431
280.689,172.021,191.031,0.435,18.4425,68.1155
280.939,135.985,191.031,0.422,18.4778,68.1867
281.189,144.015,191.031,0.411,18.5027,68.2566
281.439,143.98,191.098,0.406,18.491,68.3313
281.689,132.017,191.098,0.341,18.4923,68.3992
281.939,147.999,191.098,0.306,18.8481,68.4703
282.191,174.817,191.098,0.276,19.2153,68.5409
282.439,140.944,191.098,0.258,19.2153,68.6129
282.689,144.013,191.098,0.25,19.2221,68.6806
282.939,171.99,191.098,0.262,18.8216,68.7474
283.189,144.009,191.098,0.29,18.4944,68.8138
283.439,179.986,191.098,0.319,18.8497,68.8908
283.689,128.005,191.098,0.39,18.8469,68.9603
283.939,139.997,191.098,0.439,18.4896,69.0305
284.189,176.002,191.098,0.457,18.1552,69.0971
284.439,148.002,191.098,0.461,18.1484,69.1703
284.689,132.002,191.098,0.463,18.1483,69.2445
284.939,135.976,191.098,0.465,17.844,69.311
285.189,140.024,191.098,0.46,17.8187,69.3745
285.439,151.976,191.098,0.448,17.8179,69.448
285.689,132.015,191.098,0.455,17.8619,69.5129
285.94,159.702,191.098,0.472,17.8211,69.5866
286.189,164.312,191.098,0.482,17.8139,69.6561
286.439,132.002,191.098,0.468,17.8139,69.7251
286.689,135.991,191.098,0.445,18.1457,69.7945
286.939,179.979,191.098,0.443,18.4884,69.861
287.189,132.021,191.098,0.432,18.1458,69.9358
287.439,179.986,191.098,0.425,18.7933,70.0106
287.689,148.012,191.098,0.418,18.1454,70.0748
287.939,175.886,191.098,0.417,18.1452,70.1461
288.189,136.086,191.098,0.407,17.8165,70.2172
288.439,183.889,191.098,0.405,18.1456,70.294
288.689,140.078,191.098,0.399,17.8133,70.3672
288.939,184.009,191.098,0.394,18.1376,70.4364
289.189,183.989,191.098,0.386,17.4985,70.5066
289.439,136.009,191.098,0.383,17.1904,70.5832
289.689,135.987,191.098,0.381,16.8955,70.6549
289.939,140.014,191.098,0.379,16.8953,70.7279
290.189,132,191.098,0.374,16.8964,70.8039
290.439,151.982,191.098,0.37,17.5256,70.8751
290.689,136.016,191.098,0.369,17.5019,70.9451
290.939,136.004,191.098,0.368,17.8193,71.017
291.189,187.992,191.098,0.367,18.1727,71.0924
291.439,135.991,191.098,0.367,17.8221,71.1623
291.689,136.008,191.098,0.367,18.496,71.2179
291.939,199.997,191.098,0.365,19.1922,71.2783
292.189,184.003,191.098,0.369,18.4936,71.3402
292.439,140.003,191.098,0.377,18.1679,71.4099
292.689,140.001,191.098,0.379,18.491,71.4702
292.939,143.986,191.098,0.389,18.4934,71.5227
293.14,174.251,191.098,0.4,18.1538,71.5656
293.39,204.457,191.098,0.409,17.8196,71.6166
293.639,156.189,191.098,0.412,17.8187,71.6719
293.889,152.015,191.098,0.415,17.5002,71.7253
294.139,139.992,191.098,0.416,17.8268,71.779
294.389,144.028,191.098,0.406,17.8201,71.8416
294.639,139.979,191.098,0.394,17.8405,71.9091
294.889,171.999,191.098,0.381,18.1486,71.9862
295.139,132.001,191.098,0.37,17.5102,72.0571
295.389,140.027,191.098,0.357,17.5014,72.1124
295.639,147.958,191.098,0.339,17.5008,72.1739
295.889,148.005,191.539,0.341,17.4958,72.2478
296.139,132.005,191.598,0.359,17.8616,72.3156
296.389,140.018,191.598,0.368,18.1484,72.378
296.639,139.984,191.598,0.371,18.4899,72.4458
296.889,139.978,191.105,0.369,18.485,72.515
297.139,132.013,191.105,0.368,18.1485,72.5881
297.389,143.991,191.109,0.367,18.491,72.6635
297.639,131.992,191.109,0.363,18.8426,72.733
297.889,144.028,191.109,0.356,19.2154,72.8069
298.139,132.008,191.109,0.357,18.8468,72.8766
298.389,163.895,191.109,0.362,18.8469,72.9516
298.639,148.067,191.109,0.364,18.8464,73.0216
298.889,171.999,191.109,0.365,18.8473,73.0955
299.139,128.018,191.109,0.366,18.1486,73.17
299.389,143.99,191.109,0.366,17.4995,73.2368
299.639,136.009,191.109,0.366,17.1922,73.3034
299.889,139.996,191.109,0.364,17.192,73.3753
300.139,135.979,191.109,0.359,17.1922,73.4423
300.389,132.018,191.109,0.354,16.8964,73.5076
300.639,192.048,191.109,0.351,16.8094,73.528
300.889,132.002,191.109,0.349,16.8989,73.5284
301.139,131.998,191.109,0.349,16.6059,73.5286
301.389,136.003,191.109,0.348,16.3329,73.5287
301.639,131.96,191.109,0.348,17.1929,73.5287
301.889,128.027,191.148,0.348,17.5006,73.5288
302.139,172.017,191.148,0.347,17.8187,73.5289
302.389,135.998,191.148,0.348,17.8185,73.5289
302.639,135.992,191.148,0.348,17.8195,73.5289
302.889,136,191.148,0.348,17.8187,73.5289
303.139,131.982,191.148,0.348,18.1467,73.5289
303.389,128.026,191.148,0.348,18.4904,73.5289
303.639,171.995,191.148,0.348,18.3912,73.5289
303.889,175.998,191.148,0.347,18.1326,73.5289
304.139,140.004,191.207,0.348,17.8167,73.5289
304.389,167.999,191.207,0.348,17.5002,73.5289
304.639,131.998,191.207,0.348,17.1908,73.5289
304.889,172.005,191.207,0.347,16.8972,73.5289
305.139,128.002,191.207,0.347,17.5233,73.529
305.389,135.992,191.207,0.348,17.1937,73.5617
305.639,136.005,191.207,0.349,17.1847,73.6338
305.889,128.003,191.207,0.351,16.8964,73.7063
306.139,143.997,191.207,0.352,16.8896,73.777
306.389,132.002,191.207,0.352,16.8967,73.8523
306.639,136,191.207,0.352,16.8975,73.9182
306.889,139.995,191.207,0.353,17.1931,73.9876
307.139,136.004,191.207,0.353,17.1754,74.0612
307.389,144.001,191.207,0.358,17.4995,74.1333
307.592,158.162,191.207,0.362,17.2004,74.1948
307.839,165.538,191.207,0.364,17.5014,74.2724
308.04,184.39,191.207,0.37,17.4992,74.3283
308.289,144.337,191.207,0.376,17.8387,74.4028
308.539,140.006,191.207,0.382,17.8162,74.4677
308.789,144.008,191.207,0.389,18.1526,74.542
309.039,131.99,191.207,0.391,18.4821,74.6181
309.289,132.005,191.207,0.395,18.8458,74.6833
309.541,158.762,191.207,0.398,18.4889,74.7537
309.789,161.259,191.207,0.401,18.1388,74.8259
310.039,131.951,191.207,0.402,18.1358,74.9036
310.289,140.052,191.207,0.407,18.1716,74.9781
310.539,167.976,191.207,0.41,17.8131,75.0458
310.789,188.022,191.207,0.403,18.1487,75.1206
311.039,127.998,191.207,0.4,17.8132,75.1926
311.289,135.99,191.207,0.394,17.8199,75.2626
311.539,139.942,191.207,0.382,17.5121,75.3295
311.789,132.072,191.207,0.362,17.5119,75.3988
312.042,169.911,191.207,0.341,17.1938,75.4742
312.289,153.889,191.207,0.33,16.8946,75.5499
312.539,131.982,191.207,0.317,17.5105,75.616
312.789,144.019,191.207,0.305,17.5025,75.6834
313.039,131.987,191.207,0.3,17.5023,75.753
313.289,152.016,191.207,0.311,17.8226,75.8123
313.539,135.993,191.207,0.311,17.1935,75.8764
313.789,136.006,191.207,0.317,17.8142,75.9364
314.039,131.995,191.207,0.324,17.5202,75.9991
314.289,148.011,191.207,0.339,17.5,76.067
314.539,139.995,191.207,0.357,17.5038,76.1264
314.74,149.573,191.207,0.377,17.8109,76.1715
314.989,136.312,191.207,0.396,18.1587,76.2291
315.239,147.997,191.207,0.411,17.8205,76.2969
315.489,120.004,191.207,0.444,18.1493,76.3721
315.739,135.948,191.207,0.456,17.8216,76.4413
315.989,136.052,191.207,0.472,17.8581,76.5152
316.239,139.992,191.207,0.487,18.1518,76.5803
316.489,124,191.207,0.497,17.8262,76.6492
316.74,151.706,191.207,0.522,18.1522,76.7162
316.989,112.223,191.207,0.55,18.4935,76.7856
317.239,147.955,191.207,0.56,18.1468,76.8616
317.489,132.041,191.207,0.556,18.1507,76.9328
317.739,139.988,191.207,0.551,18.4904,76.9911
317.989,120.009,191.207,0.56,18.1511,77.0431
318.24,147.782,191.207,0.575,18.4955,77.0847
318.489,124.179,191.207,0.579,18.1507,77.123
318.74,183.632,191.207,0.586,18.1588,77.129
318.989,128.258,191.207,0.586,18.4955,77.1296
319.24,179.748,191.207,0.584,18.1508,77.1304
319.489,140.205,191.207,0.589,17.8214,77.1314
319.739,191.97,191.207,0.595,17.799,77.1327
319.989,132.018,191.207,0.596,17.8284,77.1343
320.24,147.885,191.207,0.602,18.4895,77.1359
320.489,132.133,191.207,0.604,17.681,77.1371
320.739,151.967,191.207,0.605,17.6906,77.1385
320.989,132.03,191.207,0.605,17.6914,77.1396
321.239,155.96,191.207,0.607,17.6835,77.141
321.489,132.034,191.207,0.608,17.6912,77.1423
321.739,151.96,191.207,0.612,17.6832,77.144
321.989,144.032,191.207,0.611,17.6824,77.1458
322.239,155.955,191.207,0.611,18.0325,77.1473
322.489,140.046,191.207,0.611,17.703,77.1492
322.739,159.959,191.207,0.563,17.6778,77.1896
322.941,203.461,191.207,0.535,17.6975,77.2336
323.189,136.836,191.207,0.508,17.4992,77.2848
323.439,155.996,191.207,0.492,17.1939,77.3354
323.689,179.999,191.207,0.493,17.1307,77.3982
323.94,171.707,191.207,0.503,16.6084,77.4691
324.189,144.247,191.207,0.528,16.9029,77.539
324.439,143.999,191.207,0.562,17.1893,77.6093
324.689,136.002,191.207,0.527,16.8963,77.6829
324.939,139.998,191.207,0.509,17.1825,77.7524
325.189,139.991,191.207,0.489,17.1982,77.8251
325.441,151.094,191.207,0.459,17.2007,77.8927
325.689,148.905,191.207,0.424,17.2004,77.9589
325.939,140,191.207,0.381,17.1995,78.0256
326.189,139.997,191.207,0.354,17.518,78.0861
326.439,139.985,191.68,0.31,17.5446,78.1545
326.689,132.017,191.703,0.288,17.8368,78.2265
326.939,139.992,191.703,0.27,17.8048,78.2966
327.189,139.997,191.703,0.267,17.5076,78.3642
327.439,143.996,191.203,0.27,17.7929,78.424
327.689,136.005,191.203,0.281,17.8289,78.4877
327.939,144.005,191.203,0.292,18.1491,78.5507
328.19,147.898,191.203,0.299,18.1554,78.6062
328.439,188.136,191.207,0.317,17.7989,78.6648
328.69,143.764,191.207,0.322,17.8181,78.7239
328.939,176.285,191.207,0.332,17.4897,78.7841
329.189,132.001,191.207,0.336,17.8396,78.8519
329.439,140,191.207,0.337,18.1474,78.9193
329.689,135.999,191.207,0.335,18.1546,78.9955
329.939,184.005,191.207,0.333,18.1561,79.0642
330.189,124.001,191.207,0.336,18.158,79.1323
330.439,147.993,191.207,0.339,17.8027,79.2067
330.689,120.005,191.207,0.34,17.8137,79.284
330.939,143.99,191.207,0.344,17.8015,79.355
331.189,140,191.207,0.353,17.8378,79.4305
331.439,131.997,191.207,0.376,18.1721,79.5012
331.689,124.006,191.207,0.401,18.1489,79.5762
331.939,140,191.207,0.451,17.7971,79.6502
332.141,163.389,191.207,0.457,17.8002,79.7064
332.389,149.199,191.207,0.454,17.4924,79.7761
332.639,139.977,191.207,0.449,17.4963,79.8451
332.889,136.037,191.207,0.445,17.4994,79.9227
333.139,135.963,191.207,0.442,17.7998,79.9972
333.389,136.015,191.207,0.446,17.8224,80.0608
333.639,131.991,191.207,0.465,17.7949,80.1357
333.889,124.014,191.207,0.485,17.8298,80.2097
334.139,195.974,191.207,0.505,17.8088,80.2769
334.389,132.021,191.207,0.507,17.8345,80.3501
334.639,135.979,191.207,0.499,18.1323,80.4173
334.889,132.003,191.207,0.472,17.8351,80.4886
335.139,127.997,191.207,0.438,18.1394,80.5655
335.389,140.022,191.207,0.418,18.1493,80.6351
335.639,135.976,191.207,0.405,18.1332,80.7114
335.889,132.033,191.207,0.409,17.8356,80.7833
336.139,143.969,191.207,0.414,17.7922,80.8542
336.389,132.014,191.207,0.414,18.1477,80.9295
336.639,131.985,191.207,0.414,18.4982,80.9962
336.889,140.028,191.207,0.41,18.5021,81.0689
337.139,123.972,191.207,0.406,18.4922,81.1412
337.389,136.032,191.207,0.409,18.4831,81.2124
337.59,179.383,191.219,0.412,18.5183,81.2743
337.839,144.356,191.219,0.415,18.5182,81.3434
338.089,164.02,191.219,0.416,18.1082,81.4209
338.339,156.004,191.219,0.417,18.1629,81.4933
338.589,131.989,191.219,0.417,18.5263,81.5614
338.839,147.993,191.219,0.419,18.1686,81.6354
339.089,139.917,191.219,0.424,18.1395,81.6996
339.339,160.09,191.219,0.428,17.5206,81.7757
339.589,131.991,191.219,0.429,17.5037,81.8491
339.839,132.024,191.219,0.43,17.5095,81.9078
340.089,123.996,191.219,0.432,17.5032,81.9803
340.339,151.993,191.219,0.44,17.8112,82.0484
340.54,124.555,191.219,0.443,17.8199,82.1085
340.789,128.37,191.219,0.445,18.5195,82.1778
341.039,143.999,191.219,0.451,18.4991,82.2453
341.289,131.998,191.219,0.455,18.151,82.3181
341.539,167.994,191.219,0.461,18.1492,82.3909
341.789,144,191.219,0.466,18.4794,82.4617
342.039,132.008,191.219,0.467,18.4866,82.5379
342.289,127.989,191.219,0.469,18.1507,82.6095
342.539,136.012,191.219,0.485,18.1537,82.6654
342.789,128.003,191.219,0.495,18.1513,82.7151
343.039,143.981,191.219,0.509,18.1558,82.7553
343.289,160.035,191.219,0.513,18.1556,82.7878
343.539,139.976,191.219,0.521,17.8316,82.7905
343.789,128.01,191.219,0.524,17.8528,82.7918
344.039,135.992,191.219,0.521,17.8213,82.7934
344.289,168.009,191.219,0.522,17.8114,82.796
344.539,127.996,191.219,0.524,17.8273,82.7977
344.79,135.739,191.219,0.523,17.8266,82.7991
345.039,176.337,191.219,0.524,17.8178,82.8002
345.289,124,191.219,0.524,17.8256,82.8019
345.539,151.982,191.219,0.525,17.8083,82.8029
345.789,148.026,191.219,0.518,17.8269,82.8039
346.039,171.994,191.219,0.516,17.5035,82.8052
346.289,136.004,191.219,0.513,17.8147,82.8066
346.539,147.974,191.219,0.513,17.5047,82.808
346.789,136.015,191.219,0.513,17.8184,82.8097
347.039,140.009,191.219,0.513,18.8175,82.8108
347.289,140.001,191.219,0.514,18.1583,82.8137
347.539,143.997,191.219,0.512,18.5022,82.8154
347.789,144.007,191.219,0.513,18.5013,82.8173
348.039,155.982,191.219,0.516,18.501,82.819
348.289,140.034,191.219,0.52,18.8485,82.8211
348.539,143.972,191.219,0.52,18.1612,82.8231
348.789,140.031,191.219,0.522,18.5015,82.8252
349.039,147.971,191.219,0.524,18.8577,82.8306
349.24,169.289,191.219,0.522,18.5057,82.8664
349.489,156.56,191.219,0.516,17.8294,82.9237
349.739,207.955,191.219,0.496,17.8543,82.9787
349.989,124.021,191.219,0.482,17.1964,83.0368
350.192,182.944,191.219,0.458,17.1938,83.0888
350.439,153.35,191.219,0.431,17.1924,83.1653
350.689,151.983,191.219,0.419,17.1975,83.2247
350.939,172.024,191.219,0.422,16.8924,83.2886
351.189,175.997,191.219,0.431,16.8973,83.3621
351.439,135.998,191.219,0.446,17.196,83.4294
351.689,140.003,191.219,0.457,17.1927,83.4957
351.939,192,191.219,0.463,16.8449,83.5665
352.189,135.996,191.219,0.462,17.1959,83.6358
352.443,153.695,191.219,0.461,17.4981,83.7111
352.69,202.439,191.219,0.46,17.5013,83.7844
352.939,136.402,191.219,0.459,17.4977,83.8551
353.189,132.006,191.219,0.458,17.4997,83.9236
353.439,143.998,191.219,0.451,17.4975,83.9919
353.689,127.999,191.219,0.449,17.4977,84.0592
353.939,144,191.219,0.445,17.9687,84.132
354.189,132.001,191.219,0.432,17.4986,84.202
354.439,135.999,191.219,0.418,17.4984,84.2721
354.689,180.003,191.219,0.405,17.4992,84.3373
354.939,136.001,191.219,0.404,17.4992,84.41
355.189,147.901,191.219,0.404,17.819,84.4805
355.439,172.115,191.219,0.4,17.808,84.5494
355.689,167.998,191.219,0.381,17.7995,84.6181
355.939,132.002,191.219,0.367,17.8169,84.6914
356.189,139.994,191.219,0.354,17.819,84.7608
356.441,158.696,191.715,0.33,18.1453,84.8341
356.689,153.26,191.715,0.308,17.8194,84.9104
356.939,140.005,191.715,0.277,18.1479,84.9775
357.189,131.999,191.715,0.273,18.1486,85.0465
357.439,192.037,191.113,0.263,18.1833,85.1055
357.689,136.007,191.215,0.267,18.1478,85.1691
357.939,151.986,191.215,0.273,17.8192,85.2288
358.189,140.005,191.215,0.278,18.4909,85.2855
358.439,143.96,191.215,0.289,18.1313,85.3457
358.689,132.044,191.215,0.296,18.488,85.4032
358.939,151.997,191.215,0.308,18.4869,85.4579
359.189,136,191.219,0.315,18.1491,85.5104
359.439,151.994,191.219,0.312,18.4911,85.5667
359.689,136.001,191.219,0.32,17.8198,85.6373
359.939,176.005,191.219,0.331,17.8173,85.6982
360.189,135.996,191.219,0.348,17.8262,85.7556
360.439,140.001,191.219,0.358,17.5024,85.8299
360.689,128,191.219,0.362,17.8182,85.9004
360.942,162.298,191.219,0.366,17.8138,85.97
361.189,161.699,191.219,0.367,17.8328,86.0422
361.439,139.97,191.219,0.376,17.8209,86.1115
361.689,163.895,191.219,0.385,17.8235,86.1854
361.939,144.122,191.219,0.395,17.8189,86.2554
362.189,131.998,191.219,0.405,18.149,86.3266
362.439,187.988,191.219,0.435,17.7727,86.4037
362.69,143.863,191.219,0.455,17.8205,86.4734
362.941,194.794,191.219,0.499,17.8214,86.549
363.189,141.003,191.219,0.541,17.5019,86.6182
363.439,172.02,191.219,0.544,17.4908,86.6895
363.69,127.791,191.219,0.546,17.1945,86.7614
363.939,192.309,191.219,0.551,17.223,86.8346
364.189,127.941,191.219,0.563,17.1946,86.9051
364.439,140.063,191.219,0.568,17.1954,86.9814
364.689,124.008,191.219,0.57,17.556,87.0489
364.939,147.916,191.219,0.572,17.1959,87.125
365.189,164.029,191.219,0.573,17.1958,87.1986
365.439,136.02,191.219,0.573,17.5029,87.2651
365.689,127.926,191.219,0.569,17.819,87.3394
365.939,136.097,191.219,0.565,18.4925,87.4121
366.189,128.001,191.219,0.561,18.4939,87.4796
366.439,167.995,191.219,0.56,18.143,87.5551
366.64,194.444,191.219,0.56,18.2456,87.6114
366.889,132.29,191.219,0.558,17.8224,87.6873
367.139,124.017,191.219,0.533,17.4997,87.7569
367.342,177.856,191.219,0.484,17.5063,87.8041
367.589,141.363,191.219,0.431,17.503,87.8547
367.839,140.004,191.219,0.395,17.8703,87.8959
368.089,159.992,191.219,0.353,17.498,87.9354
368.339,143.968,191.219,0.341,17.1956,87.9459
368.589,176.034,191.219,0.348,17.1906,87.9471
368.839,148.017,191.219,0.35,17.5016,87.9479
369.09,151.713,191.219,0.348,17.1941,87.9489
369.339,228.433,191.219,0.34,17.4874,87.95
369.589,135.991,191.219,0.34,17.4967,87.9507
369.839,147.995,191.219,0.339,17.5008,87.9519
370.089,132.009,191.219,0.335,17.5005,87.9538
370.339,187.963,191.219,0.332,17.4979,87.9557
370.589,171.979,191.219,0.328,17.1934,87.958
370.839,144.017,191.219,0.328,17.1934,87.9604
371.089,131.978,191.219,0.314,17.1935,87.9615
371.293,161.958,191.219,0.312,17.1928,87.9623
371.539,174.649,191.219,0.314,16.8902,87.9629
371.889,154.247,191.219,0.315,17.4979,87.9642
372.139,196.119,191.219,0.31,16.8997,87.9656
372.389,136.003,191.219,0.318,16.8924,87.9938
372.59,169.441,191.219,0.368,16.8923,88.0377
372.839,164.43,191.219,0.42,16.3287,88.0994
373.04,149.226,191.219,0.49,16.6014,88.1543
373.289,164.685,191.219,0.533,16.8897,88.2263
373.541,143.185,191.219,0.53,17.1862,88.2777
373.789,185.052,191.219,0.529,16.8903,88.3375
374.041,175.046,191.219,0.534,17.1848,88.4093
374.289,148.782,191.219,0.547,17.1923,88.4709
374.541,175.056,191.219,0.558,17.4916,88.5329
374.789,152.837,191.219,0.56,16.3295,88.6007
375.039,140.011,191.219,0.553,17.4999,88.6721
375.289,140.003,191.219,0.55,17.8175,88.7446
375.539,140.001,191.219,0.548,18.4936,88.8131
375.789,131.988,191.219,0.547,18.1472,88.8819
376.039,144.007,191.219,0.547,18.1503,88.9555
376.289,179.978,191.219,0.547,18.1468,89.0254
376.539,144.024,191.219,0.546,18.1475,89.1033
376.789,140.001,191.219,0.54,17.8176,89.1711
377.039,135.997,191.219,0.541,18.1474,89.2415
377.289,131.986,191.219,0.548,17.8216,89.3152
377.541,178.908,191.219,0.537,18.1453,89.3912
377.789,189.136,191.219,0.494,17.501,89.4627
378.039,143.992,191.219,0.471,17.1872,89.5395
378.242,192.278,191.219,0.457,17.1924,89.5936
378.489,141.64,191.219,0.433,17.193,89.6704
378.739,135.972,191.219,0.431,17.1935,89.7392
378.989,136.03,191.219,0.42,17.1914,89.8106
379.239,143.964,191.219,0.406,17.8172,89.8812
379.489,120.03,191.219,0.396,17.8176,89.9491
379.739,151.97,191.219,0.383,17.4998,90.0236
379.989,124.028,191.219,0.369,17.4989,90.0946
380.239,147.963,191.219,0.364,17.5004,90.1601
380.489,132.03,191.219,0.341,18.1495,90.235
380.74,151.336,191.219,0.331,18.4956,90.3038
380.989,168.739,191.219,0.326,17.8194,90.3719
381.239,139.971,191.219,0.323,17.8158,90.4361
381.489,132.027,191.219,0.323,17.8217,90.4853
381.739,147.967,191.219,0.331,17.8212,90.5375
381.989,136.035,191.219,0.334,17.5098,90.6026
382.239,155.962,191.219,0.334,17.4972,90.6681
382.489,116.027,191.219,0.336,17.8194,90.7374
382.739,147.955,191.219,0.341,18.1484,90.7907
382.989,184.049,191.219,0.352,17.7987,90.8447
383.239,155.967,191.219,0.36,17.8142,90.9018
383.489,136.033,191.219,0.366,18.1448,90.9537
383.739,151.964,191.219,0.368,18.4869,91.0078
383.943,161.889,191.219,0.365,18.8486,91.0547
384.189,166.588,191.219,0.358,18.1438,91.1266
384.439,139.98,191.219,0.359,17.8126,91.1938
384.689,143.999,191.219,0.363,18.1428,91.2496
384.939,147.998,191.219,0.365,18.1392,91.3089
385.189,136.012,191.219,0.373,18.4712,91.3786
385.439,131.992,191.219,0.35,18.8422,91.4449
385.689,136.01,191.219,0.329,18.5847,91.5103
385.939,139.989,191.219,0.327,18.4894,91.575
386.189,147.945,191.539,0.325,18.1397,91.6359
386.439,200.059,191.715,0.321,17.7253,91.7064
386.689,128.095,191.715,0.292,17.5001,91.7684
386.939,139.991,191.715,0.291,17.8189,91.827
387.19,143.762,191.715,0.29,17.8198,91.8983
387.439,184.127,191.715,0.291,17.8216,91.9703
387.689,128.013,191.715,0.291,17.8292,92.0404
387.939,148.121,191.715,0.291,17.5008,92.1088
388.189,131.967,191.715,0.291,17.4981,92.1777
388.439,180,191.715,0.291,17.4967,92.2493
388.689,139.934,191.715,0.305,17.5038,92.3085
388.939,152.058,191.715,0.32,17.8279,92.3732
389.189,132.036,191.715,0.307,18.1507,92.4418
389.439,152.025,191.715,0.309,18.4893,92.504
389.69,159.512,191.715,0.309,18.4918,92.5721
389.939,168.423,191.715,0.313,18.4933,92.6336
390.189,143.953,191.715,0.321,18.1518,92.6985
390.439,152.132,191.715,0.337,17.8207,92.7625
390.689,135.903,191.715,0.362,18.1531,92.8155
390.942,182.171,191.715,0.365,18.1492,92.8658
391.189,153.525,191.715,0.368,18.155,92.9189
391.439,188.03,191.715,0.359,17.8145,92.9705
391.689,199.987,191.715,0.36,17.1339,93.0274
391.939,132.011,191.715,0.342,17.1943,93.0934
392.189,143.979,191.715,0.329,17.195,93.1616
392.439,132.017,191.715,0.325,17.1929,93.2334
392.689,187.996,191.715,0.336,17.1931,93.2968
392.939,136.004,191.715,0.346,17.1933,93.3701
393.189,135.954,191.715,0.367,16.8974,93.4388
393.439,183.951,191.715,0.391,17.1932,93.5049
393.689,180.107,191.73,0.438,16.6131,93.5784
393.939,132.001,191.73,0.481,16.3332,93.6488
394.189,127.988,191.73,0.52,16.8971,93.7186
394.439,144.009,191.73,0.578,16.8977,93.7963
394.689,132.004,191.73,0.638,17.1904,93.8637
394.89,134.564,191.73,0.686,17.194,93.925
395.139,136.351,191.73,0.73,17.1926,93.9931
395.39,135.898,191.73,0.775,16.8966,94.065
395.639,180.135,191.73,0.72,17.1902,94.1423
395.889,136.002,191.73,0.648,17.1917,94.2066
396.139,175.999,191.73,0.602,17.193,94.2725
396.389,132.009,191.223,0.516,17.3176,94.3455
396.639,183.885,191.223,0.469,17.1902,94.4092
396.889,176.099,191.223,0.394,17.1926,94.4743
397.139,131.998,191.223,0.35,17.1933,94.5447
397.389,132.004,191.223,0.29,17.503,94.6159
397.639,143.995,191.223,0.248,17.8154,94.6931
397.889,127.957,191.223,0.209,17.8194,94.762
398.139,136.04,191.223,0.201,17.8179,94.8377
398.389,151.969,191.223,0.206,18.1447,94.907
398.639,160.043,191.223,0.216,17.8189,94.9752
398.889,151.929,191.223,0.249,17.8183,95.0405
399.139,164.079,191.223,0.29,17.8185,95.1043
399.389,148.023,191.223,0.299,18.1487,95.1692
399.639,127.979,191.223,0.31,18.4914,95.2456
399.889,128.025,191.223,0.337,18.4931,95.311
400.139,139.972,191.223,0.36,17.8185,95.3881
400.389,131.99,191.223,0.406,17.5008,95.4566
400.639,144.011,191.223,0.426,17.5013,95.5236
400.889,135.928,191.223,0.482,17.8205,95.5924
401.139,136.072,191.223,0.519,17.8181,95.6563
401.389,183.954,191.223,0.563,17.5924,95.7185
401.639,148.029,191.223,0.587,17.5036,95.7942
401.889,127.975,191.223,0.622,17.855,95.8582
402.139,136.028,191.223,0.648,17.5059,95.9203
402.343,172.077,191.223,0.676,17.506,95.9704
402.589,145.925,191.223,0.739,17.1976,96.0367
402.839,136.06,191.223,0.779,17.8136,96.1141
403.089,176.012,191.223,0.838,17.8235,96.1773
403.339,147.99,191.223,0.881,17.8192,96.2486
403.589,124.016,191.223,0.93,17.8278,96.3244
403.839,143.978,191.223,0.96,17.809,96.3902
404.089,128.025,191.223,0.959,18.1857,96.4666
404.339,131.976,191.223,0.956,18.8523,96.5419
404.589,180.039,191.223,0.944,18.4885,96.6116
404.839,135.973,191.223,0.945,18.1491,96.6803
405.089,132.006,191.223,0.954,18.152,96.7392
405.339,175.985,191.223,0.961,17.81,96.7934
405.589,123.982,191.223,0.914,17.8298,96.8363
405.839,136.023,191.223,0.887,18.4863,96.8629
406.089,123.985,191.223,0.894,17.8043,96.8637
406.339,180.022,191.223,0.891,17.8014,96.8653
406.589,140.014,191.223,0.891,17.1769,96.8672
406.839,155.986,191.223,0.882,17.1775,96.8695
407.046,169.343,191.223,0.877,16.8806,96.8712
407.289,168.516,191.223,0.873,16.8792,96.8753
407.539,147.984,191.223,0.881,17.184,96.8795
407.789,159.988,191.223,0.864,17.4803,96.883
408.039,144.015,191.223,0.863,17.4812,96.8879
408.289,148.016,191.223,0.862,17.792,96.8919
408.539,155.98,191.223,0.849,17.1812,96.898
408.741,168.351,191.223,0.858,17.7982,96.9025
408.989,185.495,191.223,0.853,17.4749,96.908
409.24,215.365,191.223,0.853,17.8029,96.9224
409.489,140.42,191.223,0.9,17.4993,96.9726
409.69,168.979,191.223,0.95,17.8058,97.0202
409.94,216.614,191.223,1.008,18.1885,97.0785
410.189,148.182,191.223,1.032,17.8143,97.1431
410.439,140.052,191.223,1.052,17.8173,97.2202
410.69,143.893,191.223,1.062,17.822,97.2906
410.939,148.103,191.281,1.076,17.8107,97.3636
411.189,132.005,191.281,1.1,17.8181,97.438
411.439,151.982,191.281,1.059,17.8168,97.4979
411.64,144.595,191.281,1.04,17.8844,97.551
411.889,140.35,191.281,1.017,17.8105,97.6195
412.139,143.968,191.285,0.986,18.1371,97.6826
412.389,147.996,191.285,0.969,18.1638,97.7499
412.639,139.979,191.285,0.933,17.8231,97.8202
412.89,143.753,191.285,0.905,17.8181,97.8977
413.14,136.048,191.285,0.883,17.805,97.9648
413.389,140.186,191.285,0.841,17.8175,98.0331
413.64,183.621,191.285,0.828,18.1508,98.1049
413.889,140.31,191.285,0.79,17.8143,98.1764
414.092,177.397,191.285,0.765,17.8256,98.2337
414.339,178.122,191.285,0.739,17.504,98.2955
414.589,135.965,191.285,0.714,17.5004,98.3646
414.839,144.035,191.285,0.674,17.8214,98.4416
415.089,139.985,191.285,0.645,17.5021,98.5123
415.339,143.943,191.285,0.62,17.8146,98.5875
415.589,128.021,191.285,0.606,18.1478,98.6453
415.839,204.02,191.285,0.577,18.1566,98.7118
416.089,139.99,191.285,0.573,17.5023,98.7883
416.339,140.049,191.285,0.563,17.5085,98.8521
416.589,139.988,191.285,0.562,17.2893,98.9215
416.839,144.005,191.285,0.565,17.4877,98.9925
417.089,148.007,191.785,0.565,18.1398,99.0567
417.339,183.995,191.785,0.574,17.7671,99.1301
417.54,183.972,191.785,0.579,17.8107,99.1813
417.789,148.684,191.785,0.601,17.8095,99.2467
418.039,135.983,191.785,0.635,17.4797,99.3229
418.289,163.925,191.785,0.671,17.4781,99.3866
418.539,176.061,191.785,0.721,16.8949,99.4565
418.789,132.003,191.785,0.75,17.1819,99.5315
419.039,164.114,191.785,0.703,17.5018,99.6016
419.289,163.905,191.785,0.64,17.4915,99.6747
419.539,151.962,191.785,0.589,17.7932,99.7419
419.79,175.936,191.785,0.555,17.79,99.8157
420.039,148.07,191.785,0.51,17.4831,99.8923
420.289,192.027,191.785,0.483,17.7668,99.9631
420.539,183.991,191.785,0.434,17.7713,100.039
420.789,167.921,191.785,0.396,17.8313,100.109
421.039,156.086,191.262,0.354,17.8275,100.184
421.242,182.995,191.262,0.318,18.5028,100.243
421.489,185.662,191.262,0.289,17.8273,100.314
421.739,139.986,191.262,0.272,17.82,100.388
421.989,175.982,191.262,0.258,17.8325,100.454
422.239,204.022,191.262,0.264,17.8045,100.51
422.489,136.029,191.262,0.271,17.4998,100.573
422.739,151.963,191.262,0.281,17.8222,100.632
422.989,140.033,191.262,0.295,17.8755,100.69
423.239,151.97,191.27,0.308,18.2037,100.753
423.489,136.027,191.27,0.314,18.4955,100.81
423.739,159.964,191.27,0.324,18.4999,100.871
423.989,140.035,191.27,0.331,18.9058,100.929
424.239,159.957,191.277,0.344,19.2172,100.989
424.489,176.033,191.336,0.34,19.5009,101.052
424.739,151.977,191.336,0.335,20.0219,101.109
424.989,132.013,191.336,0.33,19.9881,101.172
425.239,195.888,191.336,0.33,19.9467,101.234
425.489,132.084,191.336,0.33,19.5999,101.286
425.739,159.974,191.336,0.327,19.2161,101.347
425.989,128.017,191.336,0.319,19.201,101.407
426.239,147.979,191.336,0.322,18.8451,101.472
426.489,128.026,191.336,0.328,18.8499,101.547
426.739,147.971,191.336,0.336,18.8406,101.616
426.989,128.014,191.336,0.343,18.4959,101.683
427.239,139.981,190.832,0.364,18.483,101.759
427.489,176.021,190.832,0.372,18.1256,101.83
427.739,139.998,190.832,0.384,18.1485,101.898
427.989,128.011,190.832,0.389,18.4916,101.964
428.19,184.415,190.832,0.392,18.8475,102.016
428.439,144.35,190.832,0.398,18.4896,102.09
428.689,140.002,190.832,0.406,18.8473,102.161
428.939,176.027,190.832,0.409,18.7905,102.233
429.189,123.996,190.832,0.407,18.4864,102.295
429.439,183.955,190.832,0.405,18.1156,102.367
429.689,167.888,190.836,0.404,17.8209,102.439
429.939,140.077,190.836,0.398,17.5008,102.51
430.189,183.994,190.836,0.397,17.4958,102.58
430.439,144.016,190.84,0.394,17.8177,102.657
430.689,171.969,190.84,0.39,17.7114,102.726
430.94,151.924,190.84,0.385,17.4882,102.801
431.189,128.09,190.84,0.383,17.8046,102.873
431.439,151.97,190.84,0.379,17.8138,102.947
431.689,136.007,190.84,0.376,17.8374,103.017
431.939,135.975,190.84,0.372,18.4723,103.086
432.189,136.044,190.84,0.371,19.2635,103.159
432.439,135.996,190.84,0.37,19.2156,103.237
432.689,171.997,190.84,0.369,19.2317,103.304
432.94,151.818,190.84,0.368,18.8539,103.375
433.19,183.752,190.84,0.368,18.4449,103.445
433.439,164.476,190.84,0.373,18.471,103.516
433.689,143.99,190.84,0.376,18.4918,103.587
433.939,131.98,190.84,0.379,18.4842,103.655
434.189,132.027,190.84,0.38,18.4923,103.723
434.439,147.963,190.84,0.381,18.4713,103.795
434.689,172.02,190.84,0.378,18.4809,103.865
434.94,155.816,190.84,0.372,18.1352,103.938
435.189,168.225,190.84,0.37,18.1437,104.003
435.439,131.965,190.84,0.368,18.4887,104.077
435.689,128.025,190.84,0.368,18.4863,104.153
435.939,148.008,190.84,0.366,18.9518,104.223
436.189,131.969,190.84,0.363,18.8396,104.293
436.439,143.95,190.84,0.361,18.487,104.369
436.689,132.069,190.895,0.358,18.4886,104.44
436.939,131.966,190.895,0.356,18.1626,104.515
437.189,180.059,190.895,0.355,18.1467,104.585
437.443,201.373,190.895,0.354,18.1557,104.649
437.689,145.884,190.895,0.35,17.8189,104.719
437.939,183.982,190.895,0.335,18.1107,104.791
438.19,131.881,190.895,0.306,17.8176,104.862
438.439,188.168,190.895,0.315,17.4845,104.934
438.689,131.994,190.895,0.316,17.8382,105.002
438.939,136.009,190.895,0.316,17.8232,105.079
439.189,139.99,190.895,0.311,18.1508,105.149
439.439,132.007,190.895,0.291,18.1284,105.219
439.689,124.006,190.895,0.302,18.1484,105.283
439.941,155.228,190.895,0.311,18.1324,105.346
440.189,176.902,190.895,0.319,18.195,105.409
440.439,143.977,190.895,0.347,18.1561,105.48
440.689,132.028,190.895,0.368,18.4928,105.541
440.939,191.891,190.895,0.391,18.453,105.6
441.142,172.955,190.895,0.418,18.511,105.642
441.389,161.617,190.895,0.438,18.1498,105.698
441.639,135.958,190.895,0.461,18.1494,105.754
441.889,144.033,190.895,0.471,18.1435,105.806
442.139,151.961,190.895,0.469,18.1615,105.862
442.389,184.052,190.895,0.468,18.1287,105.909
442.639,187.976,190.895,0.469,18.1485,105.963
442.889,140.025,190.895,0.46,18.1537,106.027
443.139,127.975,190.895,0.418,18.4759,106.096
443.389,144.035,190.895,0.395,18.4911,106.149
443.639,143.963,190.895,0.381,18.4805,106.201
443.889,144.02,191.281,0.381,18.8909,106.253
444.139,203.973,191.281,0.384,18.0986,106.314
444.389,172.023,191.281,0.39,18.1398,106.381
444.639,143.981,191.281,0.404,17.8227,106.438
444.889,140.03,191.281,0.41,17.8215,106.502
445.139,127.961,191.281,0.405,18.131,106.571
445.389,124.037,191.281,0.404,18.2334,106.63
445.639,139.958,191.281,0.4,18.148,106.695
445.889,128.034,191.281,0.401,18.1475,106.764
446.139,131.974,191.281,0.409,18.1427,106.84
446.389,128.029,191.281,0.413,18.4886,106.905
446.639,143.961,191.281,0.423,18.8845,106.975
446.889,176.048,191.281,0.426,18.7823,107.053
447.139,135.974,191.281,0.429,19.2212,107.123
447.389,132,191.281,0.43,18.8457,107.194
447.64,143.399,191.281,0.431,18.4903,107.267
447.889,172.745,191.281,0.432,18.155,107.337
448.139,131.969,191.281,0.435,18.147,107.411
448.389,132.041,191.281,0.434,18.1502,107.481
448.639,139.975,191.281,0.433,18.1481,107.548
448.889,187.885,191.281,0.433,17.8228,107.623
449.139,156.09,191.281,0.436,17.498,107.695
449.389,140.027,191.281,0.441,17.4999,107.768
449.639,127.979,191.281,0.443,17.4995,107.837
449.889,136.02,191.762,0.444,17.5,107.911
450.139,143.975,191.785,0.445,17.8181,107.985
450.389,176.04,191.785,0.421,17.7584,108.056
450.639,127.975,191.789,0.369,18.4896,108.125
450.889,140.029,191.277,0.343,18.4905,108.191
451.139,127.976,191.289,0.316,18.4901,108.262
451.389,128.024,191.289,0.304,18.4903,108.332
451.639,139.969,191.289,0.304,19.3788,108.402
451.889,128.019,191.289,0.306,18.845,108.47
452.139,131.982,191.289,0.309,18.4909,108.543
452.389,144.025,191.289,0.314,18.8454,108.611
452.591,153.919,191.289,0.317,18.8677,108.668
452.839,192.917,191.289,0.326,18.4903,108.739
453.089,136.124,191.289,0.333,18.521,108.814
453.339,139.968,191.289,0.346,18.4927,108.891
453.589,124.028,191.289,0.36,18.1469,108.963
453.839,139.968,191.289,0.37,18.1428,109.037
454.089,132.03,191.289,0.377,17.8186,109.11
454.339,135.971,191.293,0.404,17.8193,109.182
454.589,124.029,191.293,0.42,17.823,109.255
454.839,143.966,191.293,0.466,17.8355,109.327
455.089,124.017,191.293,0.499,17.8172,109.405
455.339,143.975,191.293,0.556,17.8143,109.482
455.589,128.023,191.293,0.561,18.2077,109.553
455.839,139.981,191.293,0.55,18.4936,109.627
456.089,120.02,191.293,0.549,18.8426,109.706
456.339,187.956,191.293,0.547,18.7795,109.777
456.589,124.025,191.293,0.542,18.1495,109.851
456.842,174.419,191.293,0.538,18.4914,109.92
457.09,144.842,191.293,0.536,18.1519,109.994
457.339,164.497,191.293,0.535,18.1514,110.073
457.59,139.824,191.293,0.535,18.4931,110.143
457.839,172.215,191.293,0.535,18.1628,110.217
458.09,115.88,191.293,0.534,18.1518,110.293
458.339,148.167,191.293,0.534,18.1418,110.351
458.589,159.995,191.293,0.534,17.8167,110.398
458.839,132.005,191.293,0.535,17.8211,110.438
459.089,159.996,191.293,0.534,17.5501,110.478
459.339,135.98,191.293,0.534,18.1517,110.49
459.589,136.026,191.293,0.535,18.5503,110.491
459.84,183.416,191.293,0.535,18.8906,110.492
460.089,128.411,191.293,0.536,18.4933,110.493
460.339,151.98,191.293,0.537,18.8895,110.495
460.589,147.931,191.293,0.541,18.8471,110.497
460.839,168.091,191.293,0.549,18.8321,110.498
461.089,136.009,191.293,0.55,18.1489,110.499
461.339,151.989,191.293,0.551,18.149,110.501
461.589,124.011,190.73,0.552,19.2111,110.503
461.839,151.988,190.73,0.554,18.4902,110.504
462.089,135.993,190.73,0.55,18.1544,110.506
462.339,152.004,190.73,0.551,18.1518,110.509
462.589,179.999,190.73,0.55,17.4277,110.51
462.839,152.001,190.73,0.549,17.8222,110.512
463.089,144,190.73,0.543,17.4992,110.515
463.29,184.276,190.73,0.535,17.1985,110.543
463.539,172.549,190.73,0.51,16.9015,110.596
463.789,151.993,190.73,0.497,17.4981,110.652
464.04,179.769,190.73,0.492,17.5052,110.71
464.289,148.225,190.73,0.49,17.507,110.78
464.539,139.966,190.73,0.494,17.4953,110.855
464.791,151.236,190.73,0.497,17.81,110.927
465.039,180.952,190.73,0.498,17.4995,111.002
465.289,124,190.73,0.5,17.819,111.077
465.539,180.008,190.73,0.503,17.8237,111.146
465.741,168.305,190.738,0.505,17.8176,111.208
465.989,209.645,190.738,0.502,17.307,111.276
466.239,144,190.738,0.503,17.2286,111.352
466.489,135.98,190.738,0.506,17.4984,111.423
466.691,188.023,190.738,0.506,17.5,111.477
466.939,149.274,190.738,0.507,17.6454,111.55
467.189,135.999,190.738,0.512,17.4963,111.619
467.439,144,190.738,0.524,17.498,111.692
467.689,175.97,190.738,0.511,17.5027,111.766
467.939,156.03,190.738,0.497,17.5002,111.832
468.189,167.99,190.738,0.471,17.4999,111.905
468.439,176.013,190.738,0.463,17.7937,111.975
468.689,135.997,190.738,0.461,18.2015,112.049
468.939,147.998,190.738,0.452,18.4901,112.122
469.189,131.979,190.738,0.434,18.4889,112.19
469.439,132.023,190.738,0.419,18.2146,112.264
469.64,179.439,190.738,0.403,18.4897,112.313
469.89,208.208,190.738,0.365,17.8184,112.377
470.139,136.201,190.738,0.323,17.1927,112.452
470.389,132,190.738,0.276,17.1922,112.522
470.639,148.002,190.738,0.265,17.192,112.591
470.889,143.992,190.738,0.258,17.1932,112.649
471.139,136.01,190.738,0.267,17.5002,112.711
471.389,176.04,190.738,0.295,17.8199,112.785
471.639,143.967,190.738,0.329,17.496,112.852
471.889,136.029,190.738,0.388,17.4997,112.921
472.139,131.959,190.738,0.446,17.8149,112.996
472.389,148.026,190.738,0.474,17.5011,113.062
472.639,168.023,190.738,0.463,18.1013,113.13
472.889,144,190.738,0.446,18.4908,113.197
473.139,136,190.738,0.446,18.8468,113.268
473.389,140.002,190.738,0.432,18.8471,113.34
473.639,143.998,190.738,0.419,18.5279,113.412
473.889,140.001,190.785,0.405,18.1461,113.476
474.141,186.848,190.785,0.404,17.4998,113.546
474.389,177.092,190.785,0.402,17.4911,113.612
474.639,136,190.785,0.399,17.1904,113.687
474.889,175.995,191.246,0.397,16.85,113.759
475.139,148.004,191.246,0.398,17.1932,113.825
475.34,189.316,191.246,0.398,17.1917,113.886
475.589,124.361,191.246,0.398,17.1908,113.956
475.839,151.934,191.246,0.399,16.8876,114.026
476.04,169.262,191.246,0.4,16.8944,114.076
476.289,144.563,191.246,0.398,16.6024,114.149
476.539,144.001,191.246,0.397,16.8928,114.222
476.789,135.977,191.246,0.395,16.8913,114.293
477.039,136.022,191.246,0.395,17.854,114.364
477.289,144.002,191.246,0.399,18.1479,114.436
477.539,139.98,191.246,0.4,17.8168,114.503
477.789,136.018,191.246,0.397,18.1474,114.577
478.039,184.002,191.246,0.396,17.8172,114.647
478.289,135.999,191.246,0.39,18.1476,114.719
478.539,135.998,191.246,0.386,18.4906,114.794
478.789,139.993,191.246,0.383,18.912,114.866
479.039,140.007,191.246,0.382,18.4919,114.941
479.289,131.999,191.246,0.382,18.8473,115.015
479.539,143.985,191.246,0.381,18.4912,115.08
479.789,135.988,191.246,0.381,18.4909,115.153
480.039,132.027,191.57,0.385,18.8485,115.214
480.289,139.99,191.75,0.387,18.4916,115.276
480.539,144.011,191.75,0.389,18.1537,115.338
480.789,144.001,191.75,0.398,18.4836,115.395
481.039,144,191.75,0.402,18.1492,115.449
481.289,143.999,191.75,0.406,18.1501,115.506
481.539,151.983,191.75,0.413,17.8313,115.557
481.789,144.018,191.75,0.411,18.1486,115.609
482.039,187.951,191.75,0.403,18.1521,115.66
482.29,183.508,191.75,0.394,18.1505,115.716
482.539,164.475,191.75,0.39,17.5038,115.775
482.789,132.002,191.75,0.368,17.4946,115.842
483.039,136.002,191.75,0.35,17.8198,115.913
483.289,179.996,191.75,0.361,18.1451,115.991
483.54,215.646,191.75,0.357,17.8199,116.056
483.789,216.17,191.75,0.348,17.4982,116.114
484.039,168.149,191.75,0.328,17.1866,116.173
484.289,135.999,191.75,0.355,17.191,116.25
484.539,132.002,191.75,0.367,16.8954,116.319
484.789,143.999,191.75,0.379,16.8861,116.385
485.039,167.998,191.75,0.386,16.821,116.458
485.289,139.988,191.75,0.391,16.9201,116.533
485.539,144.011,191.75,0.393,17.1882,116.604
485.789,135.988,191.75,0.394,16.8976,116.677
486.039,180.016,191.75,0.394,16.5783,116.748
486.289,148.001,191.75,0.396,16.6337,116.819
486.539,136,191.75,0.399,16.6771,116.893
486.789,127.998,191.75,0.398,17.3103,116.964
487.039,148.004,191.75,0.397,17.1993,117.037
487.289,128.002,191.75,0.395,17.179,117.109
487.539,131.998,191.75,0.391,17.4999,117.172
487.789,139.995,191.75,0.387,17.4991,117.238
488.039,128.007,191.75,0.389,17.8322,117.309
488.289,135.995,191.75,0.392,17.8233,117.387
488.539,144.005,191.75,0.393,17.8192,117.456
488.789,135.998,191.75,0.393,18.49,117.521
489.039,135.999,191.75,0.394,18.4908,117.597
489.289,187.999,191.75,0.394,18.3896,117.674
489.539,139.998,191.75,0.392,18.8458,117.74
489.789,132.006,191.75,0.389,18.4901,117.808
490.041,159.181,191.152,0.386,18.4939,117.879
490.289,160.819,191.23,0.383,18.1471,117.956
490.539,132.003,191.23,0.382,18.491,118.033
490.789,140.003,191.23,0.383,18.4884,118.1
491.039,171.999,191.23,0.384,18.0909,118.171
491.289,131.995,191.234,0.382,18.4891,118.242
491.539,144.007,191.234,0.382,18.1477,118.319
491.789,132,191.234,0.381,17.8186,118.389
492.039,131.996,191.234,0.381,18.1488,118.465
492.289,195.93,191.234,0.381,17.8138,118.532
492.539,140.02,191.234,0.379,17.8178,118.604
492.789,128,191.234,0.375,17.8186,118.675
493.04,163.617,191.234,0.372,17.818,118.751
493.289,156.362,191.234,0.369,17.4993,118.823
493.539,176.003,191.234,0.368,17.5028,118.885
493.789,143.997,191.234,0.371,17.561,118.957
494.039,163.99,191.234,0.375,17.4414,119.028
494.289,148.013,191.234,0.378,17.1929,119.099
494.539,139.99,191.234,0.38,17.4998,119.168
494.789,128.009,191.234,0.38,17.4932,119.234
495.039,135.998,191.234,0.381,17.8229,119.297
495.289,144,191.234,0.345,18.1496,119.369
495.539,131.998,191.234,0.318,17.8191,119.44
495.789,144.007,191.234,0.31,17.817,119.512
496.039,127.945,191.234,0.313,18.1507,119.584
496.289,180.073,191.234,0.329,17.8212,119.651
496.539,143.997,191.234,0.334,17.5018,119.712
496.789,136,191.234,0.331,17.5613,119.772
497.039,132.001,191.234,0.33,17.8203,119.848
497.29,139.901,191.234,0.336,17.8242,119.913
497.539,148.102,191.234,0.343,17.4975,119.965
497.789,140.006,191.234,0.351,17.5022,120.023
498.039,143.994,191.234,0.356,17.5028,120.077
498.242,167.742,191.234,0.365,17.5021,120.131
498.489,185.939,191.234,0.379,17.1964,120.198
498.739,152.055,191.234,0.386,17.1974,120.26
498.989,131.984,191.234,0.411,17.1946,120.334
499.239,184.022,191.234,0.423,17.1898,120.404
499.44,179.297,191.234,0.435,17.5031,120.455
499.69,148.001,191.234,0.456,17.1967,120.524
499.939,160.503,191.234,0.47,17.5029,120.594
500.19,139.472,191.234,0.496,17.5076,120.667
500.439,176.664,191.234,0.52,17.1791,120.736
500.69,127.827,191.234,0.554,16.6117,120.81
500.939,184.231,191.234,0.568,16.3346,120.879
501.189,139.967,191.234,0.565,16.6094,120.941
501.441,147.231,191.234,0.578,16.6127,120.996
501.689,148.829,191.234,0.587,16.8882,121.047
501.939,135.989,191.234,0.602,16.899,121.089
502.189,140.001,191.234,0.62,17.1955,121.124
502.439,128.014,191.234,0.623,17.5024,121.13
502.689,135.999,191.234,0.622,17.5021,121.131
502.939,124.002,191.234,0.624,17.195,121.132
503.141,183.078,191.234,0.623,17.8428,121.133
503.389,153.313,191.234,0.626,18.1511,121.134
503.639,139.976,191.234,0.628,18.4942,121.136
503.889,152.007,191.234,0.635,18.8493,121.137
504.139,167.989,191.234,0.641,18.134,121.139
504.389,152.031,191.234,0.64,18.4748,121.14
504.64,151.522,191.234,0.641,18.1331,121.141
504.889,176.564,191.234,0.642,17.8036,121.142
505.139,140.002,191.234,0.645,17.4859,121.144
505.34,174.326,191.234,0.65,17.4859,121.146
505.589,160.496,191.234,0.65,17.1799,121.147
505.839,144.06,191.234,0.65,17.4811,121.148
506.089,147.937,191.234,0.649,17.8012,121.15
506.339,151.963,191.234,0.648,17.4855,121.152
506.589,195.948,191.234,0.613,17.1833,121.187
506.843,185.522,191.234,0.583,16.3077,121.238
507.089,154.085,191.234,0.552,17.1929,121.298
507.34,135.909,191.234,0.541,17.1925,121.373
507.589,128.107,191.234,0.53,17.2852,121.444
507.842,186.165,191.234,0.537,17.7845,121.511
508.089,141.391,191.234,0.554,17.8205,121.572
508.34,147.44,191.234,0.535,17.8138,121.647
508.589,124.428,191.234,0.513,17.8238,121.72
508.839,192.06,191.234,0.498,17.8283,121.791
509.089,128,191.234,0.482,17.8144,121.861
509.339,136.014,191.234,0.445,17.9338,121.937
509.59,175.726,191.234,0.416,18.6121,122.003
509.839,148.309,191.234,0.386,18.1493,122.063
510.089,143.91,191.742,0.341,18.4917,122.127
510.34,147.654,191.754,0.307,18.1482,122.188
510.589,120.281,191.754,0.276,17.8526,122.262
510.839,151.951,191.754,0.247,17.8188,122.333
511.089,128.038,191.242,0.249,17.8214,122.401
511.339,151.975,191.242,0.258,17.8175,122.458
511.589,136.025,191.242,0.268,17.4999,122.523
511.839,135.984,191.242,0.273,17.4991,122.588
512.089,188.024,191.242,0.282,17.4737,122.641
512.339,152.001,191.246,0.303,17.5004,122.703
512.589,183.952,191.246,0.31,17.7419,122.764
512.839,144.031,191.246,0.321,17.8175,122.829
513.089,127.997,191.246,0.326,17.8182,122.901
513.339,139.994,191.246,0.333,18.1466,122.977
513.589,139.998,191.246,0.337,18.4897,123.048
513.839,136.011,191.246,0.339,18.1576,123.121
514.041,134.062,191.246,0.342,18.149,123.175
514.289,185.044,191.246,0.35,18.1493,123.249
514.539,135.996,191.246,0.359,18.4915,123.323
514.789,147.926,191.246,0.363,18.4899,123.392
515.039,156.071,191.246,0.373,18.149,123.466
515.289,191.951,191.246,0.386,17.7549,123.54
515.539,140.036,191.246,0.427,17.4994,123.61
515.789,188.009,191.246,0.46,17.1824,123.685
516.039,135.997,191.246,0.461,17.4975,123.753
516.289,127.954,191.246,0.46,17.4957,123.826
516.539,180.045,191.246,0.46,17.5018,123.894
516.74,159.461,191.246,0.457,17.4997,123.946
516.989,152.423,191.246,0.452,17.1938,124.021
517.239,140.006,191.246,0.454,17.5003,124.081
517.489,132.008,191.246,0.46,17.4998,124.15
517.739,139.993,191.246,0.488,17.5252,124.224
517.989,124.001,191.246,0.503,17.8803,124.296
518.193,181.805,191.246,0.506,17.8191,124.35
518.44,202.142,191.246,0.508,17.4983,124.418
518.689,132.456,191.246,0.47,17.4995,124.489
518.939,136,191.246,0.424,17.1894,124.568
519.189,140.006,191.246,0.405,16.9006,124.64
519.439,135.998,191.246,0.395,16.8957,124.713
519.689,128,191.246,0.39,16.8962,124.779
519.939,188,191.246,0.393,16.8909,124.855
520.189,131.947,191.246,0.394,16.6103,124.93
520.439,148.063,191.246,0.394,16.8963,125.004
520.689,132,191.246,0.394,16.8965,125.073
520.939,136,191.246,0.394,16.8951,125.15
521.189,139.972,191.246,0.394,17.5023,125.221
521.439,180.034,191.246,0.394,17.4465,125.292
521.689,127.976,191.246,0.398,17.1924,125.367
521.939,148.025,191.258,0.401,17.8194,125.438
522.189,127.985,191.258,0.402,17.8197,125.511
522.439,176.026,191.258,0.403,17.7828,125.579
522.689,131.995,191.258,0.404,17.508,125.652
522.939,136.006,191.258,0.406,17.8208,125.72
523.189,127.996,191.258,0.411,17.8202,125.791
523.44,171.235,191.258,0.414,17.8178,125.866
523.689,136.611,191.258,0.416,17.822,125.932
523.939,179.997,191.258,0.425,17.4813,126.002
524.189,176.008,191.258,0.428,17.4971,126.076
524.439,143.999,191.258,0.43,17.8187,126.143
524.689,136.002,191.258,0.436,17.8172,126.216
524.939,135.992,191.258,0.443,18.1513,126.285
525.189,136.005,191.258,0.449,18.1563,126.352
525.439,139.994,191.258,0.454,18.4926,126.421
525.689,128.003,191.258,0.457,18.4938,126.489
525.939,136.004,191.258,0.463,18.1514,126.563
526.189,163.991,191.258,0.466,18.1545,126.632
526.439,144.012,191.258,0.492,17.8207,126.691
526.689,159.995,191.258,0.51,17.8211,126.745
526.939,143.996,191.258,0.532,17.1957,126.789
527.189,128.005,191.258,0.54,17.5023,126.813
527.439,151.998,191.258,0.547,17.1951,126.815
527.689,123.999,191.258,0.547,17.1959,126.818
527.94,151.358,191.258,0.549,17.1949,126.82
528.189,144.55,191.258,0.549,16.9015,126.822
528.439,168.081,191.258,0.549,16.6063,126.824
528.689,123.983,191.258,0.553,16.336,126.825
528.939,188.023,191.258,0.557,16.3345,126.826
529.141,138.634,191.258,0.557,16.3346,126.827
529.389,173.384,191.258,0.551,16.3342,126.828
529.639,139.986,191.258,0.55,16.6142,126.831
529.889,140.014,191.258,0.55,16.8967,126.832
530.139,139.989,191.258,0.554,16.8971,126.834
530.389,140.022,191.258,0.548,16.8965,126.836
530.739,148.551,191.258,0.547,17.4988,126.839
530.989,220.039,191.258,0.55,16.855,126.841
531.239,155.973,191.258,0.549,16.6127,126.843
531.489,176.032,191.258,0.549,16.615,126.844
531.739,203.937,191.258,0.555,16.6132,126.845
531.989,180.061,191.258,0.55,16.3178,126.847
532.239,155.966,191.258,0.552,16.9114,126.849
532.489,180.036,191.258,0.553,16.8995,126.85
532.739,155.97,191.258,0.562,16.6134,126.852
532.989,196.043,191.258,0.562,16.2633,126.884
533.239,151.966,191.258,0.527,16.6129,126.938
533.489,136.026,191.258,0.51,16.3354,127
533.739,151.971,191.258,0.484,15.8023,127.063
533.989,128.028,191.258,0.458,17.1916,127.136
534.239,143.968,191.258,0.431,17.4972,127.204
534.489,172.025,191.258,0.425,17.4893,127.266
534.739,199.97,191.258,0.432,18.1316,127.339
534.989,128.029,191.258,0.438,17.498,127.413
535.239,143.969,191.258,0.451,17.885,127.476
535.489,176.039,191.258,0.457,18.0361,127.543
535.739,135.968,191.258,0.433,17.9025,127.618
535.989,164.022,191.258,0.44,17.6712,127.685
536.239,155.97,191.258,0.452,17.491,127.754
536.489,120.035,191.258,0.456,17.4895,127.825
536.739,143.968,191.258,0.462,17.1916,127.901
536.989,132.03,191.258,0.465,16.8934,127.972
537.239,187.994,191.258,0.467,16.8948,128.042
537.489,123.995,191.258,0.467,16.8953,128.114
537.739,155.975,191.258,0.468,17.2015,128.185
537.989,139.98,191.258,0.468,17.4976,128.254
538.239,176.021,191.258,0.466,17.1898,128.324
538.489,172.041,191.258,0.463,17.4913,128.393
538.739,135.974,191.258,0.446,17.1925,128.468
538.989,136.01,191.258,0.432,17.8256,128.539
539.239,143.983,191.258,0.418,17.8261,128.613
539.489,120.029,191.258,0.406,17.819,128.682
539.739,155.965,191.258,0.403,17.8201,128.749
539.989,168.036,191.742,0.399,17.4568,128.812
540.239,147.959,191.746,0.381,17.5112,128.878
540.489,128.034,191.746,0.355,17.51,128.946
540.739,139.947,191.75,0.334,17.1874,129.017
540.989,136.045,191.75,0.332,17.2501,129.078
541.239,155.97,191.75,0.319,17.1896,129.139
541.489,124.024,191.75,0.315,17.8241,129.2
541.739,147.972,191.75,0.314,17.8201,129.258
541.989,176.018,191.75,0.314,17.5039,129.322
542.239,151.973,191.75,0.323,17.196,129.386
542.489,120.031,191.75,0.327,17.1949,129.444
542.739,159.965,191.75,0.336,17.8655,129.502
542.989,176.017,191.75,0.304,18.1485,129.556
543.243,173.71,191.75,0.278,18.4854,129.616
543.489,150.004,191.75,0.284,18.1482,129.681
543.69,184.156,191.75,0.294,18.4896,129.736
543.939,140.484,191.75,0.311,17.8143,129.807
544.189,140.005,191.75,0.318,17.8167,129.881
544.443,185.326,191.75,0.331,17.4962,129.954
544.689,150.201,191.75,0.351,17.5008,130.029
544.939,139.963,191.75,0.361,18.1476,130.101
545.189,132.022,191.75,0.37,17.8181,130.176
545.439,151.913,191.75,0.389,17.5006,130.248
545.689,128.081,191.75,0.398,17.499,130.313
545.939,183.95,191.75,0.415,17.1795,130.386
546.189,127.983,191.75,0.439,16.8996,130.46
546.439,180.038,191.75,0.475,16.8739,130.526
546.689,176.035,191.75,0.496,16.6278,130.601
546.939,136.001,191.75,0.551,16.6112,130.677
547.19,131.715,191.75,0.565,16.6078,130.75
547.439,184.325,191.75,0.565,16.6081,130.821
547.689,123.984,191.75,0.567,16.8992,130.892
547.939,131.991,191.75,0.571,16.9021,130.966
548.189,139.998,191.75,0.573,16.6248,131.037
548.439,139.98,191.75,0.58,16.9072,131.105
548.689,128.054,191.75,0.578,16.8991,131.179
548.939,148.006,191.75,0.577,17.1962,131.248
549.141,129.18,191.75,0.578,17.1991,131.309
549.389,172.85,191.75,0.582,17.1976,131.379
549.639,179.991,191.75,0.584,17.4596,131.45
549.889,128.025,191.75,0.584,17.5036,131.522
550.139,127.999,191.234,0.587,17.5067,131.593
550.389,148.012,191.246,0.587,17.5027,131.662
550.639,132.004,191.246,0.588,17.5032,131.737
550.889,119.992,191.246,0.561,17.5055,131.805
551.139,143.948,191.246,0.469,17.5071,131.876
551.389,128.043,191.246,0.432,17.8206,131.93
551.639,135.931,191.246,0.368,17.5068,131.98
551.889,128.075,191.246,0.328,17.5027,132.025
552.139,139.988,191.246,0.296,17.8315,132.056
552.389,136.013,191.246,0.299,17.5545,132.06
552.639,139.999,191.246,0.301,17.507,132.061
552.889,175.993,191.246,0.301,17.5021,132.062
553.139,136.006,191.246,0.301,17.5299,132.063
553.342,182.495,191.246,0.298,17.8197,132.063
553.589,145.564,191.246,0.289,17.5019,132.064
553.84,175.489,191.246,0.288,17.8186,132.066
554.089,128.402,191.246,0.288,17.8171,132.067
554.339,195.996,191.246,0.283,17.7963,132.068
554.589,128,191.246,0.276,17.5008,132.069
554.839,151.988,191.246,0.271,17.8176,132.071
555.089,135.948,191.246,0.268,17.8192,132.072
555.339,212.063,191.246,0.263,17.8154,132.073
555.589,143.996,191.246,0.256,17.8206,132.075
