time,cpu,memory,obstacle_distance,cmd_vel_frequency,distance_travelled
0.226989,0,114.285,0.246,49.9685,0
0.47708,79.971,114.285,0.258,50.0113,0.0320708
0.727066,92.0051,114.285,0.33,50.0167,0.104281
0.977127,79.9804,114.285,0.406,50.0335,0.170859
1.22699,100.054,114.285,0.468,49.9123,0.238597
1.47709,79.9694,114.285,0.483,49.9457,0.295354
1.727,88.0323,114.285,0.5,49.9777,0.351681
1.97708,79.9733,114.289,0.55,49.9716,0.414298
2.227,84.0268,114.289,0.58,49.9861,0.479093
2.47709,79.97,114.289,0.643,49.9904,0.549626
2.72701,88.0303,114.289,0.692,49.9948,0.62187
2.9771,83.9691,114.289,0.754,49.9237,0.686935
3.227,84.0323,114.289,0.787,49.9926,0.745799
3.47709,87.9704,114.289,0.824,49.9733,0.807063
3.727,92.032,114.289,0.846,49.9563,0.865067
3.97708,75.9766,114.289,0.865,49.9692,0.92282
4.22744,87.8718,114.289,0.874,50.0138,0.987995
4.47709,76.1072,114.289,0.88,50.0007,1.05725
4.72701,84.0281,114.289,0.876,49.9968,1.13164
4.97709,79.9722,114.289,0.849,49.9422,1.20779
5.22699,84.0362,114.289,0.836,49.9674,1.27985
5.47708,79.9694,114.301,0.822,49.977,1.35508
5.72698,96.0385,114.305,0.817,49.9428,1.42664
5.97709,79.9644,114.305,0.821,49.9413,1.50155
6.22699,84.0344,114.305,0.81,49.9914,1.57712
6.4771,79.9658,114.316,0.805,49.9953,1.65011
6.72702,84.0257,114.316,0.783,49.9838,1.72366
6.97709,79.9772,114.316,0.757,49.9851,1.79336
7.22701,84.0283,114.316,0.744,49.9492,1.85495
7.4771,79.9722,114.316,0.708,49.9773,1.91905
7.72697,88.0428,114.316,0.671,49.9933,1.98099
7.97709,87.9591,114.316,0.594,49.9753,2.04684
8.22699,88.034,114.316,0.551,50.0048,2.11438
8.4771,83.964,114.316,0.501,49.9935,2.1853
8.727,92.0357,114.316,0.475,49.9335,2.25738
8.97708,79.9745,114.316,0.435,49.9827,2.32929
9.227,84.0289,114.316,0.41,49.9539,2.39484
9.47709,83.9679,114.316,0.372,49.9791,2.46226
9.72699,84.0337,114.316,0.355,50.0097,2.52311
9.97712,75.9613,114.316,0.32,50.0057,2.58835
10.2271,100.004,114.316,0.305,49.9032,2.65696
10.4771,79.993,114.316,0.281,50.0007,2.718
10.727,84.0435,114.316,0.29,49.9871,2.78267
10.9772,83.9437,114.316,0.317,49.9491,2.85457
11.227,84.0472,114.316,0.334,49.9989,2.92244
11.4771,83.9748,114.316,0.368,49.9884,2.99044
11.727,88.037,114.316,0.384,49.9904,3.05326
11.9771,83.9634,114.316,0.419,49.9412,3.10592
12.227,84.0391,114.328,0.438,49.9903,3.1621
12.4771,95.9534,114.328,0.461,49.9428,3.21867
12.727,92.0414,114.332,0.477,49.9877,3.27421
12.9771,83.964,114.332,0.461,49.985,3.33349
13.2271,88.0092,114.332,0.434,49.951,3.39204
13.4771,87.9878,114.332,0.407,49.9191,3.45346
13.727,80.0434,114.332,0.402,50.0024,3.51424
13.9771,79.9601,114.332,0.399,49.9881,3.57906
14.227,92.0303,114.332,0.399,49.9922,3.652
14.4771,87.9701,114.332,0.399,50.0218,3.71819
14.727,84.0334,114.332,0.401,49.997,3.79398
14.9772,79.9549,114.332,0.406,49.9482,3.86729
15.227,84.0453,114.332,0.413,50.0033,3.93431
15.4771,79.9661,114.332,0.398,49.9983,4.00925
15.727,84.0374,114.332,0.386,50.0187,4.07943
15.9771,75.9713,114.332,0.372,50.0042,4.15072
16.227,80.0364,114.332,0.359,50.0184,4.22274
16.4772,91.9362,114.332,0.359,49.9837,4.28861
16.727,84.0559,114.332,0.359,49.9847,4.36377
16.9771,79.9701,114.332,0.354,49.9621,4.44137
17.227,80.0328,114.332,0.35,50.0097,4.51124
17.4771,87.9613,114.332,0.342,50.0438,4.58187
17.727,76.0237,114.332,0.339,50.0307,4.65476
17.9771,83.9655,114.332,0.329,49.9902,4.73339
18.227,84.0311,114.332,0.323,50.0239,4.80629
18.4771,83.9763,114.332,0.311,49.9952,4.87593
18.727,88.0361,114.336,0.327,49.9989,4.95284
18.9771,91.952,114.336,0.346,49.9694,5.02635
19.2271,96.0229,114.336,0.361,49.9817,5.09236
19.4771,83.9945,114.336,0.4,49.9083,5.16002
19.727,92.0237,114.336,0.434,49.9976,5.2178
19.9771,87.9686,114.336,0.47,49.9641,5.27518
20.227,92.0362,114.336,0.49,50.0261,5.33376
20.4771,87.9638,114.336,0.527,49.9807,5.38892
20.727,96.0424,114.336,0.546,50.0205,5.44666
20.9771,91.9607,114.336,0.558,49.9959,5.50267
21.227,96.0344,114.336,0.549,50.0034,5.55721
21.4771,91.9682,114.336,0.513,49.9462,5.61378
21.727,92.0343,114.336,0.499,50.0027,5.67822
21.9771,99.9468,114.336,0.493,49.9604,5.70361
22.227,104.049,114.336,0.495,49.9802,5.70408
22.4771,87.9717,114.336,0.493,50.0081,5.70415
22.727,92.0302,114.336,0.493,49.9932,5.70415
22.9771,83.9706,114.336,0.492,50.0153,5.70415
23.227,96.0416,114.336,0.492,49.9669,5.70415
23.4771,91.978,114.336,0.492,49.9434,5.70415
23.727,88.0302,114.488,0.492,49.9953,5.70415
23.9771,95.9586,114.488,0.493,49.9604,5.70415
24.227,104.039,114.488,0.493,49.9732,5.70415
24.4771,95.9613,114.488,0.491,49.9945,5.70415
24.727,88.025,114.488,0.491,49.9569,5.70415
24.9771,91.9849,114.488,0.492,50.0032,5.70415
25.227,96.0216,114.488,0.491,50.0048,5.70416
25.4771,87.9823,114.488,0.493,49.9408,5.70416
25.7271,95.9911,114.488,0.492,49.9684,5.70416
25.9771,83.9993,114.488,0.491,49.9848,5.70416
26.227,96.0333,114.488,0.492,49.9796,5.70416
26.4771,107.945,114.488,0.492,49.9708,5.70416
26.727,92.0364,114.488,0.493,49.9864,5.72106
26.9771,87.9736,114.488,0.504,49.9898,5.77999
27.227,92.0268,114.488,0.522,50.0195,5.84073
27.4771,83.9754,114.488,0.565,49.9974,5.91296
27.7272,91.9474,114.488,0.558,49.9729,5.97979
27.9771,88.048,114.488,0.57,49.9986,6.05554
28.2271,91.9934,114.488,0.6,49.9985,6.12909
28.4771,96.0025,114.488,0.624,49.9954,6.19533
28.7273,95.9268,114.488,0.627,50.0049,6.26454
28.9771,92.0604,114.488,0.614,49.9278,6.3312
29.2271,92.0176,114.488,0.407,50.0107,6.38539
29.4771,84.0015,114.488,0.447,49.922,6.44398
29.727,92.022,114.488,0.444,50.0165,6.50106
29.9771,87.9705,114.488,0.552,49.8838,6.56242
30.2271,100.026,114.488,0.814,49.9715,6.62687
30.4771,83.9827,114.488,0.831,49.9916,6.68326
30.727,108.034,114.488,0.814,49.9968,6.74468
30.9771,91.9699,114.488,0.794,49.9945,6.80183
31.227,96.0351,114.488,0.762,49.9723,6.86339
31.4771,87.9722,114.488,0.744,49.9881,6.92935
31.727,100.02,114.488,0.736,50.0061,6.99572
31.9771,91.9856,114.488,0.724,49.9305,7.0632
32.227,92.0303,114.488,0.719,49.9506,7.13763
32.4771,91.9556,114.488,0.716,49.953,7.20838
32.727,100.055,114.488,0.709,49.9951,7.28077
32.9771,107.946,114.488,0.712,49.9732,7.35755
33.2272,95.9719,114.488,0.728,49.9831,7.42513
33.4771,92.0304,114.488,0.723,49.9785,7.49767
33.727,92.0251,114.488,0.671,50.0002,7.56514
33.9771,91.9764,114.488,0.645,49.9833,7.63868
34.2275,95.83,114.488,0.61,49.9624,7.71
34.4771,96.1665,114.488,0.595,49.9912,7.76961
34.7271,108.009,114.488,0.588,49.9996,7.83669
34.9771,91.997,114.488,0.596,49.9671,7.9031
35.227,92.0233,114.488,0.618,50.0141,7.96328
35.4771,91.972,114.488,0.644,49.989,8.03206
35.7274,99.9,114.488,0.695,49.965,8.09404
35.9771,100.108,114.488,0.733,49.9556,8.15951
36.2271,99.9779,114.488,0.799,49.9609,8.22701
36.4771,108,114.488,0.838,49.9562,8.28727
36.7271,96.0176,114.488,0.911,50.0511,8.34993
36.9771,100.003,114.488,0.939,49.9678,8.41015
37.2271,99.9898,114.488,0.922,49.9324,8.46909
37.4771,92.0003,114.488,0.927,49.9732,8.53777
37.727,96.0314,114.488,0.945,49.9644,8.60998
37.9774,91.8499,114.488,0.951,50.0007,8.68219
38.2271,96.151,114.488,0.983,50.0007,8.75153
38.4771,95.9723,114.488,0.997,49.9956,8.81195
38.7271,108.011,114.488,1.027,49.978,8.88332
38.9771,91.9851,114.488,1.057,50,8.95821
39.227,104.048,114.488,0.905,50.0449,9.02651
39.4771,91.9683,114.488,0.745,50.0024,9.10289
39.727,92.0325,114.488,0.627,49.985,9.17391
39.9771,91.9616,114.488,0.681,49.9762,9.24613
40.227,96.0318,114.488,0.848,49.9751,9.3203
40.4772,95.9458,114.488,1.184,50.0061,9.38924
40.727,92.0559,114.488,1.205,50.024,9.46625
40.9771,103.966,114.488,1.223,49.9872,9.54342
41.227,92.0391,114.488,1.245,50.0042,9.61164
41.4771,95.9703,114.488,1.268,49.962,9.68408
41.727,96.0261,114.488,1.292,49.9796,9.75177
41.9771,87.9676,114.488,1.316,49.9941,9.82787
42.227,92.03,114.488,1.326,50.0199,9.90117
42.4772,95.9305,114.488,1.262,49.9971,9.96881
42.727,92.0654,114.488,1.186,50.0087,10.0411
42.9771,91.9633,114.488,1.127,49.9716,10.1106
43.227,104.044,114.488,1.035,49.9776,10.1717
43.4771,87.965,114.488,0.984,50.018,10.23
43.7272,103.967,114.488,0.936,49.9716,10.2664
43.9771,92.0332,114.488,0.94,49.939,10.2703
44.227,92.0409,114.488,0.941,49.9967,10.2715
44.4771,91.9506,114.488,0.941,50.0026,10.2741
44.827,100.026,114.488,0.92,49.9958,10.2784
45.0771,99.9737,114.645,0.934,49.9301,10.2796
45.327,96.0334,114.645,0.931,50.0395,10.2802
45.5771,91.966,114.645,0.917,49.9794,10.282
45.827,88.0287,114.645,0.933,50.0772,10.2832
46.0774,91.8602,114.645,0.915,50.0216,10.2848
46.327,96.1525,114.645,0.914,50.0141,10.288
46.5771,91.9658,114.648,0.914,49.9846,10.2902
46.827,104.039,114.648,0.906,50.0377,10.3005
47.0771,111.974,114.648,0.948,49.9865,10.3495
47.327,96.0173,114.648,1.006,50.0114,10.4052
47.5771,87.9783,114.648,1.357,49.9852,10.4702
47.827,92.0221,114.648,1.167,49.9875,10.5354
48.0772,95.937,114.648,1.194,49.9864,10.5993
48.327,96.081,114.648,1.377,49.9861,10.6719
48.5772,91.9385,114.648,1.369,49.9755,10.743
48.8271,96.0382,114.648,1.39,50.0334,10.811
49.0771,103.978,114.648,1.375,50.0611,10.8875
49.3272,99.9627,114.648,1.345,50.0826,10.9574
49.5771,100.041,114.648,1.328,49.9732,11.029
49.827,92.031,114.648,1.309,49.9806,11.106
50.0772,87.9308,114.648,1.286,50.0038,11.1767
50.327,104.072,114.648,1.223,49.9597,11.2439
50.5771,87.9789,114.648,1.188,49.9754,11.3103
50.827,104.035,114.648,1.131,50.0096,11.386
51.0771,95.9606,114.648,1.086,50.0505,11.4604
51.327,112.053,114.648,1.031,49.9592,11.526
51.5771,91.9493,114.648,1.004,49.9578,11.5989
51.827,96.0611,114.648,0.965,50.0025,11.6709
52.0771,91.9368,114.648,0.943,49.9885,11.737
52.327,100.06,114.648,0.915,49.9868,11.8119
52.5771,87.9664,114.648,0.904,50.0054,11.8855
52.827,108.054,114.648,0.895,50.0115,11.9589
53.0771,103.941,114.648,0.899,50.0107,12.0293
53.327,100.036,114.648,0.899,49.9609,12.0902
53.5771,99.9509,114.648,0.914,49.9434,12.1573
53.827,100.058,114.648,0.944,49.9715,12.2199
54.0772,91.9362,114.648,0.906,49.9606,12.2844
54.327,96.0669,114.648,0.839,50.0203,12.3523
54.5772,99.9391,114.648,0.795,50.0113,12.4257
54.827,112.076,114.648,0.729,50.0319,12.4962
55.0773,103.876,114.648,0.69,49.9733,12.5665
55.327,92.0913,114.648,0.631,50.0201,12.644
55.5771,95.9696,114.648,0.601,49.9462,12.7168
55.827,100.045,114.648,0.565,50.075,12.7925
56.0771,95.9587,114.648,0.54,50.0069,12.8579
56.327,92.046,114.648,0.529,50.0108,12.9268
56.5771,103.932,114.648,0.529,49.9647,12.9906
56.827,104.06,114.648,0.542,50.0077,13.0526
57.0771,99.9445,114.648,0.564,49.9718,13.1156
57.327,100.059,114.648,0.603,50.0138,13.1747
57.5771,91.9622,114.648,0.643,50.0037,13.2465
57.827,96.0415,114.648,0.647,50.0124,13.3244
58.0771,91.947,114.648,0.651,50.021,13.3918
58.327,92.0486,114.648,0.67,50.0113,13.4567
58.5772,99.9226,114.648,0.683,49.9688,13.524
58.827,96.0626,114.648,0.716,49.9976,13.5997
59.0771,87.9733,114.648,0.737,49.97,13.6731
59.327,104.041,114.648,0.761,50.052,13.7321
59.5773,103.881,114.648,0.78,49.9535,13.7957
59.8271,96.0835,114.648,0.796,49.9504,13.8576
60.0771,91.9794,114.648,0.804,49.9421,13.9144
60.327,92.0506,114.648,0.802,50.0278,13.9742
60.5772,91.9406,114.648,0.8,50.1099,14.0309
60.827,92.0608,114.648,0.788,50.0055,14.0865
61.0772,95.9236,114.648,0.78,49.9863,14.1423
61.327,96.0751,114.648,0.747,49.973,14.1973
61.5771,91.966,114.648,0.732,50.0146,14.2585
61.827,96.0326,114.648,0.695,50.0707,14.3137
62.0771,91.9521,114.648,0.667,50.0084,14.3741
62.327,96.0387,114.648,0.615,50.02,14.4472
62.5772,95.9294,114.648,0.584,49.9669,14.515
62.827,96.0814,114.648,0.541,49.9415,14.5867
63.0775,95.8155,114.648,0.518,49.9511,14.6515
63.327,96.1868,114.648,0.491,49.9857,14.7269
63.5772,91.9326,114.648,0.485,50.0345,14.7995
63.827,100.082,114.648,0.478,49.9861,14.8743
64.0772,95.9294,114.648,0.475,50.0167,14.9394
64.327,100.062,114.648,0.473,49.9991,14.9999
64.5772,99.9259,114.648,0.47,50,15.0605
64.827,104.082,114.648,0.477,50.0392,15.1238
65.0772,91.928,114.648,0.48,49.9796,15.1874
65.327,88.0687,114.648,0.477,50.0169,15.2429
65.5776,95.7764,114.648,0.473,49.9831,15.3046
65.827,96.2266,114.648,0.459,50.0066,15.3589
66.0771,91.9527,114.648,0.452,50.0721,15.4185
66.327,100.049,114.648,0.399,50.0193,15.474
66.5772,95.9188,114.648,0.358,49.9849,15.5346
66.827,92.075,114.648,0.314,49.9762,15.6018
67.0771,87.9533,114.648,0.291,49.8887,15.6694
67.327,92.0532,114.648,0.269,50.0485,15.7307
67.5771,83.9657,114.648,0.272,50.07,15.8056
67.827,84.0324,114.648,0.286,50.0031,15.8798
68.0772,87.9433,114.648,0.302,49.9974,15.9441
68.327,84.0567,114.648,0.316,49.999,16.0128
68.5772,83.9475,114.648,0.323,49.9597,16.0852
68.827,88.0516,114.648,0.331,50.018,16.1564
69.0771,83.9514,114.648,0.338,49.9927,16.2275
69.327,84.0523,114.648,0.347,50.0247,16.296
69.5771,83.954,114.648,0.352,49.9829,16.3729
69.7778,79.731,114.648,0.357,49.9657,16.4316
70.027,84.2732,114.648,0.367,50.0135,16.5084
70.2771,79.9582,114.648,0.383,49.9636,16.5808
70.527,84.0455,114.648,0.412,50.0695,16.6512
70.7772,79.9319,114.648,0.444,50.0415,16.7249
71.027,84.0657,114.648,0.448,50.0048,16.8007
71.2771,79.9599,114.648,0.449,49.9799,16.8703
71.527,84.045,114.648,0.452,50.0257,16.9412
71.7771,79.9632,114.648,0.453,49.981,17.0105
72.027,92.0528,114.648,0.453,49.9854,17.0827
72.2772,87.9055,114.648,0.457,49.965,17.1561
72.527,96.0948,114.648,0.464,49.9421,17.2242
72.7772,87.9406,114.648,0.47,49.9333,17.2961
73.027,84.0564,114.648,0.479,50.119,17.3676
73.2771,83.9545,114.648,0.484,50.0565,17.4415
73.527,84.042,114.648,0.488,50.0351,17.5098
73.7772,79.9534,114.648,0.489,49.9752,17.5765
74.027,88.0599,114.648,0.459,49.9838,17.6488
74.2773,83.8978,114.648,0.451,49.9859,17.7249
74.527,88.1015,114.648,0.436,49.9918,17.7903
74.7772,91.93,114.648,0.445,49.9864,17.8643
75.027,88.0653,114.648,0.455,49.9789,17.9357
75.2772,83.9472,114.648,0.454,49.9782,17.9992
75.527,84.0611,114.648,0.441,50.1006,18.07
75.7772,83.9321,114.648,0.441,49.9617,18.136
76.027,84.0604,114.648,0.441,50.0339,18.2114
76.2772,83.9202,114.648,0.442,49.9672,18.2858
76.527,92.0954,114.648,0.448,50.0149,18.353
76.7771,83.9457,114.648,0.451,50.0121,18.4229
77.027,84.0485,114.648,0.459,50.0246,18.4888
77.2772,79.9498,114.648,0.462,50.0518,18.5658
77.527,84.0483,114.648,0.465,50.0289,18.637
77.7772,83.9413,114.648,0.466,50.0102,18.7078
78.027,84.0608,114.648,0.465,49.9996,18.7828
78.277,80.0011,114.648,0.459,49.9874,18.857
78.527,83.996,114.648,0.456,50.024,18.9284
78.7772,95.9216,114.648,0.455,49.9809,19.0046
78.9785,74.5323,114.648,0.455,49.9621,19.061
79.227,84.4978,114.648,0.454,50.0082,19.1365
79.4783,87.5314,114.648,0.454,50.0142,19.215
79.727,84.4552,114.648,0.454,50.0338,19.2862
79.9772,83.9441,114.648,0.454,50.0002,19.3609
80.227,84.0541,114.648,0.455,50.079,19.4299
80.4772,87.9368,114.652,0.46,50.0111,19.5046
80.727,88.0662,114.652,0.462,49.9933,19.576
80.9771,91.9645,114.652,0.466,50.0008,19.6374
81.227,88.0278,114.652,0.469,50.0154,19.7024
81.4772,91.9375,114.652,0.478,50.0013,19.7685
81.727,92.0675,114.652,0.48,49.9773,19.8275
81.9773,87.9012,114.652,0.49,50.0079,19.8898
82.227,100.111,114.652,0.502,50.0185,19.9467
82.4771,95.9528,114.652,0.513,49.9963,20.0012
82.727,92.0406,114.652,0.517,50.0299,20.0608
82.9771,87.9559,114.652,0.491,49.9679,20.1158
83.227,92.0497,114.652,0.472,50.0098,20.178
83.4771,83.9523,114.652,0.454,49.9918,20.2509
83.727,92.0518,114.652,0.443,49.9929,20.3228
83.9772,87.9232,114.652,0.426,50.0148,20.3997
84.227,84.0826,114.652,0.404,50.0182,20.4713
84.4772,95.9178,114.652,0.401,49.9872,20.5419
84.727,88.0727,114.652,0.411,50.009,20.6102
84.9772,83.9303,114.652,0.422,50.0167,20.6787
85.227,84.0672,114.652,0.433,49.9771,20.7548
85.4772,79.9442,114.652,0.427,50.0141,20.8235
85.727,84.0543,114.652,0.422,50.009,20.8936
85.9771,75.965,114.652,0.429,50.0001,20.9671
86.227,84.044,114.652,0.416,50.0037,21.0394
86.4773,87.8928,114.652,0.4,49.9793,21.109
86.727,84.1013,114.652,0.394,49.9905,21.1832
86.9772,79.9244,114.652,0.403,49.9687,21.252
87.227,88.0774,114.652,0.407,50.005,21.3224
87.4772,91.9162,114.652,0.411,50.0428,21.3935
87.727,88.0895,114.652,0.417,49.9594,21.4631
87.9772,79.9454,114.652,0.429,49.9805,21.5392
88.227,88.0545,114.652,0.436,50.0589,21.609
88.4772,83.9403,114.652,0.447,50.0145,21.6791
88.727,80.0557,114.652,0.453,50.0251,21.7492
88.9771,79.9601,114.652,0.46,50.0196,21.8152
89.227,80.0452,114.652,0.464,50.0325,21.8918
89.4772,79.9398,114.652,0.463,49.9935,21.9637
89.727,84.0617,114.652,0.443,49.9883,22.0315
89.9772,79.9258,114.652,0.459,49.9902,22.1067
90.227,92.0825,114.652,0.468,50.0048,22.1843
90.4771,87.967,114.652,0.482,49.9788,22.2552
90.727,80.0287,114.652,0.483,50.0049,22.3288
90.9771,83.9513,114.652,0.483,49.9645,22.4007
91.227,84.0498,114.652,0.483,50.0541,22.4782
91.4772,79.9287,114.652,0.429,49.9654,22.5559
91.727,88.0824,114.652,0.393,49.9809,22.6262
91.9772,99.9141,114.652,0.351,49.9648,22.7
92.227,92.0764,114.652,0.324,49.9699,22.7727
92.4771,83.9669,114.652,0.312,50.0519,22.8484
92.727,84.0309,114.652,0.314,50.0083,22.9191
92.9771,87.9612,114.652,0.323,50.0222,22.9834
93.227,92.0415,114.652,0.333,50.0229,23.0552
93.4774,87.8568,114.652,0.346,49.9509,23.1135
93.727,88.1472,114.652,0.36,50.0052,23.1839
93.9772,83.918,114.652,0.392,49.9966,23.2615
94.227,96.0825,114.652,0.419,50.0054,23.3286
94.4772,95.938,114.652,0.446,50.0287,23.3961
94.727,92.0637,114.652,0.454,49.9802,23.4662
94.9772,83.9349,114.652,0.47,49.9434,23.5321
95.227,92.0776,114.652,0.478,49.9768,23.6039
95.4772,87.9154,114.652,0.492,50.0103,23.6748
95.727,84.0763,114.652,0.504,50.0212,23.7412
95.9772,83.9334,114.652,0.527,49.9847,23.813
96.227,92.0765,114.652,0.531,49.9935,23.8914
96.4771,83.9652,114.652,0.53,49.9697,23.9621
96.727,88.0409,114.652,0.53,50.004,24.0317
96.9772,83.9261,114.652,0.534,50.0273,24.0989
97.227,92.0677,114.652,0.537,50.002,24.1752
97.4771,87.97,114.652,0.542,49.9525,24.2522
97.727,88.0383,114.652,0.543,50.0216,24.3231
97.9771,79.9642,114.652,0.545,49.9798,24.3924
98.227,84.0319,114.652,0.547,50.061,24.4605
98.4771,83.9694,114.652,0.546,49.9709,24.5347
98.727,88.034,114.652,0.546,50.0003,24.6125
98.9771,79.9667,114.652,0.545,49.9633,24.6845
99.227,88.0378,114.652,0.544,50.0428,24.7569
99.4771,87.9646,114.652,0.545,49.9424,24.8262
99.727,80.0403,114.652,0.546,49.9918,24.8737
99.9771,83.9569,114.652,0.55,49.9486,24.8823
100.227,84.0387,114.652,0.558,50.0773,24.8843
100.477,83.9631,114.652,0.558,49.96,24.886
100.727,88.0383,114.652,0.558,50.0045,24.8878
100.977,79.9451,114.652,0.547,49.9831,24.8888
101.277,93.2996,114.652,0.546,50.0422,24.8911
101.527,84.0952,114.652,0.546,50.0335,24.892
101.777,83.9405,114.652,0.546,49.8962,24.8929
102.027,84.057,114.652,0.546,50.0081,24.8939
102.277,79.9685,114.652,0.549,50.012,24.8951
102.527,80.0296,114.652,0.554,49.9766,24.9057
102.777,87.9386,114.652,0.534,50.0048,24.9568
103.027,84.0572,114.652,0.523,49.9702,25.0111
103.277,91.9119,114.652,0.508,49.9249,25.0722
103.527,92.0859,114.652,0.507,50.0118,25.1392
103.777,87.9659,114.652,0.508,50.0506,25.2082
104.027,84.0368,114.652,0.508,50.0159,25.2838
104.277,83.9661,114.652,0.511,50.0024,25.3579
104.527,84.026,114.652,0.516,50.0527,25.4267
104.777,75.9464,114.652,0.52,49.9787,25.5036
105.027,80.0654,114.652,0.521,50.0005,25.5821
105.277,83.94,114.652,0.524,49.9787,25.6542
105.527,96.0674,114.652,0.528,49.9735,25.7263
105.777,91.8694,114.652,0.528,50.0554,25.7916
106.027,92.1352,114.652,0.526,49.9735,25.8616
106.277,83.9649,114.652,0.523,49.9594,25.9325
106.527,92.0313,114.652,0.526,49.9387,26.0025
106.777,83.9607,114.652,0.53,49.9664,26.0798
107.027,92.0476,114.652,0.531,49.9935,26.15
107.277,83.9669,114.699,0.534,49.9763,26.2223
107.527,88.0365,114.699,0.536,50.0209,26.29
107.777,83.9048,114.699,0.543,50.0328,26.3504
108.027,100.11,114.699,0.517,50.0319,26.4158
108.277,91.9238,114.699,0.456,49.9714,26.4826
108.527,92.0774,114.699,0.419,49.9953,26.5458
108.777,83.9647,114.699,0.363,49.9799,26.6154
109.027,88.0357,114.699,0.329,49.9917,26.6836
109.277,87.9412,114.699,0.293,49.9948,26.7556
109.527,96.062,114.699,0.283,50.0229,26.828
109.777,91.9228,114.699,0.277,49.9602,26.8887
109.979,84.3535,114.699,0.28,49.9459,26.9434
110.227,92.6486,114.699,0.279,50.0215,27.0085
110.477,91.9513,114.699,0.3,49.9749,27.0809
110.727,84.0425,114.699,0.318,50.0279,27.1528
110.977,83.9571,114.699,0.357,50.0161,27.2212
111.227,88.0484,114.699,0.392,50.0146,27.2976
111.477,83.9623,114.699,0.454,49.9722,27.3722
111.727,80.0265,114.699,0.47,49.9942,27.4426
111.977,87.9472,114.699,0.471,49.9806,27.5167
112.227,84.0525,114.699,0.47,50.0185,27.5908
112.477,87.9244,114.699,0.455,49.9678,27.6693
112.727,92.0838,114.699,0.442,50.002,27.7445
112.977,83.9428,114.699,0.428,49.9945,27.812
113.227,88.0682,114.699,0.43,50.0003,27.887
113.477,83.9485,114.699,0.437,49.9995,27.9642
113.727,84.0478,114.699,0.439,50.0074,28.0343
113.977,79.9247,114.699,0.441,50.0017,28.1054
114.227,88.0883,114.699,0.441,50.0125,28.1736
114.477,79.9259,114.699,0.442,49.9802,28.2495
114.727,96.0775,114.699,0.442,49.9932,28.3243
114.977,91.9251,114.699,0.442,50.0597,28.3888
115.227,80.0635,114.699,0.442,50.0018,28.4574
115.477,83.9661,114.699,0.443,49.9872,28.5342
115.727,92.0462,114.699,0.444,50.05,28.607
115.977,75.9398,114.699,0.432,50.0681,28.6771
116.227,88.0646,114.699,0.443,49.9806,28.7478
116.477,83.9536,114.699,0.464,49.988,28.8239
116.727,92.0508,114.699,0.476,49.9835,28.9004
116.977,87.9014,114.699,0.48,50.0666,28.9668
117.227,84.0973,114.699,0.483,49.9809,29.0302
117.477,83.951,114.699,0.485,49.9803,29.1033
117.727,88.0469,114.699,0.482,50.0692,29.1762
117.977,79.925,114.699,0.458,50.0548,29.2515
118.227,88.0795,114.699,0.447,49.9718,29.3186
118.477,83.9431,114.699,0.449,49.9681,29.3919
118.727,92.0662,114.699,0.453,49.9806,29.4674
118.977,83.9601,114.699,0.456,50.0775,29.5384
119.227,92.0478,114.699,0.46,50.0416,29.6066
119.477,95.8386,114.699,0.463,49.9927,29.6657
119.727,96.1628,114.699,0.469,50.0213,29.724
119.977,91.9235,114.699,0.484,49.9715,29.7857
120.227,96.0765,114.699,0.499,49.9749,29.8428
120.477,95.8901,114.699,0.537,50.0641,29.8995
120.727,100.118,114.699,0.551,50.0481,29.9586
120.977,95.905,114.699,0.492,50.0095,30.0152
121.227,92.0876,114.699,0.456,50.0755,30.0724
121.477,111.923,114.699,0.415,50.0795,30.1332
121.727,88.0589,114.699,0.394,50.0412,30.1893
121.977,87.9515,114.699,0.392,49.9984,30.2519
122.227,92.0513,114.699,0.392,50.0508,30.3175
122.477,87.9318,114.699,0.399,49.987,30.3927
122.727,92.0802,114.699,0.406,50.0369,30.4686
122.977,83.9347,114.699,0.412,49.9837,30.5387
123.227,88.0676,114.699,0.419,50.04,30.6128
123.477,87.9521,114.699,0.424,49.9959,30.6835
123.727,92.045,114.699,0.426,50.0195,30.7593
123.977,83.9504,114.699,0.427,50.0054,30.834
124.227,88.0485,114.699,0.428,49.997,30.9061
124.477,83.9459,114.699,0.428,49.9524,30.983
124.727,88.0595,114.699,0.429,50.1062,31.0554
124.977,75.9474,114.699,0.429,50.0608,31.1235
125.227,88.0633,114.699,0.429,50.0002,31.197
125.477,79.9642,114.699,0.434,49.9926,31.2688
125.727,88.0372,114.699,0.437,49.986,31.3463
125.977,91.9429,114.699,0.44,49.9763,31.4209
126.227,80.0555,114.699,0.441,50.0155,31.4908
126.477,83.9517,114.699,0.449,49.9799,31.566
126.727,84.0433,114.699,0.452,50.1452,31.6412
126.977,83.9531,114.699,0.454,49.9836,31.7066
127.227,88.0302,114.699,0.455,49.966,31.7797
127.477,79.959,114.699,0.456,49.9516,31.8562
127.727,88.0675,114.699,0.456,50.0251,31.9282
127.977,79.9583,114.699,0.454,50.0063,31.9987
128.227,96.0471,114.699,0.432,50.0197,32.0612
128.477,95.9216,114.699,0.432,50.0732,32.1325
128.727,92.0785,114.699,0.429,49.9812,32.2099
128.977,79.9575,114.699,0.437,50.0271,32.2781
129.227,88.0428,114.699,0.454,50.1011,32.3455
129.477,87.9472,114.699,0.486,50.0206,32.4125
129.727,84.0567,114.699,0.524,50.0152,32.479
129.977,87.9357,114.699,0.484,50.0133,32.5503
130.227,92.0504,114.699,0.455,49.9337,32.615
130.477,87.9475,114.699,0.416,49.9749,32.6903
130.727,84.0663,114.699,0.402,49.9901,32.7669
130.977,99.9159,114.699,0.394,50.0544,32.8387
131.227,88.0748,114.699,0.398,49.9591,32.909
131.477,83.9491,114.699,0.405,50.0026,32.9754
131.727,80.0475,114.699,0.408,50.0219,33.0481
131.977,83.9347,114.699,0.412,49.9824,33.1204
132.227,80.0525,114.699,0.405,50.0109,33.1885
132.477,83.9518,114.699,0.374,49.9528,33.2593
132.727,84.0433,114.699,0.355,49.99,33.3297
132.977,83.9458,114.699,0.34,50.0074,33.4023
133.227,84.0523,114.699,0.339,50.0048,33.4769
133.477,79.9632,114.699,0.339,49.9821,33.5458
133.727,88.0441,114.699,0.339,50.0124,33.6206
133.977,87.9535,114.699,0.339,49.9803,33.6958
134.227,88.0427,114.699,0.335,49.9883,33.7678
134.477,79.964,114.699,0.333,49.977,33.8435
134.727,88.013,114.699,0.331,50.037,33.9181
134.977,79.9921,114.699,0.325,50.0184,33.9905
135.227,88.0436,114.699,0.32,50.025,34.0663
135.477,91.92,114.699,0.324,49.9615,34.1372
135.727,88.0712,114.699,0.327,49.9771,34.2142
135.977,91.941,114.699,0.334,49.9512,34.2917
136.227,92.0384,114.699,0.36,50.0434,34.3491
136.477,87.959,114.699,0.387,49.9922,34.4166
136.727,96.0696,114.699,0.441,50.0185,34.4803
136.977,87.9675,114.699,0.47,50.0129,34.5401
137.227,100.045,114.699,0.494,50.0176,34.5999
137.477,91.942,114.699,0.517,49.958,34.6612
137.727,104.05,114.699,0.546,49.9896,34.7184
137.977,95.9478,114.699,0.559,49.9721,34.7779
138.227,104.066,114.699,0.586,49.9523,34.8334
138.477,91.9521,114.699,0.563,49.9981,34.8914
138.727,96.0476,114.699,0.534,49.9778,34.9464
138.977,95.9402,114.699,0.53,49.991,35.006
139.227,92.0552,114.699,0.525,50.044,35.0749
139.477,87.9188,114.699,0.523,49.9789,35.1413
139.727,96.0911,114.699,0.524,50.0046,35.2114
139.977,83.9707,114.699,0.527,49.9615,35.2819
140.227,92.0346,114.699,0.536,49.9832,35.3532
140.477,79.9581,114.699,0.54,50.0219,35.4283
140.727,100.049,114.699,0.542,50.0091,35.5019
140.977,87.9603,114.699,0.549,49.9962,35.5735
141.227,84.0455,114.699,0.565,49.9865,35.6488
141.477,79.9512,114.699,0.577,49.9774,35.7154
141.727,92.0436,114.699,0.58,49.9807,35.7813
141.977,79.9672,114.699,0.584,49.9804,35.8444
142.227,83.9609,114.699,0.595,49.9681,35.8847
142.477,84.0292,114.699,0.6,49.97,35.8903
142.727,92.0549,114.699,0.591,49.9666,35.8931
142.977,87.9593,114.699,0.59,49.998,35.8956
143.227,92.0288,114.75,0.59,50.0238,35.8979
143.477,87.9293,114.75,0.589,50.0344,35.8989
143.727,84.0777,114.75,0.592,49.9701,35.901
143.977,83.9486,114.75,0.588,49.9437,35.9082
144.227,92.0557,114.75,0.593,49.9892,35.9149
144.477,83.9424,114.75,0.592,50.0236,35.9217
144.727,84.0659,114.75,0.597,49.9739,35.9273
144.977,87.9386,114.75,0.6,50.0818,35.955
145.227,95.9971,114.75,0.606,49.9721,36.0078
145.477,92.0305,114.75,0.576,49.9857,36.0636
145.727,80.0254,114.75,0.543,49.9889,36.1325
145.977,87.9439,114.75,0.528,49.9816,36.2082
146.227,88.0564,114.75,0.523,50.0535,36.2704
146.477,79.9668,114.75,0.528,49.9816,36.3473
146.727,88.0353,114.75,0.533,50.0144,36.423
146.977,79.9781,114.75,0.538,50.0068,36.4903
147.227,92.0237,114.75,0.548,50.0255,36.5602
147.477,91.8958,114.75,0.552,49.9788,36.631
147.727,88.1079,114.75,0.554,49.9647,36.7043
147.977,87.9491,114.75,0.556,49.9829,36.7754
148.227,88.041,114.75,0.558,50.0432,36.8381
148.477,87.9644,114.75,0.563,49.9644,36.9065
148.727,96.0509,114.75,0.573,50.0031,36.9624
148.977,87.9532,114.75,0.583,49.9883,37.0168
149.227,100.027,114.75,0.59,49.9847,37.0732
149.477,87.9696,114.75,0.587,49.9838,37.1259
149.728,99.8463,114.75,0.583,50.0042,37.182
149.977,104.158,114.75,0.538,50.0095,37.2372
150.227,100.054,114.75,0.481,49.9829,37.2888
150.477,95.9414,114.75,0.437,49.9761,37.3465
150.727,88.051,114.75,0.38,49.9903,37.4045
150.977,87.9562,114.75,0.343,49.982,37.4696
151.227,96.0418,114.75,0.303,50.0001,37.5421
151.477,83.9694,114.75,0.285,49.9648,37.6127
151.727,92.0342,114.75,0.276,49.9756,37.6835
151.977,95.9578,114.75,0.288,50.0344,37.761
152.227,92.0314,114.75,0.311,49.9496,37.838
152.477,83.9766,114.75,0.337,49.9804,37.9044
152.727,84.0276,114.75,0.353,50.0171,37.9728
152.977,79.9643,114.75,0.355,50.0348,38.0428
153.227,84.0493,114.75,0.362,50.0085,38.1169
153.477,83.972,114.75,0.364,49.9688,38.1855
153.727,84.0256,114.75,0.368,49.9836,38.2575
153.977,79.9655,114.75,0.374,49.9743,38.332
154.227,88.0434,114.75,0.381,49.9591,38.4035
154.477,79.9577,114.75,0.387,49.9653,38.4775
154.727,100.049,114.75,0.403,49.9995,38.5476
154.977,79.9626,114.75,0.421,49.9683,38.6226
155.227,84.0406,114.75,0.43,50.0726,38.6992
155.477,79.9613,114.75,0.43,49.979,38.7685
155.727,88.0327,114.75,0.436,50.0122,38.8384
155.977,83.9531,114.75,0.439,49.9545,38.9119
156.227,88.0576,114.75,0.442,49.9587,38.9833
156.477,87.9471,114.75,0.443,49.9674,39.0567
156.727,96.0585,114.75,0.45,49.9971,39.1258
156.977,87.9205,114.75,0.456,50.0123,39.1926
157.227,96.0578,114.75,0.464,49.9773,39.265
157.477,83.9836,114.75,0.472,49.9593,39.3328
157.727,88.0559,114.75,0.483,49.9964,39.4044
157.977,79.9493,114.75,0.488,50.0048,39.475
158.227,92.0547,114.75,0.491,49.9993,39.5377
158.477,87.9411,114.75,0.472,49.9407,39.6107
158.727,92.0621,114.75,0.453,50.005,39.6801
158.977,87.9478,114.75,0.445,49.9811,39.7558
159.227,92.0535,114.75,0.449,50.0215,39.8312
159.477,87.9339,114.75,0.457,49.9598,39.9005
159.727,96.0629,114.75,0.462,49.9692,39.974
159.977,79.9647,114.75,0.455,50.0089,40.0428
160.227,84.0377,114.75,0.449,50.0847,40.1064
160.477,79.9514,114.75,0.449,50.0309,40.18
160.727,92.0728,114.75,0.453,49.9603,40.2566
160.977,87.9326,114.75,0.455,50.04,40.3282
161.227,88.053,114.75,0.456,50.019,40.4011
161.477,83.9697,114.75,0.459,50.0877,40.4673
161.727,88.0296,114.75,0.464,50.0304,40.5449
161.977,87.9669,114.75,0.465,49.9433,40.6228
162.227,84.0388,114.75,0.463,50.0037,40.6926
162.477,87.9454,114.75,0.461,49.9692,40.7702
162.727,84.0536,114.75,0.459,50.0757,40.8424
162.977,79.9495,114.75,0.458,49.9992,40.9199
163.227,88.03,114.75,0.458,50.0024,40.9964
163.477,83.9792,114.75,0.458,50.0054,41.0675
163.727,84.0466,114.75,0.458,49.9999,41.144
163.977,83.9546,114.75,0.458,49.9828,41.222
164.227,92.057,114.75,0.458,49.9873,41.292
164.477,91.9479,114.75,0.458,49.9839,41.367
164.727,92.0396,114.75,0.458,50.0093,41.4336
164.977,87.9684,114.75,0.458,49.987,41.5073
165.227,91.9739,114.75,0.462,50.1033,41.5818
165.477,88.0094,114.75,0.464,49.9968,41.651
165.727,104.049,114.75,0.475,50.0041,41.7175
165.977,91.9627,114.75,0.491,49.9806,41.7688
166.227,95.9881,114.75,0.495,49.967,41.7772
166.477,92.0202,114.75,0.494,49.9535,41.7783
166.727,84.0349,114.75,0.493,50.0081,41.7804
166.977,91.9382,114.75,0.485,49.9742,41.7823
167.227,96.0716,114.75,0.484,49.9873,41.7834
167.477,91.9371,114.75,0.485,49.9724,41.7846
167.727,100.056,114.75,0.483,49.9743,41.7863
167.977,91.9455,114.75,0.484,49.9694,41.7872
168.227,92.0173,114.75,0.483,50.021,41.7883
168.477,87.986,114.75,0.482,49.9622,41.7899
168.727,104.062,114.75,0.484,50.0173,41.7912
168.977,107.952,114.75,0.49,50.0073,41.796
169.227,92.0109,114.75,0.495,49.988,41.841
169.477,91.9916,114.75,0.468,50.0303,41.8931
169.727,92.0329,114.75,0.431,50.0191,41.9488
169.977,91.9522,114.75,0.418,49.9532,42.0076
170.227,92.052,114.75,0.422,50.0232,42.0719
170.477,87.9446,114.75,0.42,49.9763,42.1392
170.727,92.0608,114.75,0.426,49.999,42.2113
170.977,99.9346,114.75,0.428,49.978,42.279
171.227,88.0562,114.75,0.432,49.9746,42.3545
171.477,83.9512,114.75,0.436,50.0589,42.426
171.727,84.0481,114.75,0.44,49.9897,42.5006
171.977,75.9573,114.75,0.441,50.0453,42.5745
172.227,92.0556,114.75,0.442,49.9786,42.6463
172.477,79.962,114.75,0.443,49.9979,42.7212
172.727,88.0362,114.75,0.443,49.9937,42.7892
172.977,87.9562,114.75,0.443,50.0348,42.8582
173.227,88.0452,114.75,0.443,49.9908,42.9314
173.477,79.9551,114.75,0.443,49.9927,43.0038
173.727,80.043,114.75,0.443,50.0481,43.0812
173.977,83.9684,114.75,0.444,50.0484,43.1574
174.227,84.0426,114.75,0.451,49.9665,43.2283
174.477,79.9509,114.75,0.454,49.9705,43.3058
174.727,79.9868,114.75,0.456,49.9797,43.3767
174.977,80.0215,114.75,0.456,49.9825,43.4454
175.227,92.0338,114.75,0.457,50.0141,43.5197
175.477,87.9139,114.75,0.457,49.9697,43.5925
175.727,88.0897,114.75,0.457,49.966,43.6691
175.977,83.9652,114.75,0.456,49.9859,43.741
176.227,84.0333,114.75,0.45,50.0609,43.8067
176.477,83.9737,114.75,0.448,50.0491,43.8737
176.727,88.028,114.75,0.446,50.0049,43.9344
176.977,83.9696,114.75,0.448,49.9743,43.9935
177.227,96.0404,114.75,0.451,50.0004,44.0538
177.477,91.9315,114.75,0.451,49.9811,44.1096
177.727,100.035,114.75,0.444,49.99,44.1675
177.977,87.992,114.75,0.434,49.9008,44.223
178.227,92.0481,114.75,0.43,49.9892,44.2769
178.477,83.9505,114.75,0.413,49.9995,44.3368
178.727,96.05,114.75,0.36,49.9999,44.3947
178.977,83.9681,114.75,0.327,49.9815,44.4598
179.227,92.0336,114.75,0.298,49.9993,44.5229
179.477,83.9672,114.75,0.29,50.0163,44.593
179.727,100.041,114.75,0.298,49.9968,44.6709
179.977,83.9028,114.75,0.311,50.02,44.7465
180.227,92.1054,114.75,0.328,49.9989,44.8147
180.477,83.97,114.75,0.353,49.9665,44.8834
180.727,88.0349,114.75,0.383,50.0437,44.9466
180.977,83.9568,114.75,0.402,50.0282,45.0169
181.227,92.0462,114.75,0.445,49.966,45.0836
181.477,87.9346,114.75,0.473,49.9977,45.1437
181.727,88.0624,114.75,0.519,50.0454,45.2096
181.977,91.9297,114.75,0.563,49.971,45.2809
182.227,100.088,114.75,0.629,49.971,45.3507
182.477,79.9432,114.75,0.681,50.0055,45.4265
182.727,100.057,114.75,0.754,50.0014,45.4914
182.977,79.964,114.75,0.791,50.0455,45.5518
183.227,92.0473,114.75,0.845,50.0134,45.6102
183.477,83.9479,114.75,0.868,50.0855,45.6637
183.727,96.0546,114.75,0.908,50.0049,45.7218
183.977,95.9664,114.75,0.925,49.9652,45.781
184.227,92.0406,114.75,0.945,49.9817,45.8413
184.477,83.9581,114.75,0.956,50.0582,45.9099
184.727,84.0418,114.75,0.931,50.0965,45.983
184.977,83.9429,114.75,0.912,50.0185,46.0515
185.227,92.0565,114.75,0.894,49.9946,46.1193
185.477,83.9545,114.75,0.88,49.983,46.1826
185.727,84.0429,114.75,0.866,50.0389,46.253
185.977,83.9599,114.75,0.866,50.0006,46.3271
186.227,96.0489,114.75,0.866,49.997,46.396
186.477,87.9381,114.75,0.865,50.0229,46.4721
186.727,88.0637,114.75,0.865,49.9991,46.537
186.977,79.9603,114.75,0.863,49.987,46.5934
187.227,88.0433,114.75,0.845,50.0715,46.6545
187.477,83.9599,114.75,0.803,50.0177,46.7117
187.727,92.0489,114.75,0.739,49.9794,46.7783
187.977,79.9622,114.75,0.689,50.056,46.8466
188.227,88.0367,114.75,0.624,50.0168,46.9094
188.477,87.9364,114.75,0.587,50.0429,46.9857
188.727,96.0703,114.75,0.522,50.0014,47.0532
188.977,87.9226,114.75,0.481,49.9605,47.1203
189.227,100.058,114.75,0.416,49.9634,47.1834
189.477,83.954,114.75,0.384,50.0265,47.2251
189.727,92.0777,114.75,0.379,49.9906,47.2305
189.977,83.9499,114.75,0.379,50.0732,47.2312
190.227,88.0543,114.75,0.379,50.0047,47.2322
190.478,95.4626,114.75,0.366,50.0892,47.2338
190.727,84.4765,114.75,0.366,50.04,47.2351
190.977,79.957,114.75,0.362,50.0551,47.2366
191.227,92.0429,114.75,0.363,50.0082,47.2378
191.477,88.0001,114.75,0.351,50.0651,47.2387
191.727,87.9974,114.75,0.345,49.9812,47.2401
191.977,83.9975,114.75,0.338,49.9675,47.2413
192.277,83.2973,114.75,0.338,50.0393,47.2432
192.527,96.0688,114.75,0.338,50.0165,47.2449
192.777,79.9617,114.75,0.369,50.0466,47.2861
193.027,84.033,114.75,0.44,50.0132,47.3505
193.277,87.9012,114.75,0.497,49.9985,47.4129
193.527,84.0921,114.75,0.517,50.005,47.4716
193.777,83.9575,114.75,0.548,49.969,47.5373
194.027,88.0536,114.75,0.582,49.9836,47.6048
194.277,79.9502,114.75,0.629,50.024,47.6711
194.527,104.057,114.75,0.676,50.0032,47.7454
194.777,83.9565,114.75,0.728,50.0252,47.8204
195.027,88.0444,114.75,0.768,49.998,47.8868
195.277,83.955,114.75,0.808,49.9918,47.9501
195.527,84.0478,114.75,0.83,49.9743,48.0077
195.777,87.9357,114.75,0.853,49.9546,48.0702
196.027,92.0601,114.75,0.866,50.0059,48.1351
196.277,91.9439,114.75,0.879,50.0009,48.1992
196.527,88.0601,114.75,0.885,49.9717,48.2705
196.777,79.961,114.75,0.89,49.9894,48.3434
197.027,80.0393,114.75,0.885,50.0725,48.4164
197.277,83.9708,114.75,0.88,49.9931,48.4876
197.527,84.0284,114.75,0.877,49.9852,48.5542
197.777,79.9533,114.75,0.873,49.9791,48.6257
198.027,88.055,114.75,0.865,49.9704,48.7019
198.277,83.9528,114.75,0.843,50.0093,48.7714
198.527,100.046,114.75,0.835,49.9559,48.8414
198.777,83.9533,114.75,0.813,50.0326,48.9067
199.027,92.0569,114.75,0.795,49.9841,48.9673
199.277,75.964,114.75,0.719,50.0041,49.0346
199.527,84.0433,114.75,0.67,50.012,49.093
199.777,87.9442,114.75,0.6,49.9861,49.1585
200.027,84.0503,114.75,0.562,49.9996,49.2265
200.277,87.9353,114.75,0.509,49.9931,49.2949
200.527,96.0693,114.75,0.48,50.0037,49.37
200.777,91.9229,114.75,0.435,49.9809,49.4453
201.027,92.078,114.75,0.415,49.9934,49.5109
201.277,83.9594,114.75,0.396,50.0077,49.5805
201.527,88.0443,114.75,0.367,50.01,49.6461
201.777,79.9422,114.75,0.318,50.028,49.7145
202.027,92.0638,114.75,0.29,49.9938,49.7826
202.277,79.9662,114.75,0.265,49.9856,49.8439
202.527,96.0385,114.75,0.251,50.0058,49.908
202.777,95.8698,114.75,0.269,50.042,49.9752
203.027,96.1293,114.75,0.284,49.9632,50.0511
203.277,75.9587,114.75,0.307,49.9719,50.1192
203.527,92.0581,114.75,0.32,49.9959,50.1781
203.777,87.9422,114.75,0.356,50.072,50.2421
204.027,88.0554,114.75,0.375,49.9964,50.3029
204.277,87.9348,114.75,0.407,50.0566,50.3575
204.527,104.061,114.75,0.426,49.9978,50.4147
204.777,95.9524,114.75,0.448,49.9375,50.4725
205.027,92.0543,114.75,0.459,49.9601,50.5271
205.277,87.958,114.75,0.448,49.9424,50.5874
205.527,92.0007,114.75,0.445,49.996,50.6489
205.777,87.9984,114.75,0.444,50.1022,50.7214
206.027,84.0435,114.75,0.444,50.0235,50.7933
206.277,87.9625,114.75,0.444,49.9884,50.8636
206.527,84.0364,114.75,0.444,50.0179,50.9398
206.777,83.9675,114.75,0.418,49.9703,51.0146
207.027,88.0348,114.75,0.395,50.0063,51.0868
207.277,79.9698,114.75,0.382,49.9992,51.1599
207.527,96.0348,114.75,0.377,50.0051,51.2292
207.777,79.9733,114.75,0.37,49.9641,51.3021
208.027,88.0348,114.75,0.37,50.0216,51.3752
208.277,79.9567,114.75,0.363,49.9921,51.4436
208.527,84.0424,114.75,0.342,49.9869,51.5187
208.777,83.9603,114.75,0.339,49.9454,51.5823
209.027,80.0337,114.75,0.339,49.9824,51.6523
209.277,83.9647,114.75,0.334,50.0046,51.7279
209.527,100.053,114.75,0.333,50.0393,51.7976
209.777,83.9628,114.75,0.32,50.0349,51.8715
210.027,92.0358,114.75,0.316,50.0105,51.9468
210.277,87.9704,114.75,0.328,50.0069,52.0192
210.527,80.0247,114.75,0.347,49.9849,52.0922
210.777,91.9669,114.75,0.383,49.9582,52.1588
211.027,92.0337,114.75,0.414,49.9333,52.2219
211.277,103.954,114.75,0.453,49.8879,52.2823
211.527,104.042,114.75,0.481,50,52.3347
211.777,91.9641,114.75,0.518,50.0122,52.3907
212.027,96.0422,114.75,0.54,50.0349,52.4483
212.277,99.9612,114.75,0.563,49.9847,52.5027
212.527,104.03,114.75,0.573,49.9834,52.5572
212.777,95.9258,114.75,0.545,49.9465,52.6083
213.027,108.016,114.75,0.522,49.9754,52.6693
213.277,108.022,114.75,0.5,49.8429,52.7356
213.527,100.064,114.75,0.497,50.0208,52.797
213.777,95.9069,114.75,0.512,49.962,52.866
214.027,92.0873,114.75,0.539,49.9882,52.9373
214.278,95.6782,114.75,0.579,49.9577,53.0058
214.527,100.332,114.75,0.584,50.0113,53.0822
214.777,95.9511,114.75,0.587,49.9852,53.1496
215.027,100.045,114.75,0.616,49.9635,53.2224
215.277,95.9465,114.75,0.647,49.9379,53.294
215.527,100.056,114.75,0.672,49.9893,53.3587
215.777,91.9258,114.75,0.706,49.9296,53.424
216.027,108.088,114.75,0.722,50.0213,53.4828
216.277,91.965,114.75,0.756,50.0213,53.5383
216.527,96.0391,114.75,0.783,50.0082,53.5973
216.777,91.9452,114.75,0.824,49.9586,53.6539
217.027,108.026,114.75,0.833,49.9761,53.7152
217.277,107.935,114.75,0.853,49.9263,53.7743
217.527,104.105,114.75,0.825,49.9785,53.8321
217.777,99.9371,114.75,0.792,49.9356,53.8948
218.027,92.0491,114.75,0.77,49.9897,53.9633
218.277,91.957,114.75,0.744,50.0538,54.0241
218.527,96.0469,114.75,0.744,50.0357,54.0932
218.777,91.9644,114.75,0.729,50.0003,54.1658
219.027,104.01,114.75,0.724,49.9875,54.2364
219.277,107.989,114.75,0.72,49.9776,54.3113
219.527,104.041,114.75,0.719,49.9849,54.3791
219.728,109.71,114.75,0.719,50.0534,54.442
219.977,92.1488,114.75,0.731,49.9427,54.5077
220.227,100.046,114.75,0.728,50.0035,54.579
220.477,95.9676,114.75,0.674,49.9592,54.6536
220.727,96.0448,114.75,0.643,50.0022,54.7215
220.977,103.944,114.75,0.609,49.9747,54.7912
221.227,92.0409,114.75,0.595,50.0059,54.8528
221.477,111.951,114.75,0.591,49.9796,54.9219
221.727,112.022,114.75,0.596,50.0832,54.9931
221.928,104.573,114.75,0.609,49.9971,55.0387
222.178,108.076,114.75,0.638,49.9147,55.1043
222.427,104.274,114.75,0.672,49.9685,55.1722
222.677,99.9739,114.75,0.727,49.9894,55.237
222.927,104.032,114.75,0.772,50.1156,55.3035
223.177,95.9686,114.75,0.831,49.9491,55.3676
223.427,112.047,114.75,0.893,50.0609,55.4273
223.677,103.953,114.75,0.953,49.967,55.4894
223.927,107.932,114.75,0.942,50.021,55.5485
224.177,100.068,114.75,0.942,49.9843,55.6141
224.427,92.0389,114.75,0.945,50.008,55.6893
224.677,103.902,114.75,0.966,49.957,55.7571
224.927,100.088,114.75,0.972,49.9599,55.8254
225.177,99.9672,114.75,1.001,49.9789,55.8875
225.427,115.998,114.75,1.016,50.0295,55.9641
225.677,108.006,114.75,1.05,49.9548,56.0406
225.927,95.9817,114.75,1.079,49.9541,56.1113
226.177,92.0126,114.75,1.118,49.9648,56.1867
226.427,104.011,114.75,1.138,49.9884,56.2608
226.677,87.9885,114.75,1.159,49.9946,56.3287
226.927,108.041,114.75,1.169,49.9993,56.4029
227.177,107.949,114.75,1.188,49.964,56.4805
227.427,108.057,114.75,1.201,49.9994,56.5523
227.677,91.963,114.75,1.222,49.9878,56.6245
227.927,104.015,114.75,1.23,49.9762,56.6909
228.177,99.9731,114.75,1.263,50.0781,56.7643
228.427,104.049,114.75,1.281,49.987,56.8392
228.677,103.931,114.75,1.319,49.9888,56.9101
228.927,112.078,114.75,1.337,49.9988,56.9868
229.177,95.9346,114.75,1.258,49.9895,57.0616
229.427,96.0611,114.75,1.206,49.967,57.1256
229.677,91.936,114.75,1.127,49.9756,57.1925
229.927,100.07,114.75,1.077,50.0046,57.2531
230.177,103.934,114.75,0.986,49.9883,57.3175
230.427,104.084,114.75,0.963,50.0318,57.3426
230.678,99.6245,114.75,0.965,50.0065,57.3444
230.927,100.371,114.75,0.959,49.9996,57.3459
231.177,95.9506,114.75,0.952,49.9579,57.3486
231.428,95.8187,114.75,0.949,50.0404,57.3508
231.677,104.172,114.75,0.948,49.9752,57.352
231.927,100.069,114.75,0.951,49.9599,57.3527
232.177,99.9454,114.75,0.938,49.9327,57.3542
232.427,104.053,114.75,0.934,50.0475,57.3558
232.677,103.917,114.75,0.923,49.9882,57.3587
232.927,104.12,114.75,0.936,49.9615,57.3614
233.177,99.7777,114.75,0.922,49.9828,57.3636
233.427,104.196,114.75,0.934,49.9646,57.3899
233.677,99.9333,114.75,1.011,50.0292,57.4451
233.927,92.0582,114.75,1.051,50.0363,57.5006
234.177,107.932,114.75,1.131,49.9708,57.5571
234.427,116.068,114.75,1.351,50.0227,57.6195
234.677,99.9586,114.75,1.359,49.9999,57.6871
234.927,96.0534,114.75,1.338,50.028,57.7574
235.177,103.912,114.75,1.378,49.9897,57.8188
235.427,104.054,114.75,1.392,50.032,57.8868
235.677,95.9651,114.75,1.37,49.9713,57.962
235.927,108.061,114.75,1.347,50.002,58.0337
236.179,119.189,114.75,1.32,49.9997,58.1102
236.427,100.7,114.75,1.296,50.0286,58.179
236.677,103.862,114.75,1.27,49.93,58.2526
236.927,96.0603,114.75,1.242,49.9942,58.3236
237.177,100.023,114.75,1.189,50.0054,58.3972
237.427,104.043,114.75,1.149,50.06,58.4749
237.677,95.963,114.75,1.098,49.991,58.55
237.927,112.046,114.75,1.06,50.029,58.6186
238.177,111.951,114.75,1.021,49.9197,58.6957
238.427,96.0496,114.75,1.005,50.0675,58.7687
238.677,95.9382,114.75,0.987,49.9912,58.8389
238.927,100.059,114.75,0.985,50.0158,58.9145
239.177,107.925,114.75,0.972,49.8995,58.9868
239.427,100.068,114.75,0.972,50.0196,59.0565
239.677,103.917,114.75,0.983,49.948,59.1245
239.927,111.875,114.75,0.994,50.0152,59.186
240.177,112.133,114.75,0.986,50.0346,59.2499
240.427,108.069,114.75,0.946,49.9747,59.3123
240.677,103.946,114.75,0.888,49.9692,59.3778
240.927,104.062,114.75,0.849,50.0734,59.446
241.177,95.929,114.75,0.793,50.0024,59.5119
241.427,108.079,114.75,0.759,50.0215,59.5822
241.677,95.9224,114.75,0.715,49.9535,59.6566
241.927,108.053,114.75,0.703,49.9881,59.7296
242.177,115.941,114.75,0.675,49.9745,59.8071
242.427,116.057,114.75,0.668,49.9732,59.8788
242.677,115.961,114.75,0.669,49.865,59.953
242.927,96.024,114.75,0.672,50.0331,60.0249
243.177,99.9746,114.75,0.687,50.0268,60.093
243.427,108.07,114.75,0.706,50.1489,60.1642
243.677,91.9613,114.75,0.738,50.001,60.23
243.927,100.044,114.75,0.727,50.0243,60.2937
244.177,99.947,114.75,0.727,49.9991,60.3636
244.427,112.062,114.75,0.734,49.9842,60.4372
244.677,107.939,114.75,0.744,49.9708,60.5031
244.927,96.0527,114.75,0.755,50.0281,60.5728
245.177,99.927,114.75,0.775,49.9785,60.6368
245.427,96.0713,114.75,0.786,50.0256,60.7006
245.677,91.9355,114.75,0.797,49.9754,60.7653
245.927,108.026,114.75,0.802,50.0026,60.8259
246.177,83.9787,114.75,0.804,49.9782,60.8883
246.427,116.087,114.75,0.804,49.9727,60.9479
246.677,107.92,114.75,0.794,49.9517,61.0041
246.927,96.066,114.75,0.785,50.0248,61.0651
247.177,99.9449,114.75,0.771,50.0346,61.1219
247.427,96.0539,114.75,0.742,50.0546,61.1855
247.677,91.9342,114.75,0.704,50.0005,61.2465
247.927,96.0449,114.75,0.678,50.0394,61.3062
248.177,95.9653,114.75,0.656,49.9718,61.3714
248.427,104.066,114.75,0.641,50.0082,61.4403
248.677,99.9254,114.75,0.622,50.0062,61.5088
248.927,104.071,114.75,0.599,50.0814,61.5849
249.177,99.9219,114.75,0.58,50.0148,61.6546
249.427,96.073,114.75,0.562,50.0007,61.7299
249.677,95.9503,114.75,0.525,49.9746,61.8017
249.927,96.054,114.75,0.507,50.0052,61.8686
250.128,109.547,114.75,0.501,50.0084,61.9216
250.328,99.7725,114.75,0.504,49.9581,61.9695
250.577,112.521,114.75,0.521,49.9691,62.0319
250.827,96.0289,114.75,0.535,49.9579,62.0858
251.029,109.171,114.75,0.56,49.979,62.1356
251.277,96.5553,114.75,0.589,50.039,62.1968
251.527,92.0622,114.75,0.565,50.0686,62.2534
251.777,95.9242,114.75,0.543,50.0133,62.3131
252.027,104.002,114.75,0.513,50.0005,62.3697
252.277,111.98,114.75,0.495,49.9474,62.4309
252.527,100.113,114.75,0.453,49.9915,62.4955
252.777,91.8978,114.75,0.396,49.99,62.5551
253.027,95.9781,114.75,0.367,49.9989,62.6256
253.277,92.0369,114.75,0.324,49.9676,62.6988
253.527,96.0498,114.75,0.302,50.0342,62.7693
253.777,87.939,114.75,0.297,49.9769,62.8382
254.027,92.0636,114.75,0.309,50.0022,62.905
254.277,91.9549,114.75,0.316,49.9683,62.9772
254.527,100.052,114.75,0.327,49.9646,63.0494
254.777,95.953,114.75,0.333,49.9605,63.1178
255.027,84.0406,114.75,0.343,49.9978,63.1935
255.229,89.1842,114.75,0.355,49.9799,63.246
255.477,92.6129,114.75,0.361,49.8183,63.3168
255.727,88.0637,114.75,0.366,50.0275,63.3872
255.928,89.6967,114.75,0.367,49.9692,63.4433
256.177,80.1786,114.75,0.371,50.0003,63.5195
256.427,88.0743,114.75,0.383,50.0257,63.5919
256.677,79.9176,114.75,0.396,49.9622,63.6663
256.927,92.0555,114.75,0.429,49.9985,63.7414
257.177,79.9614,114.75,0.445,49.984,63.8069
257.427,88.0452,114.75,0.448,50.0215,63.8798
257.677,87.9562,114.75,0.451,50.0049,63.9454
257.927,96.0345,114.75,0.45,50.0086,64.0109
258.177,91.971,114.75,0.45,49.9787,64.0814
258.427,96.0422,114.75,0.455,50.0642,64.1502
258.677,83.9481,114.75,0.458,49.9849,64.2186
258.927,92.0439,114.75,0.463,50.0077,64.284
259.177,91.9635,114.75,0.469,49.978,64.3506
259.427,88.0476,114.75,0.477,50.0033,64.4308
259.677,91.9549,114.75,0.484,50.0006,64.5054
259.927,100.051,114.75,0.491,49.9653,64.5683
260.177,83.9707,114.75,0.493,50.0014,64.6386
260.427,92.0328,114.75,0.465,49.9921,64.7059
260.677,87.9607,114.75,0.45,49.9831,64.7789
260.927,92.0459,114.75,0.447,49.955,64.8513
261.177,87.9639,114.75,0.451,49.941,64.9202
261.427,92.0404,114.75,0.463,49.9475,64.9905
261.677,87.9275,114.75,0.456,49.9717,65.0596
261.927,100.077,114.75,0.449,49.9864,65.1283
262.177,87.9466,114.75,0.446,49.9974,65.198
262.427,88.0516,114.75,0.446,50.0111,65.2687
262.677,79.9434,114.75,0.446,49.9813,65.3355
262.927,88.0611,114.75,0.452,50.0343,65.4104
263.177,87.9587,114.75,0.455,50.0041,65.4769
263.427,88.0321,114.75,0.461,49.9471,65.5488
263.677,99.9309,114.75,0.464,49.9006,65.6255
263.927,80.0648,114.75,0.466,49.9606,65.6962
264.177,83.9439,114.75,0.467,49.9756,65.7722
264.427,80.054,114.75,0.468,50.0023,65.8436
264.677,95.9368,114.75,0.468,50.0011,65.9206
264.927,84.053,114.75,0.468,49.9778,65.9981
265.177,83.9542,114.75,0.468,50.0262,66.0702
265.427,92.0905,114.75,0.468,50.0067,66.1454
265.677,91.9218,114.75,0.468,49.8948,66.2232
265.927,80.0366,114.75,0.468,50.0125,66.2959
266.177,83.9479,114.75,0.468,49.995,66.3708
266.427,88.0543,114.75,0.468,50.0566,66.4421
266.677,83.9497,114.75,0.468,49.9537,66.5121
266.927,92.0465,114.75,0.467,49.9637,66.5856
267.177,95.9573,114.75,0.465,49.9917,66.6588
267.427,88.0416,114.75,0.465,49.9869,66.7246
267.677,87.9624,114.75,0.468,50.0075,66.7876
267.927,107.918,114.75,0.475,50.0386,66.8477
268.177,92.0565,114.75,0.48,49.9911,66.9109
268.427,92.0578,114.75,0.493,49.9893,66.9679
268.677,87.9266,114.75,0.505,49.9652,67.0265
268.927,96.077,114.75,0.514,50.0314,67.0872
269.177,95.9552,114.75,0.51,50.0194,67.1433
269.427,92.0441,114.75,0.482,50.0181,67.2042
269.677,99.929,114.75,0.468,49.9897,67.269
269.927,92.067,114.75,0.46,49.9579,67.3326
270.177,91.9542,114.75,0.445,49.9562,67.4026
270.427,84.0332,114.75,0.44,50.1244,67.4685
270.677,87.9637,114.75,0.421,50.0023,67.5391
270.927,88.0374,114.75,0.425,50.0185,67.6148
271.177,91.9594,114.75,0.451,50.0215,67.6884
271.427,92.0488,114.75,0.473,50.0144,67.7646
271.677,79.9566,114.75,0.481,49.9862,67.838
271.927,84.0431,114.75,0.486,50.0096,67.9053
272.177,79.9752,114.75,0.487,49.9955,67.9826
272.427,88.0275,114.75,0.487,49.9981,68.0537
272.677,79.9477,114.75,0.467,49.9758,68.1269
272.927,92.0638,114.75,0.459,50.0119,68.1987
273.177,83.9562,114.75,0.449,49.9829,68.27
273.427,92.0372,114.75,0.459,50.0254,68.348
273.677,91.9802,114.75,0.462,49.8572,68.4231
273.927,88.0267,114.75,0.463,49.9822,68.4918
274.177,79.9318,114.75,0.463,49.9782,68.5681
274.427,80.0711,114.75,0.462,50.0254,68.6409
274.677,87.9535,114.75,0.462,49.9772,68.7168
274.927,84.0454,114.75,0.461,50.0088,68.7932
275.177,83.9373,114.75,0.46,49.9926,68.8659
275.428,91.8092,114.75,0.461,49.9916,68.9437
275.677,92.2017,114.75,0.463,49.8331,69.0193
275.927,80.05,114.75,0.457,50.0121,69.0876
276.177,79.9591,114.75,0.456,49.9777,69.162
276.427,88.0401,114.75,0.468,50.0199,69.2353
276.677,83.9783,114.75,0.487,50.0047,69.3121
276.927,88.0364,114.75,0.487,50.0419,69.3843
277.177,79.9484,114.75,0.487,50.0002,69.457
277.427,95.9954,114.75,0.488,50.0558,69.5347
277.677,91.9984,114.75,0.46,49.9003,69.6127
277.927,88.0608,114.75,0.395,49.9623,69.6846
278.177,87.91,114.75,0.367,49.9726,69.7607
278.427,84.0857,114.75,0.328,50.0562,69.8325
278.677,83.9519,114.75,0.318,50.0104,69.9105
278.927,84.046,114.75,0.317,50.0099,69.9804
279.177,91.9432,114.75,0.324,49.9965,70.0448
279.427,88.0549,114.75,0.332,49.9939,70.1127
279.677,87.9567,114.75,0.341,49.9718,70.1765
279.927,92.0461,114.75,0.361,49.9839,70.2476
280.177,91.9386,114.75,0.388,49.991,70.3241
280.427,100.057,114.75,0.417,50.0269,70.3933
280.677,95.949,114.75,0.438,49.9784,70.4644
280.927,92.0513,114.75,0.455,49.9799,70.5336
281.177,87.9504,114.75,0.463,50.0138,70.6016
281.427,92.0568,114.75,0.476,50.0725,70.6727
281.677,83.9484,114.75,0.492,49.9792,70.7452
281.927,92.0647,114.75,0.504,50.0367,70.8093
282.177,91.933,114.75,0.516,49.9797,70.8782
282.427,88.0582,114.75,0.532,49.9945,70.9505
282.677,91.942,114.75,0.532,49.9875,71.0274
282.927,100.057,114.75,0.533,50.0304,71.0975
283.177,91.9481,114.75,0.536,50.0014,71.1655
283.427,88.0583,114.75,0.543,50.016,71.2402
283.677,87.9314,114.75,0.55,49.9468,71.3153
283.927,88.0647,114.75,0.557,50.0581,71.3819
284.177,83.9655,114.75,0.559,50.0032,71.4573
284.427,80.0351,114.75,0.56,50.0364,71.5289
284.677,91.9455,114.75,0.56,49.9631,71.6088
284.927,96.053,114.75,0.561,49.993,71.6859
285.177,91.9446,114.75,0.561,49.9932,71.7562
285.427,84.0587,114.75,0.559,49.9914,71.8333
285.677,87.8679,114.75,0.557,49.9717,71.9034
285.927,88.1264,114.75,0.557,50.0475,71.9539
286.177,83.9112,114.75,0.558,49.9997,71.9688
286.427,92.08,114.75,0.562,50.0276,71.9698
286.677,95.9354,114.75,0.563,49.9935,71.9715
286.927,88.0784,114.75,0.561,50.019,71.9729
287.177,87.9459,114.75,0.553,50.0101,71.9746
287.527,80.0333,114.75,0.55,50.043,71.9764
287.777,91.9366,114.75,0.55,49.9885,71.9776
288.027,96.0616,114.75,0.55,50.0204,71.9782
288.277,83.9427,114.75,0.55,49.9688,71.9798
288.527,92.0685,114.75,0.553,49.9793,71.9813
288.777,83.9346,114.75,0.557,49.9831,71.9862
289.027,92.0778,114.75,0.545,50.0169,72.0324
289.277,87.9449,114.75,0.534,49.9861,72.096
289.527,96.0148,114.75,0.529,50.0108,72.1586
289.777,87.9811,114.75,0.523,49.8643,72.2262
290.027,88.0582,114.75,0.521,50.04,72.2959
290.277,83.9504,114.75,0.522,49.9782,72.3678
290.527,88.0485,114.75,0.527,50.0294,72.4407
290.777,83.9464,114.75,0.53,50.0275,72.509
291.027,88.0565,114.75,0.539,49.9966,72.5854
291.277,87.947,114.75,0.549,49.9139,72.6558
291.527,92.0531,114.75,0.55,49.985,72.7303
291.777,87.9473,114.75,0.537,49.9937,72.8044
292.027,88.0611,114.75,0.536,49.9956,72.8697
292.277,91.9207,114.75,0.535,49.9601,72.9376
292.527,96.0824,114.75,0.534,50.0416,73.0047
292.777,95.9062,114.75,0.51,50.0176,73.0701
293.027,92.0831,114.75,0.482,50.0064,73.1433
293.277,91.9443,114.75,0.475,50.0035,73.2142
293.527,92.0562,114.75,0.482,50.0122,73.2854
293.777,83.9446,114.75,0.484,50.0494,73.3555
294.027,88.0561,114.75,0.49,50.0169,73.4219
294.277,95.9652,114.75,0.493,49.9842,73.4878
294.527,92.0414,114.75,0.497,50.0032,73.5499
294.777,91.9374,114.75,0.475,50.0015,73.6104
295.027,108.067,114.75,0.419,50.0353,73.677
295.277,87.9502,114.75,0.388,49.9817,73.7374
295.527,92.0589,114.75,0.35,50.0686,73.81
295.777,87.9507,114.75,0.341,49.9793,73.8864
296.027,92.0452,114.75,0.332,50.0012,73.9532
296.277,91.9417,114.75,0.315,49.9722,74.0311
296.527,96.0598,114.75,0.282,49.9926,74.0992
296.777,99.8898,114.75,0.275,50.0033,74.162
297.027,92.1064,114.75,0.292,50.0108,74.2307
297.277,91.9568,114.75,0.299,49.9679,74.2987
297.527,84.041,114.75,0.336,50.0655,74.367
297.777,79.9502,114.75,0.372,50.0333,74.4339
298.027,92.0527,114.75,0.418,50.0231,74.4974
298.277,83.942,114.75,0.42,49.9982,74.5673
298.527,88.0621,114.75,0.431,50.0015,74.6376
298.777,91.9361,114.75,0.445,49.9814,74.707
299.027,92.0604,114.75,0.458,50.002,74.7766
299.277,87.9435,114.75,0.462,50.0143,74.8437
299.527,88.0636,114.75,0.472,50.0311,74.9136
299.777,79.9315,114.75,0.471,49.9898,74.9862
300.027,88.0733,114.75,0.479,49.9981,75.0589
300.277,83.9497,114.75,0.479,49.9759,75.1354
300.527,95.997,114.75,0.474,49.9928,75.2108
300.777,84.0028,114.75,0.471,50.0423,75.2769
301.027,84.0452,114.75,0.47,50.0193,75.3482
301.277,87.9623,114.75,0.469,49.9639,75.4214
301.527,88.0385,114.75,0.464,50.0325,75.4924
301.777,87.9119,114.75,0.446,49.9649,75.566
302.027,88.0896,114.75,0.432,50.0361,75.6364
302.277,95.9488,114.75,0.418,49.986,75.7134
302.527,100.056,114.75,0.393,50.1032,75.7894
302.777,83.9376,114.75,0.382,49.998,75.8586
303.027,88.0642,114.75,0.368,49.9829,75.9311
303.277,83.943,114.75,0.366,50.0045,75.9969
303.527,92.0686,114.75,0.354,49.9975,76.0647
303.777,79.9448,114.75,0.355,49.9821,76.1399
304.027,100.029,114.75,0.353,50.0269,76.2128
304.277,87.9801,114.75,0.351,49.8887,76.2895
304.527,80.0426,114.75,0.349,50.0948,76.362
304.777,87.9389,114.75,0.349,49.9932,76.4304
305.027,88.0603,114.75,0.344,49.9909,76.4991
305.277,87.9566,114.75,0.34,49.9686,76.5642
305.527,88.0462,114.75,0.317,50.0402,76.6405
305.777,91.9616,114.75,0.31,49.986,76.7168
306.027,92.0278,114.75,0.314,50.0421,76.7822
306.277,99.9197,114.75,0.32,49.9839,76.8445
306.527,92.0909,114.75,0.334,50.0217,76.9026
306.777,87.9639,114.75,0.343,49.9864,76.9648
307.027,92.029,114.75,0.367,50.083,77.026
307.277,91.9458,114.75,0.383,50.0866,77.0859
307.527,96.0639,114.75,0.413,49.9809,77.1485
307.777,91.9368,114.75,0.434,49.9906,77.2104
308.027,100.054,114.75,0.458,50.0148,77.2715
308.277,99.9174,114.75,0.446,49.9315,77.3349
308.527,96.0888,114.75,0.418,50.0275,77.3946
308.777,87.9344,114.75,0.415,50.0319,77.455
309.027,92.0691,114.75,0.405,50.0442,77.5241
309.277,87.9378,114.75,0.407,50.0586,77.5927
309.527,88.0701,114.75,0.414,50.0329,77.6642
309.777,79.9531,114.75,0.415,50.0181,77.7394
310.027,88.043,114.75,0.42,50.0084,77.8102
310.277,91.9318,114.75,0.425,49.988,77.8855
310.527,92.0526,114.75,0.429,50.0333,77.9541
310.777,87.9634,114.75,0.435,49.9604,78.0263
311.027,80.0481,114.75,0.441,50.0479,78.0994
311.277,83.9305,114.75,0.443,50.0431,78.1704
311.527,88.0708,114.75,0.444,50.0176,78.2475
311.777,75.9407,114.75,0.445,49.966,78.3228
312.027,92.0712,114.75,0.447,49.9801,78.3948
312.277,87.9813,114.75,0.454,49.975,78.4735
312.527,96.0158,114.75,0.457,50.0194,78.5498
312.777,83.9441,114.75,0.458,50.0244,78.6146
313.027,88.0709,114.75,0.458,50.0059,78.6864
313.277,87.9531,114.75,0.458,50.009,78.7564
313.527,80.0361,114.75,0.457,50.1026,78.8331
313.777,87.9436,114.75,0.457,50.0121,78.9043
314.027,88.0569,114.75,0.435,50.0157,78.9644
314.277,95.9206,114.75,0.433,49.9973,79.0341
314.527,92.0819,114.75,0.432,50.0483,79.106
314.777,91.9435,114.75,0.44,49.9689,79.1791
315.027,92.052,114.75,0.452,49.973,79.2497
315.277,87.952,114.75,0.489,49.9732,79.3168
315.527,92.0482,114.75,0.518,49.9861,79.3873
315.777,91.9389,114.75,0.487,49.9783,79.4577
316.027,104.078,114.75,0.457,50.0318,79.5269
316.277,83.9458,114.75,0.427,49.9825,79.6025
316.527,96.0411,114.75,0.408,49.9973,79.6704
316.777,79.9703,114.75,0.402,50.0001,79.7457
317.027,88.0493,114.75,0.404,50.0142,79.8181
317.277,83.9514,114.75,0.408,49.9959,79.8801
317.527,88.046,114.75,0.412,50.0222,79.9495
317.777,87.9532,114.75,0.416,49.9906,80.0227
318.027,96.0519,114.75,0.417,49.96,80.0917
318.277,91.936,114.75,0.379,49.9858,80.1628
318.527,84.0657,114.75,0.361,50.0052,80.2321
318.777,87.9253,114.75,0.355,49.9931,80.3041
319.027,88.0681,114.75,0.355,50.062,80.3787
319.277,79.9362,114.75,0.352,50.0267,80.4484
319.527,84.0652,114.75,0.348,50.003,80.5223
319.777,91.9424,114.75,0.344,49.9898,80.5996
320.027,92.0591,114.75,0.343,50.0015,80.6719
320.277,83.9401,114.75,0.34,49.9839,80.7468
320.527,84.0621,114.75,0.335,49.9725,80.815
320.777,87.942,114.75,0.333,50.0066,80.8911
321.027,92.0588,114.75,0.328,49.9832,80.97
321.277,83.9639,114.75,0.326,50.0221,81.0403
321.527,92.0466,114.75,0.319,50.0693,81.1127
321.777,87.9536,114.75,0.336,50,81.1901
322.027,96.0403,114.75,0.357,49.9908,81.2587
322.277,95.9527,114.75,0.39,49.9669,81.326
322.527,96.0471,114.75,0.42,49.9651,81.3904
322.777,91.9421,114.75,0.47,49.9614,81.4482
323.027,100.064,114.75,0.49,50.0708,81.507
323.277,95.9322,114.75,0.517,49.9908,81.5631
323.527,92.0587,114.75,0.536,49.99,81.6258
323.777,103.94,114.75,0.561,49.9862,81.6865
324.027,112.076,114.75,0.578,50.0144,81.7427
324.277,95.9517,114.75,0.569,49.9135,81.799
324.527,96.0493,114.75,0.546,50.0356,81.855
324.777,87.9386,114.75,0.524,49.9788,81.9179
325.027,96.0659,114.75,0.522,50.0005,81.9824
325.277,103.924,114.75,0.522,50.0221,82.0463
325.527,92.0712,114.75,0.522,50.0186,82.1143
325.777,87.9323,114.75,0.528,49.9709,82.1854
326.027,96.0623,114.75,0.536,50.0361,82.2503
326.277,87.9599,114.75,0.549,49.9957,82.322
326.527,88.0514,114.75,0.551,49.9893,82.3935
326.777,87.9393,114.75,0.552,50.0001,82.4313
327.027,88.0553,114.75,0.554,50.0821,82.4324
327.277,83.9521,114.75,0.555,49.985,82.4324
327.527,96.0479,114.75,0.555,50.0505,82.4325
327.777,95.9446,114.75,0.554,49.9104,82.4325
328.027,88.0561,114.75,0.554,50.0129,82.4326
328.277,83.9656,114.75,0.554,50.0149,82.4326
328.527,88.036,114.75,0.555,50.0607,82.4326
328.777,83.9481,114.75,0.554,49.9972,82.4326
329.027,88.0581,114.75,0.554,49.9803,82.4326
329.277,91.9532,114.75,0.554,49.9677,82.4326
329.527,84.0411,114.75,0.554,49.9932,82.4326
329.777,83.956,114.75,0.554,49.9734,82.4326
330.027,96.0461,114.75,0.554,50.0067,82.4326
330.277,87.9244,114.75,0.554,49.9218,82.4326
330.527,84.0734,114.75,0.554,49.9605,82.4326
330.777,91.9712,114.75,0.554,50.0002,82.4326
331.027,84.0279,114.75,0.554,49.984,82.4326
331.277,91.9297,114.75,0.554,50.0275,82.4326
331.527,88.0662,114.75,0.554,50.054,82.4493
331.777,87.9673,114.75,0.564,49.9632,82.5167
332.027,88.034,114.75,0.573,50.0155,82.5832
332.278,91.7532,114.75,0.577,49.9307,82.6504
332.527,92.2488,114.75,0.579,49.9792,82.7159
332.777,79.9701,114.75,0.586,49.9592,82.7737
333.027,88.0322,114.75,0.592,50.0162,82.8058
333.277,87.9697,114.75,0.595,50.0655,82.8098
333.527,88.0334,114.75,0.596,50.02,82.8123
333.777,99.9051,114.75,0.594,49.7914,82.8143
334.027,88.0825,114.75,0.593,50.0395,82.8158
334.277,87.96,114.75,0.591,49.961,82.817
334.527,84.0409,114.75,0.591,50.0611,82.8194
334.777,87.9235,114.75,0.591,50.0603,82.8239
335.027,88.0742,114.75,0.592,50.0891,82.8255
335.277,83.9708,114.75,0.595,49.9388,82.8275
335.527,100.028,114.75,0.595,50.0645,82.8328
335.777,95.8808,114.75,0.602,49.9267,82.8739
336.027,84.1106,114.75,0.614,50.0251,82.9235
336.277,87.9405,114.75,0.568,50.0059,82.9853
336.527,88.0576,114.75,0.551,50.0187,83.0525
336.777,91.8221,114.75,0.532,49.9981,83.1247
337.027,92.1765,114.75,0.524,50.0456,83.1898
337.277,83.9255,114.75,0.53,49.992,83.2126
337.479,119.056,114.75,0.531,49.1332,83.2319
337.728,112.407,114.75,0.539,47.5515,83.2606
337.978,96.1287,114.75,0.531,47.57,83.2847
338.227,92.1756,114.75,0.528,47.5968,83.3494
338.477,104.04,114.75,0.53,48.4226,83.3731
338.727,83.9739,114.75,0.533,50.1799,83.4077
338.977,96.0083,114.75,0.537,50.007,83.4287
339.227,95.9954,114.75,0.532,49.9904,83.4578
339.477,96.0246,114.75,0.533,49.9714,83.5295
339.727,103.974,114.75,0.537,49.8208,83.5977
339.977,96.0248,114.75,0.549,49.9923,83.6724
340.227,83.9418,114.75,0.554,49.9217,83.7454
340.477,96.0683,114.75,0.558,50.0088,83.8145
340.727,87.9279,114.75,0.558,49.9756,83.8895
340.977,92.0612,114.75,0.559,49.9683,83.9652
341.227,87.9709,114.75,0.56,50.0222,84.0329
341.477,100.042,114.75,0.564,49.9492,84.103
341.727,95.9465,114.75,0.568,50.0113,84.1585
341.977,100.053,114.75,0.578,49.9871,84.2158
342.227,95.9734,114.75,0.589,49.939,84.2714
342.477,100.043,114.75,0.616,50.0183,84.3207
342.727,107.916,114.75,0.612,49.9935,84.3725
342.977,108.082,114.75,0.553,49.9666,84.4243
343.227,99.9782,114.75,0.51,49.9845,84.4763
343.477,104.02,114.75,0.448,50.0007,84.5308
343.727,91.9377,114.75,0.407,50.0129,84.5938
343.977,96.058,114.75,0.357,50.0164,84.6542
344.227,91.9361,114.75,0.325,50.0162,84.7304
344.477,96.0647,114.75,0.291,50.0122,84.8028
344.727,95.9897,114.75,0.28,49.9854,84.8723
344.977,103.96,114.75,0.289,49.9819,84.9448
345.227,96.0191,114.75,0.297,49.9311,85.0132
345.477,96.0137,114.75,0.334,50.0135,85.0825
345.727,83.9564,114.75,0.346,50.0267,85.1416
345.977,88.0658,114.75,0.35,50.1001,85.2134
346.227,83.9403,114.75,0.355,49.9791,85.2918
346.477,88.06,114.75,0.363,50.0089,85.3622
346.727,91.963,114.75,0.366,50.0007,85.4314
346.977,92.0434,114.75,0.375,49.9992,85.4983
347.227,79.9613,114.75,0.378,49.9845,85.5727
347.477,88.0074,114.75,0.386,49.985,85.6484
347.727,83.983,114.75,0.392,50.0159,85.7173
347.977,84.0497,114.75,0.415,49.985,85.785
348.227,83.9541,114.75,0.44,50.0189,85.8612
348.477,88.0434,114.75,0.441,50.0036,85.9309
348.727,87.9358,114.75,0.443,49.938,86.0065
348.977,92.0624,114.75,0.445,50.0097,86.0763
349.227,99.9872,114.75,0.445,49.9256,86.1454
349.477,92.018,114.75,0.446,50.0251,86.2175
349.727,91.9305,114.75,0.449,50.0233,86.284
349.977,88.0677,114.75,0.457,49.9939,86.3566
350.227,91.9881,114.75,0.461,49.9899,86.4278
350.477,96.0101,114.75,0.474,49.9375,86.4975
350.727,95.9816,114.75,0.484,49.9555,86.5678
350.977,92.015,114.75,0.491,50.0094,86.633
351.227,95.947,114.75,0.494,50.0183,86.7047
351.477,96.0299,114.75,0.483,50.0431,86.7769
351.727,96.0115,114.75,0.463,49.9028,86.8447
351.977,92.01,114.75,0.447,49.9793,86.9172
352.227,87.94,114.75,0.448,49.97,86.9904
352.477,88.0667,114.75,0.458,50.0088,87.0553
352.727,87.9306,114.75,0.463,49.9907,87.1278
352.977,84.0599,114.75,0.451,50.0019,87.1934
353.227,91.9807,114.75,0.449,50.0051,87.2663
353.477,92.0004,114.75,0.448,49.9119,87.3366
353.727,95.9491,114.75,0.447,50.0109,87.4086
353.977,88.0651,114.75,0.45,50.009,87.4851
354.227,79.9415,114.75,0.454,49.9791,87.5637
354.477,88.0514,114.75,0.457,50.0189,87.6363
354.727,83.9885,114.75,0.458,49.9677,87.7132
354.977,88.0273,114.75,0.464,50.0055,87.785
355.227,87.9658,114.75,0.465,50.0162,87.8589
355.477,88.0325,114.75,0.467,49.9849,87.9344
355.727,83.9419,114.75,0.468,50.0258,88.0048
355.977,88.0633,114.75,0.463,50.0148,88.0812
356.227,79.957,114.75,0.461,49.9958,88.1582
356.477,84.0066,114.75,0.459,50.0228,88.2293
356.727,79.9767,114.75,0.459,50.0057,88.3053
356.977,84.0436,114.75,0.459,50.005,88.3835
357.227,92.0049,114.75,0.459,49.9065,88.4556
357.477,84.0053,114.75,0.46,49.9873,88.5304
357.727,99.9704,114.75,0.46,49.9966,88.5991
357.977,88.0269,114.75,0.463,49.9985,88.6711
358.227,87.998,114.75,0.466,49.9851,88.7456
358.477,96.012,114.75,0.468,49.9905,88.8161
358.727,87.9421,114.75,0.474,49.9723,88.8875
358.977,92.061,114.75,0.484,50.0025,88.9444
359.227,87.9706,114.75,0.487,50.0431,88.9806
359.477,96.0445,114.75,0.498,49.9984,88.9821
359.727,103.969,114.75,0.491,49.8872,88.9836
359.977,92.0197,114.75,0.484,49.9875,88.986
360.227,83.9792,114.75,0.482,49.9175,88.9881
360.477,96.0196,114.75,0.484,49.9544,88.9889
360.827,102.791,114.75,0.481,49.8304,88.9908
361.077,96.0867,114.75,0.485,49.9822,88.9918
361.327,91.9861,114.75,0.482,49.9719,88.9937
361.577,100.016,114.75,0.482,50.0421,88.999
361.827,83.9577,114.75,0.484,49.9878,89.0048
362.077,92.0136,114.75,0.487,49.9974,89.0084
362.327,91.9665,114.75,0.488,49.967,89.0123
362.577,96.0754,114.75,0.496,50.0045,89.0365
362.827,103.912,114.75,0.489,49.9927,89.0936
363.077,100.077,114.75,0.472,50.0316,89.1541
363.327,87.9876,114.75,0.467,50.0083,89.2135
363.577,96.0216,114.75,0.452,49.972,89.2826
363.827,91.9793,114.75,0.446,49.9544,89.3588
364.077,92.0113,114.75,0.443,49.9855,89.4239
364.327,83.9496,114.75,0.444,49.9878,89.5001
364.577,92.0318,114.75,0.443,50.0296,89.572
364.827,79.9538,114.75,0.443,50.0004,89.6494
365.077,92.0524,114.75,0.42,49.9799,89.7206
365.327,83.9816,114.75,0.428,50.0296,89.7848
365.577,96.0535,114.75,0.438,49.9847,89.861
365.827,79.9709,114.75,0.44,49.9804,89.9385
366.077,88.0285,114.75,0.443,50.0241,90.0088
366.327,79.9662,114.75,0.444,50.01,90.08
366.577,88.0206,114.75,0.445,49.9874,90.1431
366.827,83.953,114.75,0.441,49.9306,90.2121
367.077,88.0623,114.75,0.433,49.9699,90.2851
367.327,79.9649,114.75,0.419,50.0136,90.3501
367.577,88.0467,114.75,0.405,50.0326,90.4213
367.827,83.968,114.75,0.396,49.9733,90.497
368.077,84.0244,114.75,0.393,50.0068,90.5639
368.327,95.956,114.75,0.387,49.9395,90.6389
368.577,92.0293,114.75,0.384,49.9046,90.7087
368.827,83.9871,114.75,0.382,50.0189,90.78
369.077,88.0252,114.75,0.382,50.0024,90.8528
369.327,83.9746,114.75,0.381,50.0084,90.9232
369.577,92.0115,114.75,0.381,49.9857,90.9983
369.827,83.9665,114.75,0.381,49.9401,91.0731
370.077,104.048,114.75,0.381,50.0043,91.1398
370.327,91.9436,114.75,0.381,49.9055,91.2052
370.577,92.0756,114.75,0.386,50.0163,91.259
370.827,87.9466,114.75,0.399,50.019,91.3134
371.077,92.0491,114.75,0.422,50.0182,91.3686
371.327,91.936,114.75,0.455,50.0318,91.4217
371.577,96.0695,114.75,0.497,49.9753,91.4777
371.827,95.9124,114.75,0.509,49.9769,91.534
372.077,112.088,114.75,0.446,49.9425,91.5861
372.327,91.9935,114.75,0.401,49.8639,91.644
372.577,92.0158,114.75,0.348,50.0266,91.7018
372.827,92.0146,114.75,0.319,50.0168,91.7685
373.077,91.9858,114.75,0.298,50.0245,91.8402
373.327,95.9682,114.75,0.286,50.0465,91.9149
373.577,92.0423,114.75,0.288,50.0232,91.9886
373.827,92.026,114.75,0.297,50.0062,92.0608
374.077,107.951,114.75,0.316,49.9081,92.1275
374.327,87.9927,114.75,0.34,50.0592,92.1997
374.577,92.0132,114.75,0.361,49.9776,92.2681
374.827,87.9667,114.75,0.385,49.9901,92.3387
375.077,92.0286,114.75,0.421,49.9793,92.4064
375.327,91.9969,114.75,0.455,49.9641,92.466
375.577,92.0053,114.75,0.488,50.011,92.5326
375.827,95.9358,114.75,0.539,50.0449,92.5967
376.077,96.0689,114.75,0.589,50.0048,92.6686
376.327,91.9869,114.75,0.654,49.9701,92.7403
376.577,92.014,114.75,0.696,49.9948,92.8092
376.827,87.9904,114.75,0.76,49.9748,92.8743
377.077,92.0059,114.75,0.793,49.9739,92.9363
377.327,87.9444,114.75,0.842,50.0424,92.9917
377.577,108.062,114.75,0.874,49.9671,93.0499
377.827,83.996,114.75,0.911,49.9883,93.1086
378.077,96.0064,114.75,0.93,49.9711,93.1641
378.327,87.9376,114.75,0.952,50.0086,93.2283
378.577,96.0588,114.75,0.948,50.0242,93.2948
378.827,92.0067,114.75,0.92,49.9347,93.3694
379.077,95.9897,114.75,0.909,50.0063,93.4413
379.327,95.9543,114.75,0.899,49.9374,93.5108
379.577,88.0634,114.75,0.882,49.9959,93.577
379.827,83.925,114.75,0.869,50.041,93.6443
380.077,88.083,114.75,0.868,49.9769,93.7166
380.327,87.9833,114.75,0.868,49.9744,93.7912
380.577,84.0008,114.75,0.868,50.0173,93.86
380.827,83.9471,114.75,0.864,49.9503,93.9217
381.077,88.06,114.75,0.855,50.026,93.9822
381.327,99.9224,114.75,0.833,49.9685,94.0412
381.577,92.0526,114.75,0.781,49.9963,94.1046
381.827,91.9646,114.75,0.718,50.0161,94.168
382.077,88.0592,114.75,0.677,49.9964,94.2299
382.327,87.9294,114.75,0.599,49.997,94.3054
382.577,92.0728,114.75,0.562,50.0168,94.3758
382.827,87.9248,114.75,0.497,49.9841,94.447
383.077,92.0825,114.75,0.457,49.9851,94.515
383.327,95.9575,114.75,0.392,50.0111,94.5752
383.577,88.0114,114.75,0.368,49.9262,94.6107
383.827,83.9576,114.75,0.368,49.9983,94.6131
384.077,92.0691,114.75,0.368,49.9838,94.6138
384.327,83.9926,114.75,0.367,49.9687,94.6147
384.577,92.0152,114.75,0.368,49.982,94.6167
384.827,87.932,114.75,0.354,49.9452,94.618
385.077,92.0457,114.75,0.354,49.9856,94.6197
385.327,87.9995,114.75,0.338,50.0007,94.6213
385.577,84.0133,114.75,0.337,49.9745,94.6225
385.827,99.9531,114.75,0.337,49.9848,94.6235
386.077,92.0362,114.75,0.329,50.0128,94.6248
386.327,87.9549,114.75,0.328,49.9898,94.627
386.577,84.0553,114.75,0.329,50.02,94.6361
386.827,79.9624,114.75,0.383,49.9981,94.686
387.077,92.0487,114.75,0.421,49.9685,94.7456
387.327,87.9664,114.75,0.486,50.0319,94.8028
387.577,95.992,114.75,0.533,49.9883,94.8687
387.827,91.9724,114.75,0.58,49.9223,94.9297
388.077,104.064,114.75,0.615,49.9894,94.996
388.327,95.9331,114.75,0.678,49.9524,95.0709
388.577,88.0483,114.75,0.719,50.0265,95.1404
388.827,83.9942,114.75,0.776,50.0032,95.2071
389.077,88.0233,114.75,0.807,50.0395,95.2669
389.327,87.9531,114.75,0.84,50.0062,95.3248
389.577,92.0421,114.75,0.854,50.0106,95.3859
389.827,79.9558,114.75,0.875,49.9836,95.4479
390.077,92.0646,114.75,0.884,49.994,95.5094
390.327,91.9352,114.75,0.891,49.9943,95.5806
390.577,96.0468,114.75,0.888,49.9477,95.6523
390.827,79.9791,114.75,0.88,50.0061,95.7276
391.077,88.0265,114.75,0.876,50.0232,95.8051
391.327,87.9494,114.75,0.872,50.0192,95.8726
391.577,88.0691,114.75,0.867,50.0194,95.9424
391.827,83.9357,114.75,0.866,49.9673,96.0095
392.077,88.0612,114.75,0.867,50.0103,96.0824
392.327,87.9477,114.75,0.846,49.9529,96.1569
392.577,92.0394,114.75,0.832,49.9962,96.226
392.827,99.9567,114.75,0.821,49.9013,96.2989
393.077,84.0489,114.75,0.793,49.9995,96.3677
393.327,83.9634,114.75,0.727,50.0158,96.4396
393.577,88.0402,114.75,0.679,49.9974,96.4972
393.827,87.975,114.75,0.601,50.0082,96.5541
394.077,92.0033,114.75,0.564,49.9983,96.6178
394.327,87.9761,114.75,0.498,49.961,96.6815
394.577,88.0461,114.75,0.459,50.005,96.7501
394.827,87.9766,114.75,0.395,49.9869,96.8248
395.077,107.994,114.75,0.365,49.9878,96.8914
395.327,88.0069,114.75,0.318,49.9386,96.954
395.577,96.0264,114.75,0.298,49.9647,97.0221
395.827,87.9248,114.75,0.272,49.9783,97.0927
396.077,88.0719,114.75,0.265,49.9825,97.1657
396.327,91.9559,114.75,0.266,49.9421,97.2378
396.577,88.0415,114.75,0.274,50.0382,97.3007
396.827,95.9822,114.75,0.297,49.9252,97.3649
397.077,107.963,114.75,0.317,49.9886,97.4397
397.327,96.0077,114.75,0.375,50.0069,97.508
397.577,88.0421,114.75,0.412,49.9948,97.5717
397.827,91.9296,114.75,0.465,49.9586,97.6277
398.077,92.0756,114.75,0.481,50.0157,97.6797
398.327,95.9302,114.75,0.504,49.8881,97.7362
398.577,96.0532,114.75,0.51,49.9922,97.7896
398.827,95.984,114.75,0.469,49.9952,97.8475
399.077,99.9812,114.75,0.454,49.9742,97.9038
399.327,104.023,114.75,0.432,49.8312,97.9611
399.577,92.0265,114.75,0.432,49.9993,98.0263
399.827,87.9384,114.75,0.432,49.9542,98.0903
400.077,96.0454,114.75,0.433,50.0469,98.1658
400.327,87.9489,114.75,0.441,49.9527,98.2368
400.577,88.0641,114.75,0.448,50.0115,98.3008
400.827,87.9547,114.75,0.454,49.956,98.3696
401.077,88.0474,114.75,0.446,50.0098,98.4437
401.327,83.9404,114.75,0.406,49.9989,98.5114
401.577,104.073,114.75,0.387,49.9427,98.585
401.827,87.9674,114.75,0.383,49.9636,98.6621
402.077,84.0327,114.75,0.381,50.0215,98.7304
402.327,83.9812,114.75,0.375,49.9851,98.8028
402.577,80.0183,114.75,0.373,50.0199,98.8683
402.827,87.9729,114.75,0.365,49.9767,98.9448
403.077,84.0164,114.75,0.359,49.9738,99.0179
403.327,83.9849,114.75,0.347,49.9914,99.0862
403.577,100.034,114.75,0.344,49.9136,99.1572
403.827,83.9714,114.75,0.336,49.9361,99.2278
404.077,92.025,114.75,0.333,49.9967,99.3061
404.327,87.967,114.75,0.318,49.9292,99.3779
404.577,88.032,114.75,0.314,49.9967,99.4452
404.827,87.9786,114.75,0.33,49.9682,99.5207
405.077,99.9823,114.75,0.357,49.9934,99.5968
405.327,95.9773,114.75,0.392,49.9597,99.6634
405.577,96.0588,114.75,0.423,50.0004,99.7271
405.827,91.9752,114.75,0.461,49.9776,99.7817
406.077,108.038,114.75,0.488,49.9908,99.8386
406.327,99.8978,114.75,0.519,49.9889,99.8972
406.577,104.094,114.75,0.549,49.9878,99.9507
406.827,99.9826,114.75,0.568,49.9424,100.007
407.077,96.014,114.75,0.573,50.0817,100.066
407.327,99.9935,114.75,0.533,50.1333,100.123
407.577,96.0114,114.75,0.509,50.0175,100.185
407.827,103.977,114.75,0.498,50.0415,100.242
408.077,100.022,114.75,0.493,49.9996,100.305
408.327,111.941,114.75,0.515,49.9151,100.374
408.577,100.057,114.75,0.543,49.9693,100.444
408.827,95.959,114.75,0.573,49.9734,100.519
409.077,88.0467,114.75,0.587,50.0279,100.595
409.327,99.9456,114.75,0.607,50.0239,100.659
409.577,100.048,114.75,0.629,50.0177,100.734
409.827,111.985,114.75,0.665,50.0013,100.804
410.077,92.0121,114.75,0.685,50.0493,100.871
410.327,95.9262,114.75,0.706,49.9736,100.932
410.577,100.076,114.75,0.728,49.9685,100.987
410.827,99.973,114.75,0.761,49.9966,101.046
411.077,100.027,114.75,0.793,50.0383,101.106
411.327,95.9361,114.75,0.823,50.0095,101.163
411.577,112.069,114.75,0.831,50.0401,101.225
411.827,103.983,114.75,0.837,49.9538,101.287
412.077,104.022,114.75,0.829,49.9978,101.349
412.327,99.9406,114.75,0.789,49.9881,101.413
412.577,100.056,114.75,0.771,50.008,101.477
412.827,91.9301,114.75,0.748,50.0111,101.545
413.077,108.082,114.75,0.741,50.0269,101.609
413.327,107.984,114.75,0.724,49.8939,101.676
413.577,104.013,114.75,0.72,49.9909,101.749
413.827,99.9867,114.75,0.719,49.9838,101.82
414.077,104.019,114.75,0.721,49.9744,101.896
414.327,99.9385,114.75,0.736,49.9692,101.965
414.577,100.059,114.75,0.741,49.9933,102.026
414.827,95.9597,114.75,0.697,50.0474,102.096
415.077,108.034,114.75,0.663,50.0045,102.168
415.327,111.936,114.75,0.624,50.0156,102.237
415.577,108.07,114.75,0.605,49.9919,102.308
415.827,103.977,114.75,0.582,50.0025,102.371
416.077,96.0253,114.75,0.583,50.01,102.434
416.327,103.892,114.75,0.603,50.0423,102.501
416.577,100.107,114.75,0.621,50.0029,102.561
416.827,107.985,114.75,0.66,49.9597,102.627
417.077,116.007,114.75,0.701,49.9761,102.693
417.327,107.894,114.75,0.76,50.0426,102.756
417.577,116.111,114.75,0.806,49.9089,102.825
417.827,99.9922,114.75,0.873,49.9601,102.883
418.077,108.011,114.75,0.909,49.9997,102.944
418.327,95.9857,114.75,0.944,49.9908,103.006
418.577,108.021,114.75,0.929,50.0138,103.069
418.827,95.9519,114.75,0.943,50.0201,103.134
419.077,120.065,114.75,0.957,48.0084,103.21
419.327,111.953,114.75,0.966,47.9921,103.275
419.577,108.016,114.75,0.986,48.0101,103.341
419.827,115.968,114.75,1.01,47.914,103.404
420.077,96.0473,114.75,1.039,50.0305,103.477
420.327,99.9805,114.75,1.076,49.9637,103.549
420.577,100.024,114.75,1.099,50.0494,103.62
420.827,103.967,114.75,1.12,49.9572,103.695
421.077,112.026,114.75,1.136,49.9913,103.77
421.327,115.966,114.75,1.158,49.9997,103.839
421.577,108.036,114.75,1.171,49.952,103.914
421.827,99.9134,114.75,1.194,50.0748,103.987
422.077,100.09,114.75,1.205,50.0709,104.061
422.327,99.9848,114.75,1.223,50.0085,104.134
422.577,104.012,114.75,1.245,50.0035,104.202
422.827,103.956,114.75,1.271,50.0122,104.279
423.077,104.043,114.75,1.297,50.0112,104.349
423.327,115.982,114.75,1.326,49.9941,104.422
423.577,104.011,114.75,1.312,50.0249,104.493
423.827,103.871,114.75,1.235,50.015,104.56
424.077,108.139,114.75,1.18,50.0582,104.628
424.327,95.9879,114.75,1.094,49.899,104.695
424.577,100.007,114.75,1.032,50.0619,104.757
424.827,103.938,114.75,0.965,49.943,104.814
425.077,116.083,114.75,0.936,50.0399,104.839
425.327,111.938,114.75,0.957,49.8814,104.841
425.577,96.046,114.75,0.928,50.0478,104.843
425.827,99.9502,114.75,0.925,50.0067,104.845
426.077,96.0513,114.75,0.911,50.1347,104.847
426.327,99.9633,114.75,0.921,50.0112,104.849
426.577,103.984,114.75,0.922,49.9962,104.85
426.827,116.009,114.75,0.913,49.9862,104.851
427.077,104.043,114.75,0.912,49.9885,104.853
427.327,103.91,114.75,0.909,49.9269,104.854
427.577,128.097,114.75,0.91,47.8911,104.857
427.827,92.014,114.75,0.909,47.8292,104.86
428.077,107.981,114.75,0.888,47.8419,104.865
428.327,99.9916,114.75,0.937,47.9503,104.905
428.577,116.009,114.75,0.976,49.9598,104.961
428.827,112.007,114.75,1.068,50.0224,105.032
429.077,103.953,114.75,1.376,49.9976,105.096
429.327,96.0653,114.75,1.377,49.9983,105.157
429.577,99.9666,114.75,1.383,49.9846,105.226
429.827,104.02,114.75,1.365,49.9961,105.289
430.077,103.987,114.75,1.397,50.0128,105.358
430.327,100.017,114.75,1.369,49.9128,105.429
430.577,99.9802,114.75,1.347,49.9989,105.499
430.827,104.015,114.75,1.307,50.0039,105.576
431.077,103.971,114.75,1.283,50.0201,105.648
431.327,116.016,114.75,1.247,49.8901,105.716
431.577,100.004,114.75,1.224,50.0053,105.788
431.827,104.021,114.75,1.199,49.9868,105.858
432.077,103.975,114.75,1.184,49.9725,105.93
432.327,104.005,114.75,1.158,50.0358,106.001
432.577,107.999,114.75,1.138,49.9857,106.071
432.827,104.013,114.75,1.108,50.0191,106.145
433.077,111.981,114.75,1.086,50.0002,106.219
433.327,104.025,114.75,1.054,49.9888,106.29
433.577,103.977,114.75,1.029,49.9897,106.368
433.827,100.015,114.75,1.005,50.0834,106.44
434.077,104.014,114.75,0.979,49.945,106.517
434.327,107.986,114.75,0.974,49.9768,106.592
434.577,103.984,114.75,0.964,50.0133,106.659
434.827,115.985,114.75,0.947,50.0103,106.727
435.077,104.041,114.75,0.921,49.9907,106.789
435.327,99.9899,114.75,0.907,50.0261,106.855
435.577,104.012,114.75,0.881,50.0193,106.922
435.827,107.979,114.75,0.844,50.0588,106.984
436.077,108.007,114.75,0.805,49.9852,107.049
436.327,111.998,114.75,0.778,49.9399,107.117
436.577,120.013,114.75,0.766,50.0151,107.178
436.827,103.952,114.75,0.743,49.9756,107.255
437.077,108.053,114.75,0.711,49.9686,107.331
437.327,99.9889,114.75,0.688,50.05,107.401
437.577,123.908,114.75,0.677,49.0522,107.471
437.827,104.061,114.75,0.672,47.7584,107.543
438.077,112.007,114.75,0.681,47.7642,107.616
438.327,107.982,114.75,0.689,47.7726,107.689
438.577,115.916,114.75,0.701,48.6785,107.754
438.827,104.103,114.75,0.706,50.0515,107.818
439.077,99.9658,114.75,0.719,49.9929,107.886
439.327,100.035,114.75,0.73,49.9725,107.953
439.577,99.9489,114.75,0.737,50.0105,108.029
439.827,100.06,114.75,0.744,49.9855,108.098
440.077,95.9534,114.75,0.752,49.9425,108.172
440.327,100.043,114.75,0.759,50.0295,108.241
440.577,111.974,114.75,0.774,50.0008,108.302
440.827,96.0187,114.75,0.791,50.0206,108.365
441.077,103.918,114.75,0.819,50.0243,108.428
441.327,100.084,114.75,0.82,50.0316,108.487
441.577,99.9492,114.75,0.755,49.911,108.548
441.827,100.045,114.75,0.709,50.106,108.607
442.077,99.9838,114.75,0.653,49.9984,108.668
442.327,112.017,114.75,0.615,50.0069,108.733
442.577,103.938,114.75,0.564,50.0121,108.795
442.827,108.078,114.75,0.535,50.018,108.862
443.077,99.9238,114.75,0.499,49.9142,108.922
443.327,100.059,114.75,0.473,50.0491,108.986
443.577,91.9818,114.75,0.463,50.0182,109.052
443.827,96.0289,114.75,0.447,50.0338,109.111
444.077,103.979,114.75,0.436,49.9793,109.174
444.327,100.015,114.75,0.435,50.021,109.233
444.577,99.9066,114.75,0.43,49.9912,109.294
444.827,104.087,114.75,0.404,50.006,109.359
445.077,95.9996,114.75,0.39,50.0134,109.421
445.327,104.018,114.75,0.394,50.0904,109.483
445.577,99.9621,114.75,0.416,50.0466,109.554
445.827,104.028,114.75,0.438,50.0216,109.623
446.077,115.982,114.75,0.499,49.9485,109.701
446.327,108.006,114.75,0.534,50.0228,109.769
446.577,107.991,114.75,0.588,49.9784,109.831
446.827,104.025,114.75,0.586,50.0513,109.896
447.077,99.9307,114.75,0.562,49.9635,109.957
447.327,100.076,114.75,0.535,50.0284,110.016
447.577,95.9355,114.75,0.51,49.9702,110.074
447.827,96.0599,114.75,0.469,50.0132,110.13
448.077,111.918,114.75,0.411,49.9543,110.189
448.327,100.073,114.75,0.375,50.0096,110.257
448.577,91.9186,114.75,0.331,50.0054,110.324
448.827,96.084,114.75,0.309,50.0357,110.398
449.077,91.9439,114.75,0.291,50.0258,110.47
449.327,100.064,114.75,0.296,50.0318,110.545
449.577,103.801,114.75,0.308,49.9957,110.618
449.827,96.1827,114.75,0.311,49.9758,110.688
450.077,87.9786,114.75,0.321,49.9836,110.758
450.327,88.0164,114.75,0.33,49.9998,110.828
450.578,95.7918,114.75,0.339,50.0731,110.903
450.827,88.1956,114.75,0.347,50.0226,110.97
451.078,87.7977,114.75,0.359,50.0256,111.036
451.327,96.2225,114.75,0.364,50.0324,111.104
451.578,95.798,114.75,0.371,50.0277,111.18
451.827,84.1772,114.75,0.376,50.0036,111.251
452.077,91.944,114.75,0.399,50.0239,111.321
452.327,84.0514,114.75,0.416,50.0303,111.387
452.577,91.9292,114.75,0.447,50.0209,111.46
452.827,88.0753,114.75,0.446,50.0403,111.537
453.077,83.965,114.75,0.446,50.0222,111.599
453.327,92.0294,114.75,0.446,50.0155,111.673
453.577,95.9548,114.75,0.449,49.993,111.751
453.827,100.047,114.75,0.453,49.9742,111.819
454.077,83.9723,114.75,0.457,49.9786,111.89
454.327,96.0428,114.75,0.462,49.9995,111.963
454.577,91.968,114.75,0.473,49.9725,112.03
454.827,92.027,114.75,0.481,49.9916,112.104
455.077,91.9774,114.75,0.49,50.0172,112.17
455.327,112.023,114.75,0.493,49.9877,112.238
455.577,91.9544,114.75,0.491,49.9713,112.311
455.827,92.017,114.75,0.467,50.0047,112.384
456.077,92.0107,114.75,0.441,49.8787,112.46
456.327,92.0159,114.75,0.435,50.0058,112.523
456.577,91.9671,114.75,0.433,49.9681,112.597
456.827,92.031,114.75,0.439,50.0338,112.673
457.077,87.9833,114.75,0.442,50.0085,112.746
457.327,96.031,114.75,0.442,50.0034,112.819
457.577,95.9722,114.75,0.441,49.9363,112.89
457.827,92.0049,114.75,0.437,49.9464,112.962
458.077,87.9702,114.75,0.434,49.9713,113.04
458.327,92.05,114.75,0.433,50.1004,113.117
458.577,83.9743,114.75,0.43,49.9697,113.185
458.827,88.0264,114.75,0.424,50.0392,113.261
459.077,87.9578,114.75,0.421,50.0394,113.333
459.327,92.0443,114.75,0.419,50.0099,113.406
459.577,91.9311,114.75,0.417,49.9863,113.476
459.827,88.066,114.75,0.416,50.0037,113.54
460.077,83.9721,114.75,0.413,49.9328,113.619
460.327,88.0226,114.75,0.413,49.9819,113.694
460.577,87.9847,114.75,0.414,50.0111,113.759
460.827,84.0212,114.75,0.416,50.0222,113.831
461.077,91.9659,114.75,0.417,50.0286,113.895
461.327,92.0314,114.75,0.419,49.9752,113.968
461.577,87.9559,114.75,0.432,49.9423,114.042
461.827,88.0425,114.75,0.439,50.0187,114.11
462.077,83.9718,114.75,0.451,50.0079,114.184
462.327,92.0244,114.75,0.456,49.9959,114.255
462.577,91.946,114.75,0.464,49.9784,114.331
462.827,100.07,114.75,0.468,50.0245,114.398
463.077,91.9489,114.75,0.472,50.025,114.458
463.327,96.0515,114.75,0.477,50.023,114.524
463.577,91.9705,114.75,0.485,49.9399,114.585
463.827,96.0147,114.75,0.492,49.9873,114.643
464.077,87.9372,114.75,0.506,50.0755,114.701
464.327,92.0787,114.75,0.507,50.0063,114.76
464.577,95.9781,114.75,0.503,50.0086,114.817
464.827,104.023,114.75,0.483,49.9899,114.882
465.077,91.9173,114.75,0.457,49.9469,114.945
465.327,92.0852,114.75,0.452,50.0148,115.013
465.577,91.8771,114.75,0.446,49.9387,115.081
465.827,92.1144,114.75,0.441,49.9666,115.146
466.077,83.9612,114.75,0.423,49.9865,115.22
466.327,88.0437,114.75,0.436,50.0096,115.287
466.577,83.9579,114.75,0.463,50.0261,115.365
466.827,96.0309,114.75,0.48,50.0275,115.436
467.077,91.9868,114.75,0.486,50.0013,115.499
467.327,88.0344,114.75,0.488,49.9741,115.574
467.578,87.5372,114.75,0.489,49.9709,115.65
467.827,92.4845,114.75,0.49,50.1164,115.721
468.077,83.9852,114.75,0.467,50.0403,115.793
468.327,84.0166,114.75,0.451,50.03,115.868
468.577,91.8831,114.75,0.453,50.0221,115.941
468.827,84.1049,114.75,0.46,50.0202,116.018
469.077,83.9856,114.75,0.463,50.0055,116.088
469.327,96.0124,114.75,0.462,49.99,116.161
469.577,87.9648,114.75,0.46,50.0242,116.238
469.827,88.0379,114.75,0.459,50.0046,116.312
470.077,83.9771,114.75,0.459,49.9614,116.386
470.327,88.0336,114.75,0.458,50.0389,116.456
470.577,87.9621,114.75,0.458,49.993,116.534
470.827,88.0277,114.75,0.459,49.9609,116.612
471.077,79.971,114.75,0.459,50.0449,116.68
471.327,96.0306,114.75,0.454,50.0155,116.755
471.577,83.9347,114.75,0.457,50.0042,116.832
471.827,84.068,114.75,0.468,49.9995,116.905
472.077,91.9408,114.75,0.487,49.9452,116.98
472.327,88.0585,114.75,0.484,49.9853,117.051
472.577,83.9455,114.75,0.483,49.9774,117.128
472.827,88.057,114.75,0.484,50.0243,117.206
473.077,83.9871,114.75,0.433,50.0476,117.277
473.327,92.025,114.75,0.387,50.0163,117.349
473.577,95.9357,114.75,0.345,50.0055,117.423
473.827,88.0453,114.75,0.319,49.9805,117.496
474.077,87.8535,114.75,0.312,49.9707,117.571
474.327,84.145,114.75,0.315,50.0152,117.634
474.577,83.9321,114.75,0.326,50.0069,117.704
474.827,92.0748,114.75,0.334,50.0185,117.773
475.077,91.9112,114.75,0.348,50.0217,117.836
475.327,92.0917,114.75,0.363,50.0209,117.908
475.577,99.8855,114.75,0.396,49.9904,117.984
475.778,79.6915,114.75,0.416,49.9938,118.038
476.027,100.424,114.75,0.439,49.9991,118.108
476.277,107.9,114.75,0.455,49.9598,118.174
476.527,96.0818,114.75,0.465,49.9571,118.248
476.777,87.9149,114.75,0.481,49.9543,118.315
477.027,88.0955,114.75,0.489,50.0094,118.379
477.277,91.8713,114.75,0.506,50.1046,118.449
477.527,92.1322,114.75,0.52,49.9735,118.515
477.777,91.8957,114.75,0.533,49.9638,118.594
478.027,100.103,114.75,0.533,50.021,118.668
478.277,91.903,114.75,0.535,50.0314,118.735
478.527,96.1046,114.75,0.539,49.9778,118.807
478.777,83.9257,114.75,0.547,49.9675,118.88
479.027,88.0783,114.75,0.552,50.0674,118.951
479.277,83.9803,114.75,0.558,49.9685,119.028
479.527,84.0173,114.75,0.56,50.0047,119.099
479.777,87.9794,114.75,0.562,50.0353,119.171
480.027,96.0253,114.75,0.561,50.0406,119.251
480.277,95.8613,114.75,0.557,50.0124,119.323
480.527,96.1382,114.75,0.558,50.021,119.399
480.777,83.958,114.75,0.559,49.9444,119.474
481.027,88.0358,114.75,0.559,50.129,119.537
481.277,87.9104,114.75,0.556,49.9981,119.587
481.527,92.1081,114.75,0.556,50.0169,119.596
481.777,87.9337,114.75,0.563,50.019,119.597
482.027,88.0564,114.75,0.564,50.0402,119.599
482.277,83.984,114.75,0.558,50.0558,119.6
482.527,100.023,114.75,0.556,49.9799,119.602
482.877,82.8397,114.75,0.551,50.0319,119.604
483.127,88.0298,114.75,0.551,49.9895,119.605
483.377,83.9366,114.75,0.551,49.9765,119.605
483.627,88.0653,114.75,0.551,50.0125,119.605
483.878,87.7045,114.75,0.551,49.9966,119.605
484.127,100.338,114.75,0.551,49.9369,119.605
484.378,87.8243,114.75,0.551,49.9574,119.605
484.627,84.1709,114.75,0.551,50.0116,119.605
484.877,83.9495,114.75,0.551,49.9924,119.605
485.127,88.0461,114.75,0.551,49.995,119.605
485.377,87.9352,114.75,0.553,50.0353,119.607
485.627,84.0638,114.75,0.551,50.0025,119.61
485.877,103.888,114.75,0.552,50.0292,119.615
486.127,96.1035,114.75,0.563,49.9757,119.639
486.377,83.9695,114.75,0.527,50.0105,119.691
486.627,88.0341,114.75,0.513,50.0292,119.748
486.877,79.9732,114.75,0.502,50.0164,119.809
487.127,92.0335,114.75,0.504,49.981,119.869
487.377,87.9842,114.75,0.505,50.0132,119.944
487.627,88.008,114.75,0.509,50.0201,120.021
487.877,91.9727,114.75,0.512,50.0568,120.092
488.127,84.0248,114.75,0.515,49.9788,120.165
488.377,95.9311,114.75,0.521,49.9004,120.24
488.627,88.0086,114.75,0.525,50.0894,120.31
488.877,84.0121,114.75,0.526,50.0202,120.386
489.127,88.0419,114.75,0.526,49.9776,120.456
489.377,87.9822,114.75,0.526,50.0429,120.531
489.627,96.0374,114.75,0.528,50.0235,120.602
489.878,95.7932,114.75,0.53,50.0023,120.667
490.127,96.1812,114.75,0.534,49.9728,120.739
490.377,91.9462,114.75,0.519,49.9937,120.812
490.627,92.0797,114.75,0.517,49.9979,120.885
490.877,91.9096,114.75,0.521,50.0509,120.961
491.127,96.061,114.75,0.525,50.0233,121.022
491.377,91.9502,114.75,0.534,49.9701,121.084
491.627,104.066,114.75,0.494,49.9778,121.146
491.877,95.978,114.75,0.458,50.0399,121.207
492.127,96.0216,114.75,0.406,49.9583,121.275
492.377,91.9874,114.75,0.367,50.0124,121.348
492.627,92.0135,114.75,0.322,50.0181,121.417
492.877,95.8403,114.75,0.31,50.066,121.489
493.127,100.176,114.75,0.287,50.0239,121.552
493.377,91.929,114.75,0.282,49.9617,121.621
493.627,92.0677,114.75,0.29,50.0084,121.689
493.877,99.9759,114.75,0.295,50.0212,121.755
494.127,100.013,114.75,0.318,49.9534,121.829
494.377,75.9891,114.75,0.343,50.025,121.895
494.627,92.0203,114.75,0.392,50.012,121.967
494.877,87.9322,114.75,0.434,50.0117,122.044
495.127,88.0647,114.75,0.474,49.9866,122.117
495.377,91.9441,114.75,0.474,49.9844,122.185
495.627,84.0611,114.75,0.475,50.0123,122.257
495.877,83.9242,114.75,0.475,50.0176,122.328
496.127,96.0763,114.75,0.457,50.0341,122.406
496.377,91.9189,114.75,0.435,49.9164,122.479
496.578,79.7662,114.75,0.434,49.9975,122.533
496.827,92.3035,114.75,0.433,49.9886,122.602
497.077,95.941,114.75,0.439,49.9967,122.672
497.278,74.7753,114.75,0.443,49.9909,122.733
497.527,96.2853,114.75,0.445,49.9776,122.8
497.777,95.9632,114.75,0.446,49.9922,122.873
498.027,84.0319,114.75,0.446,50.014,122.949
498.277,83.9963,114.75,0.447,50.0561,123.018
498.527,88.0037,114.75,0.45,50.1137,123.092
498.777,83.9697,114.75,0.452,49.9816,123.156
499.027,92.0365,114.75,0.454,49.9722,123.234
499.277,87.9117,114.75,0.456,49.9043,123.311
499.527,96.0967,114.75,0.437,49.9554,123.379
499.777,91.9818,114.75,0.444,50.0035,123.451
500.027,92.0167,114.75,0.465,49.9457,123.527
500.277,87.9293,114.75,0.474,50.0371,123.599
500.527,92.0741,114.75,0.476,49.9585,123.675
500.777,87.9529,114.75,0.477,49.982,123.747
501.027,92.0528,114.75,0.48,49.9306,123.818
501.277,87.9819,114.75,0.47,49.959,123.894
501.527,96.0167,114.75,0.448,49.9901,123.964
501.779,87.4792,114.75,0.438,49.9663,124.038
502.027,96.5754,114.75,0.447,49.9892,124.114
502.277,95.9717,114.75,0.451,50.0086,124.182
502.527,96.0282,114.75,0.456,49.9265,124.252
502.777,87.9568,114.75,0.462,49.9821,124.316
503.027,92.046,114.75,0.472,49.997,124.379
503.277,87.9369,114.75,0.486,49.9833,124.445
503.527,96.0678,114.75,0.508,49.9851,124.503
503.777,95.8925,114.75,0.522,49.9379,124.563
504.027,116.114,114.75,0.538,50.0055,124.624
504.277,92.0053,114.75,0.535,50.0159,124.68
504.527,99.9991,114.75,0.488,49.9473,124.738
504.777,91.8371,114.75,0.457,50.0332,124.796
505.027,96.1773,114.75,0.42,49.9911,124.85
505.277,99.9189,114.75,0.394,49.9714,124.914
505.527,92.0693,114.75,0.397,50.0307,124.978
505.777,95.9349,114.75,0.397,49.9971,125.04
506.027,100.075,114.75,0.403,50.0072,125.112
506.277,103.97,114.75,0.408,49.9999,125.182
506.527,88.0211,114.75,0.413,49.9581,125.254
506.777,87.9986,114.75,0.417,50.0308,125.33
507.027,88.0027,114.75,0.424,50.0131,125.402
507.277,87.9053,114.75,0.426,50.0038,125.477
507.527,92.1022,114.75,0.43,49.9926,125.547
507.777,79.9929,114.75,0.431,50.0315,125.625
508.027,92.0114,114.75,0.433,49.9915,125.702
508.277,79.9473,114.75,0.437,50.025,125.769
508.527,92.0602,114.75,0.442,49.9829,125.842
508.777,91.9084,114.75,0.444,49.9803,125.917
509.027,92.0862,114.75,0.445,49.9563,125.984
509.277,83.9274,114.75,0.446,49.9764,126.053
509.527,84.0804,114.75,0.446,50.1523,126.123
509.777,87.9435,114.75,0.446,50.0189,126.199
510.027,88.0511,114.75,0.446,50.0058,126.277
510.277,83.945,114.75,0.446,50.0009,126.343
510.527,96.0714,114.75,0.449,49.9687,126.411
510.777,83.9586,114.75,0.452,49.9833,126.485
511.027,92.0414,114.75,0.455,49.9844,126.556
511.277,83.9543,114.75,0.456,50.0433,126.624
511.527,88.0402,114.75,0.452,49.985,126.692
511.777,91.903,114.75,0.435,50.0295,126.757
512.027,108.122,114.75,0.439,49.9608,126.831
512.277,87.953,114.75,0.433,50.0212,126.903
512.527,88.0455,114.75,0.448,50.0148,126.975
512.777,91.9862,114.75,0.467,49.9997,127.039
513.027,96.0075,114.75,0.509,49.9812,127.108
513.277,91.9768,114.75,0.515,49.9885,127.183
513.527,88.0298,114.75,0.469,49.9893,127.25
513.777,91.914,114.75,0.443,50.0048,127.318
514.027,99.974,114.75,0.415,49.5802,127.389
514.277,128.142,114.75,0.406,47.8719,127.461
514.527,92.0103,114.75,0.399,47.9517,127.537
514.777,83.9951,114.75,0.406,47.9091,127.605
515.027,95.9817,114.75,0.414,48.3151,127.673
515.277,88.0174,114.75,0.416,49.9472,127.746
515.527,91.9732,114.75,0.42,49.99,127.816
515.777,91.9526,114.75,0.39,49.9815,127.889
516.027,92.0821,114.75,0.358,50.0281,127.959
516.277,79.9907,114.75,0.355,50.008,128.031
516.527,92.0126,114.75,0.35,49.9881,128.108
516.777,83.9881,114.75,0.348,50.0738,128.177
517.027,92.0154,114.75,0.346,49.9984,128.251
517.277,79.9873,114.75,0.344,49.9752,128.328
517.527,92.0084,114.75,0.343,50.036,128.399
517.777,87.9906,114.75,0.343,49.9821,128.471
518.027,99.9955,114.75,0.335,49.9897,128.542
518.277,87.9993,114.75,0.333,49.9557,128.608
518.527,91.986,114.75,0.33,49.9692,128.685
518.777,84.0144,114.75,0.327,50.0571,128.753
519.027,88.014,114.75,0.318,50.0202,128.822
519.228,94.6888,114.75,0.33,50.0193,128.883
519.477,88.22,114.75,0.342,50.1099,128.954
519.727,92.0137,114.75,0.372,50.0099,129.024
519.977,87.9851,114.75,0.401,50.0092,129.084
520.227,99.9931,114.75,0.452,50.0012,129.146
520.477,91.9995,114.75,0.481,49.9776,129.207
520.727,103.995,114.75,0.502,49.9738,129.264
520.977,108.015,114.75,0.523,49.9704,129.326
521.227,112.026,114.75,0.554,49.9819,129.384
521.477,95.9815,114.75,0.567,49.9361,129.442
521.727,103.985,114.75,0.585,49.9571,129.5
521.977,100.007,114.75,0.56,49.9139,129.554
522.227,95.9921,114.75,0.533,49.9591,129.615
522.477,100.012,114.75,0.525,49.9226,129.676
522.727,108.013,114.75,0.518,50.0139,129.74
522.977,95.9789,114.75,0.517,49.9202,129.808
523.227,112.004,114.75,0.522,47.9153,129.881
523.477,92.0147,114.75,0.528,47.8956,129.949
523.727,87.9773,114.75,0.537,47.9127,130.027
523.977,92.023,114.75,0.542,47.9033,130.096
524.227,83.9845,114.75,0.546,50.023,130.167
524.477,96.0137,114.75,0.554,49.9707,130.241
524.727,95.9856,114.75,0.568,50.0063,130.307
524.977,84.0168,114.75,0.579,49.9443,130.378
525.227,87.9902,114.75,0.581,50.0005,130.442
525.477,88.0137,114.75,0.586,49.972,130.503
525.727,91.9874,114.75,0.597,50.0524,130.544
525.977,84.01,114.75,0.6,49.9739,130.549
526.227,91.9876,114.75,0.599,49.9841,130.552
526.477,88.0113,114.75,0.599,50.0039,130.554
526.727,91.9877,114.777,0.592,50.0076,130.556
526.977,84.0074,114.777,0.591,49.9939,130.556
527.227,91.9673,114.777,0.595,50.0069,130.557
527.477,92.0342,114.777,0.595,49.9645,130.559
527.727,95.9856,114.777,0.596,49.9193,130.561
527.977,88.0168,114.777,0.598,49.9783,130.562
528.227,95.9707,114.777,0.599,49.9779,130.564
528.477,84.0266,114.777,0.602,50.0032,130.601
528.727,91.9847,114.777,0.618,50.0291,130.65
528.977,88.0132,114.777,0.591,49.9998,130.711
529.227,91.9649,114.777,0.554,50.0141,130.775
529.477,92.0344,114.777,0.545,49.9788,130.847
529.727,87.9868,114.777,0.539,49.9854,130.92
529.977,96.011,114.777,0.54,49.9479,130.988
530.227,83.9827,114.777,0.547,49.9891,131.061
530.477,88.0221,114.777,0.553,49.9959,131.133
530.727,87.9895,114.777,0.558,50.0152,131.203
530.977,92.0212,114.777,0.559,50.0066,131.277
531.227,87.9717,114.777,0.56,50.0118,131.351
531.477,96.0197,114.777,0.562,50.0056,131.421
531.727,91.9716,114.777,0.567,49.9979,131.495
531.977,100.005,114.777,0.57,49.893,131.557
532.227,96.0138,114.777,0.577,49.9836,131.617
532.477,100.005,114.777,0.582,49.9762,131.674
532.727,99.9953,114.777,0.59,49.9919,131.727
532.977,92.0193,114.777,0.587,49.9967,131.784
533.227,99.9717,114.777,0.58,49.9984,131.839
533.477,100.016,114.777,0.558,50.0007,131.893
533.727,107.985,114.777,0.493,50.0187,131.945
533.977,104.015,114.777,0.45,49.9799,131.999
534.227,95.9877,114.777,0.392,50.0013,132.058
534.477,96.024,114.777,0.358,49.9573,132.123
534.727,87.9747,114.777,0.317,50.0042,132.186
534.977,92.0166,114.777,0.301,49.972,132.26
535.227,103.987,114.777,0.281,50.0001,132.325
535.477,100.015,114.777,0.29,49.9721,132.398
535.727,91.9808,114.777,0.307,49.9852,132.475
535.977,88.0162,114.777,0.323,49.9716,132.541
536.227,91.9839,114.777,0.354,49.9913,132.609
536.477,80.0148,114.777,0.356,49.9728,132.682
536.727,91.9907,114.777,0.363,50.0112,132.755
536.977,88.0126,114.777,0.366,49.9878,132.828
537.227,83.9872,114.777,0.372,50.0335,132.899
537.477,88.0064,114.777,0.377,50.0189,132.968
537.727,91.9867,114.777,0.382,49.9893,133.045
537.977,88.0123,114.777,0.387,49.9682,133.114
538.227,83.9898,114.777,0.398,49.9685,133.185
538.477,84.0103,114.777,0.412,49.9783,133.254
538.727,87.9775,114.777,0.442,50.0006,133.323
538.977,88.023,114.777,0.444,49.9841,133.4
539.227,87.9885,114.777,0.444,49.989,133.465
539.477,100.018,114.777,0.445,49.9807,133.536
539.727,87.9791,114.777,0.446,50.0095,133.61
539.977,96.0258,114.777,0.446,49.9678,133.678
540.227,91.9793,114.777,0.448,49.9922,133.752
540.477,88.0186,114.777,0.452,49.9679,133.822
540.727,91.9727,114.777,0.46,49.9956,133.891
540.977,96.0235,114.777,0.466,50.0218,133.966
541.227,99.9793,114.777,0.477,49.9048,134.039
541.477,96.0259,114.777,0.484,50.0255,134.102
541.727,91.982,114.777,0.492,49.9793,134.169
541.977,92.0145,114.777,0.484,49.9783,134.236
542.227,91.9838,114.777,0.455,50.001,134.309
542.477,96.0189,114.777,0.448,49.9459,134.385
542.727,91.9837,114.777,0.449,50.0204,134.455
542.977,88.0095,114.777,0.458,50.0121,134.529
543.227,87.967,114.777,0.457,50.0125,134.596
543.477,100.049,114.777,0.455,49.9868,134.667
543.727,87.9807,114.777,0.45,49.9608,134.737
543.977,88.0105,114.777,0.448,49.9955,134.801
544.227,83.9798,114.777,0.447,49.9829,134.877
544.477,88.0313,114.777,0.447,50.0478,134.955
544.727,87.9765,114.777,0.452,50.0038,135.022
544.977,79.9945,114.777,0.454,49.9737,135.096
545.227,84.0077,114.777,0.457,50.0055,135.167
545.477,88.0135,114.777,0.462,50.014,135.243
545.727,91.9853,114.777,0.466,49.9949,135.319
545.977,87.9325,114.777,0.468,49.9659,135.391
546.227,80.0478,114.777,0.464,50.0078,135.466
546.477,88.008,114.777,0.46,49.9646,135.544
546.727,84.005,114.777,0.459,50.0175,135.615
546.977,79.9904,114.777,0.459,50.0047,135.687
547.227,88.0156,114.777,0.458,50.0006,135.755
547.477,88.022,114.777,0.458,49.998,135.832
547.727,87.9696,114.777,0.457,49.9798,135.908
547.977,91.9902,114.777,0.457,49.9411,135.977
548.227,92.0019,114.777,0.457,50.0215,136.051
548.477,92.0022,114.777,0.458,49.8785,136.122
548.727,96.0118,114.777,0.462,49.9184,136.191
548.977,92.0265,114.777,0.466,49.9872,136.265
549.227,91.9703,114.777,0.472,49.9807,136.334
549.477,96.0172,114.777,0.488,49.9758,136.395
549.727,91.9804,114.777,0.494,49.9446,136.43
549.977,96.0336,114.777,0.499,49.9702,136.432
550.227,95.9625,114.777,0.494,50.0253,136.433
550.477,92.0349,114.777,0.489,49.9905,136.435
550.727,91.9697,114.777,0.487,50.0029,136.437
550.977,92.0306,114.777,0.484,50.0012,136.438
551.327,88.556,114.777,0.487,50.0057,136.44
551.577,100.003,114.777,0.484,49.9805,136.441
551.827,103.993,114.777,0.484,49.9155,136.442
552.077,88.0243,114.777,0.485,49.9898,136.443
552.327,95.9756,114.777,0.489,49.9991,136.445
552.577,92.0045,114.777,0.489,49.9616,136.447
552.827,95.9885,114.777,0.495,49.9285,136.462
553.077,96.0195,114.777,0.485,49.9469,136.515
553.327,91.9854,114.777,0.459,50.0085,136.57
553.577,104.009,114.777,0.435,49.9574,136.626
553.827,103.968,114.777,0.434,50.0102,136.69
554.077,96.0346,114.777,0.434,50.0049,136.76
554.327,87.9878,114.777,0.436,49.9945,136.83
554.577,96.0068,114.777,0.441,49.9333,136.905
554.827,87.9911,114.777,0.444,50.0224,136.975
555.077,92.0089,114.777,0.445,49.9741,137.052
555.327,83.9892,114.777,0.446,50.0167,137.129
555.577,88.0174,114.777,0.446,49.9907,137.2
555.827,83.9861,114.777,0.446,49.9953,137.276
556.077,88.0082,114.777,0.446,49.9937,137.354
556.327,95.991,114.777,0.446,50.0091,137.425
556.577,92.0148,114.777,0.446,49.9798,137.497
556.827,87.9833,114.777,0.446,49.9601,137.564
557.077,88.0034,114.777,0.446,49.9769,137.64
557.327,80.0034,114.777,0.446,49.9942,137.716
557.577,88.0058,114.777,0.446,49.9641,137.787
557.827,79.994,114.777,0.447,49.9894,137.863
558.077,96.0047,114.777,0.451,49.951,137.934
558.327,87.9897,114.777,0.453,49.9712,138.006
558.577,88.0071,114.777,0.45,49.9499,138.078
558.827,87.9939,114.777,0.451,49.9909,138.145
559.077,92.0074,114.777,0.453,49.9274,138.22
559.327,83.9972,114.777,0.453,50.0112,138.296
559.577,92.0065,114.777,0.452,49.9825,138.366
559.827,95.9708,114.777,0.449,50.0129,138.432
560.077,92.0298,114.777,0.437,49.9616,138.499
560.327,91.992,114.777,0.437,49.9894,138.561
560.577,88.0058,114.777,0.435,49.9636,138.626
560.827,91.9815,114.777,0.431,49.99,138.685
561.077,92.0181,114.777,0.434,49.9633,138.746
561.327,95.9953,114.777,0.435,49.9255,138.805
561.577,96.0034,114.777,0.433,49.9591,138.854
561.827,99.9916,114.777,0.427,49.984,138.907
562.077,99.9801,114.777,0.417,49.9546,138.965
562.327,100.026,114.777,0.379,49.9492,139.023
562.577,92.0069,114.777,0.331,49.9525,139.087
562.827,91.9885,114.777,0.308,50.0147,139.148
563.077,88.018,114.777,0.288,49.9694,139.216
563.327,87.9768,114.777,0.293,49.9751,139.293
563.577,100.016,114.777,0.305,49.9352,139.364
563.827,87.9951,114.777,0.316,49.9512,139.434
564.077,88.0062,114.777,0.343,49.9791,139.509
564.327,95.9911,114.777,0.36,50.0234,139.572
564.577,96.0025,114.777,0.392,49.9897,139.64
564.778,89.7765,114.777,0.423,49.959,139.69
565.027,96.1915,114.777,0.447,49.9673,139.751
565.277,92.0093,114.777,0.499,49.8805,139.817
565.527,95.9887,114.777,0.535,49.9884,139.883
565.777,88.0099,114.777,0.605,50.006,139.958
566.027,95.9869,114.777,0.654,49.9799,140.027
566.277,96.0228,114.777,0.723,49.9822,140.1
566.527,91.9754,114.777,0.761,49.928,140.161
566.777,88.0058,114.777,0.822,49.9395,140.22
567.027,95.9957,114.777,0.852,49.9828,140.278
567.277,104.021,114.777,0.898,49.8454,140.338
567.527,83.9825,114.777,0.917,50.0713,140.39
567.777,92.0111,114.777,0.945,49.9788,140.447
568.027,91.9925,114.777,0.958,50.0027,140.509
568.277,92.0135,114.777,0.948,49.9508,140.577
568.527,91.9868,114.777,0.933,50.0142,140.653
568.777,92.0062,114.777,0.909,49.9465,140.718
569.027,83.9934,114.777,0.897,50.0306,140.786
569.277,96.021,114.777,0.871,49.9839,140.855
569.527,91.9819,114.777,0.869,49.9389,140.918
569.777,88.0094,114.777,0.869,49.9757,140.992
570.027,95.9238,114.777,0.867,50.0011,141.061
570.277,92.073,114.777,0.865,49.9926,141.136
570.527,91.9866,114.777,0.867,50.0219,141.198
570.777,88.0109,114.777,0.855,49.9433,141.254
571.027,87.9955,114.777,0.845,49.9849,141.316
571.277,111.944,114.777,0.77,49.2484,141.376
571.527,96.0366,114.777,0.728,48.0551,141.442
571.777,96.0279,114.777,0.661,47.9911,141.51
572.027,87.982,114.777,0.622,47.8594,141.576
572.277,92.0107,114.777,0.549,48.9962,141.65
572.527,95.9899,114.777,0.511,50.0087,141.72
572.777,100.01,114.777,0.446,49.9788,141.788
573.027,83.9919,114.777,0.407,50.0003,141.85
573.277,88.0077,114.777,0.378,49.9836,141.883
573.527,87.9846,114.777,0.377,50.0072,141.886
573.777,92.0197,114.777,0.379,49.9805,141.887
574.027,87.9853,114.777,0.369,50.0015,141.888
574.277,96.0123,114.777,0.369,49.9903,141.889
574.527,91.9467,114.777,0.367,50.0149,141.891
574.777,92.0487,114.777,0.354,49.9543,141.893
575.027,91.994,114.777,0.351,49.9751,141.895
575.277,88.0176,114.777,0.341,49.9758,141.896
575.527,87.9822,114.777,0.339,50.0101,141.897
575.777,88.0178,114.777,0.338,49.958,141.898
